Raman_shift(cm-1)	298.15K	323.15K	373.15K	423.15K	473.15K	523.15K	573.15K	623.15K	673.15K	723.15K	773.15K	823.15K	873.15K	923.15K	973.15K	1023.15K	1073.15K	1123.15K	1173.15K	1223.15K	1273.15K
-702.213	114	263	132	-4	107	222	199	145	241	146	260	162	297	467	365	38	392	486	518	710	692
-701.087	221	108	146	294	123	133	47	288	219	242	220	218	320	721	596	-69	257	302	425	529	692
-699.961	297	227	288	106	139	186	78	91	72	53	286	307	327	380	483	32	536	751	504	586	887
-698.835	423	388	482	431	161	250	348	183	325	210	373	502	585	526	863	302	653	774	671	769	1034
-697.71	240	274	-31	118	224	-25	-16	61	14	252	174	216	147	202	248	307	610	681	558	775	994
-696.585	107	184	144	92	78	61	102	-49	-20	-129	-27	187	184	404	666	250	612	466	660	773	892
-695.46	208	157	-210	83	-53	205	143	57	126	-37	62	173	284	403	502	-138	523	437	516	520	761
-694.335	376	312	321	318	335	243	203	-35	80	307	250	249	278	385	476	-26	391	300	435	758	775
-693.21	260	188	58	118	129	111	223	68	74	198	206	200	408	462	573	120	508	818	465	633	845
-692.086	152	316	82	270	79	135	98	242	16	92	168	353	374	452	428	254	735	690	635	955	1082
-690.962	219	138	91	126	291	65	193	107	144	53	243	321	222	378	520	33	545	406	635	772	1015
-689.838	98	199	144	-26	21	-28	-51	38	62	210	169	52	261	231	413	319	619	726	742	1121	1154
-688.714	68	268	-63	66	15	-10	151	-39	291	252	36	302	247	334	386	180	334	412	462	778	946
-687.59	212	375	239	278	263	195	208	151	14	233	348	282	436	446	631	175	455	500	450	691	890
-686.467	94	77	-83	243	-113	98	-77	104	62	33	1	-63	194	266	318	194	559	628	619	799	763
-685.343	-102	110	99	15	-69	21	-9	-42	-41	-2	20	69	111	258	305	266	714	677	829	1070	1250
-684.221	76	132	77	25	132	-120	47	33	224	-66	169	167	220	338	345	210	437	635	640	664	1092
-683.098	145	218	89	-6	-37	-44	-19	-41	36	64	76	61	138	296	434	149	640	602	713	745	973
-681.975	176	164	35	238	98	-5	71	119	116	61	179	161	154	398	470	267	699	655	688	1060	1166
-680.853	-12	184	30	101	87	-54	19	13	156	-49	104	-17	225	471	474	198	651	688	724	805	1065
-679.731	140	127	193	154	112	-81	82	-18	150	124	176	116	170	489	275	180	559	661	721	937	1049
-678.609	130	166	182	300	272	271	188	107	284	246	143	239	364	610	533	247	625	645	603	952	1015
-677.487	290	248	121	180	120	114	152	257	135	263	175	209	353	512	536	178	679	643	636	844	1262
-676.365	226	99	196	225	70	169	95	128	91	182	165	190	338	506	635	81	638	582	716	897	1187
-675.244	268	318	313	278	310	186	241	193	267	285	267	461	492	499	601	281	800	885	801	950	1159
-674.122	131	162	134	46	20	-127	-3	-46	5	33	74	182	222	353	467	-41	604	529	724	792	1028
-673.001	188	117	184	27	225	154	-58	48	-88	148	141	98	204	355	457	294	496	730	666	754	1178
-671.881	-4	137	23	28	96	-155	3	2	4	-62	6	52	250	244	267	271	687	835	684	846	846
-670.76	273	197	158	104	83	173	208	33	136	59	-31	176	299	411	532	126	595	655	781	813	1113
-669.639	42	134	104	41	94	-57	140	28	8	119	172	67	348	358	450	107	527	621	741	783	1156
-668.519	220	292	206	137	95	125	111	200	180	285	331	278	300	359	560	247	631	582	641	632	1013
-667.399	287	344	118	63	85	-9	255	0	188	362	245	282	200	496	598	140	693	641	769	906	1078
-666.28	370	204	154	212	126	25	198	109	159	255	168	140	138	537	615	158	572	675	661	834	942
-665.16	219	320	251	174	215	269	135	199	136	111	273	407	469	487	727	137	721	530	623	787	1037
-664.04	174	50	118	142	9	63	-16	-91	-71	-68	50	69	189	243	468	195	562	565	784	800	1066
-662.921	123	295	123	129	125	-16	11	134	211	161	202	136	205	494	497	304	730	799	717	998	1134
-661.802	417	293	102	79	188	144	39	125	60	40	209	216	306	440	499	376	749	802	731	827	1186
-660.683	-139	190	-19	-14	18	-213	-205	-172	-36	16	-42	-50	-51	270	298	37	572	581	596	841	909
-659.565	336	297	202	73	154	166	51	96	84	191	220	254	394	426	474	228	776	675	527	851	1166
-658.446	136	105	165	92	45	-72	13	-20	0	96	119	195	158	363	530	354	703	750	730	914	1155
-657.328	347	289	234	172	12	206	176	157	168	194	163	422	384	508	576	102	573	828	755	934	1032
-656.21	288	303	258	202	183	89	185	162	218	257	310	147	349	464	530	179	768	760	667	969	1204
-655.092	176	197	180	252	120	138	157	75	179	181	169	263	314	486	579	208	583	829	731	976	1283
-653.974	200	172	144	166	209	120	61	155	286	219	168	159	208	371	471	175	693	597	724	796	1154
-652.857	234	314	269	211	269	209	171	183	172	241	293	347	515	575	594	344	643	755	726	810	1101
-651.74	224	40	61	191	29	107	82	60	231	203	132	154	229	500	515	185	645	741	869	983	1254
-650.623	133	26	100	-75	110	82	180	-29	112	147	208	136	312	387	468	124	712	754	698	1021	1273
-649.506	160	225	126	9	94	53	72	-87	45	0	61	279	250	406	562	293	707	703	758	981	1080
-648.389	174	231	40	165	-5	161	123	127	133	141	89	90	239	533	543	309	822	773	846	1080	1362
-647.273	269	285	128	156	140	121	109	63	79	139	242	212	208	452	669	280	706	735	841	1061	1214
-646.156	44	105	-22	20	-78	-67	-97	-61	-11	65	-27	8	226	349	428	143	612	506	712	725	1166
-645.04	267	418	303	301	278	168	184	169	245	240	312	351	412	564	728	178	673	574	640	1067	1145
-643.924	12	171	223	131	84	107	75	72	181	52	39	142	297	366	461	292	783	905	1004	1034	1248
-642.809	137	22	144	119	15	82	-58	23	215	-42	169	100	296	372	407	90	587	731	676	994	1367
-641.693	180	175	187	104	51	8	123	201	150	215	302	195	294	505	477	235	678	706	818	987	1168
-640.578	134	153	-53	108	-59	-57	23	-164	11	11	173	68	100	397	373	317	817	843	917	1085	1221
-639.463	143	111	82	-52	65	99	-157	4	-51	59	103	92	116	325	401	155	577	722	775	938	1144
-638.348	202	263	228	183	82	131	189	166	99	152	290	250	377	501	641	223	747	694	916	1030	1224
-637.233	310	228	163	129	260	66	188	270	96	116	208	28	236	641	556	87	667	769	581	774	1288
-636.119	183	227	247	278	205	118	254	129	254	219	135	105	368	564	732	177	641	769	768	977	1025
-635.004	243	212	228	224	188	183	41	151	241	204	192	253	455	441	652	46	632	806	762	883	1155
-633.89	252	314	138	231	160	171	248	85	34	191	155	272	248	517	544	158	774	730	897	1050	1189
-632.776	87	9	135	-121	18	-108	-148	-72	-7	53	111	62	162	347	367	180	678	775	768	938	1271
-631.663	210	182	219	149	110	257	37	116	109	139	189	173	211	459	537	256	724	746	771	1018	1127
-630.549	-23	103	-5	146	16	-151	24	-146	-24	54	178	191	164	375	597	300	681	745	735	931	1135
-629.436	350	261	215	147	197	204	117	188	207	303	224	320	449	548	648	204	777	737	722	1021	1259
-628.323	148	174	351	115	143	85	119	209	142	200	166	206	379	538	575	287	781	728	857	994	1278
-627.209	308	245	227	182	110	150	155	64	154	291	198	277	182	510	594	151	669	751	640	907	1100
-626.097	180	147	184	190	50	-91	-37	-7	3	106	101	118	114	281	380	222	695	776	769	914	1129
-624.984	107	235	80	155	97	91	48	126	78	249	170	250	362	508	556	210	857	825	767	1012	1205
-623.872	205	238	273	112	197	47	200	118	185	178	284	139	310	522	643	-26	705	682	678	850	983
-622.76	252	296	-26	34	105	24	10	181	142	67	78	178	302	414	671	275	676	762	730	1137	1270
-621.648	236	211	198	116	100	143	-4	183	86	172	184	38	239	337	551	288	946	832	891	1033	1213
-620.536	288	298	343	255	145	189	199	113	217	309	277	305	422	660	675	261	779	751	794	929	1319
-619.424	246	244	22	156	108	-5	37	44	41	-49	166	159	317	424	537	181	611	658	777	1103	1276
-618.313	297	218	242	149	178	125	193	132	155	170	198	348	367	570	559	203	639	781	687	908	1182
-617.202	185	320	235	105	212	210	90	153	157	165	206	232	257	476	505	258	784	701	767	1107	1206
-616.091	154	147	334	147	219	58	147	270	184	238	201	269	291	541	550	256	738	814	785	1006	1250
-614.98	235	189	116	92	98	52	-66	41	97	180	123	168	293	479	636	256	764	661	908	860	1192
-613.87	129	152	25	11	19	11	-45	-193	-30	-132	-120	-25	142	323	369	201	662	739	720	1001	1220
-612.759	324	122	179	112	84	138	82	174	114	148	155	225	274	466	448	281	769	837	933	1036	1339
-611.649	41	94	58	-53	52	111	20	-162	41	68	174	66	170	381	412	62	678	685	687	912	1132
-610.539	258	212	16	145	126	106	117	162	113	253	283	74	231	471	512	280	719	917	914	1200	1350
-609.429	183	167	182	156	70	89	136	-54	107	159	146	228	268	520	594	205	819	834	851	1145	1411
-608.32	227	268	273	230	227	39	131	66	229	248	265	289	325	550	586	91	596	696	679	849	1199
-607.21	194	185	313	194	59	137	201	196	95	219	219	145	313	496	570	264	686	759	809	1039	1246
-606.101	209	170	147	84	175	39	103	-11	138	104	106	194	165	351	672	68	716	702	726	1039	1095
-604.992	327	268	213	242	114	159	135	150	219	87	258	210	344	620	596	238	730	793	815	902	1094
-603.883	141	137	93	143	137	-7	169	10	136	57	142	228	212	483	546	234	787	796	928	1152	1213
-602.775	127	68	125	106	120	9	8	47	43	62	100	39	254	337	528	149	779	968	729	979	1378
-601.666	273	182	167	67	40	74	-40	52	105	115	196	117	264	532	561	178	716	767	821	1014	1401
-600.558	175	165	108	114	36	136	164	130	107	132	194	150	241	521	598	37	743	748	823	1034	1130
-599.45	187	232	55	100	74	86	109	103	139	177	134	114	291	578	552	238	781	810	860	1152	1355
-598.342	170	47	182	143	205	106	30	76	229	204	266	214	250	449	596	210	866	798	818	1020	1308
-597.235	226	196	138	180	74	-46	159	93	121	153	143	205	303	415	644	257	883	835	836	1153	1450
-596.127	244	293	244	37	76	139	53	-61	137	129	87	177	326	342	527	391	961	929	1009	1253	1469
-595.02	151	269	181	191	135	119	119	26	53	105	210	144	322	524	711	225	684	815	874	1051	1367
-593.913	144	185	0	92	95	-33	115	-47	122	121	140	262	250	442	554	44	677	722	723	957	1251
-592.806	85	170	142	24	73	-32	150	99	24	133	128	187	228	451	514	178	744	815	994	993	1385
-591.699	188	154	186	131	132	113	52	163	193	164	231	186	241	399	554	209	809	800	1014	1171	1356
-590.593	250	148	136	91	273	75	108	35	61	159	218	248	326	527	500	160	648	655	690	1010	1354
-589.487	178	180	163	136	99	33	129	109	203	73	161	248	327	543	501	145	804	820	932	1145	1086
-588.381	194	231	166	279	93	192	111	47	286	232	284	279	279	667	558	196	779	849	874	1147	1342
-587.275	133	116	154	103	65	105	40	31	80	64	196	155	196	428	535	300	823	898	884	1086	1265
-586.169	242	201	168	292	227	148	221	131	231	220	279	231	289	463	624	159	706	870	836	1170	1225
-585.064	98	156	139	41	22	8	-65	-51	-31	-26	54	127	309	350	562	73	613	834	679	972	1204
-583.958	223	132	104	235	185	89	124	189	186	37	173	243	277	524	551	132	757	760	876	1139	1318
-582.853	73	168	152	148	33	26	88	-51	77	147	127	157	301	393	547	331	1007	993	679	1250	1390
-581.748	139	131	44	2	219	124	153	40	-19	15	181	252	259	426	528	235	823	699	876	1100	1376
-580.643	247	189	139	239	41	28	62	26	102	292	141	96	157	456	643	134	810	866	865	1138	1397
-579.539	164	252	233	159	108	92	180	152	194	212	180	218	256	881	580	192	848	749	1040	1091	1436
-578.434	194	88	130	158	84	31	179	72	-27	143	235	198	255	463	600	161	831	867	930	1141	1383
-577.33	252	303	191	175	107	237	161	64	211	174	186	336	440	350	637	87	733	768	780	1029	1310
-576.226	215	89	211	78	68	15	129	55	140	90	164	261	325	524	557	164	710	951	792	1115	1315
-575.123	138	105	152	41	62	113	33	44	80	92	115	208	190	393	554	201	805	876	874	1148	1338
-574.019	310	146	108	45	79	97	51	27	119	124	190	92	119	763	588	190	688	791	794	1075	1191
-572.916	161	218	115	94	112	173	178	51	32	130	114	284	312	447	587	175	717	824	818	966	1314
-571.813	197	163	105	33	63	-43	70	-22	64	119	200	138	281	442	509	178	843	838	917	1200	1459
-570.71	126	229	105	203	139	133	169	68	97	167	201	276	279	564	597	192	765	1013	876	1168	1396
-569.607	49	72	-35	39	12	70	-28	39	-18	-99	32	159	228	365	512	143	659	748	856	1167	1408
-568.505	179	98	176	116	154	168	53	160	194	145	181	192	237	539	558	190	800	894	878	1114	1274
-567.402	80	108	39	130	3	30	-45	1	48	60	132	122	223	469	552	172	794	834	920	1039	1195
-566.3	5	97	52	-4	-24	23	14	-67	0	76	-27	121	101	372	427	247	840	940	996	1128	1282
-565.198	53	209	40	265	168	73	20	13	89	100	195	302	200	519	579	340	938	899	925	1330	1410
-564.096	312	217	171	239	158	147	94	21	84	131	141	284	324	438	640	306	910	1071	1012	1200	1387
-562.994	174	246	59	118	25	69	29	97	72	79	79	138	253	400	521	181	796	797	911	1130	1349
-561.893	157	156	141	159	114	144	54	135	45	165	249	276	365	531	668	266	704	740	814	1086	1344
-560.792	270	257	210	188	205	224	134	243	70	142	260	158	319	474	755	243	823	857	1067	1166	1470
-559.691	223	197	164	234	151	201	160	131	279	119	113	262	321	571	558	183	837	901	1019	1299	1353
-558.59	223	232	124	188	63	53	-6	78	95	92	58	199	233	516	498	158	781	699	902	1140	1240
-557.489	404	258	161	249	195	191	256	195	292	355	280	357	452	811	765	226	833	834	798	1245	1379
-556.389	247	246	209	133	81	134	87	118	209	119	219	242	328	518	624	363	923	902	902	1273	1361
-555.289	322	110	84	24	167	9	59	87	132	106	231	159	314	432	618	170	756	799	853	1159	1355
-554.189	221	217	173	138	103	65	-1	53	147	159	72	211	392	497	581	170	658	869	766	1180	1418
-553.089	20	-38	0	-106	-41	-75	-60	-56	-149	-83	59	170	165	353	505	160	785	838	955	1206	1489
-551.989	192	254	180	182	217	103	128	102	177	208	149	187	329	520	674	247	703	745	900	1061	1320
-550.89	124	237	111	96	40	91	65	44	75	175	168	258	290	501	611	181	763	993	865	1204	1400
-549.79	135	271	118	107	133	171	131	28	193	106	281	268	351	649	620	75	654	759	832	1165	1292
-548.691	285	299	187	287	204	203	207	200	261	223	290	201	385	671	808	296	911	838	766	1207	1459
-547.593	46	117	60	58	-12	-105	-3	80	25	245	-74	186	168	403	572	163	851	745	955	1142	1384
-546.494	137	301	230	211	205	52	76	0	128	223	251	246	255	486	634	128	845	993	900	1285	1431
-545.395	310	193	200	111	126	134	266	190	128	140	218	279	374	506	609	294	949	759	985	1190	1469
-544.297	212	268	196	269	187	144	206	172	123	141	227	335	300	541	750	138	722	869	760	1014	1341
-543.199	-28	253	83	50	18	35	26	17	37	129	116	104	246	420	579	301	830	838	935	1299	1415
-542.101	188	212	38	127	18	20	86	21	178	37	31	213	269	558	577	138	700	745	1080	1120	1348
-541.003	235	328	155	164	179	115	12	154	229	132	158	273	351	587	597	136	812	916	942	1218	1335
-539.905	82	239	265	206	132	111	123	107	142	293	167	207	354	637	699	261	920	892	941	1185	1459
-538.808	246	277	190	209	89	125	62	58	102	209	197	243	401	594	722	132	828	846	991	1282	1416
-537.711	309	353	232	271	225	269	141	287	155	249	381	267	379	573	699	240	878	865	946	1300	1536
-536.614	211	107	4	12	50	-51	162	-16	62	96	55	2	119	460	584	368	973	1052	1124	1478	1613
-535.517	95	182	51	107	73	-22	111	94	133	-61	179	160	238	564	649	204	764	966	997	1173	1585
-534.421	327	237	179	189	185	205	124	70	184	193	321	302	366	653	701	248	1013	952	906	1370	1463
-533.324	238	215	206	80	31	82	215	164	42	83	154	274	367	604	579	302	912	976	1097	1270	1562
-532.228	230	159	179	193	320	161	122	129	154	108	246	251	277	650	787	152	897	955	1007	1359	1392
-531.132	316	236	266	138	100	75	139	76	156	195	271	262	441	556	835	354	976	1041	967	1349	1498
-530.036	209	115	125	180	164	103	100	30	154	96	134	155	400	586	638	147	820	796	861	1122	1429
-528.941	147	190	136	267	271	95	221	131	210	132	231	373	378	505	746	369	986	1055	1000	1343	1590
-527.845	198	301	164	159	115	102	46	143	230	93	215	260	345	625	682	154	813	825	1042	1312	1473
-526.75	131	208	218	237	75	87	115	5	131	206	81	178	366	538	550	329	899	971	1123	1371	1426
-525.655	174	110	161	133	59	163	68	172	98	209	156	77	385	580	620	75	809	952	812	1303	1516
-524.56	351	279	326	166	134	172	214	125	148	87	302	217	363	611	723	336	921	976	1132	1272	1499
-523.466	113	180	35	113	69	3	-40	47	128	152	88	176	291	541	541	206	1006	955	1129	1363	1583
-522.371	188	147	156	140	103	-124	92	126	-58	-6	73	152	284	522	559	243	827	951	1152	1262	1588
-521.277	167	262	121	127	111	40	76	106	172	116	205	250	259	575	623	289	953	923	1161	1280	1527
-520.183	59	226	171	139	148	131	278	47	37	72	231	232	303	649	613	230	911	954	1044	1377	1443
-519.089	210	183	39	-23	-11	25	26	23	107	177	40	77	269	407	629	253	886	1084	1218	1364	1522
-517.995	320	233	187	187	163	136	202	189	119	187	228	289	315	552	820	145	796	954	982	1154	1385
-516.902	190	258	194	161	228	160	129	36	186	233	207	224	396	634	704	131	952	882	941	1217	1493
-515.808	138	153	95	63	-29	42	31	-64	34	51	29	180	219	476	638	187	852	940	1033	1249	1453
-514.715	300	225	268	228	109	-52	153	91	124	167	273	217	484	605	673	132	824	833	875	1207	1434
-513.622	296	280	248	296	222	186	200	258	248	194	355	372	310	587	798	294	870	912	1101	1221	1360
-512.53	298	326	257	232	318	156	201	116	297	132	352	285	410	719	809	347	944	929	988	1447	1489
-511.437	161	187	104	71	88	51	60	67	46	74	172	164	339	527	666	267	912	979	1059	1228	1503
-510.345	169	183	174	198	131	83	93	41	131	125	124	228	232	567	708	211	1007	970	1047	1333	1467
-509.252	135	229	162	290	126	109	271	126	150	123	210	308	438	596	672	297	889	1015	986	1220	1461
-508.161	96	247	154	184	113	108	81	93	99	155	144	131	308	593	656	208	834	1011	1083	1158	1584
-507.069	289	225	157	98	-24	52	117	62	43	82	119	229	353	459	711	175	1017	1003	914	1396	1418
-505.977	63	159	147	47	47	4	83	-34	-24	125	85	133	215	558	614	138	852	924	1017	1208	1467
-504.886	285	205	198	165	227	213	120	111	200	173	193	217	411	607	754	288	1011	989	1113	1288	1419
-503.795	209	210	113	138	121	156	138	110	131	270	257	181	374	559	785	240	1001	1008	1018	1202	1512
-502.704	213	187	219	234	322	106	168	196	164	146	220	214	405	677	752	225	833	1023	1018	1374	1494
-501.613	241	124	236	181	95	127	160	181	275	327	265	310	457	624	792	192	950	976	1042	1271	1505
-500.522	149	88	154	94	87	74	104	28	101	49	265	237	298	517	629	305	1014	931	990	1321	1596
-499.432	124	157	49	115	66	30	33	-9	100	69	79	216	193	468	531	369	851	1106	1142	1197	1555
-498.342	237	407	230	126	214	137	173	134	254	147	185	275	317	719	711	283	817	1042	1096	1347	1429
-497.252	177	229	185	96	152	53	3	102	101	65	182	121	295	535	594	186	993	1070	1134	1358	1556
-496.162	130	241	104	150	153	37	113	-7	-5	82	116	193	268	612	637	130	873	948	1058	1311	1506
-495.072	249	160	100	13	98	62	175	73	161	119	184	198	333	597	626	268	873	924	914	1235	1518
-493.982	252	154	217	209	156	117	191	-67	113	126	97	221	356	490	579	277	839	839	1041	1390	1542
-492.893	212	187	288	242	254	187	141	137	203	245	286	399	460	683	767	182	970	1020	1061	1302	1465
-491.804	94	110	140	183	77	125	89	8	204	101	149	174	349	456	525	254	905	925	1010	1286	1621
-490.716	196	206	110	84	233	184	65	148	130	225	161	143	337	552	675	292	1026	1096	1051	1231	1558
-489.627	233	267	151	203	123	11	147	-6	106	147	236	200	207	512	620	253	818	959	1017	1251	1457
-488.538	287	183	136	245	92	61	135	85	173	184	166	280	346	478	656	68	678	963	858	1105	1400
-487.45	57	126	16	31	1	-26	-20	24	89	44	107	164	136	413	633	276	985	1093	1091	1310	1525
-486.362	226	167	111	98	73	70	224	108	169	111	200	293	309	541	654	333	905	1034	940	1344	1531
-485.274	257	257	142	302	202	145	132	51	205	250	212	259	328	723	766	213	974	1046	972	1284	1553
-484.186	160	239	176	143	67	233	131	112	219	182	173	388	354	607	619	253	934	889	952	1297	1519
-483.098	161	208	255	99	219	70	9	118	229	287	215	179	341	552	780	310	959	1020	1164	1166	1540
-482.011	300	188	149	205	202	54	-3	147	161	198	216	222	340	585	574	156	867	1006	1075	1286	1572
-480.924	190	92	157	141	167	-35	145	-14	134	111	167	234	248	506	728	330	830	1016	1230	1390	1493
-479.837	207	215	59	61	5	-3	20	25	141	98	168	130	315	489	599	316	1048	1051	1244	1347	1655
-478.75	231	204	93	108	60	214	64	74	117	125	127	197	375	611	681	287	1081	989	1141	1286	1617
-477.663	90	138	165	68	33	11	66	99	79	105	127	157	315	606	633	307	925	1111	1134	1306	1616
-476.577	129	44	-21	48	18	49	77	54	-7	105	137	157	173	598	574	178	907	956	955	1355	1440
-475.491	289	306	178	256	222	181	168	77	216	204	308	246	345	570	694	115	1037	1016	1090	1446	1568
-474.405	253	271	225	279	202	184	112	107	257	289	264	334	370	710	819	269	912	1054	1085	1372	1550
-473.319	83	69	254	115	24	52	-11	50	117	90	202	151	417	567	645	139	982	1180	1074	1315	1472
-472.233	106	86	12	97	129	14	0	-1	3	58	34	95	281	512	629	282	1039	1075	1217	1396	1548
-471.148	51	329	153	70	124	63	58	1	124	172	217	244	316	516	659	309	1041	1005	1099	1383	1635
-470.062	141	219	172	150	119	58	98	74	137	152	188	147	318	594	674	134	920	1045	1060	1484	1740
-468.977	419	279	350	387	286	186	266	190	243	303	200	361	500	731	943	271	942	923	1167	1474	1724
-467.893	80	97	97	128	81	54	19	53	114	69	84	274	353	445	566	286	1120	1099	1184	1264	1680
-466.808	290	305	174	277	246	185	217	204	183	221	254	235	423	694	850	249	977	1043	1185	1335	1649
-465.723	94	58	148	110	123	13	31	15	118	69	300	217	226	548	646	307	954	1136	1269	1514	1727
-464.639	198	184	200	72	197	14	81	78	53	139	308	165	325	572	730	437	1042	1049	1256	1528	1579
-463.555	263	177	225	125	208	122	193	129	209	111	264	253	329	638	608	369	1135	1227	1196	1544	1708
-462.471	195	115	168	76	141	65	100	136	165	132	202	200	264	510	747	198	972	1070	1148	1539	1614
-461.387	300	366	145	152	226	211	233	139	223	199	137	292	439	637	806	195	890	922	1140	1319	1609
-460.304	105	119	146	54	58	-75	-8	40	-8	2	145	197	169	518	665	219	1063	1017	1100	1344	1625
-459.22	261	314	201	244	222	145	201	136	276	115	137	214	338	582	729	255	826	1115	1087	1418	1552
-458.137	289	212	116	147	119	161	141	30	158	141	252	227	373	612	667	377	944	1062	1197	1470	1495
-457.054	211	260	190	81	209	76	45	147	222	113	170	263	307	585	692	294	859	1101	1238	1401	1714
-455.971	172	163	119	73	102	-45	72	150	185	48	128	204	295	531	671	204	782	910	980	1253	1447
-454.889	263	325	227	254	81	122	135	185	216	150	238	219	423	693	765	315	929	1078	1053	1335	1507
-453.806	192	134	168	102	131	24	72	179	76	136	206	205	305	451	698	257	1014	1217	1120	1344	1502
-452.724	358	258	140	198	68	93	183	127	165	195	194	301	348	610	727	246	916	1066	992	1458	1530
-451.642	141	180	68	50	-59	-37	4	-77	54	126	173	126	244	455	682	231	964	1036	1054	1392	1585
-450.56	250	345	200	139	148	172	138	196	189	202	245	285	353	627	682	248	935	1062	1008	1373	1601
-449.479	244	306	153	193	119	152	154	107	147	191	247	266	327	630	707	251	847	1038	1080	1244	1482
-448.397	85	143	39	128	27	30	-41	16	10	61	80	193	313	487	672	100	871	942	947	1173	1495
-447.316	344	274	149	262	209	249	163	189	309	138	222	263	449	715	718	219	803	876	1015	1265	1478
-446.235	179	201	137	137	123	99	110	19	145	73	173	290	349	573	661	259	919	961	1186	1333	1412
-445.154	176	246	147	144	149	158	131	99	197	190	262	253	442	537	743	294	985	984	1020	1161	1480
-444.073	191	277	178	130	268	86	186	93	103	-4	156	244	333	590	593	184	873	954	1088	1116	1455
-442.992	289	239	250	166	210	191	187	118	183	150	338	236	401	655	769	209	740	909	1022	1326	1480
-441.912	80	183	177	138	194	11	59	24	160	67	141	233	271	404	705	201	798	826	979	1180	1493
-440.832	209	189	81	74	166	77	119	114	109	118	140	194	328	442	582	191	766	850	1061	1049	1410
-439.752	304	340	290	204	101	109	232	60	230	189	238	243	401	594	816	162	774	1019	1048	1059	1440
-438.672	237	381	183	174	218	140	116	127	281	226	211	295	353	576	642	149	866	880	886	1133	1391
-437.593	297	160	199	143	53	-30	131	85	105	94	153	295	343	572	729	171	892	983	927	1251	1397
-436.513	223	176	117	1	80	37	58	45	55	91	104	242	296	476	570	374	1026	992	1119	1410	1596
-435.434	149	101	123	94	16	44	61	48	11	61	135	142	293	492	617	289	824	942	1042	1272	1296
-434.355	182	144	229	199	139	61	218	75	250	237	226	185	258	484	625	154	840	986	1017	1166	1365
-433.276	195	247	187	159	138	43	156	170	126	132	207	283	327	527	603	126	748	858	1018	1264	1366
-432.197	324	405	211	324	229	210	137	202	160	160	221	299	365	644	753	383	899	928	1058	1282	1405
-431.119	302	309	305	259	261	208	195	113	243	200	270	316	407	666	870	277	865	1010	1058	1293	1596
-430.041	147	126	155	207	121	39	96	109	88	174	170	232	352	534	621	234	836	867	838	1194	1357
-428.963	246	261	194	72	76	72	91	167	81	52	186	208	328	661	725	263	872	1019	1039	1282	1452
-427.885	103	235	130	213	61	89	83	-8	140	130	199	223	226	480	622	205	1018	1088	977	1261	1610
-426.807	203	357	355	243	237	159	124	141	206	215	242	258	441	682	690	252	912	962	1093	1328	1519
-425.73	184	152	186	223	46	170	180	10	202	101	160	199	237	641	729	254	839	1047	1028	1362	1449
-424.653	304	252	152	226	118	150	102	142	121	211	157	299	292	629	685	260	1122	1118	1209	1266	1616
-423.575	236	365	226	149	151	89	145	116	168	190	200	316	302	725	739	153	864	1036	953	1333	1357
-422.498	171	128	180	185	99	40	28	19	123	114	216	206	330	576	801	235	1030	1113	1081	1449	1539
-421.422	271	267	155	344	224	135	94	100	204	217	209	292	464	740	834	302	1018	1063	1268	1367	1435
-420.345	288	227	147	167	202	113	252	80	209	88	179	190	435	785	730	295	1002	1175	1147	1541	1679
-419.269	173	182	170	182	227	114	63	244	42	69	213	207	363	610	968	369	1209	1181	1410	1672	1835
-418.192	90	20	17	2	-54	89	-65	-54	15	57	9	212	274	586	665	256	1054	1189	1190	1624	1717
-417.117	277	328	172	245	237	169	218	141	338	287	335	342	407	895	967	236	1264	1256	1289	1427	1824
-416.041	187	248	213	4	27	119	51	18	148	74	176	71	321	802	889	319	1262	1351	1346	1826	1914
-414.965	150	252	107	76	104	-46	113	153	73	75	189	260	373	835	826	235	1178	1392	1390	1686	1887
-413.89	291	308	251	187	231	209	175	217	195	182	281	265	501	971	1023	306	1407	1372	1496	1855	2083
-412.814	232	198	230	199	145	96	177	151	189	156	257	206	417	939	1111	351	1428	1467	1541	1680	1966
-411.74	126	224	204	159	260	128	61	129	180	169	144	360	524	966	1159	347	1282	1551	1501	1757	1965
-410.664	208	154	108	74	46	91	27	83	130	184	280	257	500	918	1090	347	1488	1349	1391	1845	2058
-409.59	261	282	135	115	114	22	173	-25	227	164	199	285	433	1097	1258	329	1459	1557	1579	1760	2034
-408.515	235	206	180	200	172	-19	58	161	126	142	79	296	508	1066	1239	412	1466	1503	1686	1823	2020
-407.441	273	255	242	193	229	137	46	149	212	122	282	315	422	1096	1272	198	1508	1541	1407	1752	1869
-406.367	215	294	150	109	158	192	172	198	203	170	305	198	449	936	1143	307	1609	1487	1481	1762	2107
-405.293	164	186	132	176	-2	18	107	-7	39	196	96	239	337	784	928	220	1434	1294	1398	1699	1783
-404.219	157	197	55	88	10	107	42	84	51	76	103	200	191	668	938	227	1277	1390	1482	1689	1796
-403.146	129	261	123	161	87	159	155	59	183	174	121	259	374	630	789	261	1216	1308	1319	1488	1766
-402.072	174	137	99	139	149	10	96	131	8	106	133	198	319	620	631	334	1042	1171	1231	1540	1709
-400.999	130	201	203	152	65	77	138	82	136	111	262	176	276	574	577	276	882	989	1192	1360	1528
-399.926	285	362	186	244	167	241	261	84	226	215	202	270	338	633	671	183	899	957	1066	1163	1505
-398.853	263	253	154	256	285	225	93	162	183	183	271	252	386	539	645	223	703	830	823	1080	1429
-397.781	145	170	187	180	126	119	74	98	138	137	196	175	296	480	583	108	771	998	749	974	1193
-396.708	222	158	158	96	50	52	56	159	132	110	132	309	251	392	494	216	774	815	839	958	1186
-395.636	146	267	54	53	111	22	83	56	148	103	163	158	167	452	488	182	699	792	794	993	1133
-394.564	190	209	183	197	190	174	141	73	177	173	201	266	266	462	493	223	683	708	743	834	1020
-393.492	297	122	174	104	67	-45	-28	35	100	80	194	103	222	370	411	205	617	677	762	904	981
-392.42	294	220	235	254	213	183	158	218	175	158	286	320	346	561	558	110	496	673	616	786	891
-391.349	207	195	176	82	176	109	155	144	76	150	215	219	297	501	439	183	501	567	619	825	952
-390.277	142	106	2	33	73	89	58	-20	146	6	136	110	79	383	403	144	524	717	719	871	869
-389.207	286	251	187	140	181	62	95	142	131	84	263	260	239	443	508	246	638	777	742	880	871
-388.135	35	158	105	174	91	53	10	-35	64	142	92	103	188	253	361	178	506	622	584	809	806
-387.065	166	238	199	166	44	27	42	40	113	40	149	151	252	412	526	170	578	684	666	827	938
-385.994	298	257	182	212	97	246	158	234	216	277	251	264	335	506	623	106	562	582	695	693	842
-384.924	193	179	108	98	96	-4	50	66	104	48	146	147	181	436	476	187	567	657	684	888	893
-383.854	66	132	63	20	109	23	50	-54	79	87	16	161	183	326	445	147	699	736	661	957	1009
-382.784	275	192	121	146	36	90	73	19	181	151	190	128	200	362	502	77	578	682	782	765	904
-381.714	166	254	148	57	110	49	95	56	106	155	130	119	327	560	497	150	625	709	574	902	1033
-380.644	117	69	34	38	41	-19	-17	56	134	96	98	54	200	265	413	160	576	734	745	939	1087
-379.575	109	301	125	60	86	156	83	114	83	39	112	204	275	498	502	302	811	855	1013	1088	1231
-378.506	160	251	173	157	128	35	89	126	197	94	125	159	340	395	484	270	728	946	858	1071	1266
-377.437	256	277	257	260	226	70	131	206	220	202	234	283	346	528	645	204	742	875	941	1126	1106
-376.367	311	235	233	135	119	152	70	27	191	162	283	223	279	557	640	181	721	963	949	1105	1348
-375.299	259	308	229	94	119	88	79	85	139	161	190	224	367	456	672	282	761	852	1046	1170	1355
-374.23	166	310	190	139	138	-32	135	3	30	156	157	278	263	500	574	176	706	898	981	1226	1364
-373.162	294	326	330	217	233	153	200	180	162	219	254	348	345	599	637	272	1037	1056	1117	1247	1483
-372.094	171	220	66	122	93	33	108	31	115	128	96	191	208	502	585	210	732	869	927	1283	1299
-371.026	146	183	125	139	103	112	82	33	75	161	50	162	283	432	588	297	816	924	1000	1275	1266
-369.958	217	301	206	218	254	203	241	106	224	225	239	242	296	567	568	170	566	743	740	1071	1125
-368.891	277	337	221	198	192	198	243	167	187	140	251	194	393	464	483	186	637	680	726	856	1045
-367.823	196	239	229	231	175	109	152	72	193	146	263	183	312	434	495	97	555	642	605	743	797
-366.756	75	147	-16	-2	27	-41	55	-119	-1	36	19	94	140	321	274	23	444	433	511	580	647
-365.689	231	231	126	151	106	98	106	122	124	95	281	246	244	296	380	184	358	447	415	529	495
-364.622	210	181	337	130	173	40	46	58	193	165	112	238	262	300	370	148	430	441	394	557	519
-363.556	146	103	-15	-27	-129	-2	-108	-79	-29	-77	-25	15	69	157	89	62	233	226	219	206	295
-362.489	149	265	226	275	171	158	17	91	118	183	166	301	193	295	336	103	242	377	364	295	314
-361.423	142	238	223	115	87	142	100	46	113	85	231	150	197	188	319	-20	249	374	282	262	311
-360.357	179	98	103	82	77	15	60	-56	11	16	196	190	66	167	196	64	99	243	231	185	218
-359.291	206	214	220	206	157	127	182	72	190	139	82	285	208	417	258	27	162	219	187	244	225
-358.225	135	171	165	190	136	154	106	149	63	98	126	79	223	350	324	31	161	301	235	339	175
-357.16	277	255	227	193	86	-1	121	106	102	105	141	193	251	85	151	99	184	180	206	199	138
-356.094	142	179	106	115	101	83	41	52	117	139	45	105	104	214	123	24	171	128	189	218	163
-355.029	183	138	191	141	83	36	-32	73	26	-2	33	141	237	101	126	120	325	256	182	180	272
-353.964	305	210	163	147	86	38	81	119	5	-4	177	88	201	123	181	130	81	243	161	248	305
-352.9	154	161	128	122	85	110	18	111	-8	-47	139	-4	122	227	210	26	61	154	138	197	174
-351.835	101	233	213	137	143	5	71	7	105	75	119	190	215	216	268	46	48	144	117	230	146
-350.77	171	179	238	164	90	75	102	-10	47	123	117	123	196	172	271	120	231	290	285	191	254
-349.706	157	114	78	86	155	60	-6	-17	123	92	103	74	64	160	229	168	225	364	282	364	286
-348.642	209	305	203	77	91	20	180	24	64	181	217	195	215	268	319	153	164	267	288	181	220
-347.578	184	210	152	122	-23	-33	-53	-59	107	-9	29	44	78	78	145	83	146	159	180	139	136
-346.514	112	203	194	97	164	139	146	153	143	137	287	243	265	197	305	37	153	200	121	151	204
-345.451	268	306	198	213	108	68	224	179	186	143	86	168	161	239	310	69	226	270	153	124	205
-344.388	277	221	233	167	175	95	112	64	186	119	151	187	169	271	269	151	131	179	80	155	145
-343.325	2	95	130	6	-64	-18	-19	-77	4	-32	-8	-5	31	-12	125	93	156	199	128	225	212
-342.262	330	251	263	172	184	72	115	230	139	89	183	230	264	263	252	140	206	79	220	217	113
-341.199	99	91	83	78	66	40	126	-35	63	78	108	17	203	87	147	155	176	249	215	186	213
-340.137	236	229	132	144	121	94	85	109	107	178	146	156	177	231	188	154	206	285	260	250	177
-339.074	198	127	31	83	29	100	35	70	143	-2	39	141	90	149	220	67	128	146	182	60	186
-338.012	208	235	190	48	121	-3	30	81	186	140	118	123	191	223	153	93	204	222	268	209	145
-336.95	229	191	219	208	137	88	157	112	304	55	143	144	180	170	250	215	256	210	247	97	261
-335.888	153	264	165	122	170	98	126	4	133	174	181	78	212	224	263	105	223	238	152	233	196
-334.827	94	194	109	119	104	51	12	77	115	69	162	122	183	146	166	198	201	242	230	290	140
-333.765	279	233	239	96	236	110	187	124	186	126	234	273	231	238	251	12	126	133	183	78	166
-332.704	320	358	250	217	125	152	141	148	159	169	118	163	268	158	317	85	211	202	90	160	216
-331.643	166	101	119	161	29	36	142	44	138	90	93	174	216	211	233	-30	2	61	88	70	-24
-330.582	262	216	163	94	99	120	-2	34	80	12	59	32	270	199	195	94	114	213	199	193	187
-329.521	43	174	40	66	-7	6	19	19	62	103	92	79	124	160	142	172	241	267	284	266	228
-328.461	152	148	81	192	13	45	103	81	98	64	92	147	56	154	96	109	103	194	144	181	216
-327.4	208	97	158	49	40	14	84	49	127	90	87	181	122	229	66	53	123	142	136	165	47
-326.34	257	299	194	176	137	125	66	97	110	94	109	213	193	227	285	72	101	146	82	186	158
-325.28	176	195	84	100	115	125	-31	38	58	82	-9	147	130	142	168	64	242	243	298	235	177
-324.22	146	314	55	113	82	136	75	37	164	89	184	108	78	287	162	18	52	118	162	198	18
-323.161	228	230	294	186	187	115	202	88	196	139	174	246	258	254	242	118	193	182	213	79	155
-322.101	251	174	133	146	99	26	95	11	31	166	98	100	147	157	154	185	261	270	325	243	177
-321.042	159	262	203	125	238	71	103	122	88	128	143	96	145	279	280	69	136	219	198	231	109
-319.983	165	202	148	193	81	-8	102	-8	103	65	117	135	157	218	261	26	177	137	168	51	132
-318.924	298	308	148	129	209	232	195	133	193	191	289	224	259	242	321	50	155	178	79	136	111
-317.865	181	156	113	163	223	38	122	112	179	112	156	171	161	266	215	-37	75	122	75	153	47
-316.807	129	188	181	64	61	59	11	125	71	113	-14	194	194	256	135	38	235	177	84	119	122
-315.749	185	203	96	146	89	94	130	127	98	163	178	84	179	167	147	136	61	156	190	143	305
-314.691	160	140	49	199	151	-46	33	-27	25	45	62	112	110	103	172	-4	210	263	166	245	256
-313.633	200	212	149	117	45	159	148	101	86	71	146	117	133	158	196	69	32	188	47	107	92
-312.575	229	266	203	165	153	71	78	51	101	75	143	213	195	264	275	131	263	229	237	206	164
-311.517	195	238	96	117	44	53	174	127	142	111	117	315	111	323	201	-9	124	179	74	123	153
-310.46	109	191	93	129	76	-1	75	-70	176	138	55	103	54	178	129	114	175	175	172	145	173
-309.403	142	152	94	163	122	-22	37	105	110	59	136	110	71	204	315	159	190	325	221	206	211
-308.346	320	244	171	64	105	243	107	78	139	90	147	137	187	264	270	-3	170	224	248	263	251
-307.289	310	184	78	146	96	140	124	117	127	118	115	106	182	207	233	148	263	303	311	196	230
-306.232	178	253	195	199	145	112	68	80	109	109	118	43	178	220	255	192	124	235	328	259	268
-305.176	136	200	73	3	56	6	-22	21	-32	56	23	66	91	191	119	54	175	259	190	98	144
-304.12	196	158	203	199	165	44	103	98	135	143	242	134	169	239	244	-29	171	39	172	117	99
-303.064	86	120	80	70	65	2	7	-115	-71	63	38	36	95	132	197	79	184	130	48	116	184
-302.008	161	174	162	143	-51	9	73	26	69	116	73	241	68	169	183	101	138	260	227	123	177
-300.952	116	143	60	101	-30	36	77	-3	89	89	116	87	103	90	220	71	138	234	109	196	166
-299.896	95	179	110	99	69	-77	-25	-64	53	78	40	14	54	84	180	-13	236	84	94	98	91
-298.841	41	128	50	42	-24	-91	-23	-56	-27	-72	-44	-28	92	28	130	102	228	245	213	206	233
-297.786	191	203	202	160	106	144	124	108	107	266	168	169	123	222	165	36	177	151	167	142	148
-296.731	141	87	53	144	60	57	32	39	16	69	73	125	145	131	182	54	120	193	138	181	132
-295.676	109	98	56	-53	9	-10	44	-15	78	42	109	56	87	158	99	85	99	129	143	96	80
-294.621	196	131	157	100	125	94	188	52	144	81	139	199	213	184	242	-21	162	84	131	-1	10
-293.567	237	212	98	113	136	94	122	76	109	106	140	173	158	258	194	198	166	164	181	223	235
-292.513	202	255	187	138	169	79	17	76	22	163	182	171	154	188	207	-13	157	100	89	7	96
-291.459	221	255	107	102	87	47	138	115	169	94	139	223	211	159	198	-29	38	57	48	193	54
-290.405	193	84	198	179	140	43	32	49	73	147	105	217	169	121	219	-40	63	108	48	-29	118
-289.351	209	206	162	109	139	88	25	4	121	48	164	130	181	219	275	9	70	205	124	139	95
-288.297	213	156	124	74	111	49	87	13	53	174	103	108	73	106	81	57	114	124	117	212	92
-287.244	155	128	168	20	65	68	35	20	31	-24	10	31	157	162	218	62	151	254	86	158	133
-286.191	132	137	57	105	28	8	-45	-41	85	-8	29	53	58	255	191	69	186	274	210	236	200
-285.138	225	154	107	6	23	-10	28	-2	13	8	86	144	38	144	186	75	158	171	223	107	156
-284.085	182	229	198	203	120	86	148	173	137	51	224	188	276	269	294	8	189	111	59	26	49
-283.032	133	169	11	15	19	-43	-103	-44	22	75	-41	116	103	135	19	71	118	209	238	272	251
-281.98	123	95	60	101	-79	-37	96	-204	-12	17	-33	35	27	67	73	158	310	214	306	177	211
-280.928	163	176	68	57	115	114	181	49	100	2	17	110	224	210	266	66	130	127	65	118	120
-279.876	271	259	138	158	160	45	55	73	125	101	173	92	182	321	194	51	239	238	214	126	262
-278.824	160	190	118	114	96	211	143	43	127	61	84	158	166	193	183	9	84	114	148	90	75
-277.772	331	349	305	282	110	149	216	124	219	135	220	221	300	192	339	100	82	169	211	134	123
-276.721	125	58	138	37	95	-62	-13	-98	-44	56	57	18	51	50	107	-59	151	99	111	132	92
-275.669	198	211	149	112	142	77	112	71	94	22	108	194	189	245	222	110	201	155	273	173	161
-274.618	293	230	231	90	157	23	99	84	133	144	109	109	147	298	195	50	171	236	66	219	165
-273.567	92	220	144	32	44	-59	93	79	106	19	197	130	143	173	200	5	81	101	134	105	94
-272.516	190	276	222	241	75	205	84	71	87	75	161	249	269	291	215	145	122	297	305	222	289
-271.466	188	195	180	246	79	54	103	112	164	213	175	185	194	177	245	38	160	213	147	205	224
-270.415	138	162	173	131	125	13	109	-2	4	136	15	137	212	222	214	-53	-12	106	36	-64	113
-269.365	151	297	87	95	8	94	38	59	105	58	117	118	162	142	194	106	95	98	211	218	152
-268.315	207	143	124	43	77	80	156	16	136	89	43	112	111	101	157	56	249	204	257	147	222
-267.265	167	119	40	80	-23	5	-10	-18	75	-11	84	137	155	227	202	33	244	174	262	223	270
-266.215	132	145	142	84	-29	150	54	-26	79	-57	57	154	139	255	106	143	340	289	367	194	208
-265.166	189	204	176	108	88	65	32	12	116	77	123	206	183	262	236	67	70	117	146	129	185
-264.117	166	154	182	208	67	52	96	70	179	149	175	135	231	131	246	54	133	133	109	166	171
-263.068	290	175	75	134	188	1	-1	78	120	30	68	181	60	219	323	-4	96	165	169	58	81
-262.019	194	277	147	146	71	50	46	21	76	167	97	139	150	212	232	25	133	64	142	166	43
-260.97	163	271	251	218	182	68	133	71	169	207	247	171	188	232	176	179	185	247	290	356	232
-259.921	169	112	106	82	109	43	73	-15	88	66	154	159	82	97	189	-10	171	211	126	128	125
-258.873	118	232	187	124	63	68	72	35	102	-28	111	128	106	230	229	130	156	244	211	164	207
-257.825	104	162	47	80	49	-53	74	-4	4	3	171	10	147	148	191	-4	105	79	90	99	91
-256.776	272	88	155	110	77	136	50	7	96	93	165	164	209	258	234	105	191	137	154	60	122
-255.729	163	234	224	168	221	71	104	63	154	150	146	122	163	135	159	66	158	135	73	132	186
-254.681	164	139	21	129	137	25	101	139	159	38	87	98	173	218	174	135	230	305	186	186	235
-253.633	164	233	75	-3	42	156	96	92	89	108	95	209	103	220	173	38	195	160	175	158	112
-252.586	153	280	77	65	12	57	91	-28	53	105	33	100	3	25	92	137	86	200	113	186	96
-251.539	183	230	188	76	120	68	116	77	219	155	226	110	160	249	298	128	209	238	252	301	193
-250.492	133	188	97	173	147	70	116	75	56	38	106	164	178	150	175	-27	9	211	212	175	13
-249.445	270	166	165	141	136	124	39	40	66	77	46	143	138	215	246	130	141	90	208	135	135
-248.398	220	253	132	48	126	6	76	26	42	164	231	143	103	191	226	74	182	188	124	224	147
-247.352	302	332	279	229	161	197	216	226	292	188	236	331	308	303	397	29	169	164	182	28	95
-246.306	221	218	95	128	86	-10	36	68	50	20	139	158	127	157	203	23	151	191	154	156	91
-245.26	92	82	58	136	126	-46	36	-4	36	-30	71	104	108	183	86	122	209	242	215	177	260
-244.214	274	251	255	151	178	96	139	37	60	200	208	200	156	249	272	74	152	171	75	203	118
-243.168	187	129	48	188	14	104	24	25	152	134	221	84	149	221	206	213	312	311	196	292	121
-242.123	170	192	85	181	255	80	71	47	79	182	207	200	107	240	254	60	172	185	104	107	176
-241.078	182	114	100	181	112	3	64	6	167	71	40	170	120	208	208	115	153	190	251	118	193
-240.032	134	98	85	56	204	17	15	3	74	42	104	48	106	208	97	124	130	178	144	69	55
-238.987	151	287	185	217	98	130	190	33	206	179	176	130	189	234	325	-16	111	41	129	111	48
-237.943	265	281	251	197	166	173	166	66	101	160	137	253	213	257	315	13	174	33	192	95	157
-236.898	92	174	33	103	23	27	-52	-35	44	17	45	102	63	120	137	-35	48	86	62	-6	32
-235.854	134	226	50	99	71	1	35	-61	90	99	54	123	41	203	233	102	157	124	175	193	211
-234.809	173	201	332	241	115	99	150	68	108	133	141	159	261	219	274	140	297	281	286	219	255
-233.765	250	286	153	192	198	121	149	81	102	147	209	220	217	190	278	61	95	116	91	170	50
-232.721	179	218	162	72	137	33	62	21	85	183	168	192	131	153	192	45	94	81	209	139	128
-231.678	103	83	117	157	72	-17	81	20	133	6	123	102	187	208	116	34	207	248	163	114	64
-230.634	71	334	108	105	173	32	58	66	101	97	154	76	186	188	206	72	82	194	296	141	113
-229.591	220	100	218	105	141	34	50	87	173	173	131	200	161	252	286	59	68	166	153	198	182
-228.547	233	169	201	113	189	83	-27	-19	162	60	194	193	114	238	259	78	132	155	222	162	137
-227.504	163	149	126	145	95	6	73	57	142	57	73	116	140	207	144	178	187	272	207	178	175
-226.462	286	204	199	208	167	152	179	185	224	239	107	273	286	247	261	-19	97	171	158	72	59
-225.419	146	223	129	106	-29	-10	48	16	118	-11	-16	130	54	159	199	220	289	239	266	355	146
-224.377	303	276	178	198	142	93	115	65	200	154	214	204	243	230	292	104	158	181	218	177	163
-223.335	117	105	40	63	-65	-36	-27	-34	-44	40	7	63	39	113	161	14	186	48	98	185	56
-222.293	281	237	223	114	129	69	115	48	179	97	175	209	261	192	201	-41	-45	80	75	199	62
-221.251	189	288	84	197	189	21	54	194	65	59	87	162	164	227	194	59	104	172	173	9	138
-220.209	190	301	200	278	187	53	148	39	193	173	180	135	268	299	267	19	138	-16	126	114	71
-219.168	179	122	148	69	151	59	70	-34	32	86	69	100	142	205	237	47	172	218	209	72	56
-218.126	121	87	152	-21	84	21	-17	-99	84	91	84	6	202	92	157	96	168	224	171	203	131
-217.085	245	260	209	215	147	169	113	53	151	150	158	220	291	275	274	27	134	269	137	201	160
-216.044	110	179	135	169	187	56	101	167	0	72	130	143	24	234	230	65	4	156	40	127	69
-215.003	268	227	100	171	66	68	121	70	64	92	129	190	174	192	235	54	209	291	254	194	175
-213.962	97	200	72	80	46	40	112	-42	66	29	124	74	225	125	139	49	180	224	202	72	111
-212.922	163	247	192	210	120	105	171	102	91	93	117	151	190	316	214	72	131	53	93	141	96
-211.882	183	148	49	103	71	121	92	-17	95	36	50	46	49	118	166	26	153	244	212	175	137
-210.841	335	179	213	149	134	-6	145	98	164	178	171	211	165	337	137	71	89	160	72	146	95
-209.802	144	197	141	113	173	89	175	97	9	175	111	237	150	139	231	84	172	247	240	186	233
-208.762	145	167	157	123	139	46	38	23	132	126	213	93	185	192	289	130	135	154	133	211	105
-207.722	247	287	126	218	89	40	-22	95	209	101	59	95	185	238	192	80	219	217	140	272	220
-206.683	257	159	112	199	55	79	38	74	77	71	150	131	175	248	291	64	159	154	154	34	18
-205.644	153	127	222	82	128	63	26	113	132	3	43	112	135	242	153	-17	121	38	112	113	94
-204.605	193	198	115	118	102	149	10	56	156	5	150	56	80	220	306	124	283	123	226	125	164
-203.566	218	215	212	196	141	74	154	37	101	80	91	182	197	160	266	58	240	162	81	22	70
-202.528	166	264	136	157	58	74	147	65	140	113	176	241	200	294	312	44	115	138	137	74	133
-201.489	306	188	169	179	175	158	191	103	98	155	100	118	221	230	259	139	249	252	282	209	213
-200.451	143	77	89	86	-12	-78	25	-19	11	4	59	35	81	115	39	79	162	145	289	117	99
-199.412	117	213	100	88	146	81	78	80	26	29	134	127	98	184	206	81	179	214	43	219	169
-198.375	289	290	265	239	204	95	146	164	178	187	119	228	209	256	310	22	92	232	202	35	114
-197.337	183	268	254	203	138	154	75	130	141	116	196	91	220	148	234	97	86	180	199	152	188
-196.299	282	202	141	177	147	53	78	97	138	164	168	170	224	181	248	103	83	196	150	198	153
-195.262	240	302	131	97	153	-5	81	26	160	98	59	132	189	251	260	189	109	177	128	209	166
-194.225	-27	55	28	-50	-48	11	-50	-36	-20	-74	-11	45	-30	65	184	20	274	183	254	167	155
-193.188	274	318	223	231	234	151	182	136	150	190	306	200	298	268	347	134	159	247	145	167	155
-192.151	143	134	163	45	68	-23	-50	-4	133	10	-3	60	126	53	230	-42	121	131	132	122	63
-191.114	157	191	192	70	-17	13	126	92	100	50	109	118	193	238	211	92	283	257	196	166	112
-190.078	265	270	154	182	78	88	108	49	164	159	77	147	162	238	207	35	240	118	169	255	202
-189.041	-52	-2	25	45	-30	-18	-63	-148	-30	-65	-37	-64	47	87	122	96	115	149	77	140	66
-188.005	128	220	73	141	153	42	40	24	248	46	166	237	113	237	246	97	249	174	251	223	123
-186.969	235	229	181	107	116	130	150	100	52	176	155	180	145	200	247	166	224	232	286	251	245
-185.934	244	294	191	186	153	66	78	-16	77	150	159	226	238	219	232	65	34	180	131	91	164
-184.898	251	232	257	139	119	149	47	114	200	168	156	255	237	279	296	145	89	196	157	149	147
-183.863	204	279	201	89	141	110	102	34	82	139	148	215	169	239	278	45	165	177	276	92	161
-182.827	51	62	150	50	56	54	37	-75	-2	-25	47	88	95	94	77	51	142	183	220	124	140
-181.792	229	174	153	67	152	108	139	22	127	164	231	131	215	248	288	82	149	347	236	165	175
-180.757	196	234	171	141	69	17	224	42	214	112	78	170	164	278	168	71	103	212	144	140	126
-179.723	209	173	77	100	183	10	96	105	166	105	141	134	205	199	222	75	165	236	187	205	192
-178.688	113	156	179	55	159	11	60	57	31	81	99	107	87	206	191	-36	124	156	103	111	138
-177.654	297	219	271	167	208	245	170	139	144	163	163	197	250	154	313	226	209	212	184	258	187
-176.62	211	169	222	103	7	109	48	18	100	144	99	126	126	305	140	151	104	236	160	167	174
-175.586	222	204	129	228	127	43	78	46	161	195	79	174	181	175	226	35	135	156	175	171	183
-174.552	241	279	182	169	145	74	115	20	100	53	134	153	237	227	272	96	168	156	150	163	259
-173.518	222	213	148	115	8	-18	126	12	103	67	114	267	212	150	184	56	177	297	131	264	126
-172.485	135	199	202	142	121	186	104	11	227	163	198	184	141	281	242	15	103	54	118	58	192
-171.451	187	237	319	150	94	190	74	118	67	78	142	200	114	245	190	59	76	167	79	80	138
-170.419	216	253	51	221	85	141	95	64	45	96	60	232	195	213	174	-52	134	19	115	57	230
-169.386	189	252	92	139	125	5	43	92	207	64	235	129	223	186	179	154	168	201	264	222	148
-168.353	240	244	224	178	164	81	151	77	210	101	136	152	183	292	258	183	215	303	296	196	228
-167.32	201	148	123	175	100	73	50	66	87	96	35	220	85	194	163	135	135	131	106	165	75
-166.288	110	188	45	160	108	-63	110	83	29	54	75	141	136	197	134	13	100	78	56	164	180
-165.256	235	291	100	233	147	107	72	16	140	225	207	163	266	363	300	-43	61	117	57	-47	80
-164.224	226	256	208	141	118	38	227	-2	109	63	183	195	151	199	210	44	129	156	219	131	102
-163.192	243	208	109	77	180	62	71	10	79	61	101	150	224	193	225	-16	178	68	42	124	102
-162.16	138	262	189	124	67	89	57	102	126	194	43	131	132	266	249	48	146	179	257	157	151
-161.129	114	137	54	22	36	-51	26	-48	89	17	13	90	112	109	173	60	82	184	143	133	118
-160.097	96	86	-53	-40	-74	-66	20	-45	-70	-77	-47	-18	-2	23	129	146	125	322	223	296	139
-159.066	186	204	158	144	148	18	45	3	63	173	120	135	174	281	208	94	132	125	189	63	48
-158.036	281	294	196	138	73	150	93	114	137	124	123	79	243	238	269	42	240	264	159	259	228
-157.005	162	149	98	22	55	-14	-3	-62	112	126	62	101	76	138	98	47	212	219	152	206	192
-155.974	322	310	238	222	169	131	198	88	129	165	227	188	207	313	274	95	228	246	278	204	222
-154.944	207	239	209	142	134	64	160	84	215	92	207	253	217	240	242	-96	210	13	198	154	158
-153.913	130	237	209	163	102	126	91	87	84	80	180	197	281	168	266	28	141	112	168	203	179
-152.883	241	236	167	125	112	28	159	38	205	117	204	236	130	302	298	32	67	210	98	57	72
-151.854	260	196	210	146	97	84	93	106	120	167	185	159	273	196	289	95	133	224	167	226	158
-150.824	132	119	132	66	40	119	70	20	58	72	7	44	139	146	172	15	120	125	116	49	112
-149.794	164	115	138	199	1	71	25	99	101	175	86	109	183	111	240	169	99	264	180	265	180
-148.765	200	81	124	129	162	133	75	-15	133	141	176	167	142	162	309	151	208	221	224	169	187
-147.736	268	411	239	256	144	164	168	177	268	188	272	252	273	333	372	16	129	92	61	39	98
-146.707	209	106	116	76	124	10	28	-13	131	22	75	96	160	192	129	125	93	221	253	149	179
-145.678	143	209	207	129	144	84	-1	75	54	47	53	34	134	158	176	84	187	229	200	213	244
-144.649	176	259	183	171	129	163	53	51	109	105	164	169	192	209	254	112	173	190	137	119	207
-143.621	71	144	-6	74	-99	-78	-81	-147	12	-40	-18	10	28	-23	-7	-7	72	157	152	123	161
-142.593	235	306	82	121	139	127	232	135	119	144	137	156	161	225	241	30	203	185	136	97	136
-141.564	100	200	228	203	138	103	82	21	87	-46	96	206	212	258	301	3	201	95	169	9	91
-140.537	254	227	247	163	78	97	96	31	174	151	120	84	126	163	215	61	95	103	77	101	105
-139.509	119	192	125	29	5	41	3	40	147	65	27	139	189	149	130	38	134	188	116	157	175
-138.481	207	217	216	139	135	21	120	117	151	153	98	250	155	300	208	31	209	146	255	205	259
-137.454	233	253	50	157	158	74	132	-32	114	110	142	184	179	259	164	83	165	314	178	131	115
-136.427	103	149	180	93	-6	8	93	89	70	7	124	173	123	137	175	32	83	103	178	211	129
-135.4	152	171	84	64	53	46	79	-20	142	2	110	160	78	92	173	58	124	188	138	171	137
-134.373	195	131	86	158	84	59	74	31	156	69	153	207	155	250	249	9	126	146	140	88	26
-133.346	118	282	77	83	127	-1	118	125	109	82	72	156	165	292	154	112	133	202	103	118	134
-132.32	174	207	261	177	90	83	72	-10	88	169	174	163	195	200	93	4	-2	89	118	86	76
-131.293	166	188	113	87	153	108	121	70	104	58	80	174	205	301	230	14	106	144	117	86	188
-130.267	120	218	63	124	17	73	37	13	57	-16	250	140	196	154	161	46	167	188	160	120	177
-129.241	254	220	303	174	112	109	164	94	130	197	115	169	218	318	316	110	215	327	261	208	189
-128.215	153	165	130	143	176	45	108	-9	142	16	113	27	179	196	199	102	139	198	135	184	165
-127.19	266	223	53	76	96	21	-19	43	58	48	51	169	150	242	215	19	187	220	55	198	53
-126.164	159	29	71	52	-43	-104	-10	-36	-8	-32	31	-30	55	109	212	172	131	283	190	100	69
-125.139	117	121	59	83	-45	-29	-9	64	64	-57	66	57	127	41	53	158	155	283	240	243	133
-124.114	270	195	74	208	170	88	121	35	167	108	146	159	237	140	186	22	159	152	68	53	158
-123.089	228	244	123	152	61	100	5	-68	104	32	158	174	160	159	314	56	127	125	185	147	174
-122.064	128	110	168	67	111	-1	41	-14	20	14	81	137	48	248	185	60	124	178	113	118	165
-121.04	207	213	163	86	108	165	155	41	181	147	183	212	150	145	212	71	228	257	215	242	172
-120.015	166	117	30	145	83	4	59	14	67	53	69	73	54	201	182	17	117	174	162	110	197
-118.991	224	246	273	206	122	94	132	155	148	178	178	197	222	222	223	-6	161	223	268	118	142
-117.967	177	211	44	82	7	23	-11	98	26	87	151	42	87	192	124	139	181	56	192	151	116
-116.943	127	256	190	135	41	-24	30	7	28	-4	87	7	84	113	192	169	164	267	94	54	95
-115.92	117	231	197	114	71	1	3	-2	9	54	115	77	63	118	240	108	211	309	141	244	250
-114.896	216	93	110	94	130	100	-83	-14	150	158	124	73	177	235	133	33	129	89	185	201	167
-113.873	234	205	158	80	97	56	134	77	95	121	118	114	169	193	195	116	181	218	175	144	79
-112.85	202	301	230	80	103	49	167	84	81	197	197	256	159	214	273	87	137	131	117	125	97
-111.827	224	138	207	185	73	175	104	-33	179	141	144	156	145	186	308	-48	154	70	210	171	181
-110.804	222	75	92	95	122	80	0	-11	53	28	153	75	120	259	152	118	148	252	173	195	172
-109.781	161	172	250	58	64	31	101	-119	8	-5	101	62	154	178	202	126	124	192	140	117	229
-108.759	211	224	138	107	118	-20	47	51	115	79	138	92	144	248	221	39	191	229	157	189	178
-107.737	135	246	33	63	37	5	59	-1	172	23	61	139	178	189	181	170	228	289	381	445	252
-106.715	79	90	18	96	-117	-127	-62	-150	-10	28	15	48	10	30	112	100	143	187	191	91	255
-105.693	251	265	127	149	103	81	139	66	170	127	68	128	147	267	184	46	235	190	152	143	101
-104.671	157	155	136	69	51	-12	89	14	24	104	119	69	148	205	247	9	134	140	151	214	127
-103.65	222	247	205	195	153	34	10	190	46	105	128	176	139	196	242	98	111	267	281	131	91
-102.628	99	89	103	101	42	-38	-45	-18	24	1	11	96	77	129	111	109	269	236	169	150	169
-101.607	113	226	134	59	90	16	37	6	50	100	13	183	177	204	116	64	129	289	253	124	150
-100.586	259	211	227	272	151	208	134	101	144	163	244	177	215	221	346	129	116	267	137	211	170
-99.565	212	225	113	107	100	3	162	83	149	43	135	117	235	188	190	54	78	187	117	105	75
-98.5444	210	245	199	206	212	114	146	65	87	56	156	90	192	272	215	-1	159	183	179	185	113
-97.5239	210	144	106	30	22	-17	100	4	125	51	58	18	69	120	128	29	239	248	307	137	207
-96.5035	121	152	-3	30	-64	-103	-98	-82	-49	-54	39	104	127	122	108	111	57	116	81	106	142
-95.4832	179	222	92	73	105	-38	17	0	63	133	114	87	174	118	171	107	65	170	224	162	187
-94.4635	176	285	255	138	62	157	200	35	169	148	155	158	147	221	266	109	172	200	164	72	15
-93.4434	232	165	106	158	34	49	192	49	34	25	125	115	156	230	136	64	238	193	172	366	286
-92.4238	183	173	159	125	66	26	79	-77	69	85	22	126	94	102	215	129	159	183	307	137	170
-91.4044	185	197	99	124	57	14	58	120	52	8	-44	98	198	132	109	111	239	248	81	106	75
-90.385	219	194	93	54	174	-3	85	-40	-2	124	77	172	130	141	217	107	57	116	224	162	113
-89.3662	174	303	111	97	145	100	120	129	72	146	112	201	214	233	266	26	178	161	132	61	7
-88.347	241	248	159	202	186	84	75	165	214	124	172	231	335	322	305	69	259	155	113	79	116
-87.3284	124	220	178	98	48	39	102	12	35	138	111	95	131	187	182	53	238	268	206	283	227
-86.3098	218	168	92	79	101	58	71	144	118	81	157	125	192	207	199	94	60	219	121	53	82
-85.2914	175	165	219	101	166	56	115	9	91	109	177	104	206	178	103	170	197	314	240	298	264
-84.2734	361	231	148	106	101	145	119	83	101	192	256	112	120	345	279	132	122	235	133	119	165
-83.2552	157	253	307	252	112	101	154	93	154	109	172	182	203	222	289	49	112	110	-14	48	63
-82.2374	127	186	14	76	47	18	-66	-29	-1	84	-9	9	172	94	226	21	152	227	125	152	133
-81.2198	268	266	142	174	148	94	141	71	102	241	144	203	249	247	236	39	132	113	91	151	21
-80.2023	179	287	195	75	72	161	5	93	138	92	198	182	204	263	146	177	203	260	258	236	226
-79.1848	266	176	220	205	40	106	66	108	120	91	107	154	171	287	209	96	110	177	143	173	140
-78.1675	170	301	219	158	143	22	5	61	78	72	154	195	160	230	245	49	202	167	227	199	190
-77.1507	228	191	194	91	91	29	126	113	144	135	169	206	149	249	266	67	137	173	151	9	108
-76.1339	51	42	99	35	-66	-80	16	-82	-48	-40	-12	-44	76	162	95	143	197	219	126	238	209
-75.1173	60	77	85	-36	58	4	-20	43	20	85	178	67	183	223	210	67	95	231	231	273	194
-74.1008	175	219	162	131	135	27	0	96	71	156	78	123	111	246	262	187	193	236	172	246	239
-73.0844	175	247	147	164	109	-16	100	-32	153	-2	96	90	240	181	179	151	230	255	193	183	160
-72.0685	270	234	127	164	42	75	68	62	158	66	86	229	137	234	249	131	302	232	125	229	252
-71.0523	279	199	146	180	56	145	96	69	84	118	122	44	211	300	303	197	199	258	260	217	213
-70.0366	155	333	148	177	178	37	158	26	117	87	178	198	187	237	318	22	128	190	133	190	137
-69.021	107	216	115	133	-1	72	52	84	10	74	78	82	146	217	177	46	43	93	165	111	11
-68.0058	238	126	223	143	141	158	139	81	146	87	128	54	172	239	278	62	121	130	164	23	89
-66.9905	295	220	279	158	151	220	195	61	218	222	207	245	255	216	282	17	88	150	193	167	163
-65.9755	195	157	77	147	66	45	-10	-25	90	65	-43	57	90	131	149	89	221	186	183	202	178
-64.9604	183	191	93	54	-77	108	96	75	102	49	74	60	90	263	203	-57	-10	92	-3	74	75
-63.9457	190	112	115	172	97	21	151	48	132	34	86	185	156	225	269	103	254	318	182	186	143
-62.9311	254	228	288	177	162	184	105	75	208	125	102	185	219	169	278	180	169	167	207	211	244
-61.917	145	219	96	99	80	-12	17	-33	83	38	-3	87	170	81	144	9	146	291	271	164	141
-60.9026	163	201	136	121	77	40	37	78	148	133	82	144	191	250	200	34	149	201	191	153	176
-59.8887	172	265	74	74	35	31	-28	50	91	151	74	93	142	133	116	37	179	230	119	261	113
-58.8749	182	193	166	49	202	101	138	87	51	57	175	128	159	214	329	103	268	230	200	194	197
-57.8612	200	121	208	181	56	45	37	-56	19	86	138	121	133	157	221	160	271	280	238	213	227
-56.8477	207	142	156	139	66	71	82	49	153	42	144	98	170	223	158	-4	71	159	148	139	75
-55.8342	213	185	239	189	166	76	134	74	139	154	158	229	237	295	262	-17	224	88	219	114	90
-54.8212	213	175	156	79	181	150	17	71	66	182	127	117	205	152	259	-45	151	81	56	96	49
-53.8083	84	11	82	158	29	-114	-28	-71	33	-36	-4	53	47	199	103	66	131	138	214	166	107
-52.7955	198	259	291	280	69	170	134	116	137	212	247	181	172	282	357	18	120	262	162	131	175
-51.7829	285	245	165	70	191	127	17	134	102	97	117	67	149	209	217	119	194	268	221	209	233
-50.7703	139	169	178	45	104	56	-2	10	-30	47	84	79	68	134	127	94	119	104	88	211	192
-49.7582	185	324	165	193	81	75	52	61	167	198	116	203	238	227	244	81	199	316	247	279	253
-48.7459	132	160	121	114	201	66	25	39	100	46	156	158	94	228	197	143	253	248	251	288	290
-47.734	206	234	116	26	28	-31	84	67	82	59	83	162	129	114	284	48	68	210	105	132	17
-46.7222	253	188	63	94	103	97	-4	44	124	29	92	77	175	182	130	10	132	84	7	59	116
-45.7109	190	144	147	106	77	4	21	31	105	59	150	131	175	210	232	23	127	253	208	190	28
-44.6994	207	187	97	34	84	82	35	3	86	77	81	91	78	118	157	32	233	157	135	81	142
-43.6883	118	123	16	109	27	-14	89	115	11	14	119	188	182	203	208	113	191	209	188	285	158
-42.677	227	167	91	154	104	6	22	-63	50	60	122	90	108	142	136	96	162	110	133	55	136
-41.6661	147	153	120	16	138	133	109	30	106	41	109	113	74	126	157	112	100	231	175	168	130
-40.6554	73	149	112	105	10	-42	-1	-113	48	25	60	108	59	132	108	-36	28	163	133	180	54
-39.6451	41	237	142	64	60	-16	18	-5	30	33	80	181	152	211	180	85	202	165	301	230	139
-38.6345	228	228	142	98	122	104	-23	36	158	39	93	120	162	224	199	-94	24	102	216	167	22
-37.6245	268	131	174	105	151	54	127	110	37	37	180	254	234	271	292	40	130	263	117	215	105
-36.6145	166	229	229	183	6	16	-31	54	93	79	131	195	95	205	266	8	6	97	117	32	136
-35.6047	227	159	171	40	93	116	81	72	80	106	135	194	117	165	252	45	252	244	248	220	80
-34.5949	99	93	36	17	115	37	109	-70	82	21	9	32	168	185	213	147	219	248	164	118	179
-33.5853	271	191	128	98	167	93	110	117	180	140	57	198	238	182	226	159	221	304	232	320	288
-32.5761	198	217	147	181	130	58	71	71	58	167	105	128	97	234	250	115	183	153	151	110	125
-31.5671	105	224	142	121	44	59	9	55	17	13	56	76	114	98	208	46	204	179	247	226	274
-30.5581	261	241	174	213	106	136	148	165	242	116	213	196	255	193	302	135	63	186	142	79	136
-29.5493	137	154	94	68	24	-73	41	-131	93	107	42	-28	101	192	183	58	195	183	145	176	123
-28.5405	211	163	73	119	16	-62	17	-11	-11	30	78	113	105	73	98	-46	165	78	91	105	112
-27.5323	115	181	158	65	116	7	106	82	78	20	35	99	101	152	271	68	163	156	146	249	95
-26.5237	51	220	166	164	-17	18	101	-14	85	49	94	70	78	140	160	68	173	152	91	99	70
-25.5157	222	258	111	147	157	157	120	18	158	54	148	188	247	286	200	59	168	171	259	88	60
-24.5077	224	236	246	271	135	162	100	158	92	181	158	258	123	276	331	56	72	240	127	162	184
-23.4999	36	140	150	18	-27	-26	-81	-52	-48	-45	31	147	-1	141	66	115	164	163	274	162	188
-22.4925	285	147	131	112	46	67	-19	50	127	100	103	73	113	148	213	-42	70	203	137	0	105
-21.4849	127	92	54	103	-7	65	115	-59	20	74	49	56	104	100	151	182	272	250	268	261	180
-20.4778	208	206	235	74	115	115	114	133	85	149	177	145	180	289	279	64	142	137	158	158	141
-19.4707	119	207	85	132	11	16	-31	-23	99	76	91	95	122	155	259	9	58	97	94	215	162
-18.4638	134	150	183	113	113	51	48	42	126	110	68	83	163	182	214	12	193	150	181	105	77
-17.4573	160	229	78	87	81	-38	48	23	74	25	98	113	74	187	231	63	199	163	112	113	106
-16.4506	112	165	131	258	36	88	99	67	117	0	158	63	132	175	73	41	107	168	132	133	175
-15.4443	200	35	74	78	65	95	79	-79	23	96	27	94	83	184	147	29	40	111	154	185	104
-14.4382	268	285	219	214	148	184	148	153	78	132	177	164	210	237	271	61	36	90	122	20	64
-13.4322	249	239	297	174	156	112	211	96	142	118	184	182	130	247	306	105	155	188	83	173	45
-12.4262	367	304	203	78	55	145	55	53	48	83	40	192	163	161	204	67	54	153	99	48	171
-11.4204	104	145	91	119	147	105	143	60	80	104	63	103	161	164	314	93	364	294	385	295	344
-10.415	36	142	35	55	39	-24	85	-61	87	63	91	132	84	216	126	105	197	174	263	198	113
-9.40979	254	217	111	71	91	33	99	16	159	37	70	264	116	242	245	177	340	209	112	260	214
-8.40464	399	190	169	127	137	139	133	96	16	132	141	251	162	185	232	-12	216	198	132	204	122
-7.3996	76	146	147	257	14	46	161	107	98	199	125	86	129	205	256	140	187	310	154	327	300
-6.39467	114	176	-11	78	-1	33	77	69	0	15	141	-14	49	121	95	62	146	223	186	193	169
-5.38984	259	199	319	136	90	75	-29	63	180	-86	150	69	128	49	204	123	83	238	134	239	211
-4.38549	180	231	242	124	73	131	103	151	145	182	306	165	243	289	176	298	358	369	360	190	185
-3.38124	301	330	243	103	160	106	163	284	204	194	210	390	221	46	191	85	147	174	170	98	52
-2.3771	170	199	205	146	95	26	175	89	124	173	231	113	142	209	145	55	237	-1	119	106	10
-1.37306	285	246	197	237	169	43	230	251	311	252	198	127	300	210	390	185	71	71	239	93	254
-0.36951	33	99	91	101	199	174	113	76	124	93	199	154	94	129	199	126	157	101	58	82	74
0.63432	417	327	275	443	182	364	321	212	231	212	142	84	227	252	284	320	432	331	196	368	245
1.63767	459	250	467	273	522	523	404	272	136	349	132	218	243	295	308	-2	229	80	21	80	104
2.64092	431	364	536	223	343	199	174	178	457	318	436	316	221	19	29	50	26	100	100	20	14
3.64406	448	600	527	486	494	80	302	347	254	332	324	248	142	248	89	31	145	4	216	170	146
4.6471	495	473	569	287	566	343	253	174	200	226	291	343	142	397	406	169	124	249	217	259	255
5.64966	121	55	-2	106	58	-2	61	12	59	-13	87	93	59	78	-24	111	74	104	175	66	83
6.65249	244	210	200	77	60	168	93	180	71	82	176	171	217	187	200	132	172	216	174	223	189
7.65484	43	126	91	21	-13	-52	-56	-51	-91	-42	-16	73	31	155	128	40	159	164	161	161	188
8.65709	167	241	212	191	9	7	14	15	199	100	104	115	47	143	249	116	200	278	151	170	135
9.65885	241	224	144	159	148	105	208	60	71	157	242	168	199	94	252	28	132	135	187	259	163
10.6609	226	219	182	133	131	90	131	143	125	157	196	280	222	232	363	46	187	131	186	66	64
11.6624	250	200	221	210	116	132	116	56	141	227	148	278	276	242	232	-23	130	54	102	223	80
12.6643	200	84	1	-14	113	-53	-71	-103	10	-2	32	45	126	142	108	83	243	270	185	161	116
13.6656	106	129	105	53	58	75	35	-47	80	47	156	72	120	158	135	53	114	172	81	190	134
14.6669	47	250	160	108	150	63	14	10	106	49	86	202	106	149	167	74	202	290	197	182	95
15.6677	175	105	90	17	-46	24	25	-97	-20	3	104	71	40	230	208	138	252	264	257	190	266
16.6687	135	203	239	140	31	5	74	27	-28	74	29	80	129	159	178	-56	138	85	111	65	178
17.6693	203	258	120	166	53	77	142	51	101	41	158	83	230	304	303	-18	154	161	88	87	123
18.6697	215	231	98	147	121	28	146	158	58	62	83	204	173	207	172	140	293	341	302	286	226
19.6701	252	188	166	161	76	47	136	115	115	140	168	176	72	197	327	102	179	216	231	192	160
20.6703	158	210	87	76	86	28	133	30	196	64	73	164	153	168	209	92	278	165	184	232	226
21.6705	112	166	199	102	22	82	82	69	24	47	144	66	173	202	209	47	102	100	160	226	134
22.6702	233	236	163	195	166	5	190	154	156	137	156	203	123	185	168	-18	99	86	46	49	94
23.6697	76	113	72	72	80	0	4	15	3	0	98	123	79	133	130	145	253	264	244	183	220
24.6692	167	103	99	27	-58	-14	14	-114	41	33	86	137	125	174	122	49	99	201	93	216	117
25.6685	211	214	190	163	106	-24	79	36	172	61	81	154	263	158	235	30	124	130	97	7	116
26.6678	218	136	30	-28	0	-36	-5	11	42	15	19	105	150	102	219	148	136	275	272	207	166
27.667	199	214	146	116	101	52	97	148	-9	102	166	125	125	253	258	60	169	219	97	154	136
28.6656	257	167	195	170	96	75	20	60	84	125	91	51	119	263	197	102	201	243	221	221	195
29.6642	159	153	27	117	-7	28	-57	12	73	43	161	173	103	112	203	48	97	198	225	162	195
30.6627	224	272	201	166	116	14	87	25	115	162	122	162	166	194	241	56	62	185	201	140	142
31.6611	139	230	96	44	-17	-20	73	-61	88	-28	34	26	71	144	146	21	120	136	198	130	204
32.6589	169	169	183	116	101	-12	93	3	21	72	-37	58	105	156	175	10	159	191	207	155	136
33.6571	195	216	196	73	49	55	107	42	72	144	116	35	162	318	229	90	142	197	195	230	133
34.6548	157	158	77	29	-24	76	-61	-9	53	95	134	79	96	147	148	54	150	192	149	55	242
35.6524	205	183	123	238	41	161	29	39	190	146	32	173	150	213	211	29	113	172	110	114	-23
36.6499	221	172	79	108	148	23	149	29	121	37	216	101	153	186	211	165	170	228	319	257	254
37.6472	207	202	168	98	27	-1	109	69	129	44	66	132	143	254	166	126	226	191	214	208	267
38.6441	138	268	131	-16	122	1	101	28	35	8	74	106	59	124	177	52	199	257	315	244	217
39.6413	191	160	211	153	182	159	46	113	190	131	106	101	202	278	284	2	113	177	181	177	196
40.638	263	163	177	199	99	55	116	148	136	124	76	172	171	223	268	36	181	147	218	216	180
41.6346	102	85	89	146	65	7	59	60	32	47	22	42	25	140	159	26	129	158	130	186	79
42.6311	156	173	143	49	93	-64	66	12	12	49	73	124	82	111	242	5	135	173	157	108	140
43.6271	208	200	104	178	100	98	121	78	32	117	158	199	223	148	234	113	204	155	109	235	116
44.6234	80	84	40	75	2	-2	-13	-104	-34	-29	63	-16	63	192	221	111	190	184	99	206	112
45.6192	132	106	126	228	118	45	75	-12	129	43	40	155	102	250	152	61	87	228	115	73	166
46.6149	265	169	110	156	155	163	110	92	50	147	183	159	192	255	219	64	164	221	194	112	222
47.6105	237	216	114	152	121	122	124	24	122	67	119	50	194	249	157	-75	-28	126	43	72	51
48.6056	221	100	160	141	64	114	71	-28	45	106	62	140	164	171	135	85	77	147	185	60	104
49.601	175	258	97	111	-11	18	-18	14	107	65	65	69	102	215	184	126	165	303	229	220	179
50.5959	200	205	81	121	210	86	76	67	88	73	217	161	156	234	252	110	139	260	223	251	200
51.5911	206	201	178	85	22	41	29	-25	76	70	100	145	224	159	323	117	235	215	119	249	187
52.5854	255	190	195	212	152	130	189	14	240	61	154	108	186	276	309	193	237	302	266	400	277
53.58	143	252	122	59	-24	24	26	28	76	99	82	77	108	152	119	77	224	343	291	173	171
54.5746	121	201	126	33	64	-60	-20	27	28	27	111	12	78	79	229	69	125	309	244	205	186
55.5686	323	361	270	275	235	216	139	139	168	128	223	105	322	273	247	71	241	344	295	319	233
56.5629	73	156	107	37	130	-13	86	6	72	51	44	108	163	115	253	-43	52	91	-2	23	55
57.5567	113	173	113	167	76	50	112	11	140	65	94	148	144	286	211	244	170	215	151	221	214
58.5504	234	169	172	162	182	44	95	60	91	82	112	126	110	181	146	92	249	172	195	182	237
59.5437	237	311	227	161	132	221	229	48	67	163	229	280	162	235	277	20	23	102	2	10	-29
60.5372	271	242	244	102	125	204	84	74	131	103	112	278	242	313	298	151	209	269	235	133	208
61.5303	332	186	149	176	161	37	106	183	52	115	123	185	110	249	247	158	239	255	266	259	262
62.5232	222	243	104	151	90	25	157	58	103	203	195	239	194	227	238	-29	102	168	155	185	85
63.516	195	252	204	215	224	168	200	176	153	76	109	130	202	281	230	-29	206	199	219	191	103
64.5088	205	253	120	250	86	104	150	-19	110	21	188	127	260	286	276	40	54	105	207	146	190
65.5014	263	268	234	268	164	127	44	132	152	100	259	229	172	181	191	242	235	339	345	295	315
66.4936	281	267	234	212	154	108	137	109	37	151	200	155	239	235	333	102	89	194	181	158	118
67.4856	20	129	53	1	-42	31	51	-38	14	-10	-9	-13	81	157	166	131	209	158	188	197	153
68.4776	165	153	54	138	119	26	146	24	71	123	40	153	135	156	149	55	98	204	114	221	125
69.4695	84	169	143	103	106	-44	106	33	136	40	83	127	124	297	195	166	194	230	260	233	140
70.4612	274	305	297	202	111	175	157	91	224	183	247	319	286	341	254	32	-2	264	92	122	145
71.4529	129	155	89	68	52	-11	54	21	22	-14	6	79	94	67	120	69	96	119	175	64	64
72.444	169	157	110	66	102	82	-6	-9	87	3	50	21	126	270	264	3	214	201	93	35	71
73.4351	47	76	127	130	50	46	46	-142	15	41	65	17	171	140	190	81	137	133	142	90	173
74.4261	266	299	151	28	70	77	119	20	81	6	23	134	72	198	166	149	112	169	116	248	123
75.417	126	50	275	131	222	18	59	70	192	133	113	142	169	175	220	66	113	229	179	149	148
76.4074	223	266	247	225	228	120	107	48	179	194	143	210	193	264	339	92	196	135	168	214	146
77.398	193	186	92	104	57	61	75	126	102	74	42	53	75	135	244	139	179	224	251	177	244
78.3882	141	203	237	117	108	112	125	-38	110	95	15	42	178	116	228	268	252	203	246	229	262
79.3783	129	154	150	134	190	-3	119	164	79	81	193	152	210	221	300	-53	78	111	160	170	51
80.3683	98	112	95	158	22	11	79	68	25	118	104	142	44	94	105	46	140	153	229	143	122
81.3582	225	214	163	99	74	44	83	4	51	45	134	143	134	224	220	54	208	106	96	54	181
82.3476	343	200	284	214	105	122	160	138	62	113	214	237	151	260	282	-65	19	121	-1	110	64
83.3373	10	136	90	8	57	14	100	-50	85	-16	161	102	128	157	170	-10	154	139	148	155	168
84.3265	298	155	176	166	190	23	22	120	114	115	143	183	211	186	283	47	111	192	156	142	110
85.3156	245	180	157	212	126	110	-6	75	77	76	98	126	133	232	221	86	234	178	114	91	145
86.3046	149	173	71	128	-2	23	-25	-18	64	5	54	85	158	198	150	67	109	160	111	39	68
87.2931	179	191	130	138	65	3	97	35	85	109	92	146	215	267	160	62	63	191	150	179	23
88.282	258	186	184	175	97	148	117	101	224	205	159	260	168	222	261	115	164	229	237	119	149
89.2703	91	178	127	128	76	72	50	113	57	169	128	77	123	233	201	72	74	110	99	117	13
90.2585	278	256	188	223	88	71	197	48	81	115	112	90	131	209	252	58	165	159	99	171	184
91.2467	96	190	49	-71	27	-80	58	-8	30	-17	28	22	89	178	221	55	150	126	160	105	91
92.2347	348	236	232	266	245	113	221	173	121	157	186	183	168	222	269	142	167	290	184	210	202
93.2222	61	163	0	100	15	-28	-38	19	25	50	-8	112	126	233	72	97	149	218	267	121	117
94.2101	77	109	53	105	83	85	57	20	56	100	180	117	159	136	234	146	140	183	191	153	148
95.1974	118	166	126	59	23	-33	-9	22	104	71	15	93	-2	159	189	58	137	177	180	125	55
96.1847	132	175	48	124	7	42	-29	48	73	5	5	127	61	100	185	11	148	167	242	176	121
97.1718	175	148	118	58	27	11	90	15	155	15	117	17	222	174	133	-53	141	184	142	112	125
98.1585	163	106	63	19	18	-14	27	-46	171	-4	86	182	239	51	133	30	94	167	307	229	143
99.1454	73	79	20	-31	-51	-106	52	25	-100	-25	-73	57	85	98	165	-39	201	205	195	117	138
100.132	44	97	106	107	4	11	11	-1	89	-15	101	31	83	216	199	81	229	257	281	128	200
101.118	221	192	129	130	125	47	71	75	97	141	126	233	234	265	349	33	131	253	188	124	179
102.105	110	214	36	-16	101	-22	65	-2	-41	6	-53	132	97	183	207	124	284	316	204	306	288
103.091	149	194	236	138	93	88	74	35	-20	122	82	137	142	225	211	19	112	171	167	313	58
104.076	190	151	86	140	60	-6	24	-1	148	39	156	61	151	144	224	7	109	199	163	123	60
105.062	147	141	154	88	27	-39	101	31	148	71	111	115	132	118	196	-8	97	200	194	172	151
106.048	188	227	198	116	100	115	36	95	97	97	63	80	95	177	208	88	47	148	140	174	160
107.033	218	306	247	218	149	153	255	131	124	129	207	212	363	279	314	85	147	200	165	83	113
108.018	85	248	124	49	66	133	-16	41	63	54	122	37	41	231	194	93	150	185	144	189	117
109.003	289	118	90	101	146	4	54	47	110	129	59	49	138	200	271	9	127	192	250	180	169
109.989	67	198	70	135	91	48	88	-29	47	87	55	56	177	196	181	191	204	240	210	232	156
110.973	195	243	134	158	128	85	117	108	150	139	157	190	147	164	276	117	260	182	280	180	359
111.958	209	147	136	144	145	112	132	-16	134	84	91	133	145	252	301	91	284	266	215	234	214
112.942	147	235	153	85	90	125	6	33	125	124	188	150	269	226	259	10	69	180	171	109	81
113.926	56	226	14	42	27	22	71	-55	-36	15	78	126	121	117	143	110	198	300	226	104	241
114.91	199	195	206	126	98	151	63	77	80	39	135	91	206	310	256	50	184	130	108	154	119
115.894	168	308	190	210	216	118	164	72	196	177	176	266	168	297	253	88	170	222	118	200	228
116.878	134	127	59	-32	19	-31	-83	-78	-13	-23	-44	17	94	94	102	-3	133	158	208	178	125
117.862	115	186	156	77	12	9	5	12	-13	75	126	84	84	115	103	106	113	238	184	157	179
118.845	191	174	69	119	147	91	138	26	90	83	89	83	164	240	200	-7	105	177	178	182	233
119.828	235	177	180	221	152	11	148	130	192	73	62	178	143	215	156	-10	182	185	137	119	104
120.811	166	263	197	161	45	169	134	173	167	112	103	154	108	226	330	26	107	134	136	121	61
121.794	349	310	300	205	255	139	153	81	111	162	134	163	243	216	324	44	197	221	135	179	192
122.777	213	237	206	228	154	144	102	89	127	134	167	215	171	338	201	158	153	282	206	266	223
123.759	189	186	190	45	64	66	135	-6	88	87	166	136	86	173	251	-21	135	152	130	80	-54
124.741	134	182	150	135	44	44	75	-13	144	-27	101	150	161	218	264	-41	53	189	129	83	182
125.724	183	150	127	26	101	94	60	40	101	-31	47	56	123	213	136	76	54	164	117	206	144
126.706	286	203	172	97	148	-15	47	90	110	86	160	88	174	233	196	77	182	246	267	152	147
127.687	101	115	-45	-75	-14	-94	4	-19	18	-128	-9	-43	2	23	142	17	44	36	82	88	149
128.669	157	273	173	52	241	101	125	78	106	115	161	186	217	170	357	140	254	232	165	224	147
129.651	249	215	150	175	187	161	111	97	148	36	139	143	251	255	288	68	163	189	160	28	62
130.632	135	161	28	55	40	42	-59	-80	34	-4	130	134	99	142	174	-16	56	183	126	16	100
131.613	92	210	43	94	10	-24	37	-62	108	29	-11	90	73	129	162	80	128	56	201	122	227
132.595	232	251	219	174	142	4	49	60	35	49	144	208	155	186	258	110	200	212	272	197	197
133.575	257	239	188	84	98	133	39	52	18	-10	90	110	177	204	220	-68	89	160	169	98	26
134.556	156	209	179	183	191	97	66	74	168	132	117	218	207	199	229	-4	55	117	145	52	17
135.536	204	246	181	164	152	80	90	-5	83	95	136	282	313	160	217	87	159	209	200	193	177
136.517	166	221	89	175	90	133	98	121	203	67	144	100	197	268	312	85	210	152	156	156	154
137.497	210	209	169	187	117	117	159	120	140	146	204	186	257	230	307	64	101	77	130	53	77
138.477	165	123	229	106	137	42	-36	23	115	132	160	93	119	170	236	191	199	236	274	204	227
139.457	100	220	79	191	223	15	-2	45	158	110	104	130	128	205	210	63	279	183	115	272	255
140.437	224	253	153	165	92	138	135	175	147	130	139	168	254	277	368	145	105	207	139	175	252
141.416	122	239	165	83	73	40	19	20	80	111	78	119	91	202	125	135	314	273	261	178	259
142.395	63	198	-60	58	-3	33	75	-30	-29	-60	92	79	69	220	169	80	196	159	120	216	157
143.375	268	275	221	169	124	65	108	74	115	106	156	131	204	228	255	80	184	141	227	144	179
144.354	96	173	130	68	111	42	94	14	86	86	98	94	133	152	207	-52	100	176	114	94	177
145.333	233	271	193	136	65	58	124	84	84	149	45	215	171	188	311	116	206	152	176	152	130
146.311	211	198	139	136	154	38	123	36	136	98	126	217	172	338	212	0	161	106	158	116	99
147.29	127	171	131	102	70	-22	6	-30	155	80	132	120	111	155	222	61	158	200	210	209	143
148.268	234	156	65	180	181	108	55	74	57	110	115	104	241	196	179	115	64	270	168	140	146
149.246	230	129	153	199	24	26	139	84	156	128	87	65	109	142	321	13	142	85	106	201	219
150.224	157	246	202	190	152	66	18	112	45	153	129	105	135	138	196	127	247	347	186	287	211
151.202	123	120	91	66	-54	-24	-16	-89	57	58	117	116	138	130	150	275	235	285	363	252	224
152.18	290	274	137	160	132	175	125	87	120	108	179	185	170	313	257	-25	133	108	138	131	123
153.157	263	181	147	95	129	52	62	6	66	107	72	126	87	212	259	81	240	259	188	190	176
154.135	157	153	104	89	4	79	10	30	48	-12	31	146	165	271	251	52	188	239	146	208	200
155.112	157	205	135	69	164	17	37	-31	56	78	71	109	95	235	259	143	182	348	288	273	219
156.089	297	247	103	168	177	132	87	140	67	86	133	188	160	265	290	88	198	231	373	286	338
157.066	212	109	205	185	137	64	70	26	83	71	83	155	90	187	254	117	94	181	269	244	226
158.043	206	228	103	133	156	168	131	40	186	25	115	131	134	190	295	83	134	301	193	175	63
159.019	229	217	207	162	222	105	266	147	278	233	180	155	293	267	279	155	283	255	299	274	299
159.995	208	250	203	107	41	20	60	61	110	101	195	120	236	246	231	23	142	195	246	250	174
160.971	120	79	100	103	46	40	-5	-18	100	29	41	89	206	190	248	62	229	320	322	280	299
161.947	217	209	111	102	129	60	-41	125	39	156	44	184	172	251	175	129	143	284	278	244	250
162.923	51	7	30	20	-39	-115	11	-70	53	-70	-99	133	-30	91	199	160	332	328	398	341	406
163.899	251	153	161	68	174	16	148	101	155	126	162	40	230	305	273	78	324	316	292	357	378
164.875	235	99	285	154	86	22	114	133	110	38	129	159	189	208	305	146	298	408	383	413	385
165.85	303	263	258	241	182	54	170	154	82	101	191	214	295	362	378	147	383	418	440	478	382
166.825	280	321	179	127	168	252	212	96	148	285	205	243	211	365	358	156	361	449	473	561	467
167.8	217	148	166	178	133	125	104	38	186	132	214	53	269	364	379	252	411	469	473	578	518
168.775	154	189	110	129	92	40	53	40	278	6	108	172	120	364	266	225	345	465	523	525	489
169.75	288	259	198	171	214	78	107	84	110	209	214	150	214	419	359	151	407	523	673	654	617
170.724	202	156	157	130	18	92	38	-42	137	99	109	157	169	273	287	186	437	550	596	586	668
171.698	293	319	198	158	202	212	197	99	173	178	75	291	248	396	428	222	452	669	794	758	757
172.673	243	217	178	164	189	94	103	60	138	153	203	179	262	443	527	181	465	586	663	823	802
173.647	390	331	248	239	186	162	197	175	281	179	290	281	286	448	575	251	597	774	754	911	851
174.621	227	310	231	61	125	94	103	138	167	102	193	264	216	424	463	268	687	780	919	919	1100
175.595	193	183	120	133	-3	2	99	45	24	52	95	83	157	436	342	351	705	934	1020	976	960
176.568	236	246	214	191	152	102	69	127	113	115	60	314	252	499	535	465	952	1186	1271	1328	1260
177.541	327	230	273	149	145	178	115	27	126	191	164	236	359	451	585	479	659	1009	1140	1177	1180
178.514	290	252	316	200	268	170	110	100	198	184	230	206	276	534	619	500	841	1148	1234	1319	1287
179.488	311	224	226	154	119	117	201	102	280	182	204	157	237	549	597	516	902	1331	1375	1383	1401
180.46	372	234	186	154	208	197	91	129	160	88	264	268	385	427	640	469	938	1268	1395	1539	1546
181.433	154	366	226	244	214	83	54	160	129	202	162	192	310	616	680	608	982	1483	1690	1693	1603
182.406	387	343	218	236	278	150	183	62	167	144	150	322	374	598	831	499	1057	1539	1638	1783	1691
183.378	346	296	246	258	98	128	268	85	242	229	266	287	329	719	758	578	1141	1496	1565	1766	1704
184.35	370	322	274	149	199	93	91	149	195	193	227	143	380	635	754	560	1105	1528	1759	1751	1815
185.322	516	439	357	347	262	247	295	172	252	215	229	338	456	708	793	553	1151	1551	1704	1901	1824
186.294	492	446	391	389	261	179	287	273	415	330	330	444	482	828	952	687	1239	1684	1805	1927	1974
187.266	297	363	336	284	201	88	140	69	124	206	205	289	363	650	812	608	1369	1751	1956	1892	1965
188.238	393	306	228	172	155	111	167	24	132	162	180	217	316	677	787	746	1303	1685	1926	2113	2030
189.209	415	398	250	271	272	215	311	203	260	261	332	379	395	744	847	622	1227	1729	1916	2111	2106
190.18	467	487	308	194	325	134	192	163	159	168	228	289	356	711	856	708	1406	1912	2108	1991	2173
191.151	345	285	311	207	231	279	187	157	163	220	227	181	426	754	793	580	1323	1624	1877	2056	2110
192.122	477	511	322	368	307	284	381	255	240	370	300	477	509	864	992	665	1419	1912	2019	2251	2133
193.093	481	352	333	294	220	152	125	166	198	258	255	316	519	713	835	623	1239	1822	2044	2090	2196
194.063	295	231	252	205	49	146	147	124	131	153	257	242	408	716	832	758	1458	1930	2167	2230	2358
195.034	392	357	269	221	324	233	229	161	188	208	279	298	439	650	889	597	1295	1843	2012	2122	2232
196.004	420	365	339	256	180	191	243	191	212	202	275	379	448	778	867	713	1351	1811	2224	2204	2336
196.974	324	389	229	260	214	105	188	145	83	172	268	346	444	811	923	659	1361	1867	1989	2189	2316
197.944	223	357	294	188	218	221	207	61	246	300	252	195	431	645	824	742	1508	1988	2167	2351	2323
198.914	495	341	282	248	284	221	229	140	280	220	229	346	388	794	937	675	1405	1814	2066	2171	2174
199.883	487	518	346	276	182	278	248	189	284	290	353	441	474	867	1030	727	1524	1930	2140	2243	2159
200.852	538	427	305	311	243	266	356	253	365	311	345	481	501	781	978	497	1344	1902	2117	2215	2355
201.822	382	326	242	292	309	132	74	151	231	255	214	171	362	676	912	587	1283	1858	2071	2211	2273
202.791	355	350	314	255	267	241	263	175	171	313	328	350	385	682	992	695	1448	1911	2088	2365	2473
203.76	382	379	262	317	205	241	152	141	306	266	314	281	327	799	972	675	1486	1939	2021	2439	2280
204.729	448	490	278	283	282	172	270	239	216	227	403	383	446	893	944	604	1387	1868	2140	2288	2283
205.697	401	440	360	431	228	329	269	206	284	295	217	375	459	758	1049	724	1404	1869	2109	2422	2473
206.666	346	429	324	232	218	189	193	131	256	259	205	323	403	727	991	695	1348	1876	2192	2349	2332
207.634	439	445	324	368	229	265	249	254	281	280	308	407	521	843	964	703	1366	1954	2119	2178	2164
208.602	257	398	210	227	195	98	111	84	181	169	191	280	398	569	829	682	1412	1841	2149	2297	2369
209.57	507	316	349	300	281	288	296	256	322	217	358	354	374	785	974	548	1290	1884	2036	2268	2226
210.538	545	422	402	345	284	316	365	246	250	296	359	444	651	924	929	702	1598	1952	2117	2338	2303
211.505	424	367	320	307	235	106	281	244	267	251	283	292	392	817	952	777	1519	2053	2353	2349	2359
212.473	434	480	273	302	340	257	189	168	216	226	300	342	383	815	919	789	1424	1956	2056	2409	2487
213.44	500	404	289	302	223	155	289	213	160	145	255	317	422	803	998	830	1448	2139	2239	2447	2530
214.407	433	319	332	286	285	195	226	205	278	217	325	303	413	839	1004	747	1596	2024	2281	2412	2566
215.374	388	380	314	315	256	273	155	230	304	306	347	330	378	752	998	696	1356	1931	2235	2380	2403
216.34	377	473	400	300	266	245	290	263	210	308	382	269	427	746	1023	757	1520	2176	2259	2398	2451
217.307	319	308	162	173	175	92	98	153	89	139	244	337	301	716	941	838	1390	2020	2146	2393	2478
218.273	541	549	359	384	339	219	204	221	352	326	336	412	525	896	1039	698	1619	2141	2365	2500	2470
219.24	389	324	369	298	178	185	186	192	226	227	228	315	448	906	951	649	1422	1976	2154	2316	2287
220.206	438	557	345	371	399	331	316	317	391	308	437	443	510	940	1135	702	1511	2075	2286	2333	2377
221.172	451	473	369	272	253	293	275	194	330	306	375	371	400	823	1002	699	1512	1995	2258	2311	2349
222.137	482	424	368	333	295	250	380	269	239	242	335	405	491	901	1051	695	1384	1885	2351	2419	2469
223.103	482	507	500	353	329	283	281	381	295	266	348	388	523	880	1097	768	1470	2070	2468	2428	2506
224.069	469	368	299	206	255	87	212	157	136	153	234	349	390	844	890	758	1538	2242	2296	2458	2473
225.034	395	466	236	351	301	154	184	126	274	235	317	221	393	870	985	745	1541	2224	2239	2434	2537
225.999	246	413	293	218	192	220	143	167	188	184	274	281	383	805	958	801	1522	2204	2410	2458	2501
226.964	445	458	339	335	280	269	249	271	271	318	244	276	392	899	1002	807	1516	2193	2409	2621	2410
227.929	469	368	299	206	255	87	212	157	136	153	234	405	491	901	1051	744	1569	2038	2314	2619	2591
228.893	395	466	236	351	301	154	184	126	274	235	317	388	523	880	1097	773	1447	2088	2350	2567	2519
229.858	559	608	464	372	302	338	277	257	325	373	319	424	488	886	1191	730	1519	2102	2384	2520	2383
230.822	479	376	298	242	323	206	249	288	163	204	382	342	415	874	1015	708	1436	2066	2361	2446	2528
231.786	432	423	355	319	258	307	291	288	274	297	376	321	418	826	1021	839	1661	2169	2460	2620	2650
232.75	495	528	358	321	255	118	271	206	252	234	316	288	429	836	1048	786	1485	2104	2489	2615	2637
233.714	284	363	288	310	301	84	169	92	191	223	249	324	466	839	974	834	1622	2116	2295	2457	2726
234.678	479	457	309	223	302	232	237	232	247	293	229	362	454	952	1060	757	1557	2094	2366	2397	2539
235.641	429	377	244	265	454	126	155	240	282	320	372	320	409	938	1073	763	1595	2205	2495	2565	2560
236.605	479	376	298	242	323	206	249	288	163	204	382	342	415	886	1097	833	1495	2161	2444	2597	2558
237.568	432	423	355	319	258	307	291	288	274	297	376	321	418	874	1191	943	1516	2197	2469	2657	2694
238.531	495	528	358	321	323	118	271	206	252	234	316	288	429	826	1015	889	1738	2113	2451	2587	2650
239.494	299	212	197	148	125	95	129	69	161	28	167	256	318	821	890	805	1515	2138	2350	2633	2631
240.456	272	326	311	245	135	103	146	147	248	183	242	302	299	817	997	817	1688	2119	2562	2572	2681
241.419	434	441	280	190	215	200	157	181	268	255	253	387	466	961	1019	754	1576	2098	2564	2732	2551
242.381	454	356	349	316	277	168	402	281	276	320	378	377	598	845	965	770	1680	2211	2380	2613	2641
243.343	322	336	341	225	269	268	241	227	214	274	300	361	389	897	1103	826	1635	2371	2579	2761	2768
244.305	415	378	388	373	267	274	166	223	373	317	408	475	484	822	1163	744	1324	2077	2423	2479	2649
245.267	397	374	371	298	304	182	150	121	263	257	385	402	500	866	1109	813	1536	2154	2498	2509	2483
246.229	414	394	348	267	360	196	240	227	330	207	341	319	404	848	1020	726	1535	1948	2262	2527	2539
247.19	532	522	349	323	259	199	278	266	286	253	261	405	533	871	1041	811	1626	2129	2266	2530	2613
248.152	338	317	273	283	185	291	154	140	131	211	200	239	368	696	846	732	1405	2004	2317	2451	2502
249.113	478	472	320	350	334	267	385	285	382	274	403	501	646	894	1111	765	1494	2054	2413	2369	2557
250.074	384	448	370	384	266	301	235	281	259	383	380	423	465	883	1052	949	1523	2041	2424	2587	2521
251.035	361	356	378	259	318	246	189	88	237	236	339	315	525	879	954	889	1693	2147	2323	2602	2499
251.996	434	397	357	281	266	257	241	238	255	236	278	324	486	878	994	803	1467	2142	2280	2459	2502
252.956	419	357	253	232	244	173	118	178	311	289	323	276	466	828	944	765	1444	2055	2271	2453	2506
253.916	343	493	366	390	367	213	285	211	284	228	262	359	492	831	986	829	1567	2009	2255	2460	2368
254.877	458	500	386	351	289	272	256	262	195	184	220	387	415	788	1027	782	1437	1974	2395	2404	2458
255.837	450	372	231	301	313	218	264	209	230	193	296	294	487	762	907	786	1458	2103	2279	2479	2552
256.797	457	312	299	264	256	254	139	189	200	244	280	305	409	749	989	729	1403	2182	2312	2494	2625
257.757	455	349	336	275	256	76	226	146	260	175	226	196	476	731	1021	836	1564	2264	2494	2540	2603
258.716	424	436	319	208	213	217	216	150	193	274	259	303	452	752	957	671	1499	1989	2280	2381	2253
259.675	533	575	385	334	382	439	305	310	408	387	359	525	534	956	1199	739	1435	2003	2284	2487	2516
260.635	571	483	470	388	325	245	352	276	347	288	321	342	480	890	1086	904	1707	2068	2476	2690	2634
261.594	338	410	191	178	218	115	157	87	167	163	200	298	372	764	911	787	1456	2039	2295	2512	2430
262.553	416	474	362	248	200	195	222	155	273	306	280	355	493	847	936	760	1356	2095	2336	2342	2411
263.511	426	350	317	227	89	201	163	96	305	250	214	267	506	768	874	952	1476	1996	2280	2424	2397
264.47	453	493	384	315	430	306	309	229	221	452	313	414	531	823	1054	807	1460	1997	2228	2409	2396
265.428	407	404	314	346	305	329	299	265	225	252	378	345	518	966	984	671	1452	1945	2457	2487	2516
266.387	310	463	189	226	189	104	121	42	224	246	262	298	437	641	884	928	1607	2158	2281	2561	2469
267.345	455	450	270	284	287	179	238	195	248	281	282	380	408	816	937	755	1470	2231	2433	2414	2319
268.303	503	384	257	209	187	121	160	223	265	59	280	326	454	771	941	863	1450	2025	2189	2373	2499
269.261	374	370	281	257	305	202	190	138	240	363	263	353	455	742	984	774	1361	1953	2291	2404	2477
270.218	387	352	305	315	189	169	308	211	269	269	434	359	395	776	1057	681	1313	1957	2116	2314	2296
271.175	446	337	274	346	318	310	276	229	288	217	268	350	425	831	1013	803	1468	2003	2247	2390	2377
272.133	378	425	323	226	236	201	326	237	233	303	292	340	396	837	956	767	1517	2049	2376	2422	2416
273.09	417	487	426	266	174	408	345	153	179	334	323	451	458	858	952	857	1450	1950	2184	2397	2342
274.047	481	506	344	392	275	238	206	174	323	293	255	234	465	793	989	727	1431	2032	2270	2258	2306
275.004	388	402	259	252	244	189	200	188	302	173	323	320	415	823	959	785	1457	2029	2386	2428	2429
275.96	393	394	288	272	143	165	220	205	210	231	226	377	365	799	859	898	1426	1997	2348	2367	2457
276.917	470	445	314	288	223	212	197	249	236	406	306	387	477	884	1006	836	1350	2082	2337	2513	2544
277.873	369	402	350	268	274	256	191	186	236	204	285	392	425	819	1081	745	1470	1930	2248	2392	2400
278.829	572	534	467	389	375	310	381	281	337	327	312	454	536	932	955	889	1495	2118	2404	2551	2600
279.785	415	419	317	270	360	199	215	195	339	182	330	295	499	833	1103	851	1417	2151	2395	2488	2525
280.741	552	481	482	345	314	303	359	170	360	329	388	423	465	879	1020	773	1404	2074	2350	2548	2510
281.697	493	457	266	407	266	357	242	177	259	288	403	344	490	892	1072	943	1493	2249	2395	2686	2646
282.652	371	424	399	245	348	279	349	299	417	284	331	323	509	927	1007	878	1605	2295	2576	2748	2580
283.608	523	516	308	435	363	344	329	295	363	365	352	456	434	870	1115	867	1574	2139	2408	2625	2641
284.563	430	476	356	347	319	164	300	210	355	264	255	370	513	797	994	973	1566	2206	2437	2538	2597
285.518	490	481	323	360	304	223	324	237	202	337	323	408	510	781	1005	882	1678	2207	2322	2538	2658
286.473	555	504	354	319	346	209	309	174	358	242	226	316	439	847	1022	854	1652	2387	2649	2767	2772
287.428	416	543	295	349	199	139	239	311	310	221	306	454	486	929	1004	847	1573	2194	2406	2574	2685
288.382	467	400	365	295	264	333	266	148	286	256	285	359	431	814	978	842	1574	2237	2646	2514	2613
289.336	466	440	258	349	272	268	299	290	277	268	260	355	483	810	1024	912	1610	2072	2571	2581	2653
290.29	420	366	311	310	164	212	229	61	153	220	175	297	380	768	950	734	1674	2158	2396	2491	2595
291.245	547	439	473	311	331	303	285	282	332	314	396	386	512	915	1086	859	1479	2191	2358	2503	2530
292.199	610	551	327	320	237	227	229	214	271	290	328	306	431	768	1080	810	1418	2037	2490	2548	2554
293.152	478	470	368	332	292	291	289	237	267	249	328	417	522	911	951	947	1457	2087	2423	2518	2458
294.106	605	499	348	303	246	182	149	159	228	270	306	350	355	761	989	862	1520	2164	2378	2597	2512
295.059	582	540	332	311	356	200	374	277	328	359	267	376	440	807	1036	850	1568	2274	2412	2516	2709
296.012	616	596	451	347	336	287	173	285	284	308	340	339	485	835	1064	975	1520	2142	2336	2456	2613
296.966	629	626	513	316	282	270	349	288	361	274	347	408	509	972	1215	874	1511	2229	2345	2598	2624
297.918	584	481	309	346	316	283	290	183	316	270	308	261	477	871	1041	952	1556	2122	2325	2679	2655
298.871	563	420	327	217	120	175	138	155	222	251	240	331	389	752	919	759	1554	2192	2361	2639	2564
299.824	482	385	407	278	288	270	286	166	185	238	274	356	437	819	998	837	1563	2134	2398	2700	2500
300.776	518	403	260	273	236	213	260	256	282	206	239	351	408	917	953	887	1640	2164	2427	2706	2454
301.728	576	479	321	347	335	253	319	197	296	240	334	344	421	791	1033	943	1555	2154	2444	2632	2585
302.68	464	508	345	344	270	233	233	190	332	159	317	417	397	755	1004	1022	1568	2202	2428	2590	2542
303.632	477	453	502	295	291	262	250	327	265	263	434	408	533	853	983	893	1503	2248	2638	2519	2559
304.584	561	512	203	336	243	215	321	244	201	313	338	288	466	872	1063	853	1441	2126	2234	2556	2460
305.536	644	490	393	288	242	354	268	207	313	217	397	415	505	834	1075	878	1576	2128	2310	2655	2639
306.488	548	513	452	269	335	281	212	342	279	310	371	362	518	805	1085	874	1459	2179	2414	2528	2553
307.439	389	412	273	263	133	189	121	87	99	161	180	204	371	746	833	922	1555	2160	2409	2629	2654
308.39	661	545	471	376	407	263	330	273	386	351	382	395	491	826	1011	854	1503	2266	2471	2557	2628
309.341	586	463	423	275	268	241	224	209	333	206	365	345	504	765	929	839	1536	2135	2446	2640	2555
310.292	723	560	480	426	400	305	429	253	296	295	430	449	532	885	1086	933	1555	2199	2517	2572	2650
311.242	576	560	454	376	310	192	296	196	238	213	326	397	411	762	993	941	1554	2184	2568	2571	2628
312.193	623	721	421	228	243	249	271	202	338	254	268	305	428	850	1012	866	1535	2123	2347	2638	2643
313.143	627	612	456	373	262	322	284	286	305	293	291	402	530	894	1099	970	1573	2157	2481	2679	2768
314.093	693	603	410	329	352	295	213	239	320	306	326	362	415	927	1003	853	1478	2238	2478	2576	2637
315.044	748	744	466	393	369	304	339	295	381	199	287	415	554	882	1055	975	1442	2111	2590	2515	2668
315.993	694	616	460	381	305	245	227	148	259	237	305	386	419	757	976	803	1341	2004	2366	2517	2549
316.943	698	701	395	204	294	191	249	208	154	213	303	242	476	745	915	958	1455	2203	2424	2664	2610
317.893	766	467	496	379	366	243	237	210	288	242	302	281	384	841	1062	899	1469	2246	2546	2594	2745
318.842	767	775	432	388	336	137	311	237	259	327	387	363	478	773	1021	946	1481	2089	2437	2770	2617
319.791	830	695	466	437	190	394	237	238	310	284	297	350	462	804	860	856	1575	2145	2444	2635	2624
320.74	739	695	523	363	264	156	104	193	280	235	312	370	450	837	994	924	1508	2206	2400	2562	2643
321.689	718	793	478	273	314	322	378	223	229	299	367	288	533	880	1017	935	1462	2182	2575	2641	2777
322.638	935	813	553	424	353	193	315	325	305	381	375	453	496	823	1009	982	1680	2254	2547	2833	2805
323.586	897	682	487	445	242	246	248	256	282	248	282	321	494	778	1022	907	1484	2287	2436	2525	2622
324.535	859	727	457	393	322	230	157	131	265	246	161	311	333	813	991	958	1601	2304	2726	2806	2784
325.483	774	608	528	376	275	229	131	208	218	203	272	306	454	793	1029	956	1598	2227	2586	2603	2719
326.431	841	679	418	315	205	120	220	208	172	201	193	255	412	708	964	933	1747	2465	2582	2868	2827
327.379	912	749	535	425	253	256	311	207	315	249	309	368	510	973	1077	877	1516	2232	2557	2704	2838
328.327	895	696	485	316	310	297	207	305	246	265	336	350	538	868	1047	1027	1669	2246	2596	2591	2811
329.274	902	867	580	419	440	447	405	298	349	337	398	411	527	937	1058	953	1551	2325	2516	2569	2524
330.222	915	711	523	441	409	224	295	283	283	274	293	373	451	833	1059	943	1674	2334	2498	2644	2727
331.169	970	801	537	417	422	266	326	253	270	427	431	393	562	866	1062	956	1628	2250	2716	2873	2775
332.116	921	676	544	403	335	278	185	160	279	245	328	354	554	831	1080	973	1650	2376	2635	2882	2979
333.063	893	812	626	416	158	378	311	207	410	340	327	251	480	901	992	857	1566	2364	2638	2981	2801
334.01	973	866	450	363	387	273	383	246	257	229	292	385	434	860	1106	862	1604	2322	2718	2913	2849
334.957	1030	856	517	451	242	253	195	188	316	287	229	452	445	955	1074	1005	1676	2396	2771	2911	2990
335.903	863	769	522	360	178	276	212	113	211	197	248	234	364	887	999	1018	1606	2499	2689	2927	3076
336.849	1079	892	545	515	379	183	245	157	318	195	292	379	486	786	1116	1020	1679	2421	2792	2930	2831
337.796	1162	984	656	559	292	310	168	152	327	276	283	379	508	817	1177	1114	1899	2598	2860	2994	2933
338.742	1167	982	651	556	383	358	329	237	423	368	377	468	538	968	1149	1061	1785	2400	2874	2956	2898
339.688	1235	1083	559	364	326	191	174	209	286	314	232	305	527	901	1156	959	1796	2363	2688	2775	2873
340.633	1367	1038	649	360	269	206	183	229	167	184	261	291	344	796	1060	1107	1863	2461	2822	3031	2944
341.579	1385	1199	720	417	395	189	233	203	230	259	273	402	406	930	1040	1013	1736	2440	2769	2863	2831
342.524	1727	1460	767	529	513	381	239	293	286	341	427	553	588	879	1269	1052	1778	2471	2577	2928	2827
343.47	1798	1458	904	573	435	376	368	212	444	306	337	376	500	1032	1179	1083	1710	2309	2868	2886	2948
344.414	2021	1600	991	673	518	385	377	232	217	301	367	532	503	993	1269	1055	1776	2383	2777	2839	2858
345.359	2102	1724	990	675	352	177	188	175	232	249	313	346	467	924	1230	1086	1702	2300	2610	2710	2616
346.304	2173	1793	1011	598	369	290	299	259	280	252	421	382	475	936	1141	1069	1611	2339	2592	2697	2576
347.249	2421	1896	1082	694	468	348	223	260	355	241	372	460	412	898	1170	999	1708	2295	2467	2658	2633
348.193	2586	1994	1127	743	418	250	270	242	331	273	272	383	439	893	1028	1062	1438	2173	2508	2617	2693
349.137	2684	2208	1402	829	514	410	409	335	458	387	367	518	604	960	1202	1115	1574	2295	2448	2788	2566
350.081	2722	1980	1232	686	424	248	335	214	317	263	338	381	473	869	1088	1127	1656	2246	2546	2686	2588
351.025	2726	2273	1202	801	543	391	324	262	322	332	375	399	510	927	1103	1109	1632	2295	2565	2688	2773
351.969	2892	2148	1135	644	458	340	359	228	269	321	392	410	450	918	1038	926	1439	2095	2380	2409	2555
352.913	2659	2042	1097	585	505	257	280	208	233	273	298	270	395	810	991	819	1524	2099	2381	2484	2485
353.856	2520	1895	984	551	484	350	280	308	216	283	307	361	481	854	1164	952	1450	2101	2380	2566	2444
354.8	2314	1707	892	619	386	244	113	167	306	293	443	306	518	900	863	908	1430	2143	2321	2502	2470
355.743	1969	1508	982	541	439	259	274	290	300	398	381	441	494	861	1159	1055	1523	2176	2424	2603	2594
356.686	1443	1106	612	432	289	304	309	221	245	225	312	259	396	726	956	894	1487	2177	2433	2354	2427
357.628	1206	971	603	382	198	128	268	293	165	165	290	324	475	803	898	1012	1539	2280	2370	2411	2403
358.571	951	891	574	405	381	222	287	181	295	272	319	258	493	783	1040	1106	1435	2178	2322	2475	2559
359.513	796	557	404	314	350	160	168	215	233	163	236	258	439	738	930	840	1411	1966	2383	2434	2527
360.456	807	630	504	379	253	313	289	300	300	296	358	427	401	815	991	1076	1498	2292	2429	2473	2584
361.398	674	571	383	249	266	88	213	97	223	88	258	250	374	733	782	907	1334	2103	2346	2540	2400
362.34	775	650	460	454	367	239	279	274	344	319	379	313	537	866	971	996	1441	2047	2318	2446	2629
363.282	725	628	456	444	474	253	287	217	261	214	338	427	351	819	1014	930	1432	2189	2299	2466	2527
364.224	556	534	427	361	390	274	296	205	277	271	246	381	400	847	953	970	1463	2071	2235	2340	2446
365.165	572	547	488	261	333	261	224	145	244	294	302	410	527	760	1033	984	1445	2187	2470	2531	2600
366.107	492	487	322	223	294	169	256	257	233	338	222	302	397	826	948	850	1402	1912	2148	2267	2393
367.048	635	515	432	406	292	313	390	374	347	386	311	365	492	878	963	974	1451	2034	2295	2478	2358
367.989	483	432	270	308	273	226	114	172	213	231	282	349	405	749	999	1004	1525	2060	2495	2547	2444
368.93	447	515	392	286	176	165	256	120	161	348	263	335	302	748	934	886	1307	2011	2177	2175	2432
369.871	463	420	457	401	289	169	240	137	244	204	225	341	472	698	925	939	1321	2180	2380	2579	2592
370.811	431	417	334	256	185	167	167	126	233	283	352	318	307	758	913	1008	1458	1903	2243	2365	2552
371.752	513	463	390	237	227	207	187	84	347	165	219	309	435	718	873	922	1414	1971	2157	2381	2547
372.692	613	686	541	382	537	429	319	364	455	405	356	458	522	862	1107	1038	1488	1970	2371	2452	2530
373.632	426	419	331	242	191	177	184	231	219	279	247	325	502	687	852	1051	1390	2225	2325	2350	2552
374.572	538	594	420	442	338	340	340	245	321	321	362	412	369	783	877	920	1297	2053	2273	2348	2347
375.512	523	447	301	286	279	245	159	223	323	223	230	303	459	754	952	941	1388	2064	2304	2390	2350
376.452	462	461	374	295	199	163	239	230	297	159	237	326	417	798	911	762	1419	1794	2329	2339	2370
377.391	540	619	421	314	264	236	285	268	351	389	384	416	543	811	1058	915	1423	1988	2303	2414	2436
378.33	554	418	384	423	337	236	317	246	218	288	366	367	554	856	1007	1119	1420	1917	2236	2429	2595
379.269	408	344	349	236	202	171	148	164	243	205	299	369	375	612	777	713	1254	1865	2307	2302	2312
380.208	599	580	383	391	493	296	486	323	365	410	345	452	524	966	979	887	1400	2142	2345	2361	2481
381.147	537	434	352	310	357	283	195	301	247	311	321	390	419	773	903	991	1316	2021	2318	2430	2427
382.086	422	467	277	257	185	158	190	209	196	211	260	262	438	700	943	1015	1441	1924	2259	2421	2210
383.025	479	373	417	371	182	258	120	44	147	144	193	318	298	697	951	967	1275	1878	2250	2481	2409
383.963	399	400	319	290	223	166	257	85	263	283	265	325	363	716	901	827	1277	1962	2218	2210	2318
384.901	522	523	431	315	272	267	264	241	284	280	364	372	491	763	981	1029	1360	2237	2244	2369	2487
385.839	609	594	334	371	199	217	242	208	405	304	365	384	400	797	961	921	1479	1927	2331	2363	2343
386.777	488	364	319	214	255	156	237	253	249	310	212	310	427	683	1034	984	1465	2170	2330	2469	2449
387.715	383	365	282	204	169	237	279	208	282	246	238	359	276	624	978	986	1559	2075	2304	2301	2378
388.652	449	434	419	295	252	276	218	203	171	309	338	266	437	778	904	944	1327	1926	2312	2511	2492
389.59	375	434	213	223	179	170	187	83	72	118	134	300	295	723	860	1016	1386	1933	2325	2462	2366
390.527	496	453	433	298	207	233	154	224	149	278	238	321	502	698	997	1002	1436	2032	2227	2429	2434
391.464	415	359	336	235	234	172	292	214	341	258	338	399	436	794	1033	967	1418	1897	2194	2448	2469
392.401	449	510	310	364	356	286	240	207	252	219	238	309	423	819	917	908	1506	2052	2360	2463	2387
393.338	454	396	283	333	159	118	242	210	195	256	231	392	365	737	957	1092	1562	2154	2328	2503	2541
394.274	465	529	343	382	292	249	236	237	328	267	366	410	359	732	902	964	1394	2040	2343	2438	2461
395.211	513	459	402	372	335	252	303	154	275	317	293	291	451	779	952	998	1406	2064	2280	2390	2610
396.147	579	541	440	350	385	253	286	239	388	344	373	462	525	900	1036	999	1490	2204	2527	2732	2599
397.083	352	404	318	288	157	152	261	177	207	282	342	331	366	776	916	1043	1508	2318	2575	2479	2698
398.019	411	472	398	321	319	238	287	236	242	234	231	357	455	813	1037	1042	1425	2218	2515	2667	2574
398.955	374	411	349	228	253	170	318	218	175	216	210	306	479	884	976	990	1602	2276	2530	2706	2547
399.891	494	458	393	319	293	296	233	195	228	278	286	488	496	905	1036	1222	1727	2383	2772	2934	2827
400.827	479	452	258	241	261	241	229	214	302	194	228	199	332	859	946	1116	1761	2499	2806	3002	2899
401.762	506	374	405	321	288	297	183	315	204	237	295	378	484	853	1070	1107	1740	2560	2882	3079	3036
402.697	584	504	318	302	188	194	185	225	190	267	255	383	417	791	1061	1209	1841	2635	2888	3179	3077
403.632	427	356	372	380	310	291	308	210	255	328	305	370	446	1017	1107	1139	1824	2693	2919	3017	3154
404.567	628	486	379	337	447	282	437	305	326	363	313	421	591	992	1257	1179	2058	2779	3201	3241	3270
405.502	457	446	400	319	239	322	256	228	332	310	420	285	606	934	1243	1367	1915	2950	3081	3137	2999
406.436	314	342	252	205	233	166	180	141	107	215	222	228	425	998	1168	1145	1938	2740	2993	3221	3058
407.371	422	494	379	353	306	332	209	155	236	250	246	356	511	1034	1219	1354	2061	2953	2976	3243	3042
408.305	610	515	459	400	369	245	260	153	257	338	321	468	572	1167	1330	1398	1965	2707	2927	2992	2817
409.239	542	658	532	529	437	327	345	375	361	346	452	373	575	1133	1226	1243	1927	2655	2724	2795	2717
410.173	468	484	345	280	171	267	166	114	235	183	179	330	452	939	1240	1327	1794	2502	2703	2664	2730
411.107	785	733	471	433	440	326	306	275	341	325	465	445	560	1021	1300	1223	1683	2388	2560	2518	2698
412.041	640	629	631	449	385	314	394	228	317	288	350	474	466	1054	1155	1009	1503	2216	2448	2474	2557
412.974	790	832	569	545	393	314	321	268	382	377	346	239	515	906	1135	1102	1585	2209	2336	2514	2463
413.907	941	849	745	660	493	331	304	246	375	331	281	465	461	919	1037	1096	1549	2165	2318	2516	2455
414.84	967	1056	766	544	473	205	284	290	287	264	404	433	505	790	999	1087	1277	2168	2319	2453	2378
415.774	1011	824	706	458	288	239	179	99	172	221	233	228	387	716	878	1088	1521	2174	2452	2457	2420
416.706	1012	917	652	515	331	256	241	232	336	237	263	404	548	719	986	951	1309	2150	2357	2516	2508
417.639	1028	894	712	415	335	326	149	217	335	366	332	303	415	876	1013	1079	1394	1942	2243	2366	2341
418.571	777	660	462	272	257	179	150	62	104	157	188	291	391	722	883	1084	1461	2066	2392	2499	2435
419.504	645	559	291	354	249	164	132	244	233	228	272	334	365	687	829	1059	1455	2095	2222	2401	2337
420.436	660	600	494	370	374	215	251	230	310	336	407	429	517	753	1088	1021	1635	2007	2400	2253	2464
421.368	376	373	274	263	149	262	199	168	142	192	326	290	330	763	929	1074	1414	2033	2435	2406	2317
422.3	571	484	543	510	346	273	321	320	342	406	373	476	476	1008	1060	995	1477	2106	2241	2401	2387
423.232	447	445	333	443	359	337	279	202	341	259	277	360	415	703	957	955	1453	2070	2252	2425	2454
424.163	383	483	422	311	290	132	143	188	206	298	289	328	505	791	901	952	1469	2006	2346	2218	2350
425.095	325	374	388	346	335	200	333	160	218	211	352	415	436	767	952	991	1368	1894	2124	2421	2374
426.026	478	481	436	258	397	278	348	289	315	299	312	424	570	853	968	1002	1391	1956	2307	2289	2378
426.957	457	434	338	331	261	308	271	200	263	309	369	297	484	740	977	1014	1355	2097	2274	2375	2427
427.888	412	268	227	244	182	122	277	138	174	145	199	224	420	721	854	1050	1349	2077	2182	2251	2409
428.819	334	347	254	285	218	161	258	139	178	262	233	338	432	776	914	946	1400	1956	2361	2312	2419
429.75	297	377	317	260	300	94	108	150	174	274	239	223	364	641	837	1062	1398	2061	2378	2444	2267
430.68	536	452	435	377	463	296	291	259	466	338	327	445	599	765	1015	1055	1377	2054	2318	2471	2488
431.611	439	312	257	280	226	250	191	139	225	163	238	352	365	655	876	944	1331	2050	2284	2347	2321
432.541	478	526	400	334	374	237	235	230	277	352	354	362	483	830	958	909	1274	1904	2262	2327	2231
433.471	347	338	300	188	157	170	261	203	155	211	227	303	345	651	919	1062	1379	1951	2269	2380	2418
434.401	323	336	237	271	94	-6	130	136	156	130	220	283	299	605	776	911	1369	1954	2131	2284	2353
435.33	453	507	413	395	452	327	286	319	305	375	348	419	429	857	995	943	1428	2066	2268	2338	2471
436.26	419	317	345	406	384	293	209	253	370	365	387	328	445	715	928	921	1348	1946	2426	2387	2347
437.189	331	449	384	300	348	312	286	190	199	255	258	310	395	701	938	1083	1288	2024	2248	2418	2349
438.119	521	478	349	335	270	255	322	201	329	218	343	421	428	744	1023	1023	1411	2032	2247	2259	2297
439.048	424	339	221	266	170	141	170	214	230	326	295	336	450	717	943	1014	1382	2104	2390	2225	2359
439.976	486	376	432	251	236	153	178	107	246	248	432	346	413	738	918	1032	1401	2065	2304	2436	2395
440.905	507	474	304	275	264	316	314	220	247	319	326	270	473	804	963	1073	1480	2008	2199	2225	2351
441.834	475	433	430	352	281	264	215	277	297	405	268	378	566	777	1048	975	1265	1926	2266	2344	2348
442.763	450	371	344	372	267	181	311	236	286	190	272	343	482	692	1012	864	1358	1997	2310	2395	2325
443.691	324	371	280	317	263	243	126	162	173	279	351	303	386	617	916	952	1373	1936	2264	2381	2318
444.619	447	432	332	306	219	196	222	193	220	258	317	367	323	675	980	935	1417	1928	2340	2362	2373
445.547	493	451	452	397	288	269	280	221	286	328	313	404	514	844	1001	913	1395	1872	2206	2235	2378
446.475	504	476	376	384	268	259	249	209	260	317	277	391	471	782	833	1055	1414	1923	2253	2254	2383
447.402	251	339	290	236	223	268	186	193	197	216	286	301	455	702	881	957	1310	1952	2260	2272	2398
448.33	451	442	321	251	255	207	335	225	344	323	257	434	392	719	1013	1005	1282	1874	2151	2331	2413
449.257	471	519	386	367	326	210	225	326	411	320	412	416	545	751	996	1096	1415	1983	2129	2400	2395
450.184	379	250	358	219	132	167	225	200	171	207	280	339	384	676	883	1135	1353	1956	2157	2331	2318
451.112	453	407	290	276	255	224	302	216	345	244	326	305	369	829	893	950	1346	2007	2208	2275	2363
452.038	325	367	314	290	226	226	189	218	232	209	314	348	366	702	836	1092	1446	1944	2266	2310	2535
452.965	476	561	492	435	297	323	309	338	436	296	343	505	558	719	941	918	1285	1886	2318	2182	2256
453.892	445	409	328	375	234	237	387	271	277	318	337	377	447	710	915	1010	1535	2004	2312	2340	2327
454.818	387	516	394	317	203	317	291	214	280	295	329	346	460	791	830	896	1316	1959	2234	2244	2223
455.744	420	331	233	331	388	219	323	278	294	243	328	320	395	743	927	1123	1361	2047	2308	2438	2394
456.671	387	335	313	214	231	223	135	114	177	270	348	343	458	565	942	1142	1232	1813	2236	2398	2289
457.597	410	503	384	329	346	303	377	243	282	312	275	349	532	897	1017	1077	1372	1846	2220	2382	2289
458.522	483	415	393	266	291	177	308	200	308	286	310	392	434	719	956	989	1339	1836	2100	2319	2156
459.448	307	395	326	178	255	251	139	223	163	160	281	295	400	684	806	1025	1275	2013	2114	2282	2239
460.374	444	297	300	273	267	206	215	170	132	272	286	268	257	617	864	992	1360	1865	2310	2277	2357
461.299	380	417	343	316	236	137	179	107	215	268	311	282	460	733	959	977	1295	1922	2237	2310	2238
462.224	428	403	342	311	290	292	229	158	284	269	391	352	468	757	917	1058	1424	2055	2255	2404	2325
463.149	463	392	402	326	294	280	225	264	269	364	371	361	572	732	871	1150	1337	1952	2203	2331	2264
464.074	452	458	270	277	275	178	248	236	272	310	272	308	391	713	881	1052	1315	1914	2247	2200	2355
464.999	461	569	382	408	368	262	337	328	333	357	352	449	552	857	1027	1004	1257	1890	2152	2120	2268
465.923	311	359	267	222	166	129	158	152	125	116	271	226	236	551	836	919	1202	1923	2148	2316	2202
466.847	329	415	344	292	239	184	191	192	263	212	288	316	467	694	820	1132	1335	1907	2269	2211	2261
467.772	425	433	264	288	210	171	232	221	195	280	267	349	411	689	912	994	1367	1972	2132	2276	2254
468.696	440	448	353	329	320	298	182	212	338	286	417	306	494	854	939	947	1359	1874	2301	2346	2289
469.62	370	498	341	336	329	193	300	212	295	394	356	419	535	703	945	1127	1396	2033	2202	2430	2337
470.544	575	409	378	325	252	287	246	203	279	257	223	306	538	704	803	881	1207	1778	2114	2170	2231
471.467	408	474	324	302	189	190	176	178	222	184	220	341	500	614	936	1049	1411	2010	2154	2323	2393
472.391	447	416	383	379	278	225	221	212	334	209	355	280	506	765	944	971	1239	1929	2152	2237	2175
473.314	580	458	267	377	269	212	170	215	276	289	349	372	463	758	961	1082	1524	2142	2310	2242	2461
474.237	257	328	215	229	156	124	167	137	183	229	142	278	419	538	769	915	1423	1796	2232	2177	2201
475.16	415	502	275	317	258	192	289	183	212	200	308	300	467	663	922	1064	1236	1874	2033	2219	2146
476.083	384	291	386	249	302	224	275	132	202	208	236	256	429	784	851	1083	1389	2021	2248	2320	2212
477.006	415	517	327	246	248	196	298	325	321	280	365	380	435	684	764	974	1326	1922	2176	2348	2114
477.928	488	421	461	326	289	319	308	260	345	264	301	334	476	744	894	1009	1350	1975	2221	2323	2249
478.851	435	524	385	389	336	261	282	258	314	272	364	298	489	723	854	967	1308	1825	2260	2351	2233
479.773	455	558	467	303	328	313	247	317	394	392	444	489	617	837	955	1059	1342	1983	2127	2359	2182
480.695	458	339	373	231	273	271	270	198	228	278	305	366	440	723	780	1161	1285	1992	2138	2290	2305
481.617	422	385	300	395	198	182	244	207	245	248	204	279	361	772	939	1143	1408	2103	2244	2251	2269
482.539	437	365	410	376	200	238	148	152	253	331	363	282	474	714	909	1038	1358	1986	2237	2249	2211
483.46	445	423	296	265	247	177	239	183	216	131	255	258	390	703	959	1104	1281	1922	2200	2363	2309
484.382	396	498	432	299	285	243	208	198	239	290	243	326	505	690	861	1062	1351	1982	2056	2187	2330
485.303	434	448	349	342	253	236	234	335	247	248	329	341	527	770	879	1176	1364	2029	2234	2345	2300
486.224	511	606	424	449	436	350	353	320	468	445	427	465	481	813	1144	1030	1258	1917	2128	2314	2240
487.145	440	418	311	314	225	241	249	284	356	324	331	321	467	660	928	1009	1423	2070	2326	2321	2287
488.066	471	401	322	275	309	265	145	272	253	212	205	322	437	725	941	1112	1317	1841	2262	2434	2328
488.987	504	520	417	372	334	304	227	253	383	358	419	393	499	747	976	1106	1335	1944	2236	2235	2201
489.907	541	576	557	465	413	366	250	296	355	301	319	369	457	794	984	1027	1412	1971	2285	2228	2316
490.828	505	485	361	347	308	176	270	285	304	270	306	370	386	822	950	1093	1385	2027	2309	2370	2303
491.748	411	411	300	334	302	162	223	238	242	207	309	358	438	631	976	998	1308	1923	2250	2280	2290
492.668	499	316	328	286	183	196	157	255	225	285	325	293	385	785	860	1091	1361	1868	2208	2274	2418
493.588	561	438	267	266	287	253	183	145	279	222	249	402	342	775	825	1027	1349	2079	2228	2245	2263
494.508	432	422	313	210	182	258	239	162	228	279	278	306	454	718	906	972	1235	1898	2141	2455	2194
495.427	523	493	408	420	287	344	326	284	260	290	445	380	459	840	927	1001	1317	1992	2266	2323	2397
496.347	394	474	420	279	287	200	292	241	327	242	307	368	496	699	1060	1208	1480	2035	2267	2406	2409
497.266	491	472	381	376	262	333	363	270	347	324	345	308	499	666	868	1016	1300	1914	2239	2211	2123
498.185	388	495	412	303	216	142	242	188	233	294	299	362	485	748	902	1034	1368	1879	2274	2300	2306
499.104	491	395	377	317	246	178	262	254	225	324	260	344	428	748	895	1193	1422	1984	2319	2310	2511
500.023	505	486	387	395	289	310	267	193	225	290	286	426	439	755	881	1143	1474	2009	2294	2343	2203
500.942	426	381	388	370	339	351	327	168	311	300	317	337	508	820	898	992	1281	2031	2267	2261	2326
501.86	565	479	374	308	259	248	309	245	203	338	377	350	538	823	943	1141	1381	2031	2367	2550	2389
502.779	514	507	382	402	330	207	288	248	350	292	348	340	449	789	1031	1005	1324	1836	2210	2242	2163
503.697	501	578	462	474	342	342	260	310	429	295	496	389	621	798	1029	1021	1285	1898	2126	2399	2341
504.615	459	444	353	355	328	239	170	248	259	318	245	299	448	849	874	1169	1361	2068	2243	2382	2283
505.533	475	332	349	154	148	63	195	218	209	166	306	381	330	602	805	1202	1387	1969	2258	2302	2244
506.45	513	520	436	421	287	351	307	214	269	308	338	325	492	751	903	1187	1394	2009	2269	2264	2251
507.368	452	453	267	390	207	130	176	208	296	305	296	221	314	710	903	1207	1428	1926	2308	2294	2406
508.286	505	635	450	366	268	217	223	336	322	273	355	386	396	808	971	1108	1333	2054	2304	2343	2375
509.203	454	411	382	236	356	145	316	215	288	188	281	269	459	704	944	1135	1477	2020	2230	2215	2352
510.12	565	539	429	334	354	243	293	291	332	282	298	355	551	752	937	1236	1387	1926	2383	2421	2429
511.037	471	360	388	284	333	203	313	177	274	265	265	388	416	788	840	1115	1394	1933	2321	2250	2339
511.954	565	530	383	315	347	293	343	295	300	316	415	385	473	765	964	1114	1449	1871	2307	2300	2262
512.87	364	451	423	289	211	236	256	199	266	213	255	329	422	659	842	1075	1261	1909	2310	2272	2410
513.787	544	582	507	390	310	160	308	161	267	352	312	302	506	759	991	1110	1374	1969	2319	2256	2352
514.703	472	493	349	366	307	233	314	266	229	307	309	371	487	799	855	1149	1419	1989	2272	2360	2338
515.619	613	564	374	236	365	233	272	292	345	284	398	417	395	737	810	1151	1260	1929	2268	2236	2144
516.536	690	734	517	289	348	407	355	261	339	342	407	490	560	809	978	1103	1366	1964	2203	2319	2254
517.452	766	665	532	390	369	276	311	251	361	338	295	332	499	729	1009	1250	1156	1883	2159	2219	2275
518.367	483	572	407	348	241	198	136	225	210	214	209	261	441	747	902	1005	1219	1943	2207	2137	2150
519.283	623	604	390	328	278	245	211	71	201	250	240	273	412	615	888	1174	1305	1864	2293	2259	2348
520.198	655	648	487	476	304	263	254	195	286	368	326	442	505	683	1022	1047	1283	1885	2167	2182	2255
521.114	487	559	378	247	223	161	281	149	288	211	328	363	414	705	873	1106	1204	1950	2270	2224	2256
522.029	628	503	390	436	312	261	213	259	290	265	329	356	474	687	822	1166	1283	2040	2174	2294	2398
522.944	501	483	382	298	285	185	217	130	297	314	300	286	498	669	867	1106	1417	1905	2085	2242	2207
523.858	565	478	469	314	271	290	163	200	250	241	259	382	360	726	908	1022	1260	1932	2103	2302	2190
524.773	499	589	490	381	297	184	203	240	358	223	230	324	424	674	924	1039	1298	2001	2213	2180	2239
525.688	706	653	513	356	295	252	292	292	382	344	390	399	518	803	962	1164	1353	1863	2116	2216	2213
526.602	460	546	363	288	221	146	114	84	187	130	308	332	412	716	828	1277	1259	1989	2219	2304	2200
527.517	569	537	287	278	237	134	299	180	207	245	254	367	408	712	835	1086	1276	1997	2120	2338	2150
528.43	651	524	474	298	379	277	311	232	208	345	359	366	461	771	945	1251	1388	1939	2323	2279	2214
529.344	542	561	410	316	358	160	296	322	308	163	332	343	448	793	871	1057	1195	1862	2212	2292	2256
530.258	290	483	379	313	321	177	201	204	282	174	279	280	360	640	830	1097	1285	1957	2213	2122	2241
531.172	572	599	467	453	345	318	213	281	327	337	433	456	543	714	943	1155	1247	1969	2173	2137	2242
532.085	586	528	435	250	287	164	270	337	375	302	282	424	485	758	901	1081	1319	1937	2200	2325	2314
532.998	510	581	441	471	351	212	348	317	387	389	428	356	437	834	1032	1079	1295	1905	2130	2238	2053
533.912	586	629	440	445	436	299	394	238	379	338	373	503	591	785	1023	1212	1344	1880	2303	2313	2312
534.824	524	443	370	420	248	228	235	257	306	280	371	408	546	745	950	1087	1276	1822	2095	2263	2128
535.737	540	569	541	478	461	459	281	381	437	434	343	361	568	862	1020	974	1205	1784	1997	2039	2185
536.65	510	529	388	288	341	241	262	195	320	381	296	304	458	842	867	1101	1224	1857	2119	2181	2072
537.563	639	561	372	249	330	362	377	263	338	347	295	396	454	782	926	1113	1329	1905	2205	2176	2214
538.475	467	529	350	304	356	249	271	196	264	222	257	387	475	741	798	1123	1251	1875	2118	2182	2173
539.387	524	459	351	273	347	308	246	262	309	362	286	372	447	801	925	1192	1351	1979	2223	2211	2309
540.299	467	484	310	299	219	305	284	209	260	281	247	293	536	685	930	1226	1280	1916	2153	2173	2216
541.211	605	550	446	425	341	359	372	275	355	382	320	474	486	709	941	1051	1192	1839	2020	2110	2171
542.123	531	534	377	416	302	388	306	312	305	280	265	391	433	733	968	1167	1308	1973	2183	2338	2242
543.035	480	561	453	432	366	261	322	247	343	341	367	433	545	763	974	1178	1286	1879	2149	2269	2274
543.946	443	456	332	323	346	199	262	203	245	348	265	320	508	728	869	1130	1139	1754	2136	2230	2251
544.857	588	621	506	400	423	373	400	413	465	398	471	602	643	901	1172	1146	1237	1814	2168	2126	2225
545.769	483	521	325	279	377	309	330	276	308	290	343	448	438	756	861	1092	1298	1769	2008	2048	2072
546.68	511	399	440	343	303	209	311	226	245	346	342	406	524	882	892	1051	1262	1863	2032	2262	2153
547.591	547	418	316	367	338	305	319	236	273	246	363	287	475	650	930	1144	1249	1879	2072	2192	2301
548.501	392	422	324	322	159	229	300	212	292	220	345	313	356	697	765	1036	1226	1914	2053	2126	2182
549.412	436	500	396	339	262	327	242	200	277	286	266	416	412	711	846	1206	1175	1921	1997	2174	2260
550.322	359	362	287	240	175	205	145	99	256	217	209	310	375	653	775	1041	1187	1885	2093	2168	2155
551.232	479	517	411	462	344	255	291	263	379	381	286	333	585	872	925	1088	1239	1915	2038	2244	2085
552.143	286	404	251	268	245	165	225	63	186	297	204	299	397	673	738	1266	1347	1941	2252	2287	2206
553.052	531	462	413	340	310	253	330	283	287	348	446	490	404	769	989	1288	1367	1905	2210	2264	2289
553.962	433	416	363	334	366	229	358	208	296	255	300	413	551	708	877	1070	1230	1900	2017	2097	2089
554.872	432	561	334	397	271	277	314	244	356	219	297	355	504	668	909	1203	1309	2027	2119	2129	2125
555.781	422	508	263	268	204	169	193	180	262	351	292	365	322	650	767	1189	1283	1750	2045	2202	2255
556.691	535	518	402	362	345	256	470	287	376	302	410	377	512	793	1015	1266	1485	1940	2061	2255	2301
557.6	431	487	327	331	284	204	288	344	275	317	282	376	464	733	783	1172	1374	1792	2115	2379	2189
558.509	556	487	424	388	363	264	293	242	305	415	411	330	388	789	931	1176	1306	1805	2070	2094	2167
559.418	493	359	314	266	194	218	238	244	285	280	251	384	474	744	802	1159	1232	1853	2047	2127	2211
560.326	370	431	263	249	225	233	228	178	240	224	331	334	385	706	872	1183	1318	1807	2114	2190	2351
561.235	514	567	451	426	296	279	244	283	375	386	325	414	475	731	857	1185	1282	1823	2093	2147	2117
562.144	499	387	362	338	376	313	180	284	269	228	363	311	465	683	951	1178	1296	1866	2126	2032	2175
563.052	378	316	394	311	296	219	281	212	270	307	293	394	479	756	903	1077	1217	1862	2129	2266	2167
563.96	445	451	364	367	375	224	260	239	221	303	349	312	447	712	749	1143	1251	1867	2055	2067	2029
564.868	597	475	394	324	325	260	319	284	338	354	347	410	506	759	881	1180	1308	1919	2125	2190	2089
565.775	331	363	306	341	347	248	243	230	284	283	267	338	388	696	883	1310	1231	1840	2204	2250	2152
566.683	567	461	422	348	296	318	267	213	320	304	371	346	454	828	810	1218	1298	1822	2228	2328	2235
567.591	429	504	389	267	287	299	250	182	274	309	393	452	426	602	828	1195	1297	1904	2039	2066	2083
568.498	580	518	388	425	241	300	300	233	395	357	299	410	417	696	920	1057	1292	1708	2116	2163	2104
569.405	554	473	456	478	305	294	285	319	335	363	331	349	482	759	864	1294	1317	1915	2062	2131	2258
570.312	524	536	388	266	259	323	271	151	300	362	367	346	434	633	848	1092	1302	1912	2186	2130	2234
571.219	544	526	430	301	281	119	338	194	159	210	348	458	469	729	893	1194	1369	1844	2241	2255	2288
572.126	554	464	524	441	394	325	280	150	320	302	357	337	429	732	999	1095	1115	1850	2246	2176	2088
573.032	480	634	409	441	359	301	316	330	349	295	354	457	462	828	1009	1225	1249	1922	2161	2398	2116
573.939	577	521	459	343	266	242	198	99	203	195	360	205	495	785	816	1111	1290	1913	2066	2166	2223
574.845	557	537	366	300	284	301	291	205	183	327	355	234	364	625	882	1276	1181	1791	2107	2230	2232
575.751	589	686	520	486	368	366	343	321	392	374	328	520	550	823	1011	1233	1277	1985	2300	2286	2264
576.657	610	461	445	249	127	93	115	221	276	247	309	334	338	636	832	1113	1255	1794	2235	2235	2099
577.563	645	612	486	448	448	377	245	270	348	316	313	495	449	840	883	1155	1285	2029	2216	2232	2182
578.469	538	534	361	280	204	329	237	164	150	223	326	353	319	635	943	1208	1353	1808	2027	2175	2211
579.374	648	646	549	361	294	213	307	231	351	243	306	414	486	759	870	1262	1386	1913	2176	2245	2255
580.28	546	543	432	357	287	302	351	222	288	314	355	320	398	722	769	1366	1345	1926	2263	2231	2143
581.185	742	529	425	307	253	166	234	245	259	247	337	350	458	693	958	1147	1259	1849	2291	2264	2343
582.09	576	567	406	360	321	145	297	318	230	280	294	407	353	706	850	1292	1360	2015	2231	2122	2076
582.995	626	516	539	372	255	226	221	254	323	243	305	442	395	713	1005	1215	1318	1763	2073	2107	2001
583.9	669	648	459	478	382	248	324	234	317	304	427	372	480	750	969	1226	1380	1897	2138	2064	2190
584.805	593	607	440	445	410	321	333	300	435	446	441	437	494	811	984	1282	1319	1989	2219	2294	2223
585.709	678	575	563	569	457	396	452	491	503	435	535	609	621	883	1067	1386	1397	1970	2185	2252	2334
586.613	300	391	311	280	215	267	243	172	237	157	252	407	332	705	729	1266	1380	1999	2217	2286	2340
587.517	302	434	178	343	255	91	175	210	119	361	292	322	454	666	799	1295	1286	2031	2286	2348	2307
588.421	463	564	332	287	336	339	272	315	334	365	311	406	456	714	902	1131	1273	1859	2059	2112	2205
589.325	563	510	460	382	399	280	401	386	303	335	331	520	581	763	842	1369	1301	1907	2136	2197	2290
590.229	287	356	215	226	260	184	255	132	149	277	222	235	319	703	867	1178	1344	1936	2314	2254	2266
591.132	415	333	367	451	250	291	293	228	288	292	358	482	549	716	841	1400	1283	1942	2240	2184	2230
592.036	498	461	364	340	373	328	372	294	294	322	331	494	435	794	857	1146	1302	1884	2184	2284	2222
592.939	357	370	380	346	208	217	159	251	311	287	284	380	348	695	876	1179	1302	1896	2036	2076	2117
593.842	343	396	344	263	308	213	210	234	272	203	329	379	371	707	793	1157	1299	1803	2160	2264	2221
594.745	369	412	304	279	264	265	168	186	283	241	328	321	428	588	828	1311	1163	1894	2091	2144	2159
595.648	448	452	385	348	338	267	231	254	295	321	365	394	471	744	911	1122	1169	1840	1953	2220	2143
596.551	458	459	359	333	407	358	361	304	277	266	380	446	460	670	922	1344	1278	1910	2177	2116	2270
597.453	380	444	383	340	268	210	321	280	355	308	372	414	478	656	889	1267	1294	1899	2154	2315	2110
598.355	362	364	343	289	291	206	301	273	303	215	376	429	531	677	895	1309	1333	1910	2166	2178	2223
599.258	407	423	487	361	288	407	315	321	329	368	468	370	456	669	845	1265	1218	1904	2087	2186	2154
600.16	299	349	322	283	284	220	259	214	296	236	334	390	418	672	863	1179	1251	1916	2166	2114	2134
601.062	485	484	289	366	286	206	346	226	379	247	347	416	447	681	732	1214	1369	1904	2051	2227	2243
601.963	449	446	398	355	361	356	293	294	307	336	452	429	530	829	883	1381	1426	1802	2225	2202	2156
602.865	430	403	415	371	277	308	233	227	273	280	385	432	481	604	877	1280	1285	1785	2101	2199	2272
603.767	373	379	418	352	202	170	202	160	242	155	255	247	434	649	898	1297	1251	1913	1917	2128	2143
604.668	451	442	388	241	301	317	325	189	295	243	392	376	393	778	838	1324	1319	1895	2190	2078	2254
605.569	413	393	293	312	241	203	182	152	325	332	278	304	414	636	761	1291	1340	2032	2295	2380	2148
606.47	444	438	220	281	284	228	168	105	186	174	313	365	384	635	827	1150	1207	1758	2000	1974	2033
607.371	490	486	367	354	277	250	323	194	343	217	345	390	539	795	861	1316	1316	1858	2094	2272	2179
608.271	519	373	300	344	334	270	221	290	262	257	344	358	407	675	863	1450	1347	1869	2302	2243	2248
609.172	541	498	450	387	314	357	308	198	239	369	285	388	495	748	961	1251	1239	1938	2069	2332	2172
610.073	505	403	391	326	355	302	308	410	428	432	479	417	557	842	933	1195	1327	1821	2080	2132	2227
610.972	240	431	333	292	255	131	323	67	208	214	266	311	367	737	797	1191	1214	1844	2053	2162	2183
611.873	463	535	360	383	351	311	402	313	334	366	368	435	524	700	968	1160	1259	1893	2074	2212	2207
612.773	439	546	327	385	306	185	369	204	330	299	383	435	622	664	870	1261	1355	1823	2044	2275	2202
613.673	432	415	326	290	189	207	282	279	407	254	248	435	489	805	797	1223	1216	1872	2145	2258	2279
614.572	271	272	242	323	201	113	180	181	195	222	197	284	391	516	760	1238	1323	1816	2017	2128	2234
615.472	440	405	269	154	162	168	166	187	329	262	257	344	406	599	731	1369	1373	2029	2249	2295	2223
616.371	454	579	355	418	392	373	379	303	315	341	468	476	576	788	896	1244	1303	1818	2229	2164	2193
617.27	392	493	342	392	282	331	303	203	275	209	272	339	422	799	841	1223	1201	1899	1961	2180	2063
618.169	360	394	320	272	330	241	263	226	220	293	305	422	384	631	822	1304	1262	1932	2062	2224	2147
619.068	506	502	400	417	337	283	413	360	306	278	399	405	538	709	931	1255	1222	1812	2032	2146	2029
619.967	371	430	370	350	320	253	237	164	285	266	329	384	375	699	859	1216	1279	1788	1927	2098	2041
620.866	286	433	343	354	245	287	150	218	245	226	352	404	401	764	834	1241	1271	1891	2008	2215	2252
621.764	383	375	240	229	337	222	247	235	228	188	230	369	400	687	878	1347	1168	1949	2119	2112	2168
622.662	491	473	350	430	370	342	325	275	370	335	465	399	511	692	981	1319	1215	1911	2109	2275	2092
623.56	369	389	357	340	260	268	178	270	314	228	275	356	444	623	853	1309	1250	1923	2188	2095	2134
624.458	526	576	347	355	351	294	234	279	485	417	438	448	498	780	965	1219	1319	1921	2222	2083	2327
625.356	485	432	477	335	438	308	456	295	363	288	369	471	586	723	908	1195	1167	1812	1963	2033	1991
626.254	470	373	327	265	293	230	226	199	265	215	334	373	563	690	894	1258	1370	1915	2237	2135	2268
627.151	409	283	306	248	286	140	227	133	228	189	259	321	346	677	787	1288	1187	1838	2160	2163	2173
628.049	529	614	497	454	570	387	388	443	462	470	489	508	566	930	1092	1151	1132	1775	1993	2090	2014
628.946	377	408	295	270	289	311	376	181	383	256	291	360	315	669	844	1379	1241	1784	1968	2233	2195
629.843	494	458	336	317	334	380	323	300	335	342	402	463	471	716	939	1336	1281	1838	2039	2147	2117
630.74	315	396	524	344	344	332	223	217	279	341	308	378	391	729	938	1290	1314	1814	2078	2116	2320
631.637	511	507	497	436	443	329	365	334	374	365	485	449	518	859	947	1203	1184	1811	2062	2162	2315
632.533	480	576	344	265	414	265	282	243	372	307	381	467	482	783	991	1322	1273	1838	2181	2134	2144
633.43	529	560	471	407	409	399	454	304	364	409	475	411	518	865	1027	1233	1182	1838	1939	2091	2075
634.326	377	512	284	401	383	367	356	156	325	317	414	347	498	772	887	1300	1112	1814	2222	2192	1974
635.222	494	435	369	377	414	383	340	369	315	309	375	465	571	816	834	1293	1268	1849	2176	1948	2148
636.119	529	485	416	402	331	365	445	267	423	336	385	397	563	776	844	1239	1196	1698	2072	2127	1985
637.015	377	392	335	333	263	276	288	135	263	350	346	351	441	753	939	1359	1234	1934	2207	2175	2236
637.91	494	379	326	231	203	287	271	248	259	257	350	366	416	715	938	1430	1319	1992	2180	2160	2213
638.806	356	414	299	264	278	289	265	203	244	365	298	330	390	600	947	1322	1302	1742	2078	2014	2045
639.701	578	532	402	334	331	382	393	209	327	301	339	423	549	776	991	1389	1205	1647	2128	2112	2191
640.596	396	353	291	317	284	312	248	219	206	161	286	337	404	609	844	1286	1360	1865	2134	2174	2133
641.492	454	412	345	285	302	204	338	335	312	286	314	461	471	700	939	1337	1227	1758	2157	2210	2081
642.387	498	581	458	492	404	482	352	258	439	417	485	441	465	761	938	1392	1405	2030	2270	2234	2323
643.282	407	410	495	482	320	264	353	262	272	215	470	422	565	716	947	1240	1224	1830	1912	2120	2130
