Raman_shift(cm-1)	298.15K	323.15K	373.15K	423.15K	473.15K	523.15K	573.15K	623.15K	673.15K	723.15K	773.15K	823.15K	873.15K	923.15K	973.15K	1023.15K	1073.15K	1123.15K	1173.15K	1223.15K	1273.15K
-701.911	-5.83	-4.23	-4.52	-5	-3.22	-3.6	-2.41	-3.84	-1.19	-3.28	-2.58	-1.34	-1.83	-4.85	-2.97	-3.21	-4.05	-5.89	-6.25	-5.2	-3.97
-700.784	-2.2	-4.16	-5.16	-1.6	-0.52	-1.62	-0.4	-0.88	-0.27	-1.42	-0.6	-1.54	-0.53	-0.64	-0.49	-3.83	-2.73	-1.83	-2.29	-5	-3.41
-699.659	-2.39	-5.07	-1.99	-2.87	1.4	-0.24	0.33	-0.8	0.45	2.02	2.24	0.51	0.99	-1.13	0.24	2.75	-0.22	-1.14	-1.31	-5.11	-1.57
-698.533	-5.93	-6.09	-5.23	-2.86	-2.2	-1.74	-3.09	-2.66	-1.82	-0.92	-0.37	-2.35	-2.95	-2.2	-2.57	-2.28	-2.74	-3.94	-4.94	-8.11	-3.36
-697.408	-6.41	-4.85	-3.68	-5.32	-3.44	-4.36	-1.72	-2.45	-2.79	-3.12	-1.94	-2.83	-3.34	-3.76	-4.39	-2.17	-5.14	-5.23	-8.14	-6.77	-4.76
-696.283	-3.5	-3.29	-2.99	-2.81	-2.76	-2.48	-2	-1.32	-0.47	0.43	0.83	0.39	0.75	-1.34	-2.02	0.74	-1.09	-3.57	-3.88	-5.34	-3.13
-695.158	-6.86	-7.28	-7.3	-6.23	-3.61	-4.03	-3.27	-2.36	-0.87	-1.72	-1.63	-0.74	-1.11	-4.43	-4.43	-2.27	-4.9	-4.11	-5.56	-5.85	-5.3
-694.033	-6.26	-5.42	-5.49	-2.95	-3.91	-3.09	-4.37	-0.77	-0.7	-1.29	-0.91	1.31	1.1	-4.21	-2.82	-0.87	-2.5	-5.59	-5.85	-7.51	-4.65
-692.908	-7.64	-7.24	-5.07	-7.23	-4.37	-4.33	-2.96	-3.09	-2.21	-2.58	-1.73	-1.43	-1.85	-4.03	-5.03	-4.03	-5.02	-4.89	-6.86	-8.08	-5.79
-691.784	-5.46	-6.32	-4.8	-3.97	-0.99	-3.07	-2.11	-1.83	-0.52	-1.78	-0.09	-0.29	-0.29	-2.01	-1.56	0.04	-1.44	-4.07	-3.05	-6.06	-4.21
-690.659	-3.9	-4.41	-4.2	-3.07	-0.57	-2.79	0.22	-1.43	-0.12	-1.73	1.56	1.38	0.75	0.93	0.31	-0.05	-1.75	-3.16	-4.47	-5.96	-4.64
-689.536	-6.39	-6.15	-5.9	-6.09	-4.4	-4.36	-3.49	-2.34	-0.96	-1.07	-1.39	-0.02	-0.57	-2.38	-1.61	-0.54	-1.26	-3.81	-5.35	-6.27	-4.74
-688.412	-3.66	-5.2	-2.63	-1.89	-1.51	-1.47	-0.72	-1.62	0.4	1.33	2.18	1.25	1.64	-0.17	0.53	0.03	-0.27	-2.48	-1.85	-6.26	-2.06
-687.288	-6.97	-5.92	-5.04	-4.72	-2.46	-3.5	-3.17	-1.94	-1.4	0.78	-1.07	-0.19	-1.84	-1.56	-1.96	-1.11	-2.96	-3.55	-4.87	-5.76	-3.48
-686.165	-4.94	-6.64	-4.9	-4.95	-1.13	-2.64	-0.4	-0.48	0.51	0.73	1.04	0.25	1.78	-1.65	-1.02	0.44	-0.67	-2.94	-4.24	-5.64	-3.31
-685.041	-3.98	-5.47	-5.38	-4.09	-2.35	-3.8	-2.84	-1.93	-1.43	-0.66	0.04	1.52	0.18	-1.65	-3.1	1.85	-1.12	-4.15	-3.85	-7.3	-2.05
-683.918	-3.75	-4.4	-3.71	-2.78	-0.71	-1.83	-1.61	-0.85	0.32	0.48	1.7	1.71	1.97	-0.11	0.37	1.3	-0.73	-1.83	-3.31	-4.68	-3.34
-682.796	-6.26	-5.22	-5.85	-4.3	-2.23	-4.7	-3.51	-2.52	-0.37	-0.36	0.58	0.29	0.73	-1.07	-0.01	-0.02	-1.91	-3.26	-4.12	-5.96	-6.47
-681.673	-6.95	-5.34	-5.89	-3.85	-3.46	-2.16	-2.74	-2.61	-1.04	-0.06	1.11	1	1.57	-1.59	-0.8	-0.23	-0.74	-2.93	-4.09	-6.75	-4.61
-680.55	-5.85	-3.96	-4.44	-4.51	-1.74	-3.77	-3.12	-0.36	-0.64	0.64	1.71	0.94	2.55	-0.93	-1.6	0.42	-1.06	-3.77	-4.19	-5.08	-6.51
-679.429	-5.74	-6.27	-5.21	-5.58	-2.06	-3.15	-2.55	-1.84	0.39	-3.11	-1.04	-0.66	-1.07	-1.41	-1.55	-0.54	-0.93	-3.21	-3.47	-6.67	-4.37
-678.306	-5.14	-4.14	-3.23	-2.34	-1.81	-4.39	-2.69	-1.28	0.03	-0.82	0.98	1.46	0.21	-0.09	-0.31	2.57	-0.86	-1.81	-2.27	-5.25	-3.06
-677.184	-7.39	-6.05	-6.21	-5.17	-4.14	-5.3	-5.33	-2.77	-2.12	-1.88	0.06	-0.33	-0.33	-1.37	-0.93	-1.01	-2.8	-3.77	-4.41	-5.58	-5.2
-676.063	-5.22	-4.54	-3.83	-2.77	-3.12	-5.36	-3.65	-2.49	-1.6	-0.9	-1.05	-2.37	-2.2	-2.1	-1.42	-0.19	-0.92	-1.71	-3.98	-4.34	-3.8
-674.941	-5.07	-4.54	-3.43	-2.23	-0.66	-3.38	-1.78	-0.58	-1.84	-0.04	1.79	2.34	1.73	-0.24	0.03	3.38	-0.12	-1.02	-0.18	-3.74	-1.33
-673.82	-3.14	-5.42	-4.23	-4.07	-2.91	-3.51	-3.74	-3.05	-1.34	-0.47	0.39	0.66	0.98	0.14	0.18	0.57	-0.01	-2.5	-2.64	-3.91	-2.8
-672.699	-4.87	-4.58	-3.46	-4.23	-3.52	-4.29	-2.73	-3.47	-1.77	-1.63	-0.5	-0.24	0.36	-2.21	0.42	0.91	-0.19	-2.09	-3.62	-4.97	-2.4
-671.578	-4.85	-5.36	-4.99	-4.98	-3.01	-2.83	-1.93	-2.9	-3.34	-2.64	-1.53	-2.02	-0.23	-0.99	0.22	-1.07	-1.11	-3.17	-4.86	-4.74	-4.13
-670.458	-5.76	-5.31	-5.28	-4.76	-3.4	-4.64	-4.03	-4.51	-5.13	-1.51	-0.2	-1.48	-1.42	-2.83	-1.02	-0.39	-1.51	-2.55	-3.56	-6.1	-3.43
-669.337	-5.37	-7.01	-6.03	-5.87	-4.26	-5.09	-4.78	-4.1	-2.71	-3.91	-1.32	-2.76	-0.77	-2.83	-1.96	-1.98	-3.26	-3.53	-5.44	-7.33	-4.78
-668.217	-5.36	-5.98	-5.73	-6.04	-4.77	-5.41	-4.59	-4.02	-4.29	-2.7	-2.96	-3.15	-3.05	-4.86	-4.83	-1.96	-3.29	-4.04	-4.92	-6.45	-5.99
-667.097	-4.21	-3.99	-3.6	-3.69	-2	-2.77	-2.16	-4.42	-2.47	-2.74	-1.86	-1.62	-2	-0.87	-0.45	1.08	-1.39	-2.52	-4.23	-6.62	-3.67
-665.977	-5.67	-7.36	-5.9	-6.24	-6.42	-5.62	-4.69	-6.01	-5.54	-4.67	-1.98	-2.32	-2.61	-3.29	-2.5	-0.68	-2.58	-4.05	-5.26	-7.32	-5.7
-664.857	-5.3	-6.9	-7.1	-3.66	-4.33	-6.36	-5.05	-3.6	-3.7	-2.42	-2.26	-2.68	-3.68	-4.01	-2.94	-1.99	-2.88	-3.89	-3.63	-6.44	-3.84
-663.738	-4.92	-5.71	-4.06	-4.42	-3.08	-5.08	-3.68	-2.98	-2	-2.37	-0.18	-0.67	-1.22	-0.95	-0.59	-0.37	-1.28	-3.3	-2.96	-4.77	-3.43
-662.619	-3.34	-3.54	-4.31	-4.2	-3.77	-4.02	-3.2	-1.79	-0.8	-3.44	-1.41	0.16	0.79	-2.87	-2.61	-0.09	-1.9	-2.85	-2.97	-5.24	-3.4
-661.5	-6.36	-5.88	-3.36	-4.74	-4.43	-3.49	-3.06	-3.96	-2.69	-4.29	-1.9	-2.35	-1.73	-3.38	-2.58	-0.26	-3.19	-3.65	-3.84	-6.57	-4.99
-660.381	-4.6	-3.77	-2.63	-3.28	-0.88	-1.66	-1.93	0.43	-0.94	-0.09	0.3	1.65	1.58	0.03	0.17	-1.44	-1.16	-1.34	-2.25	-2.92	-2.02
-659.262	-6.55	-5.05	-3.97	-4.64	-2.89	-3.65	-3.43	-3.78	-3.16	-2.73	-1.97	-1.2	-2.5	-2.7	-2.71	-1.55	-3.57	-3.2	-4.66	-6.33	-4.11
-658.144	-5.58	-4.06	-2.6	-5.22	-3.76	-3.67	-3.74	-3.86	-1.73	-2.04	-1.8	-3.07	-1.16	-1.76	-2.05	-1.8	-1.78	-3.46	-3.49	-5.09	-3.43
-657.026	-7.57	-6.57	-7.02	-6.48	-3.99	-6.65	-5.97	-5.13	-4.5	-4.36	-3.96	-4.12	-3.77	-3.4	-4.05	-3.09	-4	-6.46	-6.48	-8.68	-6.34
-655.908	-5.07	-4.5	-4.24	-2.8	-2.61	-3.82	-4.13	-2.7	-1.94	-3.77	-1.42	-2.8	-1.94	-2.76	-0.86	-0.83	-2.83	-4.59	-5.13	-5.52	-4.92
-654.79	-4.75	-4.99	-2.82	-4.06	-0.85	-2.06	-1.68	-2.27	-1.89	-1.12	-1.15	-2.24	-1.56	-2.16	-2.12	1.08	-1.25	-1.36	-2.49	-4.85	-3.74
-653.672	-5.09	-3.87	-3.33	-4	-0.65	-3.47	-3.61	-2.81	-1.93	-3.04	-1.18	-2.47	-2.47	-1.18	-1.28	-1.48	-2.9	-3.83	-4.27	-5.98	-4.7
-652.555	-3.26	-5.39	-2.96	-2.92	-1.9	-3.56	-2.4	-3.83	-1.53	-3.66	-1.48	-2.97	-2.26	-2.22	-2.62	-0.63	-2.09	-2.49	-3.39	-3.95	-2.67
-651.437	-5.77	-5.52	-4.92	-5.29	-2.78	-1.93	-2.1	-3.21	-3.26	-3.77	-4.05	-2.61	-2.7	-2.58	-2.67	-1.81	-3.74	-3.09	-3.83	-6.48	-4.51
-650.32	-4.86	-3.56	-3.86	-4.18	-3.29	-3.69	-2.58	-3.41	-2.52	-2.54	-1.81	-0.99	-1.01	-4	-2.59	0.02	-0.63	-4.12	-4.19	-6.4	-3.89
-649.203	-4.31	-5.93	-5.18	-4.34	-3.68	-5.57	-5.01	-3.43	-1.82	-3.76	-4.5	-2.78	-2.87	-4.54	-3.71	-2	-2.79	-4.33	-4.77	-4.97	-4.08
-648.087	-4.27	-4.17	-3.21	-2.9	-2.38	-4.02	-2.38	-3.75	-1.64	-2.53	-0.76	-1.89	-2.62	-2.12	-2.49	-1.88	-1.57	-2.28	-2.4	-5.89	-3.03
-646.97	-4.63	-2.51	-3.14	-3.4	-2.76	-2.55	-2.51	-2.84	-2.68	-1.3	-0.81	-0.99	-1.63	-1.99	-1.46	-1.66	-2.03	-3.37	-3.32	-4.53	-4.84
-645.854	-4	-5.28	-4.37	-3.71	-2.09	-3.52	-3.19	-3.09	-1.98	-2.53	-1	-3.38	-3.01	-2.09	-1.75	-0.15	-2.36	-3.29	-3.78	-4.31	-3.65
-644.738	-3.84	48.1	-4.1	-3.93	-3.09	-3.02	-2.86	-3.18	-1.63	-1.87	-0.97	0.18	0.42	-3.64	-1.17	-0.51	-2.08	-4.04	-3.58	-5.21	-3.37
-643.622	-6.97	-5.28	-4.87	-5.86	-3.71	-5.52	-2.99	-5.81	-3.94	-2.63	-2.55	-3.41	-3.32	-4.25	-4.36	-2.73	-5.02	-4.98	-5.33	-7.14	-5.3
-642.506	-3.72	-4.76	-4.16	-4.32	-2.97	-4.89	-3.79	-2.49	-2.04	-3.99	-2.6	-3.57	-2.08	-3.47	-3.48	-1.29	-2.9	-2.98	-3.51	-6.15	-5.59
-641.391	-5.98	-5.77	-5.7	-5.98	-4.13	-5.57	-5.36	-5.22	-4.24	-5.8	-3.7	-4.67	-3.57	-4.33	-3.04	-2.77	-4.4	-5.59	-5.95	-7.09	-4.87
-640.276	-7	-4.93	-4.96	-4.56	-4.6	-5.01	-5.22	-5.23	-4.23	-3.68	-2.19	-4.16	-4.01	-3.46	-3.19	-2.19	-3.33	-6.84	-6.84	-7.4	-6.62
-639.161	-5.78	-6.67	-6.88	-4.77	-3.74	-5.98	-4.6	-4.05	-3.21	-3.43	-3.68	-2.62	-3.67	-4.77	-3.6	-2.87	-4.93	-4.92	-4.6	-6.98	-5.05
-638.046	-5.47	-5.76	-4.71	-4.21	-2.61	-4.1	-4.39	-3.56	-2.2	-2.56	-1.47	-2.94	-3.53	-3.42	-2.15	-2.74	-4.11	-3.91	-4.07	-6.57	-4
-636.931	-5.53	-4.59	-3.52	-4.53	-3.14	-3.12	-3.79	-4.54	-2.83	-2.81	-1.73	-2.01	-2.04	-2.42	-3.45	-1.99	-2.53	-3.8	-3.9	-6.45	-4.51
-635.816	-1.88	-2.33	-1.52	-0.91	-0.44	-1.92	-1.74	-0.48	-0.17	0.59	-0.18	0.27	0.09	-1.44	-1.15	0.39	-0.17	-1.28	-2.76	-3.58	-1.88
-634.702	-6	-5.84	-6.05	-6.56	-4.84	-5.8	-5.58	-5.32	-4.37	-3.7	-3.85	-5.47	-4.82	-4.8	-5.37	-2.96	-4.48	-5.62	-6.16	-8.64	-7.23
-633.588	-3.15	-4.96	-3.46	-3.39	-2.36	-4.05	-3.17	-1.9	-0.46	-2.58	-1.04	-1.6	-0.89	-2.27	-1.52	-1.02	-1.32	-2.57	-4.26	-5.31	-3.83
-632.474	-3.25	-2.48	-2.86	-1.23	-0.98	-1.08	-2.3	-0.91	-0.27	-1.68	-0.25	-0.42	-0.78	-0.67	-1.15	1	-0.58	-2.74	-2.06	-4.25	-3.51
-631.36	-6.07	-6.2	-4.47	-5.03	-4.38	-5.88	-4.88	-5.03	-2.22	-4.2	-2.52	-1.95	-1.9	-3.5	-3.31	-1.91	-3.43	-3.3	-4.32	-6.47	-4.08
-630.247	-6	-5.01	-5.67	-5.42	-3.07	-4.25	-3.22	-5.47	-3.69	-3.66	-3.78	-3.78	-2.76	-5.47	-3.79	-0.85	-3.53	-4.31	-5.21	-7.86	-5.82
-629.133	-4.6	-4.6	-4.9	-4.91	-3.1	-3.36	-3.96	-3.51	-2.14	-4.41	-3.16	-1.42	-1.07	-3.56	-2.14	-2.55	-2.81	-4.24	-5.21	-5.73	-4.21
-628.02	-5.25	-5.72	-5.61	-5.29	-3.02	-5.83	-6.24	-5.14	-2.85	-4.2	-2.86	-3.13	-2.81	-5.01	-4.11	-3.91	-5.72	-5.81	-6.67	-7.63	-6
-626.907	-3.5	-3.64	-2.94	-1.62	-1.99	-3.08	-1.68	-1.62	-1.12	-2.27	-0.83	0.05	1.26	-2.21	-2.02	-0.32	-1.67	-2.68	-4.3	-4.06	-3.65
-625.794	-5.64	-4.97	-5.04	-5.03	-2.6	-4.08	-3.92	-3.74	-3.02	-3.86	-3.18	-2.94	-3.84	-3.43	-2.65	-2.44	-5.02	-4.9	-4.31	-6.94	-4.84
-624.682	-3.23	-4.15	-3.41	-3.13	-0.93	-2.94	-1.92	-3.54	-2.29	-3.62	-2.31	-2.47	-2.47	-3.05	-2.28	-1.51	-3.11	-2.13	-5.23	-5.39	-5.12
-623.57	-3.66	-4.71	-4.28	-2.61	-2.54	-3.85	-2.42	-3.19	-2.59	-1.97	-1.44	-1.95	-1.99	-2.55	-2.57	-1.07	-1.22	-2.71	-3.68	-5.55	-2.76
-622.458	-3.28	-3.19	-2.89	-3.3	-0.95	-3.31	-3.36	-0.95	-0.67	-0.91	-1.6	-1.73	-0.81	-2.32	-3.35	-1.21	-1.94	-2.7	-3.38	-4.38	-1.41
-621.346	-4.18	-3.75	-3.19	-2.67	-2.89	-4.61	-2.65	-2.21	-2.15	-2.59	-1.91	-2.54	-1.45	-2.1	-2.75	-0.98	-2.73	-3.71	-4.96	-5.42	-3.89
-620.234	-5.69	-5.21	-5.22	-5.16	-3.59	-3.38	-3.46	-4.63	-3.62	-3.26	-1.93	-2.32	-2.46	-3.36	-2.28	-1.78	-1.99	-3.91	-5.02	-6.7	-5.3
-619.122	-4.96	-4.15	-3.76	-4.73	-3.94	-3.86	-3.41	-2.52	-2.56	-2.64	-1.25	-2.38	-3.16	-3.09	-3.65	-2.17	-3.26	-4.55	-5.34	-6.47	-4.06
-618.011	-5.36	-5.5	-5.81	-4.9	-3.95	-5.3	-3.93	-3.69	-3.15	-4.04	-4.13	-5.33	-3.15	-4.59	-5.49	-2.42	-3.96	-4.68	-5.09	-7.06	-5.89
-616.9	-5.25	-5.19	-4.41	-4.97	-3.43	-4.09	-3.13	-3.51	-2.66	-3.83	-2.08	-1.74	-1.77	-2.66	-3.86	-1.6	-2.08	-4.6	-4.77	-6.7	-5.74
-615.789	-4.71	-5.46	-4.21	-5.31	-3.24	-4.87	-5.18	-3.95	-3.47	-4.05	-2.79	-5.09	-3.4	-3.9	-3.45	-2.63	-3.21	-4.38	-5.59	-5.99	-5.51
-614.678	-3.69	-4.93	-4.75	-3.9	-3.22	-5.34	-3.29	-2.33	-2.05	-3.56	-3.67	-2.36	-3.97	-4.28	-5.07	-2.81	-3.08	-3.89	-4.53	-7.74	-3.82
-613.567	-4.68	-4.2	-3.63	-3.39	-1.34	-3.01	-2.17	-2.67	-1.26	-1.74	-0.98	-0.65	-0.97	-3.08	-1.99	0.91	-0.22	-2.67	-3.25	-5.24	-2.79
-612.457	-4.14	-3.64	-3.99	-3.72	-2.13	-3.46	-3.61	-3.91	-2.83	-3.61	-2.32	-3.25	-2.5	-4.78	-3.01	-0.78	-3.13	-2.6	-3.61	-6.89	-5.67
-611.347	-4.33	-3.99	-3.98	-4.43	-2.15	-3.12	-3.25	-2.15	-0.6	-2.4	-0.93	-2.92	-2.78	-2.12	-2.27	-0.47	-1.28	-3.23	-1.42	-5.64	-4.55
-610.237	-2.53	-3	-3.16	-1.84	-2.21	-2.12	-2.73	-2.69	-2.18	-2.5	-1	0.04	-1.78	-0.89	-1.05	-0.19	-1.49	-3.66	-3.59	-4.8	-3.01
-609.127	-4.76	-4.68	-4.05	-3.77	-2.03	-3.16	-3.18	-3.93	-1.16	-1.8	-0.86	-1.33	-1.57	-2.67	-3.01	-1.98	-3.29	-4.93	-3.87	-5.33	-2.97
-608.017	-4.98	-5.54	-5.15	-5.35	-3.19	-5.56	-3.97	-5.43	-3.91	-4.55	-3.69	-3.39	-3.99	-5.11	-4.15	-4.76	-4.6	-6.05	-5.94	-7.13	-5.98
-606.908	-6.1	-5.54	-4.05	-5.11	-3.86	-5.39	-5.63	-5.82	-4.04	-4.63	-4.63	-2.88	-3.72	-3.9	-4.32	-2.95	-4.64	-5.83	-6.31	-7.33	-6.14
-605.799	-5.69	-5.19	-5.24	-6.09	-4.09	-6	-5.32	-4.67	-3.04	-4.68	-3.76	-4.08	-4.2	-5.26	-4.95	-3.37	-4.68	-5.78	-6.36	-7.15	-5.55
-604.69	-4.98	-4.61	-5.49	-4.69	-3.19	-5.02	-5.04	-4.37	-2.85	-3.53	-3.09	-2.58	-3.74	-5.12	-3.87	-1.95	-3.01	-5.02	-4.57	-6.04	-5.84
-603.581	-4.39	-4.01	-3.6	-4.28	-2.39	-5.06	-4.09	-4.95	-2.55	-3.71	-2.95	-2.91	-3.71	-3.48	-3.71	-2.4	-2.99	-4.4	-6.34	-7.1	-4.98
-602.473	-2.6	-3.82	-3.7	-2.03	-2.33	-3.82	-3.54	-1.97	-2.34	-2.98	-0.62	-1.86	0.35	-2.41	-2.89	-2.18	-3.37	-3.69	-4.16	-5.33	-3.36
-601.364	-4.95	-5.89	-5.29	-5.39	-4.24	-5.72	-5.28	-6.14	-4.73	-4.34	-3.01	-3.89	-3.41	-4.07	-3.36	-3.14	-4.68	-5.68	-8.33	-7.81	-5.82
-600.256	-5.11	-4.49	-4.84	-4.81	-3.68	-3.92	-4.05	-3.38	-3.14	-2.97	-3.28	-3.15	-1.82	-4	-4.11	-3.21	-4.54	-4.5	-5.49	-6.76	-3.81
-599.148	-4.68	-3.63	-3.93	-2.3	-0.76	-3.2	-2.15	-3.23	-1.73	-2.53	-3.19	-2.76	-2.81	-3.87	-2.84	-1.87	-3.65	-4.12	-5.22	-5.38	-3.74
-598.04	-2.9	-2.73	-2.99	-3.17	-2.52	-2.9	-3.94	-2.55	-2.52	-2.94	-1.18	-1.25	-1.96	-2.12	-2.63	-0.29	-2.18	-3.79	-4.5	-5.73	-4.79
-596.932	-1.99	-4.11	-3.58	-3.57	-3.36	-4.41	-4.06	-3.16	-2.79	-2.58	-1	-2.88	-2.25	-3.53	-3.61	-0.6	-3.32	-3.04	-4.76	-5.25	-4.8
-595.825	-3.78	-4.62	-5.09	-4.8	-2.61	-4.38	-4.27	-3.69	-3.15	-4.14	-2.15	-2.19	-1.74	-4.05	-3.93	-1.98	-1.55	-5.05	-4.86	-5.89	-5.11
-594.718	-3.77	-3.71	-3.58	-3.51	-3.41	-3.08	-4.09	-4.41	-3.65	-3.48	-3.21	-2.81	-2.28	-3.03	-1.71	-3.09	-3.72	-3.92	-5.24	-6.46	-4.83
-593.611	-2.92	-2.73	-3.57	-2.49	-2.41	-3.83	-2.8	-3.72	-1.98	-2.92	-1.74	-2.26	-1.31	-1.69	-2.23	-1.86	-2.4	-2.89	-3.65	-6.31	-3.73
-592.504	-3.95	-4.24	-3.11	-2.8	-3.13	-5.85	-6.21	-3.13	-3	-3.37	-1.48	-3.12	-1.8	-3.81	-3.56	-2.67	-4.01	-5.66	-5.29	-6.92	-4.97
-591.397	-3.17	-2.57	-1.96	-3.31	-1.17	-4.21	-4.55	-3.62	-2.58	-1.83	-2.11	-0.82	-2.2	-3.07	-3.08	-2.02	-2.16	-3.82	-3.68	-7.32	-3.3
-590.291	-4.1	-4.2	-3.52	-4.8	-6.03	-4.66	-4.83	-4.85	-3.11	-5.36	-3.96	-5.07	-4.6	-5.2	-4.95	-4.49	-3.62	-5.74	-6.29	-8.4	-5.74
-589.185	-3.36	-2.4	-2.41	-2.17	-1.86	-3.23	-1.97	-2.81	-1.92	-3.14	-2.47	-2.07	-2.06	-3.6	-2.75	-2.86	-3.42	-6.23	-4.51	-6.25	-4.52
-588.078	-3.77	-4.85	-4.89	-3.49	-3.81	-5.31	-5.12	-4	-2.21	-3.72	-3.6	-3.75	-3.54	-3.12	-2.42	-2.84	-2.71	-5.47	-6.07	-7.1	-4.17
-586.972	-4.6	-5.03	-4.64	-3.53	-4.1	-5.64	-5.26	-5.82	-4.62	-3.78	-3.52	-3.71	-3.52	-4.42	-4.27	-3.11	-4.56	-4.31	-6.84	-6.62	-5.71
-585.867	-3.46	-2.87	-3.14	-4.14	-1.82	-3.66	-3.92	-2.63	-3.33	-3.48	-3.09	-3.15	-2.39	-4.53	-4.23	-3.29	-3.61	-3.74	-3.85	-7.85	-5.51
-584.761	-1.85	-4.71	-4.44	-1.65	-2.62	-4.41	-2.92	-4.3	-3.87	-4.21	-2.61	-4.42	-3.89	-5.45	-3.66	-3.96	-4.65	-2.88	-3.86	-6.23	-5.45
-583.656	-1.35	-2.94	-3.2	-3.03	-3.68	-5.09	-4.07	-3.64	-2.36	-3.37	-4.24	-2.45	-2.29	-2.83	-3.43	-2.88	-3.9	-4.44	-4.81	-5.59	-4.11
-582.551	-2.39	-2.27	-3.32	-3.18	-1.71	-3.88	-2.86	-4.8	-3.51	-4.29	-2.38	-3.27	-2.11	-5.66	-4.35	-1.76	-3.69	-5.89	-5.94	-5.98	-4.33
-581.446	1.27	0.09	-0.9	-1.27	0.34	-2.17	-1.53	-2.21	-1.86	-1.45	-0.74	-1.72	-0.38	-2.71	-2.97	-0.8	-2.91	-3	-2.78	-4.78	-2.84
-580.341	-1.61	-2.07	-2.19	-2.56	-3.32	-3.64	-2.46	-3.08	-3.46	-3.53	-2.24	-2.62	-2.39	-4.41	-2.87	-2.5	-3.38	-4.5	-4.52	-7.31	-5.69
-579.237	-3.56	-3.71	-3.29	-4.06	-1.73	-4.93	-4.83	-1.87	-2.59	-4.47	-2.94	-2.99	-3.3	-4.88	-4.64	-3.21	-4.36	-5.65	-6.51	-6.72	-4.77
-578.132	-0.25	-2.71	-2.08	-3.81	-1.4	-4.01	-2.88	-4.02	-2.64	-2.1	-2.51	-1.85	-1.44	-3.54	-4.19	-2.64	-4.77	-4.91	-4.38	-7.73	-5.75
-577.028	-0.96	-1.42	-2.12	-2.87	-2.73	-2.63	-1.5	-2.75	-2.64	-2.95	-1.84	-2.74	-2.02	-4.04	-4.01	-0.97	-2.75	-4.52	-5.66	-6.46	-3.93
-575.924	-1.69	-1.87	-2.01	-1.54	-1.19	-3.3	-3.08	-3.87	-2.64	-3.26	-2.18	-2.26	-1.71	-4.09	-3.1	-2.57	-4.92	-4.88	-5.86	-7.06	-4.54
-574.821	-0.58	-2.24	-2.05	-3.68	-2.8	-4.55	-3.19	-3.55	-3.7	-5.34	-3.98	-3.2	-2.61	-4.21	-3.9	-3.88	-3.69	-6.08	-6.53	-8.26	-6.07
-573.717	-1.67	-1.68	-1.23	-1.64	0.16	-1.49	-1.12	-3.05	-1.86	-2.67	-1.16	-1.25	-3.47	-3.36	-4.09	-1.86	-3.29	-3.02	-4.84	-4.98	-4.52
-572.614	-1.09	-2.89	-1.65	-3.37	-2.57	-4.13	-3.05	-2.09	-1.75	-3.31	-2.45	-0.24	-1.14	-4.46	-4.49	-3.14	-4.32	-4.15	-5.55	-6.33	-4.99
-571.51	-1.74	-2.31	-2.3	-2.04	-2	-3.89	-4.03	-3.38	-1.3	-3	-1.53	-2.53	-4.01	-4.57	-3.12	-3.83	-3.72	-4.97	-4.9	-7.11	-5.49
-570.407	-2.64	-3.18	-1.83	-2.88	-1.2	-2.1	-0.99	-1.45	-1.08	-2.92	-1.18	-2.53	-2.57	-2.31	-2.63	-2.38	-4.27	-5.92	-4.92	-6.22	-3.54
-569.305	-1.65	-2.11	-0.63	-1.15	-1.04	-1.96	-1.72	-0.78	-0.6	-1.05	-0.84	-0.91	-1.03	-3.32	-2.95	0.16	-3.01	-5.13	-4.94	-5.2	-2.6
-568.202	-2.7	-2.26	-1.91	-2.51	-1.21	-2.82	-0.85	-3.06	-0.81	-3.41	-2.49	-2.89	-2.61	-2.59	-2.78	-3.57	-3.6	-5.16	-4.88	-6.66	-5.44
-567.1	-2.5	-1.99	-2.42	-2.66	-1.18	-2.31	-2.04	-1.35	-0.73	-1.29	-1.05	0.36	-0.77	-2.58	-2.03	-2.12	-2.71	-3.38	-3.87	-4.48	-3.95
-565.998	-3.76	-3.29	-1.7	-2.22	-0.78	-3.01	-2.66	-2.34	-1.47	-1.25	-0.54	-2.41	-1.97	-1.57	-2.22	-1.68	-2.84	-4.22	-5.01	-6.22	-4.76
-564.896	-1.95	-4.27	-2.13	-2.48	-1.7	-3.22	-2.54	-1.67	-1.61	-3.09	-2.32	-1.8	-1.93	-2.86	-2.05	-2.37	-4.72	-4.35	-4.42	-7.81	-4.65
-563.794	-3.36	-3.55	-3.21	-2.92	-2.8	-3.94	-4.4	-3.56	-2.9	-3.55	-2.05	-2.38	-2.16	-3.06	-3.04	-2.4	-4.17	-5.58	-5.89	-7.14	-5.09
-562.692	-2.9	-2.49	-3.2	-2.84	-1.15	-3.38	-2.67	-2.04	-0.96	-2.58	-2.12	-1.24	-1.38	-3.34	-1.56	-1.75	-3.05	-4.74	-5.46	-6.85	-5.56
-561.591	-1.67	-1.55	-0.71	-1.01	-0.48	-2.5	-1.51	-1.48	-0.64	-3.03	-2.48	-0.12	-0.94	-1.67	-1.4	-2.27	-1.67	-4.49	-4.36	-4.66	-3.89
-560.49	-4.55	-5	-5.42	-5.11	-3.79	-4.9	-5.03	-4.19	-3.81	-3.08	-2.18	-3.24	-3.58	-5.04	-4.14	-4.56	-3.5	-5.09	-5.66	-7.19	-5.95
-559.389	-2.62	-2.6	-4.26	-2.21	-2.87	-4.53	-3.03	-3.24	-2.81	-1.45	-0.34	-0.9	-1.9	-2.98	-2.21	-2.34	-3.73	-5.02	-6.42	-6.34	-4.94
-558.288	-3.54	-2.87	-3.47	-4.11	-1.99	-4.42	-3.05	-2.91	-1.62	-2.03	-2.6	-1.58	-1.92	-3.28	-4.16	-0.71	-1.89	-4.09	-5.56	-7.36	-3.91
-557.187	-2.99	-3.53	-3.35	-3.18	-3.79	-3.29	-3.95	-4.25	-3.12	-2.59	-1.44	-3.5	-2.39	-4.21	-3.67	-2.96	-4.54	-4.29	-4.54	-6.71	-3.93
-556.086	-2.24	-2.18	-1.9	-4.17	-3.4	-3.17	-2.16	-3.28	-1.55	-2.98	-0.89	-1.76	-1.29	-3.11	-4.24	-1.31	-3.55	-4.19	-4.59	-6.17	-3.63
-554.986	-3.04	-3.06	-3.27	-1.94	-1.55	-3.45	-2.62	-1.71	-2.86	-1.62	-2.13	-1.05	-0.64	-2.07	-1.62	-0.82	-2.38	-4.02	-4.58	-5.6	-4.53
-553.887	-4.05	-2.89	-4.84	-4.06	-2.61	-4.06	-3.19	-2.01	-1.6	-3.93	-2.22	-2.73	-2.65	-4.75	-3.7	-1.79	-3.06	-5.37	-5.52	-7.18	-5.77
-552.787	-1.12	-2.86	-2.51	-4.3	-3.5	-2.39	-1.77	-2.64	-2.01	-3.29	-2.19	-2.08	-1.86	-2.88	-1.86	-1.53	-3.97	-4.68	-5.66	-6.77	-4.33
-551.687	-5.47	-3.71	-4.53	-4.6	-4.07	-5.34	-4.29	-4.9	-3.08	-4.01	-3.12	-4.79	-4.12	-5.19	-4.12	-4.01	-4.06	-6.75	-6.84	-8.16	-7.63
-550.587	-2.13	-3.63	-3.73	-3.03	-1.62	-3.39	-2.68	-2.74	-2.31	-3.56	-2.65	-2.5	-2.2	-3	-2.61	-1.21	-1.9	-4.9	-4.78	-7.46	-4.39
-549.488	-4.31	-2.34	-2.92	-4.27	-3.57	-3.42	-3.48	-6.19	-3.34	-4.09	-2.77	-2.64	-2.6	-5.05	-3.88	-2.78	-4.48	-4.83	-5.7	-7.21	-5.13
-548.389	-3.18	-4.3	-5.45	-4.11	-3.66	-5.27	-4.39	-4.34	-3.21	-4.06	-3.78	-2.02	-3.3	-3.76	-4.87	-3.85	-4.22	-4.57	-6.37	-6.83	-6.34
-547.29	-2.34	-3.4	-2.69	-3.6	-1.97	-4.93	-3.61	-3.27	-1.32	-2.74	-2.61	-2.46	-3.18	-3.66	-4.02	-1.98	-4.76	-4.49	-5.59	-7.54	-3.46
-546.192	-3.99	-1.35	-1.49	-2.82	-2.85	-3.68	-2.49	-3.36	-1.6	-2.77	-1.65	-1.78	-2.1	-3.03	-2.18	-2.03	-3.34	-4.9	-5.57	-5.76	-5.33
-545.093	-2.22	-3.46	-3.76	-4.31	-2.66	-4.63	-2.78	-3.3	-3.5	-3.31	-1.59	-2.34	-3.35	-5.1	-3.3	-1.81	-2.53	-4.53	-5.26	-6.75	-5.31
-543.995	-1.22	-1.77	-1.23	-1.43	-0.85	-1.15	-0.37	-2.03	-1.43	-2.7	-0.8	-0.47	-1.28	-2.35	-2.39	-1.83	-2.7	-1.82	-4.65	-5.34	-2.7
-542.897	-2.04	-3.54	-2.13	-3.1	-2.81	-2.18	-3.3	-1.87	-2	-2.78	-1.5	-3.56	-3.83	-3.02	-2.92	-2.57	-2.93	-4.11	-4.64	-7.55	-4.69
-541.798	-3.25	-3.42	-4.85	-3.87	-3.19	-4.81	-4.08	-3.11	-3.49	-3.92	-3.53	-4.12	-2.73	-5.35	-4.02	-3.09	-4.51	-6.68	-6.94	-8.21	-6.52
-540.701	-1.92	-1.22	-2.3	-4.04	-2.6	-4.16	-3.05	-3.87	-2.01	-3.28	-2.54	-1.98	-1.5	-3.37	-3.63	-2.6	-2.98	-3.65	-4.29	-7.78	-3
-539.603	-3.3	-4.7	-3.75	-4.88	-2.07	-4.09	-4.07	-4.81	-3.79	-3.66	-3.49	-3.43	-2.69	-4.12	-3.89	-2.64	-4.93	-5.71	-6	-8.57	-7.37
-538.506	-0.38	-1.93	-2.37	-0.99	-1.16	-1.48	-1.06	-1.85	-1.58	-0.97	-0.39	-1.35	-1.25	-2.04	-2.61	-1.78	-2.92	-2.9	-3.95	-6.96	-2.36
-537.409	-1.39	-1.05	-2.32	-1.73	-0.33	-1.8	-1.61	-1.37	-1.1	-1.72	-1.33	-0.87	0.06	-1.34	-1.15	-0.54	-2.02	-3	-3.14	-6.05	-4.98
-536.312	0.57	-1.98	-2.8	-2.63	-1.83	-2.17	-2.22	-2.5	-0.34	-1.42	-1.45	-1.17	-1.71	-3.88	-2.32	-0.84	-3.24	-3.31	-4.53	-7.04	-5.07
-535.215	-2.05	-1.7	-1.68	-1.27	-0.98	-2.97	-2.03	-1.45	-0.9	-1.75	-1.11	-1.22	-2.38	-1.13	-0.73	-1.14	-3.87	-3.45	-3.89	-5.89	-3.69
-534.118	-3.48	-3.13	-3.85	-4.49	-3.5	-4.9	-4.88	-4.94	-3.47	-2.91	-3.06	-3.69	-2.43	-4.66	-5.2	-3.71	-4.41	-7.22	-6.83	-8.45	-5.22
-533.022	-1.97	-2.21	-3.13	-3.6	-3.28	-4.67	-4.12	-2.81	-2.22	-2.75	-1.69	-1.64	-2.18	-5.38	-4.33	-2.25	-5.08	-4.44	-5.75	-8.34	-6.18
-531.926	-0.75	-1.67	-1.58	-1.42	-1.16	-1.53	-1.03	-0.45	0.32	-1.3	-0.92	-0.47	-0.06	-1.18	-0.6	0.32	-0.53	-3.51	-4.76	-4.36	-4.88
-530.83	-2.69	-1.8	-2.98	-3.51	-2.66	-2.97	-2.36	-3.04	-2.5	-3.05	-1.63	-1.09	-0.92	-3.47	-2.2	-1.5	-3.49	-3.91	-5.81	-8.89	-5.04
-529.734	-0.37	-1.37	-1.81	-2.64	-1.24	-0.1	-1.67	-1.66	-1.22	-1.91	-1.76	-1.02	-2.02	-3.33	-2.11	-0.77	-3.21	-3.01	-3.48	-5.19	-4.85
-528.639	-1.4	-2.18	-2.64	-3.61	-1.23	-3.38	-2.62	-3.82	-2.76	-2.56	-1.33	-1.28	-0.9	-2.65	-2.86	-1.63	-3.41	-6.21	-6.36	-8.24	-5.4
-527.543	-1.08	-3.42	-3.5	-2.93	-2.85	-3.6	-3.27	-3.9	-2.39	-2.7	-2.04	-1.88	-1.67	-3.68	-3.1	-1.67	-2.87	-4.72	-5.61	-8.63	-6.49
-526.448	-1.65	-0.73	-1.6	-2.81	-1.87	-3.56	-2.36	-2.14	-2.04	-2.14	-1.43	-2.11	-1.66	-3.68	-2.65	-2.91	-4.69	-5.61	-5.38	-7.03	-5.91
-525.353	0.71	-0.12	-0.94	-1.64	0.87	-2.33	-1.63	-0.46	-1.18	-1.38	-0.68	0.23	0.09	-1.44	-1.46	-0.63	-0.69	-3.11	-3.43	-6.34	-4.19
-524.258	-1.01	-0.55	-2.25	-2.09	-1.94	-1.39	-3.23	-1.67	-0.62	-1.54	-0.82	-1.05	-1.4	-2.5	-2.53	0.21	-1.5	-3.8	-3.85	-7.13	-6.09
-523.163	-0.89	-1.08	-1.22	-2.69	-1.28	-3.12	-3.71	-2.23	-2.05	-2.32	-1.53	-1.41	-0.52	-3.04	-4.91	-0.44	-2.53	-4.31	-5.57	-8.67	-5.95
-522.069	-0.92	0.21	-1.26	-1.14	-0.59	-2.05	-1.42	-3.08	-0.48	-2.57	-1.21	0.65	-0.09	-0.87	-1.9	-0.14	-2.25	-4.24	-4.9	-6.69	-5.61
-520.975	-0.53	-1.94	-1.71	-3.07	-1.44	-3.91	-2.15	-4.02	-1.47	-0.69	-0.28	-1.74	-2.57	-3.32	-3.59	-0.74	-2.38	-5.07	-4.9	-8.59	-5.84
-519.88	-1.43	-0.42	-1.2	-1.21	-1.33	-2.35	-1.5	-2.25	0.08	-0.35	0.6	-0.13	-0.48	-1.62	-1.1	-0.75	-2.74	-3.73	-5.5	-7.94	-5.67
-518.787	0.3	-1.59	-0.64	-0.91	0.31	-3.54	-1.57	-1.64	-0.73	-0.67	-0.55	-0.47	-1.23	-0.9	-1.25	-0.34	-2.67	-3.56	-4.96	-6.96	-6.49
-517.693	0.69	2.33	1.03	0.4	2.31	0.38	0.68	0.56	0.9	1.71	2.48	2.78	1.71	-0.41	-0.12	2.42	-0.18	-2.33	-3.5	-5.2	-4.12
-516.599	0.61	-1.71	-1.16	-2.5	-0.82	-2.34	-1.12	0.73	-0.57	0.9	2.45	1.8	-0.83	-1.28	-1.54	1.22	-1.5	-3.87	-3.6	-6.02	-3.42
-515.506	0.13	-1.17	-1	-2.23	0.96	-1.7	-0.68	-1.48	0.77	1.08	2.37	0.65	-1.26	-0.58	-1.72	0.56	-1.46	-4.04	-4.49	-8.08	-5.96
-514.413	-0.29	-0.93	-0.28	0.05	0.82	-0.34	-0.67	0.49	1.26	0.42	1.93	1.67	1.52	-0.56	-0.69	1.42	0	-3.57	-3.76	-6.64	-3.77
-513.32	-2.14	-1.5	-1.06	-1.92	-1.25	-0.89	-0.96	-0.78	-0.13	0.43	1.11	0.58	1.03	-1.18	-0.98	0.51	-2.06	-2.84	-5.43	-6.77	-5.2
-512.228	-0.65	-1.56	-0.93	-0.13	0.36	-1.05	-1.52	-0.27	1.02	2.59	3.67	3.47	2.61	0.71	-0.58	1.67	-0.01	-1.17	-2.98	-6.83	-3.98
-511.135	-1.04	-2.03	-1.75	-1.09	-0.78	-3.62	-1.96	-0.15	1.28	0.77	1.33	1.6	1.07	-1.82	-2.16	1.59	-2.41	-3.45	-5.46	-8.04	-6.91
-510.042	-2.89	-1.49	-1.85	-2.64	-1.73	-1.53	-1.34	-1.42	0.99	0.66	1.66	2.64	1.95	0.38	-1.01	1.15	-0.37	-3.46	-4.38	-7.77	-5.91
-508.95	0.83	0.57	0.03	-0.17	1.7	-0.9	0.45	1.59	3.39	4.34	5.21	4.12	4.02	1.68	2.09	4.74	2.67	-0.54	-1.61	-5.61	-3.79
-507.859	-0.68	-0.32	-1.45	-2.38	0.3	-1.1	0.2	0.5	1.18	0.67	3.38	3.94	2.86	3.02	2.09	3.12	0.94	-1.65	-2.54	-5.91	-5.17
-506.767	-2.23	-1.43	-2.55	-1.99	-0.18	-2.15	-2.05	-2.37	-0.29	0.4	2.35	1.63	1.92	-0.9	-1.69	2.43	-0.75	-3.42	-3.77	-7.69	-6.2
-505.675	-0.52	0.27	-0.69	-1.54	-0.64	-2.53	0.11	0.47	1.32	2.06	2.42	2.71	3.17	2.75	1.47	4.21	0.82	-0.37	-2.56	-5.24	-3.89
-504.584	-0.24	-2.19	-2.14	-2.48	-1.93	-2.35	-1.17	-0.25	0.91	0.5	1.44	2.9	2.64	-0.73	0.37	2.24	0.22	-1.68	-3.21	-6.02	-5.15
-503.493	-0.55	-1.02	-1.84	-1.92	-0.75	-1.98	-1.29	-0.89	0.07	1.45	2.55	2.69	1.4	0.97	0.36	2.42	-0.16	-1.44	-3.06	-6.92	-4.82
-502.401	-1.07	-1.7	-1.58	-2.5	-0.24	-2.15	-1.72	-1.13	1.47	0.39	2.58	-0.85	1.56	1.64	1.1	2.53	2.29	0.08	-2.99	-5.7	-3.71
-501.31	-2.25	-3.14	-2.23	-2.92	-1.8	-2.71	-2.35	-3.37	-1.33	0.14	-0.73	1.19	2.34	-0.12	1	1.56	-1.34	-2.41	-3.98	-7.17	-7.14
-500.22	0.07	-1.38	-0.49	-1.09	-1.53	-2.46	-1.93	-1.28	0.36	-0.71	1.9	2.22	2.3	0.9	0.21	3.05	0.16	-0.68	-1.31	-5.83	-2.74
-499.13	0.87	-0.45	-0.61	-1.9	0.94	-1.58	0.74	1	1.91	0.32	1.19	1.73	2.32	1.97	4.12	4	1.22	-0.14	-1.55	-4.54	-2.56
-498.039	-0.95	-0.75	-0.56	-1.69	-0.73	-1.38	-1.18	-1.1	1.19	-0.16	0.16	2.13	1.7	0.1	0.6	2.26	1.02	-0.58	-2.47	-4.65	-5.98
-496.949	-2.66	-1.51	-1.47	-1.69	-2.09	-2.24	-2.54	-1.66	-0.86	-1.79	-0.84	0.6	0.48	-0.5	-0.26	1.57	-1.03	-0.7	-3.56	-4.42	-3.99
-495.859	-0.73	-2.59	-2.01	-1.84	-2.52	-3.69	-2.89	-2.97	-1.16	-0.93	-0.4	1.38	-0.13	-1.23	-2.18	0.64	-0.46	-2.4	-3.61	-6.76	-5.53
-494.77	-0.93	-1.05	-1.36	-3.46	-2.34	-1.85	-2.72	-3.75	-0.38	-1.85	-0.81	-1.42	-1.3	-1.09	-1.61	0.2	-2.14	-2.82	-4.1	-9.15	-5.65
-493.68	-0.83	-0.92	-1.13	-1.66	-0.75	-1.58	-0.84	-1.94	-1.97	-0.86	1.09	-0.05	1.66	-0.97	-0.97	1.78	-0.45	-0.96	-3.04	-4.64	-3.86
-492.591	-0.03	-0.49	-1.48	-1.64	-0.91	-2.42	-1.53	-1.25	0.74	-0.36	1.8	-0.86	-1.16	-0.97	-0.12	0.66	-0.17	-1.94	-3.07	-6.07	-5.12
-491.502	0.77	-0.81	0.08	-1.14	-0.29	-2.2	-2.17	-1.79	-0.38	0.39	1.22	0.95	0.81	0.29	0.01	2.76	0.3	-1.5	-1.93	-5.03	-3.71
-490.413	-0.13	-0.35	-0.21	-1.48	-1.04	-1.93	-1.43	-0.44	0.82	-1.77	-0.53	-1.08	-1.09	-1.58	-0.51	0.55	-1.48	-2.7	-2.71	-6.59	-4.09
-489.324	-1.82	-0.4	-0.8	-2.68	-1.15	-3.01	-3.39	-2.34	-1.88	-2.51	-1.87	-1.35	-1.39	-2.42	-2.24	-0.95	-2.37	-2.71	-4.91	-6.52	-5.37
-488.236	-0.62	-0.48	-0.32	-1.51	-0.86	-2.56	-1.59	-1.87	-0.56	-0.19	0.31	0.38	0.39	-0.38	-0.85	0.5	-1.47	-2.95	-3.52	-6.47	-4.31
-487.147	0.44	-0.76	-1.05	-1.99	0.73	-1.85	-1.76	0.22	-0.14	-1.95	0.63	0.99	0.18	-0.38	-0.41	1.06	-0.83	-0.46	-0.37	-5.18	-3.45
-486.059	0.6	-1.4	-0.94	-0.02	0.41	-0.25	-0.27	-0.69	-0.06	-0.79	2.21	-0.19	1.27	-0.62	-0.07	0.82	-0.71	-2.54	-2.7	-4.96	-3.38
-484.971	-0.8	-1.47	-1.39	-1.49	-1.71	-1.62	-2.22	-1.86	-0.49	-2.05	-0.52	-0.58	-0.41	-0.36	-0.19	1.01	-2.64	-2.72	-4.22	-6.35	-4.97
-483.884	-0.95	-1.9	-1.57	-2.47	-1.74	-2.43	-2.01	-2.21	-0.95	-1.97	-0.35	-1.61	-1.28	-2.24	-2.29	1.05	-3.02	-2.33	-3.81	-7.16	-4.92
-482.796	0.76	-0.03	-0.79	-2.02	-0.3	-2.13	-1.7	-1.35	0.47	0.05	0.33	0.36	-0.42	-0.96	-0.02	2.37	-1.85	-3.11	-4.89	-6.33	-3.76
-481.709	-1	-0.89	-2.89	-2.29	-2.01	-2.69	-3.16	-1.58	-1.98	-1.5	-2.22	-0.35	-0.37	-1.4	-1.18	0.05	-1.43	-5.3	-4.16	-6.44	-5.99
-480.622	-1.25	-1.91	-2.37	-2.9	-1.03	-3.72	-2.5	-1.94	-1.38	-1.84	-1.16	-1.02	-0.73	-0.93	-1.45	0.1	-2.2	-5	-6.09	-7.35	-5.43
-479.535	0.86	0.51	-1.05	-1.01	-1.11	-2.69	-1.92	-1.32	-1.45	-1.05	-0.05	0.33	1.84	-0.03	-0.17	0.3	-1.99	-1.93	-3.46	-7.01	-3.57
-478.448	1.88	-0.3	-1.1	0.65	1.02	0.87	-0.51	-1.04	-0.04	-0.52	1.24	1.19	0.86	0.75	-0.24	0.99	-0.82	-1.51	-1.55	-5.29	-2.54
-477.361	-1.47	-2.25	-2.45	-2.98	-2.19	-4.4	-2.8	-1.17	-1.5	-2.7	-1.95	0.35	-0.12	-1.77	-1.07	-0.98	-1.6	-3.97	-5.16	-7.73	-5.77
-476.275	-1.26	-1.16	-3.26	-3.64	-1.7	-3.41	-1.94	-3.69	-1.44	-2.56	-0.5	-1.89	-0.8	-3.28	-3.58	-0.83	-3.13	-4.8	-5.52	-6.92	-5.53
-475.189	-0.42	0.16	-0.56	-1.2	0.46	-1.28	-2.22	-1.29	-0.22	-0.38	1.72	-0.97	-0.08	-1.5	-1.62	0.4	-1.99	-2.18	-4.29	-6.22	-4.11
-474.103	1.63	-0.88	-0.63	-1.72	-2.03	-3.66	-1.54	-1.08	-0.66	-1.93	-0.98	-0.69	-1.46	-0.27	-0.91	-0.66	-1.68	-3.31	-4.45	-7.07	-5.68
-473.017	1.59	-1.26	0.29	-0.87	-1.79	-1.3	-0.3	-1.77	-0.35	-0.19	-0.23	1.39	1.61	-0.9	-1.14	1.68	-1.22	-2.55	-3.68	-5.96	-4.52
-471.931	1.54	0.88	-1.22	-0.56	0.07	-0.37	-1.33	-0.64	1.48	0.45	0.54	-0.29	0.94	0.12	0.95	1.52	0.74	-0.94	-3.77	-6.26	-3.11
-470.846	1.24	1.35	-0.18	-0.13	-0.02	-1.52	-0.91	-0.98	0.03	1.24	2.17	0.47	0.59	-0.38	-1.28	2.82	-0.36	-2.88	-4.55	-6.34	-3.43
-469.76	1.27	0.48	0.22	-0.22	0.25	-1.47	-3.22	-1.67	-1.05	-0.59	0.17	-0.7	0.35	-2.04	-1.48	0.56	-1.67	-2.35	-4.3	-6.26	-4.15
-468.675	-0.33	-1.54	-1.76	-1.91	-2.28	-3.26	-3.02	-2.2	-1.39	-2.69	-0.07	-0.68	-1.15	-2.46	-0.52	-0.88	-2.13	-4.6	-4.97	-8.72	-5.31
-467.59	-1.03	-3.18	-2.88	-3.08	-0.98	-4.14	-2.99	-3.42	-2.47	-2.53	-1.91	-1.77	-1.63	-2.85	-3.63	-0.49	-2.29	-4.71	-5.63	-8.5	-7.3
-466.505	1.48	0.72	-0.96	-1.27	-0.68	-2.85	-3.04	-2.11	-1.46	-0.47	-0.45	0.88	-0.23	-2.31	-2.21	0.3	-2.07	-3.31	-4.34	-7.66	-4.22
-465.421	0.03	-1.54	-1.09	-1.22	-0.87	-1.58	-2.36	-2.62	-0.92	-0.42	0.23	1.11	1.74	-1.5	-1.06	0.04	-2.39	-3.67	-4.44	-6.39	-4.95
-464.337	-1.67	-1.61	-2.06	-2.49	-0.65	-4.46	-2.86	-1.37	-1.39	-1.48	-1.43	-0.34	-1.29	-2.76	-3.01	-0.33	-2.45	-4.07	-4.77	-8.54	-5.9
-463.253	0.3	-1.32	-1.4	-1.82	-0.45	-2.9	-2.06	-2.38	-0.03	-0.5	1.49	1.3	0.94	-1.39	-0.56	0.36	-2.34	-3.65	-5.28	-6.87	-6.23
-462.169	-0.6	-1.08	-1.87	-1.95	-2.2	-3.46	-1.86	-2.68	-0.12	-1.16	-0.92	-0.86	-0.11	-2.11	-2.04	0.25	-3.17	-4.22	-5.13	-9.22	-4.97
-461.085	-0.25	-0.69	-0.89	-2.25	-0.92	-0.72	-0.59	-1.02	-0.88	-0.11	0.17	-0.16	-0.51	-0.48	-0.11	0.43	-1.8	-2.93	-4.58	-7.24	-5.83
-460.002	1.17	-0.64	-1.04	-1.47	-0.13	-2.03	-3.4	-2.33	-0.49	-0.47	0.29	-0.11	-0.85	-1.88	-1.01	-0.76	-2.24	-4.87	-5.28	-8.55	-4.75
-458.918	1.21	1.48	-0.11	-2.68	-1.4	-0.69	-1.04	-0.78	-1.47	-1.52	-0.05	-0.49	0.95	-1.04	-0.79	0.53	-0.7	-3.57	-4.68	-6.75	-5.24
-457.835	-1	-2.53	-2.23	-5.24	-2.85	-4.62	-2.88	-3.67	-1.79	-3.64	-1.47	-1.34	-0.67	-5.1	-3.92	-2.05	-4.96	-4.99	-5.92	-8.46	-6.7
-456.752	-1.31	-0.74	-0.75	-1.16	-2.47	-3.3	-3.85	-2.71	-1.94	-0.27	-0.34	0.87	-0.04	-2.11	-2.06	0.54	-2.63	-4.42	-5.71	-8.27	-6.03
-455.669	0.02	0.78	-0.42	0.31	0.38	-1.25	-1.1	-1.48	-0.13	-0.83	0.59	0.9	0.75	-0.77	-0.18	-0.14	-1.77	-4.81	-4.57	-6.66	-5.79
-454.587	-0.71	-2.39	-2.23	-4.12	-1.47	-3.15	-3.23	-4.28	-2.46	-1.61	-0.71	-1.81	-1.84	-3.11	-1.72	-0.8	-2.95	-5.25	-5.68	-8.05	-5.47
-453.504	0.8	-1.16	-1.32	-0.38	-0.34	-1.48	-2.07	-2.29	-1.2	-1.45	-0.01	0.17	0.76	-2.2	-1.36	0.28	-0.79	-4.86	-4.56	-6.31	-3.96
-452.422	0.81	0.91	0.34	0.81	1.51	-1.82	-1.05	-1.46	-0.7	0.09	0.26	-0.11	-0.55	-0.31	-0.68	0.22	-1.75	-3.34	-4.95	-4.1	-4.14
-451.34	0.98	-0.83	-1.48	-0.9	-1.39	-2.69	-3.04	-2.7	-1.41	-1.69	-1.16	-1.03	-0.14	-2.37	-1.66	-1.71	-2.37	-3	-4.45	-5.75	-5.08
-450.258	1.64	1.15	0.54	-2.6	-0.61	-2.37	-1.71	-2.42	-0.55	-1.56	-0.26	-0.27	0.44	-1.58	-1.84	-0.18	-1.49	-4.8	-4.33	-7.25	-5.31
-449.176	1.96	1.61	0.79	-0.89	-0.08	-1.78	-0.91	-0.77	0.5	-0.55	0.51	0.81	0.48	-0.5	-0.57	0.52	-2.87	-4.5	-3.88	-6.48	-4.46
-448.095	1.53	0.54	0.23	-0.67	2.06	-0.81	-1.06	-0.27	0.61	0.05	0.85	-0.85	0.39	-0.55	-0.87	1.22	0.26	-2.72	-3.75	-5.93	-3.47
-447.013	1.16	1.38	1.96	-0.88	-1.11	-1.66	-0.31	-0.36	0.75	-1.1	0.77	0.44	0.76	-0.19	-0.42	1.02	-1.44	-2.12	-3.74	-4.8	-3.2
-445.932	1.66	1.2	0.61	-1.16	0.09	-1.79	-0.5	-2.04	-0.39	-0.77	1.29	0.68	0.27	-1.04	-0.66	0.52	-2.36	-2.19	-3.35	-7.13	-3.48
-444.852	1.67	0.97	0.01	0.38	-0.38	-1.31	-0.6	-0.18	-0.6	-0.51	-0.13	0.41	0.02	-0.78	-0.53	0.36	-2.11	-3.21	-3.21	-6.09	-5.11
-443.771	0.89	-0.15	-0.54	-1.41	-0.39	-2.68	-1.47	-0.46	1.06	-0.91	-0.98	0.3	-1.03	-1.42	-0.54	-0.56	-1.7	-4.16	-4.06	-6.3	-3.78
-442.69	2.17	0.97	0.37	0.84	1.92	0.41	-0.23	-0.11	0.69	-0.12	0.63	1.89	1.21	-0.58	-0.18	0.84	-1.11	-1.57	-1.79	-4.91	-2.92
-441.61	1.84	0.37	0.51	-1.51	0.28	-2.45	-0.81	-0.99	0.2	-1.42	-0.28	-0.05	0.17	-1.04	-0.76	0.52	-2.27	-4.12	-4.07	-7.41	-5.65
-440.53	1.82	0.98	1.78	0.08	0.52	-1.09	-0.47	-1.48	0.54	0.47	0.8	-1.45	0.62	0.21	-0.44	0.71	-1.31	-4.28	-5.38	-4.9	-3.83
-439.45	2.96	2.39	2.92	0.54	1.58	-1.73	-1.24	0.18	1.1	1.03	1.12	1.48	1.47	-1.08	-1.24	-0.08	-1.88	-2.74	-2.82	-4.93	-4.35
-438.37	1.71	1.92	-0.46	1.11	1.98	-0.96	-0.6	-0.68	0.24	-0.03	0.74	0.52	1.08	-0.43	-0.5	-0.53	-1.99	-3.24	-4.03	-5.81	-2.57
-437.29	2.65	2.23	1.14	-0.09	0.45	-2.06	-1.13	0.22	1.49	0.72	-0.03	1.22	1.22	-1.21	0.38	0.36	-1.91	-1.81	-3.49	-7.12	-3.38
-436.211	2.41	1.6	0.32	-0.72	-0.01	-0.59	0.54	-0.26	1.03	-0.71	0.33	0.62	-0.13	-1.42	-0.6	0.47	-1.42	-3.88	-3.39	-5.23	-3.58
-435.132	3.21	2.36	2.36	1.74	1.86	0.9	0.97	1.2	3.04	-0.3	1.83	3.3	2.05	-0.21	0.46	1.82	-1.34	-0.9	-3.18	-5.2	-4
-434.053	1.78	1.78	0.77	0.17	2.12	1	1.82	1.29	1.17	1.71	0.57	1.7	1.08	-1.41	-0.68	0.83	-0.47	-3.11	-3.64	-5.2	-2.67
-432.974	0.38	1.77	0.27	-1.17	0.59	-1.41	-2.03	-1.23	0.04	-2.01	-0.1	-0.44	0.46	-1.06	-0.97	0.67	-2.4	-3.21	-5.19	-7.89	-5.43
-431.895	1.96	2.06	1.78	0.67	1.88	-0.01	0.15	-1.04	0.03	0.53	2.59	2.21	2.24	-0.91	-0.11	-0.16	-1.65	-2.65	-4.26	-6.43	-5.11
-430.817	1.83	2.37	1.41	-1.24	1.69	-1.27	-1.07	0.64	0.35	-1.01	1.07	0.84	0.81	-2.48	-0.81	-0.71	-3.62	-2.87	-4.69	-6.79	-4.66
-429.739	4.83	4.51	3.64	3.26	1.89	2.3	2.46	2.22	3.52	2.83	4.42	3.19	2.9	2.04	1.19	2.52	1	-1.45	-3.78	-4.28	-2.92
-428.661	3.37	0.53	0.32	2.12	2.08	-0.69	1.14	-0.39	0.82	2.75	0.65	1.11	1.03	-0.95	-0.76	1.14	-2.07	-4.27	-5.37	-7.44	-6.43
-427.583	5.49	5.61	4.92	3.31	3.73	1.58	3.58	3.88	5.55	4.01	4.98	3.83	2.3	2.22	1.87	2.23	0.13	-0.27	-1.88	-5.86	-3.2
-426.505	7.12	4.87	5.63	3.59	3.37	3.15	4.07	3.74	3.79	3.72	4.33	3.96	5.13	2.3	0.75	3.84	1.16	-0.68	-2.11	-3.97	-3.55
-425.427	4.41	4.35	2.87	2.9	3.61	1.75	2.25	4.29	3.1	2.34	3	4.81	3.62	0.82	0.75	2.51	-0.27	-2.27	-4.3	-6.62	-5.69
-424.35	7.02	6.32	5.95	4.2	6.02	2.97	3.26	2.24	3.82	5.51	5.48	5.62	5.12	2.81	2.17	4.93	0.91	-1.85	-2.24	-6.27	-4.28
-423.273	10.81	7.29	6.86	6.92	5.45	4.52	6.53	6.96	7.95	7.37	7.01	6.1	5.98	3.52	3.86	5.47	2.04	-1.29	-2.56	-5.29	-3.07
-422.196	9.28	8.67	8.76	5.98	6.43	5.37	5.75	5.72	6.38	6.22	7.62	7.9	5.77	2.71	1.98	5.05	1.64	-1.28	-2.86	-5.36	-5.66
-421.119	12.06	11.78	8.79	7.46	9.59	6.76	7.62	6.96	6.92	6.79	9.25	7.16	5.88	4.87	3.44	5.8	2.49	-0.91	-2.88	-5.37	-4.05
-420.043	16.37	16.47	14.98	13.77	13.92	10.35	11.77	10.73	10.81	10.08	12.27	13.07	9.42	5.65	5.25	8.09	4	1.03	-1.08	-6.12	-4.11
-418.966	19.42	15.21	15.28	14.8	14.15	12.64	11.6	8.05	9.49	10.5	10.37	10.49	8.66	5.71	5.88	6.69	4.38	-0.55	-2.75	-6.07	-5.95
-417.89	28.9	27.07	22.74	19.27	20.22	15.32	15.52	14.36	12.85	13.83	15.03	13.93	10.95	6.93	5.67	9.49	5.42	1.17	-1.56	-8.1	-4.84
-416.814	39.09	37.5	33.22	29.06	18.4	23.66	21.52	19.91	17.95	17.37	16.48	17.58	14.39	8.6	8.13	10.73	4.82	1.36	-0.3	-5.48	-4.89
-415.739	58.06	53.91	46.4	43.15	22.08	33.3	29.07	26.22	25.07	24.43	22.35	21.24	15.17	11.73	11.02	14.07	8.51	2.89	1.12	-6.39	-3.25
-414.663	65.25	64.42	60.19	58.54	40.95	47.5	38.58	36.4	35.18	32.86	29.5	28.01	21.86	16.09	13.26	15.41	9.77	5.97	1.84	-5.14	-4.93
-413.587	64.06	65.69	69.71	74.42	82.13	68.47	58.24	52.76	45.01	42.5	37.88	34.46	24.43	19.24	15.19	18.7	11.61	7.49	1.76	-4.5	-5.68
-412.512	51.87	59.73	69.25	81.43	100.46	90.69	79.61	73.02	65.25	59.16	50.98	43.8	33.66	23.95	18.94	23.83	15.07	8.88	4.38	-3.68	-4.41
-411.437	40.38	47.51	58.65	77.26	107.44	105.71	99.93	97.26	82.39	78.63	67.6	57.88	40.11	30.87	21.71	29.8	18.56	10.47	4.19	-3.46	-4.33
-410.362	31.06	36.22	45.91	62.77	94.92	110.68	119.38	120.34	110.06	103.22	89.68	74.72	55.78	37.87	31.42	34.35	23.09	12.86	5.99	-2.3	-3.89
-409.288	22.82	26.02	34.68	48.83	77.08	100.54	119.62	133.81	129.92	125.71	116.37	95.32	74.84	48.87	40.07	41.61	27.3	15.38	8.89	-2.45	-3.77
-408.213	16.37	19.42	26.13	34.93	57.91	83.6	109.52	128.48	133.59	141.32	132.31	114.38	86.92	61.05	47.97	53.96	35.82	21.29	11.6	-1.72	-3.71
-407.139	13.11	14.76	18.39	27.6	41.34	61.99	86.8	109.39	124.48	133.29	137.76	127.72	101.52	75.57	60.9	63.27	42.42	25.67	14.07	1.44	-2.98
-406.065	9.28	8.79	12.78	18.01	28.99	43.68	65.78	83.69	102.57	117.22	125.04	126.06	106.38	82.51	67.4	72.53	49.52	29.13	17.2	-0.12	-6.15
-404.991	7.5	9.46	12.39	12.46	22.79	32.03	49.78	63.51	77.54	94.06	105.57	112.51	104.56	86.42	74.68	77.7	53.99	33.21	20.11	5.02	-5.13
-403.917	5.76	6.68	7.76	11.38	15.3	22.29	34.72	44.51	58.77	67.33	82.37	89.37	90.05	79.27	71.1	76.38	56.31	35.52	22.09	3.34	-4.65
-402.843	5.56	4.44	5.2	7.27	14.08	16.42	25.59	31.69	41.9	47.69	61.76	72.83	74.24	68.8	65.07	73.62	56	36.5	26.68	5.46	-3.61
-401.77	4.47	3.4	4.98	7.31	9.8	11.43	16.61	23.35	30.68	36.08	44.35	55.71	57.95	54.88	54.51	63.94	48.19	33.74	25.44	4.77	-3.96
-400.697	5.12	4.8	5.1	4.23	6.52	8.11	13.99	15.06	18.86	22.6	31.69	37.55	42.99	39.72	41.6	51.87	41.26	28.94	21.36	5.06	-2.98
-399.624	5.04	2.84	2.75	4.43	6.52	9.16	10.13	12.41	15.34	16.77	25.85	28.84	29.15	29.67	30.28	39.05	32.99	24.47	18.6	5.92	-2.43
-398.551	2.33	1.74	2.27	1.12	2.8	2.14	4.99	8.05	11.5	10.38	13.22	19.24	20.85	18.76	20.47	27.76	22.52	18.01	13.07	1.99	-3.23
-397.478	2.35	1.15	0.76	-0.03	1.4	1.04	3.05	3.6	6.8	7.47	12.55	14.53	13.75	13.33	14.87	21.39	17.13	13.17	8.38	0.91	-5.59
-396.406	1.64	1.08	0.34	2.15	2.33	0.66	2.93	4.83	6.84	8.46	9.39	11.9	13.25	9.48	9.71	16.21	12.96	10.49	8.45	0.04	-2.07
-395.334	2.68	2.42	2.63	0.01	3.29	3.42	3.5	4.72	5.69	7.97	8.54	9.28	10.54	10.46	10.81	13.42	11.57	9.8	6.86	-0.21	-2.78
-394.262	1.93	0.3	0.53	-0.12	1.53	0.52	2.01	2.61	3.84	3.15	6.03	5.19	7.78	6.23	6.16	8.79	6.98	5.76	4.21	-0.85	-4.18
-393.19	0.43	0.18	-0.74	-0.82	0.39	0.19	1.36	-0.96	-0.03	0.99	3.24	5.8	4.75	3.73	4.62	5.65	2.84	1.67	0.24	-3.65	-4.71
-392.118	1.26	1.12	1.57	0.54	-0.09	-0.66	0.96	0.11	2.25	2.47	3.45	4.1	3.4	2.4	4.1	4.32	3.64	2.63	1.3	-2.21	-2.18
-391.047	1.49	0.79	1.38	-1.05	0.73	0.17	0.59	0.43	1.86	2.47	4.42	4.35	3.89	3.63	2.69	5.02	3.61	2.51	1.64	-1.8	-2.76
-389.975	-0.27	0.77	0.1	-0.21	0.69	-2.13	-0.16	-1.06	0.49	-1.05	1.34	0.63	1.15	1.67	2.03	1.57	0.42	0.54	-0.77	-3.46	-3.15
-388.904	0.46	0.27	0.19	-1.08	-1.83	-1.09	-0.1	-0.68	-0.72	0.02	0.18	1.65	2.22	1.11	1.36	1.19	0.18	-0.48	-1.83	-1.72	-2.86
-387.833	1.62	0.24	0.3	-0.39	0.24	-0.44	0.49	-0.32	0.29	0.65	0.87	0.91	1.57	1.93	0.03	2.49	1.21	0.04	-1.49	-1.76	-2
-386.763	3.21	0.65	1.45	0.22	1.18	0.27	0.98	0.7	1.6	1.91	3.32	2.91	3.17	1.14	1.88	3.69	1.78	0.16	-0.36	-3.56	-0.36
-385.692	0.58	0.32	-0.48	-0.12	0.18	-1.03	-1.49	-0.07	1.65	-0.43	0.16	0.8	0.53	-0.34	-0.59	2.76	1.08	-0.95	-2.44	-2.83	-2.4
-384.622	2.94	1.27	1.26	-0.71	0.98	-1.71	-1.16	0.32	0.87	1.47	1.41	2.35	2.39	0.69	1.13	2.07	1.68	0.5	-1.38	-3.8	-1.96
-383.551	1.79	1.58	-0.08	-0.62	-0.95	-0.39	-0.69	-1.51	-0.37	-0.87	0.39	0.55	0.45	0.06	-0.34	1.78	0.16	-1.85	-2.47	-2.92	-3.22
-382.481	1.62	1.56	0.92	-0.59	0.41	-0.04	0.08	-0.69	2.24	0.78	0.94	2.22	0.97	0.49	0.14	2.84	1.65	-0.66	-1.62	-3.76	-2.14
-381.412	1.89	-0.38	-2.11	-2.06	-2.15	-3.13	-2.64	-0.7	-1.71	-1.4	-1.28	0	-0.18	-1.25	-1.53	0.19	-2.05	-3.01	-3.09	-4.55	-4.22
-380.342	2.49	1.82	1.42	-0.43	0.09	-0.75	0.73	-0.19	0.78	-1.61	-0.46	-0.85	-0.66	0.29	0.39	-0.44	-2.15	-1.67	-2.39	-4.81	-3.02
-379.272	5.11	2.82	2.05	-0.18	1.29	0.07	0.96	1.77	2.01	1.53	2.55	1.61	2.16	0.28	-0.41	2.48	1.19	0.44	-0.59	-1.89	-1.36
-378.203	1.61	1.24	1.26	-1.24	0.23	-0.85	-0.57	-0.5	0.28	-1.24	0.23	1.04	0.67	-2.01	-1.67	-0.69	-1.3	-2.62	-3.17	-4.64	-5.82
-377.134	7.35	3.91	2.63	2.63	3.66	1.25	1.47	2.52	2.39	1.56	2.52	2.04	2.96	1.3	1.38	2.41	1.58	-0.42	-0.76	-2.64	-2.11
-376.065	5.58	4.19	1.79	0.18	0.75	0.04	2.16	-0.03	0.95	1.09	2.67	2.44	0.98	1.23	1.52	2.39	-0.22	0.24	-1.17	-5.42	-3.45
-374.997	5.6	3.53	2.01	-0.78	0.41	-1.97	-1.02	-0.54	0.82	0.5	2.07	1.53	1.46	-0.89	-0.41	1.2	-1.81	-2.57	-4.35	-5.29	-5.02
-373.928	8.1	5.24	2.26	0.85	1.56	-0.54	-0.24	-0.85	1.51	0.4	2.43	1.55	1.91	-0.02	0.69	2.24	-0.47	-3.92	-3.73	-6.59	-4.82
-372.86	7.28	5.33	2.99	1.8	2.35	0.66	1.73	1.75	1.84	1.49	2.58	3.78	4.06	1.85	1.73	3.73	1.5	-0.05	-2.15	-5.05	-3.23
-371.792	6.51	5.07	2.16	0.04	1.09	-0.94	-0.1	1.62	1.45	-0.33	1.65	4.24	3.25	0.53	-0.2	0.43	-0.8	-0.07	-2.85	-6.23	-5.1
-370.724	5.54	4.11	2.29	-0.87	0.29	-1.3	-0.91	-0.09	1.56	1.36	1.84	1.26	1.17	-0.46	0.48	0.1	-1.97	-3.09	-3.72	-6.46	-4.71
-369.656	2.68	2.42	0.16	0.21	-1.04	-1.19	-1.9	-2.64	-0.52	-1.99	0.83	-0.2	-0.7	-0.09	-1.56	-0.56	-1.43	-3.78	-4.56	-6.95	-3.09
-368.589	4.15	1.92	0.17	-0.2	1.09	-0.54	0.22	-0.64	0.17	0.36	0.48	-0.15	0.62	0	0.48	0.18	-0.88	-2.56	-3.52	-3.71	-2.55
-367.521	2.58	1.01	0.37	-0.82	0.55	-2.16	-0.24	-0.99	-1.67	-0.33	0.9	1.34	2.17	0.36	0.46	-0.8	-0.99	-1.98	-1.21	-3.31	-2.05
-366.454	0.41	1.47	0.37	0.35	0.63	-0.92	-0.6	-0.84	0.51	0.05	0.67	0.08	0.5	-0.27	0.49	-0.27	-1.6	-0.32	-2.34	-2.32	-0.56
-365.387	1.87	0.97	0.08	0.1	-0.5	-0.43	0.61	-0.6	-0.67	-0.07	-0.62	-1.3	-0.63	-1.45	-0.6	-2.05	-1.6	-1.42	-1.57	-2.99	-1.72
-364.32	2.33	1.26	1.64	-0.08	0.25	-0.65	0.18	1.52	1.07	0.57	0.28	1.3	1.23	0.45	0.33	-0.07	-0.65	-0.35	-0.02	-0.27	-0.78
-363.253	0.5	0.74	0.03	-0.44	-0.52	-1.4	-0.37	-0.27	-0.03	-2.18	1.1	0.06	0.53	-1.11	-0.24	0.46	-0.04	-0.19	-1.01	-2.17	-1.74
-362.187	1.57	-0.05	0.84	1	0.49	0.19	1.01	1.2	1.84	1.42	0.93	0.87	0.93	1.08	0.2	0.27	-0.6	0.68	-0.08	0.81	2.06
-361.121	-0.78	-0.31	-0.84	-2.12	-1.68	-1.72	-0.67	-1.45	-0.71	-0.81	-1.01	-1.47	-1.16	-1.74	-0.05	-1.51	-0.45	-0.71	-1.04	-1.08	-0.8
-360.054	-0.26	0.27	0.93	-1.21	-0.95	-0.68	-0.14	-0.15	-0.09	-0.16	-0.4	-0.53	-0.23	-0.81	-1.56	0.52	0.44	-0.18	-0.02	-0.44	0.08
-358.989	-1.3	-1.21	-1.88	-1.13	-0.87	-1.93	-0.69	-0.48	-1.41	-1.63	-0.03	-1.74	-1.24	-1.21	-1.75	-0.4	-1.52	-0.98	-1.99	-2.11	-1.52
-357.923	-0.99	-2.23	-1.9	-1.76	-2.59	-3.16	-1.6	-1.88	-0.57	-1.08	-1.48	-1.19	-1.47	-0.53	0.01	-1.33	-0.67	-1.58	-1.32	-1.99	-3.13
-356.857	0.58	-0.18	0.51	-0.63	1.03	-0.84	-0.06	1.19	0.46	-0.35	-0.61	0.17	0.68	-0.04	0.07	-0.77	-0.53	-0.04	-1.53	-0.83	-1.41
-355.792	-0.29	-1.89	-1.08	-0.38	-1.5	-1.29	-0.93	-2.12	-1.98	-0.48	-0.64	-1.31	-0.95	-2.43	-1.64	-1.57	-0.75	-0.52	-0.38	-0.04	-1.36
-354.727	0.08	-0.02	-0.65	-1.09	0.18	0.12	-0.06	0.07	0.23	-0.63	-0.15	-1.14	-0.73	-0.59	0.37	-1.12	-0.26	0.37	-0.94	-0.22	0.7
-353.662	0.12	0.37	0.2	-0.9	-1.21	-0.22	0.82	-0.5	-0.31	-0.21	1.46	-0.22	-0.93	-0.34	0.35	-1.09	0.17	0.46	-0.58	0.13	-0.56
-352.597	-0.8	-0.05	-0.23	-1.55	-1.45	-0.21	-0.57	-0.86	-0.42	-1.55	-1.69	0.08	-0.38	-0.06	1	-0.09	-0.64	-1.59	-1.21	-0.22	-1.31
-351.532	-0.2	-0.02	-1.06	-0.11	-1.39	-1.36	-1.4	-1.1	-0.38	-0.42	-0.53	-0.99	-0.71	-0.82	-0.75	-1.22	-1.17	0.21	-0.66	0.1	0.44
-350.468	2.2	0.53	1.17	-0.8	0.1	0.89	1.8	1.2	1.65	1.96	0.34	0.27	0.59	0.31	1.47	1.01	2.67	1.33	1.08	-0.2	1.23
-349.404	1.78	0.2	0.2	-0.5	0.15	0.77	0.09	0.03	0.42	-0.35	-0.47	1.3	0.04	0	0.71	0.7	0.67	0.35	0.19	0.16	-0.16
-348.34	-1.67	-1.29	-1.26	-2.69	-0.95	-1.16	-1.65	-1.93	-1	-2.6	-1.33	-2.38	-2.04	-0.43	-0.45	-1.41	-0.72	-1.41	-0.94	-1.3	-2.16
-347.276	-0.07	-0.93	-0.64	-2.54	-0.92	-0.43	-1.1	-0.98	-0.54	-1.22	-0.68	-1.3	-0.76	-1.9	-2.61	-0.97	-2.03	-1.6	-0.93	-1.55	-1.24
-346.212	-0.42	0.11	0.06	-0.99	-0.76	-2.03	-2.36	-0.32	-1.2	-0.82	0.34	-1.38	-0.72	-0.76	-0.54	-0.06	0.47	-1.15	-0.32	-0.73	-1.69
-345.149	-0.38	-3.32	-2.39	-1.85	-0.72	-0.69	-0.39	-1.53	-0.32	-2.15	-1.22	-0.57	-0.33	-1.7	-0.24	-0.2	-0.71	-0.35	-0.78	-0.65	-1.1
-344.086	-0.03	-0.75	-0.12	-1.47	-0.28	-0.6	-1.11	-1.06	-0.53	-1.49	-0.75	0.58	1.23	-0.99	-1.41	-0.78	-0.67	-0.62	-1.08	0.24	0.15
-343.022	0.63	-0.51	1.03	-0.95	-0.61	-0.82	0.06	-0.5	-0.12	-1.24	-1.24	-0.86	-1.63	-1.27	-0.59	-1.32	-1.3	-0.13	0.16	-0.83	-1.1
-341.959	1.71	-1.51	-1.41	-1.5	0.58	-0.21	-1.75	-1.13	0.05	0.52	0.76	0.23	0.01	0.6	0.93	-0.3	0.43	0.31	0.5	-0.37	0.48
-340.897	-0.37	-0.83	-0.3	-2.1	-0.94	-0.67	-0.5	-0.7	-0.68	-1.04	-0.46	-0.95	0.9	-2.3	-1.72	-0.78	-0.28	-0.64	-1.29	-0.11	-0.32
-339.834	0.52	0.29	1.07	-0.51	-1.61	-1.2	0.03	-0.68	-0.43	0.36	0.17	-0.59	-1.23	-0.83	-0.2	-1.06	-1.3	0.23	-0.44	-0.57	0.05
-338.772	-0.77	-0.35	-0.11	-0.79	-0.38	-1.65	-1.22	0.24	0.64	-0.75	-0.23	0.66	0.25	-0.03	-0.43	0.39	-0.02	0.55	0.65	0.83	0.14
-337.71	-0.82	-1.28	-1.51	-1.61	-1.3	-1.11	-0.53	-1.74	-1.67	-1.22	-0.57	-1.77	-1.13	-0.98	-0.97	-1.04	-1.69	-0.18	-1.1	-1.31	-0.48
-336.648	-1.56	0.67	-0.72	-1.41	-2.16	-1.74	-1.34	-0.21	0.01	-2.99	-1.09	-0.87	-2.15	-1.22	-0.96	-2.36	-1.62	-1.42	-1.57	-0.79	-2.34
-335.586	-1.33	-1.63	-1.58	-1.45	-1.74	-1.1	-1.3	-2.08	-0.6	-1.49	-0.29	-1.3	-1.19	-1.36	-0.51	-1.06	-0.45	-0.65	-0.61	-1.95	-1.49
-334.524	0.21	1.19	1.24	-1.32	-1.4	-0.62	-0.07	0.1	-0.37	-1.57	-0.06	0.34	0.22	-1.35	-0.49	-0.47	-0.06	-0.27	-0.16	-1.45	-0.12
-333.463	1.08	-0.06	0.05	-1.5	-0.53	-0.11	-0.36	0.61	0.57	0.06	-0.11	-0.19	0.27	-0.49	0.27	-0.12	0.24	-0.92	-0.59	0.01	0.22
-332.401	-0.85	-1.96	-1.8	-2.18	-1.67	-3.09	-2.64	-1.14	-0.44	-2.28	-1.6	-1.54	-2.22	-2.71	-3.19	-1.85	-1.78	-0.82	-0.96	-1.9	-2.31
-331.34	-1.91	-1.11	-0.27	-0.87	-1.76	-1.69	-0.17	-1.64	0.19	0.17	-1.28	-0.08	-0.3	-1.27	-0.78	-0.61	-0.6	-1.28	-1.4	-0.93	-1.71
-330.28	-0.68	-0.25	0.69	-0.54	-0.68	-1.04	-0.5	-0.49	-1.18	-0.3	-0.44	0.25	-0.74	0.93	0.88	-1.07	-2.11	0.21	0.94	0.03	-0.5
-329.219	0.54	-0.74	-0.76	-0.91	0.23	-0.62	0.37	0.54	0.82	0.41	-0.63	-0.15	1.05	0.05	0.63	1.81	0.83	0.42	0.35	-0.55	0.44
-328.158	0.59	0.67	0.8	-0.64	0.62	0.7	0.25	-0.2	0.71	-0.24	0.55	-1.03	-0.7	0.98	0.56	-0.72	0.57	0.66	-0.09	0.44	1.71
-327.098	-0.16	-0.29	-0.11	-2.04	-1.15	-0.88	-0.84	0.61	-0.24	-0.55	0.16	-0.53	-0.36	-1.35	-0.99	-0.16	-0.12	0.01	-1	-1.18	-0.82
-326.038	0.62	0.19	1.65	0.91	-0.8	-0.14	0.92	0.15	1.07	0.31	0.61	0.11	0.14	-0.33	-0.3	0.08	0.88	-0.26	0.05	0.36	-0.29
-324.978	-1.61	-2.26	-1.14	-2.63	-2.45	-1.93	-2.36	-2.03	-1.36	-1.71	-0.86	-1.55	-1.7	-1.55	-0.37	-1.31	-1.37	-1.75	-2.2	-0.93	-1.33
-323.918	0.1	-1.58	-0.88	-1.32	0.24	-2.11	-0.88	-0.63	-0.05	-1.77	-1.5	-1.07	-1.18	-1.7	-0.81	-0.26	0.74	-0.25	0.46	-0.54	-0.83
-322.859	-2.06	-1.55	-1.87	-0.64	-1.05	-1.86	-1.65	0.74	-0.55	-0.81	-0.82	-0.91	-0.89	-0.67	-0.29	-1.1	-0.82	-0.39	-0.75	-0.36	-1.37
-321.799	-1.37	-0.67	-0.22	-2.65	-0.63	-2.09	-1.07	-1.97	-1.28	-1.94	-1.79	-1.11	-0.63	-2.16	-0.77	-0.58	-1.59	-0.75	-1.92	-0.31	-1.59
-320.74	-0.76	-0.74	0.3	-0.9	0.01	-1.85	-1.07	0.37	0.59	-0.94	-0.28	-1.11	0.08	-0.27	0.27	-0.21	0.43	-0.07	-0.19	-0.7	-0.99
-319.681	-0.76	0.07	-0.35	-1.61	0.43	-1.58	-1.12	-0.25	0.32	-1.09	-1.37	-0.43	0.01	-0.48	0.18	-0.57	-1.15	0.29	0.34	0.16	0.11
-318.622	-0.56	-0.16	-0.25	-0.63	0.23	-1.09	-0.7	-0.1	0.26	-0.48	-0.36	-0.67	-0.02	-1.65	-0.89	-1.24	0.39	-0.26	-1.05	-0.65	-0.83
-317.563	0.41	0.67	0.72	-0.8	-0.96	-0.73	0.14	-1.25	-0.28	-0.66	0.45	0.6	0.49	-1.23	-1.22	-0.97	-0.71	0.57	0.56	-0.12	-0.36
-316.505	-0.9	-0.68	-1.2	-1.61	-1.49	-1.09	-0.78	-0.68	-1	-1.61	-2.11	-1.12	-1.08	-0.88	0.2	-1.9	-1.61	-0.1	-1.41	-0.46	-0.58
-315.447	-1.36	-0.18	-0.5	-2.02	-1.19	-1.01	-1.4	-1.35	-0.62	-1.32	-1.51	-0.56	-0.38	-1.14	-0.61	-0.55	-1.45	-0.62	-1.27	-0.42	-1.15
-314.389	-0.64	-0.36	-0.1	0.23	-0.49	-1.05	-0.77	-0.07	-0.17	-0.26	0.18	-1.88	-0.89	-0.24	-0.23	-0.88	-1.71	-0.9	-0.18	-1.17	-0.25
-313.331	-1.4	-0.69	-0.62	-2.58	-1.75	-2.39	-1.39	-1.07	-1.5	-1.35	-0.02	-1.21	-0.74	-0.83	-0.74	-1.63	-1.79	0.21	-0.23	-2.35	-1.58
-312.273	0	-0.59	-0.74	-0.41	0.01	-0.54	-1.67	-0.76	0.31	-0.37	-0.33	-0.74	-0.84	-0.85	-0.76	-1.6	-0.34	0.41	-0.79	-0.54	-0.49
-311.215	-1.19	-1.95	-1.99	-1.79	-2.29	-1.88	-2.14	-3.15	-1.96	-0.95	-1.19	-1.34	-1.63	-1.49	-1.61	-1.91	-1.3	-1.24	-1.65	-0.87	-0.19
-310.158	0.38	0.33	0.71	-0.76	-0.58	-1.2	0.03	-0.05	1.2	-1.35	-0.41	0.04	-0.15	-1.26	0.41	1.27	0.3	0.31	0.21	0.77	0.72
-309.1	-1.14	-1.43	-1.23	-2.53	-0.8	-2.17	-1.94	-2.38	-1.08	-1.3	-1.42	-1.37	-1.91	-2.35	-1.4	-2.01	-1.47	-2.03	-1.97	-1.07	-0.47
-308.044	0.44	-0.08	0.16	0.49	-0.26	-1.17	-1.3	0.02	0.04	-0.82	-0.57	0.1	-0.48	-0.31	0.78	0.17	-0.68	0.29	0.35	0.83	-0.1
-306.987	-1.13	0.15	-0.29	-1.33	-1.06	-0.67	0.05	-0.29	-0.51	-0.11	0.56	-0.13	-0.49	-0.54	0.22	0.07	-0.62	0.95	1.09	-0.62	-0.44
-305.93	-1.83	-2.73	-2.07	-2.19	-1.97	-1.34	-2.44	-1.46	-1.39	-1.55	-1.11	-1.38	-1.1	-1.79	-2.08	-1.84	-2.86	-1.76	-2.04	-2.27	-1.26
-304.874	0.53	0.46	0.92	1.01	0.1	0.92	1.76	1	1.44	0.51	0.06	-0.36	0.47	0	-0.49	0.05	0.76	0.58	1.97	1.13	0.71
-303.817	0.22	-0.15	-0.36	-0.51	0.65	-0.27	-0.32	-0.36	-0.47	0.42	0.67	-0.04	-0.05	0.72	0.76	0.27	0.98	0.37	0.22	0.14	0.04
-302.761	-0.09	-1.49	-1.48	-1.83	-2	-1.48	-1.01	-0.53	-0.24	-2.11	-1.03	-2.17	-2.06	-1.83	-1.49	-1.11	-0.79	-0.35	-0.3	-1.29	-0.94
-301.705	0.01	-0.14	0.56	-1	-0.55	-0.92	-0.12	-0.38	-0.36	-0.52	-0.36	-0.04	0.54	0.03	-0.22	-0.85	-0.63	0.85	0.59	0.6	-0.2
-300.649	-1.29	-0.6	-0.43	-1.14	-1.09	-1.45	-1.83	-1.78	-1.22	-0.95	-1.03	-0.78	-1.63	-1.09	-1.12	0.38	-0.23	-0.93	-0.75	-1.38	0.46
-299.594	-2.07	-0.41	-0.45	-1.56	-2.59	-1.74	-1.09	-1.53	-1.92	-1.05	-0.3	-0.25	-0.3	-0.99	-0.52	-2.01	-2.02	-0.96	-1.61	-1.24	-0.94
-298.539	1.57	-0.06	0.28	0.31	2	1.16	1.22	1.14	0.69	0.84	1.53	-0.16	0.21	-0.28	0.64	0.14	0.43	0.87	0.97	0.84	1.32
-297.483	-1.37	-1.42	0	-1.79	-0.97	-1.95	-1.42	-1.37	-0.24	-1.01	-1.24	-0.39	0	-1.83	-1.48	-0.19	-0.98	-1.4	-1	-0.44	-2.3
-296.429	0.27	-0.93	-1.54	-0.06	-0.81	-1.12	-0.73	-0.36	-0.35	0.57	0.21	-0.96	-1.09	-0.79	-0.41	-0.46	-0.67	0.74	0.35	-0.02	-0.47
-295.374	0.05	-1.43	-1.66	-1.91	-0.74	-0.49	-0.76	-1.24	-0.06	-2.54	-1.25	-1.33	-0.98	-1.51	-0.18	-1.97	-2.01	-0.47	-0.65	-1.46	-1.12
-294.319	1.35	0.43	-0.06	-0.16	0.01	-0.15	0.88	0.36	1.58	1.01	2.16	0.72	0.8	1.08	1.54	-0.18	0.39	0.49	1.19	-0.39	-0.11
-293.265	-1.28	-0.39	-1.52	-2.82	-1.73	-2.72	-1.99	-1.72	-0.96	-1.16	-0.29	-0.94	0.77	-2.53	-1.29	-1.01	-1.49	-0.87	-1.54	-0.72	-1.09
-292.21	-0.77	-0.53	0.01	-1.45	-1.92	-0.72	-1.56	-0.15	-0.38	-2.03	-1.51	-1.9	-1.67	-1.31	-1.4	-1.12	-1.16	-0.98	-1.17	-1.38	0.07
-291.156	-1	-1.2	-1.04	-1.68	-2.39	-2.15	-1.71	-2.25	-1.33	-0.8	-1.59	-1.2	-0.97	-1.43	-0.51	-1.7	-1.97	-0.73	-1.45	-0.69	-0.45
-290.102	0.07	-1.54	-1.23	-2.14	-0.6	-1.07	-1.47	0.1	0.28	-0.51	0.37	-1.17	-1.16	-2.08	-0.95	-1.63	-1.16	-1.07	-0.9	-1.34	-1.01
-289.048	-1.11	-1.32	-1.13	-1.14	-2.09	-1.03	-0.04	-1.53	-0.31	-1.29	-1.32	-1.2	-0.2	-0.92	-0.22	-0.4	-0.81	-1.07	-0.73	-0.11	-0.41
-287.995	-0.53	0.26	0.02	-1.92	-0.16	-0.29	-0.57	0	0.16	-1.06	-0.97	-1.44	-1.07	-1.72	-0.56	-1.64	-0.28	-1.29	-0.59	0.13	-0.56
-286.942	-0.29	-0.5	-0.37	-0.62	-0.53	-0.41	0.59	0.53	1.11	-0.26	-0.21	-0.77	-0.71	0.28	0.31	1.12	0.25	-0.19	-0.73	0.77	-0.23
-285.889	-1.42	-1.58	-1.42	-1.86	-1.92	-1.4	-1.53	-1.84	-1.45	-1.42	-1.63	-1.49	-1.42	-2.62	-2.15	-2.15	-2.34	-0.93	-0.23	-1.29	-1.76
-284.836	-0.54	0.67	0.49	-1.24	-0.28	-0.43	0.27	-0.51	-0.45	-0.25	-0.64	0	-0.77	-0.34	-0.62	-0.14	0.2	-0.72	0.12	-0.79	-0.43
-283.783	-1.28	-1.31	-0.89	-0.47	-1.01	-1.56	-1.22	-1.69	-0.93	-2.11	-1.47	-1.02	-0.98	0.76	-0.24	-1.08	-0.53	0.08	-0.88	-0.15	-0.14
-282.73	0.99	-0.68	-0.46	-0.33	-1.61	-0.96	-1.08	0.26	-0.06	-0.82	-0.57	-0.48	-0.82	0.39	-0.36	0.11	0.16	-0.49	0.1	-0.65	-0.7
-281.678	-1.34	-0.75	-0.08	-1.35	-0.38	-1.67	-0.5	-0.65	-0.7	-0.51	-0.72	0.13	0.6	-1.45	-0.05	0.41	-0.46	-0.97	-0.23	-0.97	0.06
-280.626	-0.71	-0.99	-0.88	-2.65	-1.19	-1.25	-1.81	-1	0.17	-1.78	-1.06	-1.74	-0.8	0.2	0.45	-0.95	-0.43	-0.39	-0.67	-1.34	-1.28
-279.573	-0.26	-0.45	0.22	-1.06	-2.01	-0.21	0.04	0.48	1.1	-0.34	-0.19	-0.66	-0.67	-1.21	-1.5	0.3	-0.74	-0.06	0.68	-1.51	-1.74
-278.522	-0.26	0.65	0.15	0.95	0.21	-0.32	0.33	-0.41	0.55	-0.5	-0.03	0.12	0.21	0.26	0.63	0.25	0.76	1.18	1.96	0.27	0.7
-277.47	-1.73	-1.3	-1.65	-2.65	-1.28	-1.42	-1.34	-0.63	-0.68	-0.92	-1.19	-1.1	-1.64	-1.36	-1.15	-1.99	-2.19	-0.83	-0.47	-1.15	-1.64
-276.418	0.78	0.6	0.84	0.13	-0.7	-1.05	-0.74	-0.15	-0.09	-0.93	0.12	-0.33	0.8	-0.43	-0.25	0.03	0.59	0.79	0.59	-0.32	0.17
-275.367	-0.78	-0.36	-0.86	-1.69	-2.13	-0.4	-0.3	0.19	-0.95	-1.09	-0.93	-2.14	-1.53	0.05	-0.27	-1.31	-1.75	0.41	0.02	-1.36	-0.96
-274.316	-0.46	-1.72	-1.78	-2.58	-1.34	-2.5	-2.2	-1.42	-1.82	-1.43	-2.31	-2.01	-1.72	-3.02	-2.67	-1.19	-0.4	-2.3	-2.81	-1.66	-1.69
-273.265	-0.51	0.02	0.03	0.12	0.35	-0.69	-0.35	-0.07	0.5	0.49	0.72	0.25	-0.46	0.79	0.77	-0.8	0.53	0.4	-0.12	0.37	-0.17
-272.214	-0.31	-1.02	-0.29	-0.19	-0.5	-0.92	-0.79	0.22	0.89	-0.7	-0.76	0.85	0.29	-0.44	-0.96	0.05	0.28	0.01	0.38	-0.14	-0.66
-271.163	-0.74	0.15	-0.68	-1.63	-0.77	-1.46	-0.8	-1.23	-1.02	-1.16	-1.53	-1.34	-2.25	-1.88	-1.09	-1.38	-1.43	-0.94	-1.41	-1.08	-1.62
-270.113	-0.27	-1.45	-0.35	-0.57	0.02	0.18	0.1	-0.48	1.07	-1.19	-0.68	-0.28	-0.6	-0.55	-0.04	-1.46	-0.79	-0.12	-0.32	0.02	0.27
-269.063	0.15	0.26	0.48	-1.39	-0.09	-1.14	-0.57	-0.12	-0.57	-1.26	-1	-0.28	-0.58	-0.66	0.02	-0.25	0.66	0.17	0.57	-0.6	0.18
-268.013	-0.72	-0.15	-0.17	-0.15	0.66	-1.73	-0.7	-0.81	-0.27	-1.28	-1.08	-2.1	-1.38	0.15	0.14	-0.59	-0.58	0.28	-0.03	-0.16	-0.11
-266.963	-1.12	-0.99	-0.66	-1.94	-1.45	-0.91	-1.37	-1.06	-1.21	-0.88	-0.75	-0.6	-0.5	-1.84	-0.88	-1.13	-0.43	-0.75	-0.82	0.04	-0.32
-265.913	-1.68	-1.1	-0.5	-2.14	-0.52	-1.4	-1.89	0.08	-0.45	-1.09	-1.26	-1.77	-1.7	-1.26	-2.2	-1.34	-0.98	-0.95	-1.12	-0.31	-0.74
-264.864	-0.84	-0.74	-0.62	-1.49	-1.54	-0.7	-0.92	-0.95	-0.08	-1.32	-0.76	-0.83	-0.89	-0.61	-0.7	-0.12	-0.03	-1.88	-1.64	-1.73	-1.1
-263.814	-0.7	-1.47	-0.45	-2.52	-0.8	-1.44	-2.11	-1.98	-0.98	-1.98	-2.51	-1.46	-1.36	-1.45	-0.8	-1.02	-1.3	-0.87	-1.86	-1.4	-0.99
-262.765	-1.19	-1	-1.02	-2.11	-2.31	-1.63	-2.37	-0.97	-1.09	-3.12	-2.21	-0.83	-0.99	-2.2	-1.75	-0.85	-1.19	-1.01	-1.2	-1.48	-0.27
-261.716	-0.44	-1.41	-0.64	-1.04	-0.93	-0.48	-0.23	-0.09	0.4	-1.13	-1.36	-1.29	-1.09	0.57	0.73	-1.19	-0.43	0.03	-0.02	0.22	-0.84
-260.667	-1.39	-1.27	-1.48	-2.34	-1.17	-1.42	-1.91	-2.05	-1.33	-2.11	-0.39	-0.44	-0.84	-2.97	-1.65	-1.14	-1.61	-1.11	-0.8	-1.8	-1.82
-259.619	-0.59	-1.51	-1.05	-1.16	-0.81	-1.45	-0.35	-0.76	-0.98	-1.93	-0.33	-1.17	-0.68	-1.27	-0.23	-1.84	-0.11	0.06	0.12	-1.83	-0.64
-258.57	0.85	-0.74	-0.46	0.26	0.47	-0.01	0.3	-0.3	0.66	-0.29	-0.93	0.02	1	0.72	0.18	0.08	0.57	0.96	0.09	0.93	-0.07
-257.522	0.05	-0.43	0.11	-0.38	-0.47	-0.3	-0.24	-1.75	-1.49	-0.11	-0.88	-0.32	-0.6	-0.47	-0.45	-0.97	-1.02	0.13	-0.53	-0.6	-0.42
-256.474	-0.81	-0.91	-1.13	-1.15	-1.27	-1.24	-1.15	0.04	0.31	-0.97	-0.73	-0.93	-0.02	-0.69	-0.85	-1.26	-0.96	-0.28	-0.44	0.19	-1.32
-255.426	-0.73	-0.36	-0.06	-2.21	-1.37	-1.67	-1.43	-1.6	-1.07	-0.71	-0.58	-1.48	-1.84	0.14	-0.07	-0.04	-0.94	-0.96	-1.01	-0.05	-0.8
-254.378	-0.48	0.26	-0.29	-1.85	-1.79	-0.66	-0.25	-0.53	0.33	-0.44	0.03	-0.5	-0.57	-0.75	-0.95	-0.87	-0.62	0.38	-0.55	-0.23	-0.68
-253.331	-0.34	0.27	0	-0.81	-1.29	-0.74	0.8	-0.42	0.35	0.94	0.21	0.22	0.17	-0.19	-0.15	-0.39	-0.3	0.2	0.33	-0.26	-0.65
-252.284	0.75	0.36	0.75	-0.15	-0.54	-0.63	0.22	0.79	2.13	0.23	-0.41	-0.58	0	-0.71	-0.3	-0.01	0.22	0.03	-0.09	0.57	-0.56
-251.236	0.5	0.38	-0.47	-1.17	-0.29	-1.37	-0.24	0.33	0.8	-0.28	-0.23	0.17	0.03	-0.3	-0.3	-0.55	-0.52	-0.53	-0.41	0.05	-0.94
-250.19	-0.79	-1.45	-1.61	-2.09	-0.84	-2.01	-2.38	-1.82	-2.38	-1.55	-2.41	-1.91	-1.32	-1.11	-0.87	-1.24	-0.99	-0.89	-0.75	-1.6	-0.53
-249.143	-0.38	-0.44	-0.7	0.53	-0.41	-0.79	-0.75	-0.32	0.29	-0.07	-0.03	0.99	0.93	-1.6	-0.07	-1.36	-1.3	0.18	0.57	-0.81	-0.48
-248.096	-0.26	0.49	1.06	-0.03	-0.1	-0.17	0.5	-0.6	0.4	0.32	0.21	0.26	-0.45	0.54	0.45	-0.36	0.57	1.4	0.71	0.13	-0.44
-247.05	-0.51	-0.85	-0.99	-0.85	-0.9	-0.46	-0.81	-0.75	-0.19	-0.74	-0.01	-1.81	-0.52	-1.68	-1.01	-1.97	-0.13	-1.35	-1.26	-0.34	-0.46
-246.004	1.19	-0.21	0.12	-0.5	-1.02	-0.61	-0.48	0.73	0.86	-0.18	0.77	0.64	-0.16	-0.56	0.11	-0.33	0.1	0.67	0.59	0.66	-0.01
-244.958	1.17	0.78	0.99	-0.55	0.87	-0.34	-0.16	0.43	0.17	-0.73	-0.31	-0.22	0.46	0.49	0.25	0.46	0.5	-0.3	-0.47	-0.57	0.63
-243.912	-0.18	0.25	0.65	-0.06	-0.25	0.31	0.46	-0.62	0.7	0.47	-0.13	-0.02	-0.51	-0.07	-0.21	-0.23	0.85	-0.38	-0.26	-0.91	0.59
-242.866	1.01	-0.37	0.14	0.78	-0.23	-1.26	-0.11	0.83	0.57	0.73	0.82	-0.4	-0.25	-0.36	-0.23	-0.11	-0.12	1.22	0.96	0.94	0.14
-241.821	-0.79	-0.92	-0.99	0.38	-0.09	-0.33	-0.12	-0.56	-0.34	-0.76	-0.53	-1.59	-1.3	-0.3	-0.09	-0.03	0.11	0.43	0.08	0.13	-0.63
-240.775	-0.85	-0.26	0.64	-2.41	-0.68	-0.84	-0.63	-0.12	0.16	-0.78	-0.36	0.14	0.09	-1.24	-0.71	-1.3	-1.21	-0.21	-1.5	-0.63	0.4
-239.73	-1.47	-2.54	-1.76	-2.51	-1.41	-1.67	-0.85	-0.33	-0.64	-1.48	-0.98	-1.71	-2.49	-2.12	-1.29	-1.4	-2.11	-1.54	-0.5	-1.59	-2.43
-238.685	-1.28	-1.48	-1.18	-1.95	-1.32	-1.19	-1.6	-1.16	-0.59	-0.81	-1.73	-0.67	-0.47	-0.6	-0.54	-0.2	-0.24	0.46	0.59	-1.4	-1.43
-237.64	0.15	0.25	-0.37	-0.07	-0.65	-0.45	-0.37	-0.33	-0.57	-1.03	-0.8	-0.98	0.32	-0.93	0.54	-0.82	0.59	-0.13	0.39	-0.96	0.02
-236.596	-1.33	-1.28	-1.36	-2.06	-1.55	-2.78	-2.64	-0.72	-0.32	-0.18	-1.03	-1.67	-1.09	-2.01	-1.16	-1.45	-1.89	-0.83	-1.01	-1.04	-1.6
-235.551	0.2	-0.46	-0.44	-1.02	-1.22	-0.59	-0.06	0.05	0.26	-0.95	-0.38	0.44	0.43	-1.27	-0.06	-0.02	0.39	-0.08	-0.13	-0.94	0.42
-234.507	-0.09	-1.69	-1.26	-1.27	0.73	-0.96	-0.8	-0.79	-0.54	0.1	0.21	-0.92	-0.01	0.28	-0.85	0.03	-0.25	0.21	0.22	-1.36	-0.39
-233.463	0.36	-0.66	0.06	0.29	-0.86	-0.67	-0.43	0.71	0.02	-1.57	0.02	0.02	-0.52	0.04	-0.65	0.11	-0.63	-0.29	0.05	0.45	-0.49
-232.419	0.35	0.15	-0.4	-1.34	-0.43	0.36	-0.43	-0.09	0.19	-0.1	-0.19	-1.46	-1.68	-0.64	-0.52	-0.73	-0.01	0.17	-1.3	-0.3	-0.18
-231.375	-1.28	-0.24	0.32	-0.09	-0.95	-0.66	-1.62	0.12	0.12	0.1	0.24	-0.16	-0.32	-0.26	-0.45	-0.62	-0.26	0.04	0.33	-0.79	-1.16
-230.332	0.36	-0.22	-0.23	-1.33	-1.79	-0.53	0.28	0.47	0.34	1.22	0.5	0.03	-0.1	-0.87	-0.44	-0.04	0.62	-0.23	0.61	-0.09	0.32
-229.288	-1.05	-1.14	-2.34	-2.18	-2.17	-2.67	-1.4	-2.22	-1.07	-1.86	-1.49	-1.09	-2.11	-2.68	-1.6	-2.57	-1.86	-1.46	-1.33	-2.16	-2.01
-228.245	-0.55	0.91	0.54	0.28	-0.4	-0.08	0.85	0.88	0.91	0.01	-0.08	0.13	0.57	-0.77	0.45	0.44	0.97	1.23	0.74	0.82	0.44
-227.202	-0.77	-2.01	-1.05	-1.34	-0.52	-1.08	-1.08	-2	-1.27	-0.55	-0.48	-0.38	-0.25	-1.13	-1.12	-0.78	-1.42	-0.92	-1.29	-1.16	-1.12
-226.16	-0.5	-0.8	0.44	-1.24	-0.57	-0.3	-0.38	0.34	-0.22	-0.82	-0.41	-1.9	0.03	-1.15	-0.23	0	-0.25	-0.55	-0.11	0.05	-0.53
-225.117	-0.35	-0.63	-0.38	-0.64	0.2	-1.62	-1.38	-1.19	-0.77	-1.23	-1.53	0.31	0.25	-1.68	-0.83	-0.22	0.59	-0.66	-0.77	-1.11	0.34
-224.075	1.17	0.37	0.9	0.06	-0.49	1.73	1.68	0.37	1.97	0.13	1.31	-0.44	-0.11	-1.1	0.71	1.24	2.02	1.17	1.37	0.21	0.2
-223.032	0.01	-1.7	-1.24	-1.46	-0.88	-0.79	-0.9	-2.19	-1.04	-0.51	-0.3	-0.45	-1.32	-0.37	-0.15	-0.15	-0.25	-0.05	-0.34	-0.7	-0.64
-221.99	-0.61	1.09	0.71	0.13	-0.51	0.81	0.72	0.17	0.1	0.23	-0.36	-0.41	-0.16	0.08	0.21	0.04	-0.25	0.92	0.12	-0.06	0.38
-220.948	-0.15	0.34	0.68	0.2	0.59	-0.82	-0.14	0.36	0.31	-1.11	-0.91	-0.32	-0.56	-0.35	-0.19	-0.13	-0.1	1.06	0.58	-0.11	0.87
-219.907	-0.1	-0.45	-0.1	-0.87	-0.56	-1.59	-0.84	-0.12	-0.28	-0.18	-0.72	-0.11	-0.18	-1.16	-0.13	-0.25	-0.63	0.14	1.06	-0.27	-0.02
-218.865	-1.41	0.33	0.68	-1.36	-1.02	-1.52	-1.67	-1.58	-0.03	-1.11	-0.37	-1.94	-0.4	-0.63	-0.64	0.12	-1.27	-1.49	-1.19	-0.83	-0.48
-217.824	0.79	-0.15	-0.24	0.61	0.44	-1.29	-0.25	1.51	1.5	-0.75	0.57	-1.13	-0.74	0.97	0.65	-0.34	-0.02	0.65	0.09	-0.01	0.18
-216.783	-0.13	-0.91	0.35	-1.61	-1.79	0.49	-0.77	-0.98	-0.48	-0.66	-0.36	-0.83	-0.86	-1.55	-0.91	-1	-0.98	0.14	0.67	-1.56	-0.59
-215.742	-0.62	-0.28	0.52	-0.89	-1.34	-0.54	-0.57	-0.04	-0.97	-1.14	0.11	-0.66	-0.43	-0.61	-0.35	-1.25	-0.61	-0.51	-1.31	-0.53	-0.78
-214.701	-1.49	0.52	0.79	-1.57	0.21	-1.45	-1.23	-0.67	-0.26	-1.44	-1.51	-0.94	-0.01	-0.94	-0.87	-0.71	-0.47	-1.33	-0.19	0.4	-1.15
-213.66	-1.67	-2.17	-0.51	-2.93	-2.04	-1.62	-1.64	-0.82	-1.34	-1.41	-1.54	-0.76	-1.64	-1.46	-1.49	-2.58	-2.11	-1.29	-2	-1.55	-1.73
-212.62	0.16	-1.13	-0.47	-0.94	-0.68	-0.9	-0.29	0.44	0.86	-0.57	-0.09	-0.61	0.6	-0.86	-0.51	-0.35	0.04	0.61	-0.5	0.43	-0.43
-211.579	-0.96	-0.7	-0.71	0.01	-0.32	-1.14	-0.26	-0.01	0.93	-0.04	-0.32	-0.96	0.73	-0.74	-0.02	-0.23	-0.17	-0.1	-0.97	-0.17	0.26
-210.539	0.66	-0.68	-1.09	-1.17	-1.4	-0.62	-0.27	-1.43	0.21	-0.22	-1.13	-0.79	-0.74	-1.34	-0.29	-0.67	-1.34	-0.15	-0.15	-0.29	-0.69
-209.5	-0.19	-1.62	-0.42	-1.21	-0.53	-0.23	0.63	-0.94	-0.34	-1.08	0.6	0.81	-0.06	-0.26	0.18	-1.44	-1	0.48	0.05	-1.04	-0.7
-208.46	0	0.04	-0.74	-0.94	-2.14	-1.35	-0.67	-1.41	-1.32	-1.64	-2.12	-1.28	-1.05	-0.92	-0.56	-0.97	-2.36	-1.45	-1.41	-0.65	-0.54
-207.42	-0.83	-1.49	-1.3	-1.48	-0.66	-1.78	-1.35	0.57	0.02	-1.08	-0.98	-0.35	-0.44	-0.58	-0.48	-1.56	-1.34	-0.84	-0.94	-0.74	0.04
-206.381	0.7	0.4	-0.49	0.42	0.14	-0.68	0.04	-0.47	0.56	-1.18	0.74	-0.4	-0.19	0.41	1.36	-0.4	0.11	-0.29	-1.32	0.24	-0.61
-205.342	-0.74	-0.38	0.41	-1.62	-0.29	-0.95	-0.24	-0.11	0.6	-0.12	0.35	-0.4	-0.85	-1.42	-0.42	-0.86	0.98	-0.49	-0.03	-1.12	-0.16
-204.303	0.43	0.85	0.67	-1.61	0.1	-0.83	-0.59	-0.9	-0.44	-0.34	0.22	-0.2	0.69	0.52	0.66	1.98	0.64	0.98	0.78	0.23	0.06
-203.264	-0.8	-0.19	-0.23	-1.49	-1.07	-0.71	-0.71	-0.49	0.16	-2.24	-1.42	-1.47	-1.11	-1.64	-1.73	-2.06	-1.85	-0.77	-0.01	-1.13	-0.27
-202.225	0.27	0.54	0.47	-0.05	0.44	-0.39	0.29	0.38	0.63	-0.35	0.86	-0.12	0.29	-0.06	0.66	0.93	1.3	0.56	0.63	0.91	1.22
-201.187	-0.5	0.53	0.7	-0.24	-0.06	-1.35	-0.42	-0.72	-0.11	-0.61	-0.84	-1.29	-0.54	-0.58	-0.06	-0.42	0.23	0.85	0.5	0.15	0.09
-200.148	0.16	-1.9	-1.89	-1.89	-2.19	-1.77	-1.05	-0.39	0.38	-1.32	-0.59	-1.85	-2.31	-2.06	-2.07	-1.76	-2.17	-0.52	-1.14	-1.25	-0.66
-199.11	0.35	-1.5	-1.84	0.13	-1.56	-1.03	-0.73	-1.12	-0.06	-1.39	-2.56	-2.23	-1.6	-1.23	-1.1	-1.26	-0.34	-0.4	-1.26	-1.24	-1.53
-198.072	-0.47	0.29	-0.03	-1.5	-1.23	-0.94	-0.69	-0.69	-0.46	-1.18	-0.24	-0.63	-0.17	-1.22	-2.17	-1.89	0.06	-0.39	-0.36	-1.18	-0.57
-197.035	-1.12	-1.69	-1.83	-1.12	-2.18	-1.82	-2.35	-2.42	-1.49	-0.96	-1.51	-1.9	-0.73	-1.92	-1.77	-1.78	-1.46	-1.69	-2.16	-0.9	-1.93
-195.997	-0.86	-0.83	0.81	-0.86	-0.14	-1.56	-0.31	-1.24	-1.17	0.06	-0.22	-0.85	0.43	-1.03	-0.35	0.45	-0.08	0.4	0.19	-0.17	-0.65
-194.96	-1.05	-0.4	-0.11	-0.81	-1.18	-2.38	-1.91	0.21	-0.28	-0.91	0.41	-0.05	0.32	-0.38	-0.26	-0.57	-0.07	0.05	-0.13	0.82	-0.56
-193.923	-0.44	0.56	0.88	-0.99	-0.17	-1.08	-0.33	0.25	0.84	-0.02	-0.29	0.85	1.09	-0.5	-0.21	1.5	0.4	0.62	0.11	0.58	0.49
-192.886	-1.36	-2.07	-1.88	-3.17	-1.17	-2.48	-1.7	-1.86	-2.42	-2.8	-2.07	-1.81	-1.5	-1.46	-0.84	-1.69	-2.02	-0.97	-0.25	-1.71	-1.4
-191.849	0.86	0.67	0.8	0.18	0.99	-0.52	0.06	-0.28	1.03	1.57	0.81	-0.6	-0.92	-0.31	0.79	0.99	1.75	0.42	-0.25	0.86	1.4
-190.812	-1.85	-1.79	-1.17	-2.18	-0.64	-2.02	-0.82	-1.7	-1.13	-1.94	-1.07	-1.76	-0.36	-1.39	-1.19	-1.11	-1.6	-1.28	-1.4	-0.26	-1.27
-189.775	-1.61	-1.48	-0.77	-1.97	-0.9	-0.71	-0.85	-0.82	-1.21	-1.39	-1.22	-0.83	-0.82	-0.37	0.7	-1.45	-1.06	0.04	0.2	-0.22	-0.09
-188.739	0.19	-0.15	0.02	-1.26	-1.4	-0.48	0.46	-0.92	-0.49	0.11	0.09	-1.03	-0.03	-0.88	-0.68	-1.2	-0.53	-0.31	-0.2	-0.35	-0.28
-187.703	-0.89	1.28	1.08	-0.35	-0.18	-0.79	-0.19	0.02	-0.48	-0.94	-0.57	0.81	0.65	-0.48	-0.01	-1.39	-0.01	-0.94	-0.75	-0.57	0.66
-186.667	-0.33	0	-0.08	-0.81	-1.55	-0.63	-0.8	-0.97	-0.39	0.11	1.07	-1.38	-0.32	-0.6	0.08	0.13	-0.02	-0.72	-0.03	0.15	-0.42
-185.631	1.14	0.03	0.33	-0.61	-0.69	0.46	0.56	0.91	1.48	0.49	0.43	-0.47	-0.43	-0.21	0.26	-0.38	-0.09	1.6	1.16	0.15	-0.23
-184.596	-0.02	0.1	0	-0.11	-1.58	-1.12	-0.75	-1.39	-1.25	-1.74	-0.92	-0.13	0.22	-0.56	0.04	-1.33	-0.97	-0.73	-0.78	-0.91	-0.78
-183.56	-0.45	0.66	0.21	-0.67	-1.34	-1.1	-1.07	-0.5	0.22	-0.59	0.26	0.75	-0.88	-1.34	-1.06	-0.8	-0.14	-1.67	-0.83	-1.48	-0.43
-182.525	-1.58	-1.05	-0.46	-2.26	-1.46	-1.51	-1.28	-1.56	-1.35	-1.23	-1.64	-0.38	-0.84	-0.12	-0.41	-0.99	-2.04	-1.74	-1.38	-1.11	-0.61
-181.49	-0.75	-0.69	-0.59	-1.12	-1.09	-0.88	-0.37	0.05	0.29	-1.94	-0.67	-0.19	-0.35	-1	0.11	-0.34	-0.34	0.19	-1.05	-0.03	-0.64
-180.455	-1.56	-0.98	-0.62	-2.11	-0.65	-1.04	-1.67	-1.24	-1.08	-1.28	-1.28	-0.7	-0.92	-1.96	-0.54	-1.25	-0.59	-0.68	-1.33	-2.25	-1.76
-179.42	-0.74	-0.77	-0.99	-0.9	-1.04	-1.97	-1.32	-1.93	-0.84	-1.95	-2.03	-0.85	-0.74	-0.63	-0.5	-0.57	-1.11	-0.76	-1.06	-2.29	-1.27
-178.386	0.45	-0.61	0.71	0.48	-0.03	-0.95	-0.76	0.4	0.65	-0.78	0.51	0.38	-0.38	0.17	0.09	-1.08	-1.4	0.57	1.79	0.33	0.21
-177.352	-2.16	-1.51	-1.55	-2.99	-1.58	-0.71	-1.11	-0.4	-0.64	-0.8	-1.76	-1.71	-1.42	-2.13	-1.63	-1.59	-0.61	-2.16	-1.18	-2.35	-1.51
-176.318	-0.3	-0.51	-0.16	-0.68	-1.32	-0.09	-0.41	-1.24	-0.13	-1.74	-0.8	-0.48	-0.37	-0.32	0.07	-0.66	-0.17	0.6	0.08	0.18	0.28
-175.283	-0.57	-0.09	0.93	-1.4	-1.25	-1.36	-1.3	0.23	-0.06	-0.65	-0.65	-1.43	-1.18	-1.21	0.39	-2.08	-1.29	0.33	-0.7	-0.88	-0.62
-174.25	-0.34	-0.93	-0.21	-1.87	0.01	-1.36	-1.72	-0.74	-0.24	-1.16	-0.41	-0.43	-0.48	-0.09	-0.44	-0.51	-1.85	-0.66	-1.11	0.78	-1.04
-173.216	0.57	-0.3	-0.79	-1.14	1.09	0.87	0.03	0.43	0.31	-0.36	-0.77	-0.45	0.07	0.08	0.19	0.12	0.08	0.88	0.77	-0.5	0.53
-172.183	-0.75	-0.85	-0.73	-2.23	-0.82	-0.84	0.13	-0.88	-0.27	-1.29	-1.75	-1.37	-0.54	-0.69	-1.64	-1.41	-0.54	-0.91	-0.36	-0.41	-1.32
-171.149	-0.74	-1.15	-1.09	-1.3	-1.41	0.51	-0.78	-0.99	-0.53	-1.64	-0.58	-1.53	-1.69	-0.93	-1.61	-0.36	-1.31	-1.16	-0.89	-1.52	-1.21
-170.116	-1.36	-1.62	-1.1	-1.3	-2.47	-1.94	-1.32	-3.2	-3.12	-0.31	-0.41	-0.62	-1.71	-2.08	-2.29	-0.78	-1.48	-0.86	-1.23	-0.76	-0.49
-169.083	-0.47	0.49	-0.29	-1.2	0.41	0.45	-0.08	-1.42	0.2	-0.4	0.18	-0.87	-0.09	-0.06	-0.64	-0.2	-0.38	0.07	0.2	-0.78	-0.99
-168.051	0.2	-0.84	-0.24	-1.91	-1.51	-1.82	-1.03	-1.67	-1.44	-0.24	-1.55	-0.87	-0.75	-1.2	-1.37	-1.39	-0.03	-0.23	-1.81	-1.49	0.36
-167.018	-2.18	-2.06	-1.73	-2.01	-2.28	-2.23	-1.02	-0.65	-1.53	-1	-0.86	-1.64	-1.59	-1.61	-1.37	-2.33	-1.11	-1.61	-1.24	-1.6	-1.86
-165.986	0.17	-1.47	-1.55	-1.06	-0.05	-0.72	-1.19	-0.93	0.33	-0.37	0	-1.25	-0.16	-1.27	0.02	-0.77	-0.06	-0.85	-0.91	-1.2	0.65
-164.954	-0.05	-0.67	0.38	-1.13	-0.33	-2.31	-1.95	-1.17	-0.56	-0.27	-0.37	-0.73	-0.59	-1.35	-0.2	-1.73	-1.14	-0.71	-1.14	0.07	-0.62
-163.922	0.47	-0.5	0.66	-1.41	0.05	-0.12	1.31	0.27	-0.22	-1.38	-0.69	0.74	0.32	-0.63	0.14	0.27	-0.21	-0.7	0.54	-0.55	-0.4
-162.89	-1.15	-1.66	-0.73	-1.16	-0.12	-2.42	-1.34	-1	-0.12	-0.51	-0.74	-0.55	-0.99	-2.59	-1.35	-0.89	-0.65	-0.73	-0.89	-1.67	-1.41
-161.858	1	-0.12	-0.27	-0.51	0.4	-0.45	0.46	1.44	1.53	0.37	0.72	-0.66	0	0.07	0.06	0.46	0.81	1.67	0.42	0.82	-0.05
-160.826	-1.04	-0.11	-0.25	-1.2	-1.39	-1.25	0.12	-0.66	-0.83	-0.67	-0.22	-1.09	-1.13	-0.55	0.48	0.44	0.17	0	-0.75	-0.3	-0.78
-159.795	-0.17	-0.82	-1.02	-0.95	-1.02	-0.91	-1.29	-1.18	-0.75	-0.98	-0.27	-0.53	0.01	-1.33	-0.76	-1.2	-0.92	-0.47	0.43	-0.02	-0.88
-158.764	-1.46	-0.44	-0.81	-1.85	-1.94	-1.66	-0.81	-2.11	-1.72	-0.79	-0.01	-0.8	-1.21	-1.26	-1.82	-1.65	-1.09	-1.45	-1.75	-1.06	-1.37
-157.733	0.17	-0.9	-0.19	-1.22	-0.28	-0.23	-0.26	-0.28	-0.09	-0.22	0.65	-0.5	-0.35	-0.62	-0.38	-0.77	-0.32	-1.02	-0.12	-0.52	-0.36
-156.702	-0.56	-0.74	-0.65	-1.4	-0.53	-1.48	-1.26	-1.64	-1.01	-0.95	-1.63	-1.04	-0.93	-2.1	-0.77	-0.31	-0.6	-0.5	-0.83	-1.63	-0.77
-155.672	-0.21	-0.28	0.13	-0.76	-0.24	-0.43	-0.17	-0.89	0.18	-0.79	-0.43	-0.13	-0.27	-1.15	0.51	-0.83	-0.53	-1.24	-0.47	-0.09	-0.72
-154.641	-1.03	1.49	1.31	0.45	-0.66	0.38	0.86	0.61	1.54	-0.13	0.39	-0.33	0.02	0.73	0.03	-0.05	0.14	-0.11	-0.62	0.25	0.06
-153.611	-1.36	-2.44	-2.19	-2.19	-1.25	-1.4	-1.23	-1.91	-0.88	-1.76	-0.44	-1.07	-1.12	-1.87	-1.56	-2	-1.81	-0.8	-0.86	-1.73	-1.09
-152.581	-0.84	-1.6	-1.22	-0.59	-0.06	-1.93	-1.25	-1.27	-0.46	-0.2	-0.49	-0.63	-1.09	-0.85	-0.73	-1.82	-0.48	-0.59	-0.3	-0.03	-0.69
-151.551	0.49	0.18	0.02	-0.56	-1.59	0.06	-0.41	-0.45	-0.31	-0.86	-0.79	-0.53	-0.04	0.24	0.11	-0.58	-0.72	0.74	-0.26	0.09	-0.5
-150.521	0.12	-0.51	-0.9	-1.61	-0.13	-0.8	0.5	-1.73	-1.18	-1.23	-0.7	-0.88	0.03	-1.49	-0.25	-1.1	-0.29	-0.04	-0.93	-0.81	-0.02
-149.492	-0.82	-0.27	0.62	-0.69	-0.67	-0.96	-1.21	-0.44	-0.33	-0.57	-1.08	-0.62	-0.2	-1.2	-0.36	-0.97	-0.5	-0.32	-0.09	0.26	-0.21
-148.463	0.17	-0.8	-1.38	-0.46	-0.2	-1.39	-1.16	0.42	1.22	-0.59	0.23	-2.41	-2.34	-1.07	-1.08	-1.22	0.07	-0.75	0.13	-0.73	-0.49
-147.434	-2.31	-1.22	-1.82	-3.66	-2.62	-2.31	-2.57	-2.53	-2.34	-1.49	-1.86	-2.11	-2.73	-2.03	-0.99	-2.81	-1.93	-1.38	-2.43	-1.53	-1.58
-146.404	0.06	-0.61	-0.27	-0.85	-1.84	-1.6	-2.12	-0.74	-0.6	-1.24	-0.37	-1.42	-0.74	0.01	-0.07	-1.4	-0.53	-0.4	-0.22	-0.26	-1.35
-145.376	-1.13	-1.54	-0.53	-1.41	-2.06	-2.19	-2.09	-1.64	-1.78	-2.05	-2.31	-0.84	-1.1	-2.38	-2.06	-2.79	-2.27	-0.64	-0.76	-0.77	-1.46
-144.347	0.5	-0.32	-1.79	-2.13	-0.96	-1.86	-1.05	-0.99	-0.99	-1.5	-1.87	-1.13	-1.13	-1.55	-0.88	-2.32	-0.79	-1.02	-0.21	-1.33	-1.56
-143.319	0.02	-0.03	0.58	-1.49	-1.14	-0.78	-1.06	-0.72	-0.27	0.24	-0.13	-1.37	-0.54	-0.7	-0.27	-0.92	-0.36	-0.88	-2.22	-1	0.13
-142.29	-0.94	-1.29	-0.52	-0.9	-0.6	-0.66	-1.08	0.21	-0.09	-0.94	-0.63	-0.21	-0.79	-1.56	-0.42	-0.29	-0.25	0.19	-0.02	0.08	-1.07
-141.262	-0.28	-0.19	-0.47	-1.07	-1.13	-0.66	-1.24	0.45	1.18	-1.17	-0.66	-0.24	-0.13	-0.32	0.83	-1.46	-0.89	-0.59	0.74	-1.35	-0.41
-140.235	-1.26	-1.72	-1.36	-1.06	-1.14	-1.96	-1.16	-0.81	-0.3	-0.69	-1	-1.41	-0.5	-2.21	-1.09	-0.75	-0.73	-0.34	-0.62	-0.9	-1.23
-139.207	-1.16	-0.68	-0.65	-1.91	-2.32	-1.01	-1.27	-1.49	-0.69	-1.95	-1.11	-1.29	-1.02	-0.76	-0.94	-1.37	-1.32	-0.9	-1.85	-0.43	-0.53
-138.179	-0.53	1.04	1.3	-0.41	1.31	0.15	0.72	1.33	0.55	-0.48	-1.05	-0.11	0.21	1.1	1.43	0.27	0.84	0.17	0.33	-0.38	1.26
-137.152	-0.83	-1.41	-1.28	-1.44	-1.4	-1.64	-1.12	-0.37	-0.12	-0.29	-0.71	-1.1	-1.39	-1.99	-1.49	-0.33	-0.87	-1.05	-0.58	-1.45	-1.08
-136.125	-2.37	-3.07	-1.69	-3.43	-2.03	-2.33	-2.33	-2.06	-1.85	-2.75	-2.1	-2.11	-2.96	-2.11	-1.13	-1.78	-2.34	-2.13	-2.62	-3.25	-2.56
-135.097	0.2	0.44	0.5	-0.62	0.12	-0.37	0.23	-0.41	-0.24	-0.7	-0.09	-0.01	-0.27	-0.79	-0.77	-0.24	-1.09	-1.52	-1.15	-0.15	-0.97
-134.07	-1.43	-1.46	-2.06	-2.38	-1.51	-2.18	-1.14	-1.23	-1.42	-1.32	-2.23	-1.18	-1.01	-2.66	-1.99	-1.54	-1.45	-1.4	-1.92	-1.6	-1.84
-133.044	-1	-0.69	-1.27	-0.68	-1.39	-2.23	-0.74	-0.89	-0.6	-1.14	-0.3	-0.57	-0.45	0	-0.25	-1.69	-1.56	-0.57	-0.48	-1.07	-0.59
-132.017	1	-2.31	-2.25	-1.56	-1.23	-1.58	-1.01	-1.01	-1.17	-1.98	-1.61	-1.89	-1.51	-2.26	-1.22	-2.1	-1.11	-2.22	-1.83	-1.95	-1.87
-130.991	2	-1.05	0.1	-1.69	-0.11	-1.18	-1.25	-0.03	0.53	-0.14	0.54	-0.01	-0.34	0.14	0.91	-0.27	-0.31	2.1	0.68	-0.95	-0.51
-129.965	3	-0.93	-0.29	0.41	-0.19	0.22	0.43	-1.17	-0.28	-0.98	0.01	0.08	-0.13	-1.31	-0.51	0.15	-0.18	-0.17	0.63	0.71	-0.05
-128.939	0.01	0.03	-0.12	0.09	-0.52	-1.31	-1.08	-0.34	0.72	0	-0.67	0.09	0.84	-1.67	-0.81	-0.98	-0.35	-0.21	-0.39	-0.67	-0.16
-127.913	-0.47	0.38	0.82	-0.05	0.63	0.04	1.06	1.04	0.66	0.07	1.28	0.84	0.29	0.89	0.76	0.44	1.48	1.21	0.69	0.03	1.02
-126.887	-1.42	-2.22	-2.59	-2.46	-2.28	-2.38	-2.27	-1.12	-1.1	-1.97	-2.11	-1.52	-1.58	-1.63	-1.68	-0.63	-0.56	-1.31	-1.5	-2.14	-1.69
-125.862	-0.6	-0.52	-0.69	-1.16	-0.76	-1.37	-0.78	-0.33	0.7	-0.74	0.34	-0.74	-0.78	-0.29	-0.84	0.22	-0.23	0.16	-1.01	-0.95	-0.13
-124.837	-0.77	-0.05	0.2	-1.34	-0.11	-1.05	-0.76	-0.91	-0.8	-1.12	-1.27	-1.92	-0.96	-0.92	-0.33	-1.5	-1.52	-0.55	-0.67	-0.34	-0.71
-123.812	0.11	-0.89	0.4	-1.13	-0.68	-0.33	-0.48	0.94	1.58	-0.07	0.4	0.21	-0.12	0.11	0.3	0.1	-0.29	-0.26	0.3	0.37	-0.55
-122.787	0.14	0.44	0.27	0.42	0.21	-0.69	-0.56	0.58	0.46	0.54	0.66	-0.1	1.15	0.82	-0.22	1.4	1.35	0.29	0.76	0.92	1.07
-121.762	-1.5	-0.28	-0.59	-3.17	-2.37	-1.62	-2.34	-2.03	-2.21	-1.28	-1.34	-0.58	-1.02	-2.1	-1.81	-1.99	-1.85	-1.04	-1.16	-2.23	-1.18
-120.737	0.67	-0.71	0.19	-0.09	0.49	0.52	1.76	0.62	1.16	-0.46	0.11	0.58	1.71	1.31	1.65	-0.38	0.11	1.07	1.88	0.76	0.79
-119.713	-0.6	-1.14	-1.53	-1.31	-2.17	-0.99	-0.99	-1.94	-1.05	-0.9	-1.35	-1.06	-0.58	-0.96	-1.13	-2.27	-2.18	-1.29	-1.34	-1.56	-0.95
-118.689	0.23	-1.28	-1.15	-2.01	-0.51	-1.69	-0.9	-2.17	-1.43	-1.13	-1.41	-0.75	-0.13	-1.99	-1.24	-0.72	-0.82	-0.48	-1.07	-1.2	-0.11
-117.665	-1.02	-1.16	-0.27	-1.02	-0.9	-1.04	0.04	-0.18	0.19	-1.76	-0.44	-1.88	-1.74	-1.11	-0.76	-1.46	-1.18	0.17	0.13	-1.23	-0.49
-116.641	0.75	-0.34	-0.15	-1.38	-1.65	-0.81	-0.76	-0.42	0.23	-1.26	-0.88	-0.3	-0.06	-1.54	-0.71	-0.49	-0.87	-1.25	-1.1	-0.32	0.44
-115.617	-0.83	-0.65	-0.95	-0.9	-0.49	-2.54	-0.91	-0.72	-0.15	-0.24	-0.47	-1.54	-1.36	0.01	0	-1.6	-1.16	-1.34	-1.25	-0.45	-0.6
-114.594	-0.53	-0.12	0.88	-2.14	-1.09	-0.85	-0.72	-1.61	-0.43	-1.01	-0.67	-1.62	-1.4	-0.74	0.03	-1.13	-0.64	0.16	0.22	-0.72	-1.74
-113.571	0.16	-1.26	-0.9	-0.17	-1.08	-0.77	-1.41	-1.42	-1.09	-1.42	-1.35	-1.68	-0.85	-1.96	-0.56	0.34	-0.18	-0.47	-1.82	-0.74	0.35
-112.547	0.15	-0.72	0.03	-0.38	-1.09	-0.85	-0.76	0.93	0.95	-0.1	0.13	-0.39	-0.56	-0.74	-0.28	-0.12	0	-0.26	-0.04	0.49	-1.28
-111.525	-1.01	-0.08	-0.42	-1.03	-2.52	-1.91	-1.28	-1.59	-1.11	-0.56	-0.73	-1.49	-1.2	-1.19	-1.22	-1.12	-1.3	-2.05	-1.71	-1.55	0.02
-110.502	-1.27	-2.11	-1.71	-2.28	-1.57	-1.73	-1.32	-1.38	-2.22	-1.72	-1.53	-1.49	-1.26	-0.87	-0.5	-2.01	-1.91	-1.3	-0.79	-1.05	-2.25
-109.479	1.11	0.41	-0.37	-0.43	0.61	-0.02	0.55	0.12	1.15	0.32	0.54	0.42	0.8	0.46	1.24	-0.3	-0.01	1.11	0.47	-0.33	0.26
-108.457	-0.61	-1.63	0.31	-1.79	-1.38	-1.61	-1.54	-1.26	-0.68	-1.22	-0.85	-0.15	-0.27	-1.6	-0.56	-0.9	-0.17	-0.98	-0.66	-1.02	-0.68
-107.434	-0.69	-0.69	-0.51	-1.95	-1.18	-0.63	-1.31	-1.13	-1.17	-1.81	-1.94	-1.12	-1.24	-1.38	-0.19	-0.65	-1.36	-0.02	-0.73	-1.74	-1.51
-106.413	0.01	0.12	-0.41	-0.41	-0.93	-0.63	0.11	0.49	0.2	-0.98	0.37	0.45	-0.1	-0.32	-0.1	-1.3	-1.08	-0.38	-0.57	-0.77	-0.06
-105.39	1.19	0.71	0.62	-0.5	-0.32	0.28	1.74	0.99	1.29	0.93	0.7	0.3	1.02	-0.23	0.53	1.27	0.89	0.62	1.71	0.95	0.4
-104.369	-1.07	-0.45	-0.5	-0.93	-0.81	-1.04	-0.58	-0.94	-0.79	0.12	-0.36	-1.21	-1.43	-1.15	-0.12	0.22	0.2	0.86	-0.15	-0.82	-0.56
-103.347	-0.6	-1.49	-1.07	-0.66	-1.29	-0.81	0.24	0.15	0.55	-0.7	-0.08	-0.53	-1.48	0.54	-0.93	-0.86	-1.38	-1.05	-0.42	-0.87	0.06
-102.326	-0.97	-1.68	-1.59	-2.78	0.5	-1.05	-1.72	-1.79	-1.6	-1.29	-0.7	-1.79	-1.35	-1.7	-1.22	-0.92	-0.96	-0.9	-2.19	-1.54	-0.65
-101.305	0.48	0.15	0.43	-0.66	0.33	-0.25	0.8	0.71	1.32	-0.13	0.13	0.94	0.87	-0.76	-1.05	-0.05	-0.46	1.1	0.7	0.93	-0.78
-100.283	-0.56	-1.03	-1.87	-2.97	-1.35	-1.85	-1.38	-1.11	-1.3	-2.16	-2.09	-2.08	-1.45	-0.67	-1.04	-1.49	-1.21	-1.43	-1.46	-1.18	-1.37
-99.2627	-0.67	-0.4	-0.45	-1.26	-0.86	-1.5	-1.4	-1.04	-0.44	-1.08	-0.72	-1.34	-1.54	-1.03	-0.51	-2.06	-0.39	-1.18	-0.8	-0.7	-1.33
-98.2421	-0.43	-1.64	-0.71	-1.34	-1.46	-2.34	-1.49	-1.4	-0.25	-1.18	-1.08	-1.52	-0.74	-1.32	-1.17	-1.89	-2.64	-0.05	-0.05	-0.83	-1.84
-97.2216	0.06	-1.17	-1.18	-1.91	-0.56	-2.01	-1.7	-1.35	-0.58	-0.69	-1.08	-0.68	-0.62	-1.6	-0.52	-1.22	-1.58	-1.6	-1.16	-0.94	-1.22
-96.2013	0.16	1.19	1.18	0.05	1.28	-0.04	-0.23	-0.1	0.43	0.36	0.7	-0.16	-0.13	0.84	2.01	-0.35	0.85	0.27	0.18	-0.63	0.26
-95.181	-1.15	-0.49	0.28	-2.22	-1.61	-0.83	-0.93	-0.89	-0.33	-1.35	-1.29	-0.66	-1.05	-1.29	-0.43	-0.17	-0.63	-0.04	0.23	0.71	-0.5
-94.1612	0.48	-0.61	-1.29	-1.85	-0.82	-1.23	-1.79	-2.07	-1.07	-1.78	-1.72	-0.33	-0.5	-2.97	-1.52	-2.4	-1.48	-1.42	-1.09	-1.13	-0.63
-93.1412	-0.28	-1.27	-0.67	-2.15	-0.58	-0.05	0.45	-0.59	-1.06	-1.67	-1.59	-0.17	-0.66	0.24	0.04	0.25	0.42	0.01	-0.22	-0.11	-0.64
-92.1216	-0.37	-2.03	-2.06	-2.22	-0.94	-1.25	-0.67	-0.47	-0.5	-1.07	-0.22	-1.45	-1.25	-1.15	-0.58	-1.05	-0.83	0.09	-0.43	-0.75	-1.82
-91.1021	0.13	0.82	0.94	-1.86	-0.51	-0.6	-0.38	-0.24	0.28	-0.36	-0.37	-0.49	0.07	-0.54	0.33	-0.14	-0.69	-0.57	0.01	0.26	0.53
-90.0828	-0.58	-1.06	-0.77	-1.66	-0.2	-1.79	-0.49	-1.58	-0.9	-0.49	0.39	-1.22	-0.58	-0.61	-0.36	-1.54	-1.13	-0.25	0.11	-1.2	0.8
-89.0639	-0.03	-0.64	-0.17	-1.06	-0.04	-1.38	-1.65	-0.04	0.46	-1.67	-1.28	-1.1	-1.86	-0.15	-1.7	-0.92	-0.7	-0.12	0.19	-1.3	1
-88.0448	-1.69	-1.33	-1.65	-2.18	-1.41	-1.71	-0.98	-2.17	-1.5	-1.22	-1.43	-1.72	-0.82	-1.18	-1.4	-1.39	-0.98	-1.21	-1.43	-1.84	-0.51
-87.0261	-1.47	-0.09	-0.15	-1.31	-0.9	-2.11	-1.5	0.51	0.04	-1.19	-0.82	-0.41	-0.87	-0.18	-0.39	-0.82	-0.66	-1.35	-1.11	-0.14	-0.64
-86.0075	-0.34	-0.38	0.64	-0.03	-0.5	-1.51	-0.64	-0.04	0.04	-1.31	-0.59	-0.07	-0.1	0.07	0.62	-0.86	-0.48	0.75	-0.1	-0.52	-0.99
-84.9891	0.3	0.49	0.17	-0.73	0.01	-0.13	0.71	-0.27	-0.13	0.48	-0.35	0.96	1.07	0.39	0.46	0.42	0.21	-0.18	0.28	0.08	0.73
-83.9711	-0.47	-0.56	0.3	-1.83	-1.75	-2.03	-1.99	-0.94	-0.9	-0.48	0.17	-1.15	-1.45	-1.91	-1.82	-0.76	0.01	-1.3	-0.65	-0.51	-1.45
-82.9529	-0.57	-1.12	-0.09	-1.52	-0.68	-0.78	-0.3	-0.5	-0.49	-0.99	-0.53	-1.57	-0.69	0.14	0.56	-0.83	-0.62	-0.58	-0.48	-0.94	0.37
-81.9352	0.89	-0.04	0.78	-0.48	-0.63	-0.02	-0.66	0.48	0.56	1.29	1.18	0.27	0.15	-0.54	1.18	0.11	-0.14	-0.01	0.87	-0.6	0.73
-80.9175	-1.48	-0.23	-0.53	-1.36	0.14	-0.56	-0.62	0.41	0.73	-0.72	-1.27	-0.38	-0.04	-1.58	-0.47	-1.62	-1.35	-1.41	-1.34	-0.49	-1.43
-79.9	-0.98	0.8	0.54	-0.2	-0.32	-0.1	0.03	-0.26	-0.28	0.28	0.04	0.21	0.38	0.88	0.4	0.35	-0.26	0.83	0.46	0.58	0.84
-78.8826	-0.92	-0.75	0.55	-0.46	-0.65	-1.12	0.19	-0.08	0.57	-1.18	0.34	1.2	1.42	-0.49	-0.07	0.38	-0.81	0.47	-0.58	0.69	-0.88
-77.8653	0.37	-0.83	-0.42	-1.89	-0.26	-1.59	-1.39	-0.33	0.32	-0.25	-0.02	-1.46	-0.16	-1.99	-0.47	0	0.23	-0.52	-1.35	-1.65	-0.69
-76.8484	-1.47	-0.76	-0.43	-1.54	-0.29	-1.06	-0.29	-1.19	-0.37	-0.47	-0.09	-1.12	-1.01	-1.07	-1.13	-0.88	-0.47	-0.42	-0.63	-0.68	-1.06
-75.8317	-0.31	-0.48	-0.39	-0.79	-1.63	-1.11	-0.83	-0.2	0.63	-0.45	-0.81	-0.89	0.64	0.54	0.17	-1.12	-1.05	-0.13	-0.81	0	-0.15
-74.8151	-0.23	-0.71	0	-0.7	0.33	-0.52	-0.62	-1.44	-0.68	-1.16	-0.58	0.45	0.21	-0.24	0.22	-1	-0.71	-0.86	-0.82	-0.89	-0.86
-73.7986	-1.46	-1.23	-0.86	-2.59	-1.75	-1.43	-1.33	-0.63	-0.77	-1	-0.72	-0.86	-0.96	-1.65	-1.15	-2.49	-2.12	-0.75	-1.27	-0.91	-1.6
-72.7822	-0.22	-1.06	-0.47	-1.34	-0.72	-0.41	-0.57	-0.86	-0.27	-1.04	-0.86	-1.08	0.18	-1.59	-1.04	-1.38	-0.1	-0.02	0.16	-0.94	-2.05
-71.7662	-0.3	-0.88	-0.64	-1.91	-1.5	-1	-0.48	-1.56	-0.89	-2.05	-1.48	-1.22	-0.12	-0.83	-0.41	-1.17	-1.34	-1.1	-1.64	-1.04	-1.02
-70.75	0.8	0.38	0.06	-0.28	1.05	-0.63	0.03	-0.3	1.12	0.55	0.37	-0.87	-0.05	-0.18	0.12	0.44	0.85	0.28	0.86	0.52	0.44
-69.7343	-1.13	-1.21	-1.35	-2.49	-1.44	-2.45	-1.89	-1.58	-1.1	-1.28	-1.66	-2.03	-0.76	-0.45	-0.26	-1.07	-1.2	0.02	-0.33	-1.48	-1.2
-68.7187	-1.26	-0.66	-0.88	-1.84	-1.58	-1.17	-1.65	-0.69	-0.18	-0.64	-0.2	-0.6	-0.38	0.1	-0.26	0.8	-0.11	-1.98	-1.71	-0.31	-0.53
-67.7036	-0.28	-0.13	-0.4	0.29	-1.39	-0.31	-0.56	-0.45	-0.6	-0.26	1.14	-1.26	-1.44	-0.36	0.25	-0.48	-1.06	-0.81	-0.56	-1.5	0.12
-66.6882	-0.59	-0.29	0.18	-2.27	-1.53	-1.74	-1.49	-0.18	0.25	-0.97	-1.27	0.22	-0.7	-1.62	-1.56	-0.65	-0.9	-0.75	-0.77	-0.52	-1.33
-65.6733	-0.69	0.07	-1.11	-1.62	-1.47	-1.59	-1.58	-2.25	-0.66	0.23	0.81	-0.67	-0.29	-1.68	-0.41	-1.1	-0.64	-1.35	-1.22	-1.59	-1.82
-64.6581	-0.5	-0.37	-0.4	-0.79	-0.73	-0.84	-0.44	-0.96	-0.18	-0.82	0.65	-0.36	-1.44	-0.19	0.02	-1.03	0.07	-0.51	-0.19	-1.55	-1.67
-63.6434	-0.65	-1.4	-0.08	-0.41	-0.39	0.12	-0.14	-0.29	-0.15	-0.35	0.25	-0.43	-0.26	-0.37	-0.26	-0.42	-0.38	0.51	0.84	-1.13	-0.04
-62.6288	-1.59	-1.26	-1.69	-1.86	-1.36	-1.22	-1.34	-1.41	-1.05	-1.29	-0.81	0	-1.08	-0.85	-1.87	-1.17	-1.38	-2.31	-1.57	-0.65	-1.97
-61.6147	-0.28	-0.35	-0.46	-0.2	-0.53	0.49	0.55	0.06	0.95	-0.21	-0.79	2	0.23	-0.33	0.64	-0.58	0.29	-0.3	0.48	-0.44	-0.61
-60.6003	-1.02	-2.22	-1.18	-2.08	-0.65	-1.98	-2.67	-1.2	-0.6	-2.33	-0.48	1	-0.72	-1.34	-1.15	-1.18	-1.03	-0.26	-1.16	-0.93	-0.69
-59.5865	0.11	-0.14	-0.41	-0.79	-1.34	-0.27	-0.45	0.21	-0.14	0.29	-1.15	1	-1.4	-1.37	-0.06	-1.54	-1.18	0.48	0.18	-0.34	0.28
-58.5727	-0.09	-0.2	-0.65	-0.72	-0.21	-1.36	-0.33	-0.31	0.64	0.28	0.34	-0.21	-0.08	0.25	0.34	0.56	0.36	0	-0.24	-0.31	-0.54
-57.559	0.26	-0.61	-0.54	-1.31	-0.37	-1.13	-0.69	0.07	0.18	-0.46	-0.76	-0.52	0.45	-0.85	0.08	-0.89	-1.19	0.09	-0.52	-0.86	-0.49
-56.5454	-1.31	-2.2	-1.79	-2.22	-2.06	-1.57	-1.83	-1.25	-1.1	-0.33	-0.72	-1.95	-1.92	-0.84	0.05	-0.24	-0.19	-1.51	-0.59	-0.88	-0.53
-55.5319	-1.26	-0.6	-0.65	-2.18	-1.44	-2.26	-0.83	-2.52	-1.26	-1.11	-1.36	-1.59	-0.9	-1.68	-1.61	-0.88	-0.4	-0.43	-0.49	-0.5	-0.29
-54.5189	-0.38	-1.42	-1.33	-1.28	-0.97	-2.7	-1.5	-1.4	-1.9	-1.36	-1.3	-0.39	-1.32	-2.37	-1.94	-1.58	-0.6	-0.3	-2.23	-2.25	-0.61
-53.5061	-0.58	-1.14	-0.76	-1.81	-2.01	-2.2	-1.66	-2.39	-2.47	-1.4	-2.23	-1.98	-2.31	-1.81	-1.11	-2.61	-2.08	-0.81	-2.02	-0.32	-1.46
-52.4933	-0.31	-0.97	-0.39	-1.49	-0.97	-1.58	-1.16	-0.73	0.58	-0.51	-0.34	-0.51	-0.62	-0.68	-0.32	-1.83	-1.03	-0.86	-0.26	-0.11	-0.07
-51.4806	-0.37	-1.74	0.15	-0.84	-0.14	-1.28	-0.72	-1.64	-1.09	-0.12	-0.16	-1.17	-0.42	-1.87	-1.2	-1.06	-1.31	-0.66	-0.44	-0.27	-0.64
-50.468	0.99	1.84	1.02	0.4	-0.18	0.28	-0.08	0.98	1.73	-0.47	0.06	0.88	-0.42	0.79	1.18	-0.21	-0.07	0.04	0.17	-0.29	0.94
-49.456	-1.7	-1.85	-1.49	-2.12	-0.36	-1.92	-2.31	-0.51	-0.06	-1.96	-1.17	-1.65	-1.57	-1.2	-0.71	-1.26	-0.79	-0.88	-1.01	-0.34	-1.73
-48.4436	0.34	-0.19	-0.08	-0.19	-0.41	-0.43	0.37	-0.45	0.32	-1.08	-1.16	-0.73	-0.54	-1.41	-0.05	-1.16	-1.02	0.11	0.27	-1.17	-0.86
-47.4317	-1.25	0.64	0.83	-1.39	-0.07	-1.33	-1.83	-0.11	-0.78	-0.74	-0.92	-0.76	-0.64	-0.23	-0.48	-0.18	0	0.09	0.35	-0.32	0.58
-46.42	1.76	1.21	1.25	-0.76	0.52	0.53	0.39	0.13	1.04	0.64	0.7	0.36	0.48	0.99	1.11	1.18	1.07	0.84	2.01	1.01	0.18
-45.4087	0.35	-0.59	-0.59	-0.66	-0.83	-1.65	-0.55	-0.79	-0.07	-0.33	-0.27	-0.7	-0.61	-1.13	-1.28	0.32	0.35	-0.11	-0.45	0.47	0.12
-44.3971	0.76	-0.27	-0.18	-0.42	-0.03	0.05	1.29	0.39	0.52	0.06	0.4	0.36	0.47	0.87	0.73	0.01	-0.36	-0.01	-0.27	0.98	0.57
-43.3861	-1.62	-1.78	-2.05	-3.11	-1.46	-2.29	-1.33	-1.62	-1.37	-1.94	-1.99	-1.95	-0.83	-1.59	-1.45	-1.11	-1.81	-1.96	-2.18	-2.68	-2.38
-42.3747	-0.12	0.03	0.12	-0.95	-0.73	-1	-1.3	-0.41	0.16	-0.65	0.36	-0.08	-0.44	-0.92	-0.48	-0.39	-0.01	-0.64	-0.81	0.13	0.02
-41.3639	-1.17	-0.57	-1.2	-0.86	-0.64	-1.6	-1.18	-1.43	-1.74	-0.71	0.15	-0.8	-0.96	-1	0.19	-1.75	-1.34	-1.19	-1.15	-2.02	-0.62
-40.3531	-0.56	-0.6	-0.07	-1.17	-0.61	-0.7	-1.02	0.95	0.44	-0.27	-0.52	0.15	0.34	-0.91	-1.33	-1.08	-0.69	-0.55	-0.79	-1.93	-0.8
-39.3428	-0.23	-0.31	-0.27	-0.91	-0.11	-0.93	-0.22	-1.05	-0.47	-1.29	-0.21	-1.82	-1.82	-0.84	-0.68	-1.05	-0.87	0.05	0.56	-0.1	-1.04
-38.3323	-0.1	-1.42	-0.16	-0.09	-0.65	-0.57	-1.28	-0.99	-0.82	0	0.32	0.39	0.3	-1.04	-0.05	0.11	-0.33	0.36	0.8	0.9	-0.42
-37.3222	-1.17	-1.26	-1.32	-0.62	0.54	-1.27	-0.9	-0.67	-0.56	-0.59	-1	-0.4	-0.57	-0.81	-0.36	-1.45	-1.14	-0.72	-0.82	-0.34	-0.87
-36.3123	0.86	-0.1	1.4	-0.93	-0.14	-0.48	-0.52	-0.45	0.28	-0.22	-0.16	0.29	0.47	-0.25	0.23	0.08	-0.36	0.95	0.61	-0.27	0.31
-35.3024	-2.33	-0.02	-0.74	-1.9	-1.73	-2.75	-1.93	-2.01	-1.98	-0.91	-1.54	-1.82	-1.27	-2.82	-1.01	-1.41	-1.39	-0.54	-1.6	-1.25	-1.55
-34.2927	-0.67	-0.68	-0.79	-1.61	-0.06	-1.06	0.28	-0.95	-0.29	-1.16	-0.6	0.18	0.48	-1.1	-0.52	-1.08	-0.33	-0.75	-0.8	-0.38	0.07
-33.283	-0.6	0.4	0.74	-0.85	-1.34	-1.37	-0.33	0.59	0.3	0.03	-0.72	1.17	0.52	0.05	0.76	0.22	0.32	-0.34	-0.02	0.32	0.5
-32.2739	-0.51	-0.27	-0.5	-0.79	0.02	-1.17	-0.76	0.23	0.03	-0.58	-0.01	-0.33	0.25	-1.4	-0.75	-1.1	-0.68	0.02	0.73	-0.86	-1.05
-31.2648	0.12	-1.88	-0.9	-2.82	-2.12	-2.01	-1.14	-0.27	-0.91	-1.49	-1.48	-0.89	-0.95	-1.03	-1.92	-1.6	-1.77	-1.11	-1.49	-0.41	-1.01
-30.2559	-1.51	-1.38	-0.52	-0.54	-1.37	-1.42	-1.04	-1.05	0.63	-0.99	-0.17	-0.48	0.1	-1.27	-0.71	-0.16	-0.01	-1.24	-0.69	-0.3	-1.78
-29.247	-0.09	-1.18	0.04	-0.73	-0.56	0.34	0.21	-1.46	-0.99	-1.2	0.11	0.89	0.01	-0.89	-0.65	-0.33	-0.73	-0.71	0.57	-0.52	-0.11
-28.2383	-1.06	-0.03	0.86	-0.52	-0.5	-1.01	-0.16	-0.42	0.31	-0.74	-0.05	-0.5	0.1	-0.09	0.24	-0.48	0.11	0.37	0.22	0.13	-1.03
-27.23	1.19	0.34	0.14	-0.26	-0.82	-0.34	-0.3	-0.24	1.08	-0.93	-0.83	-1.56	-0.76	-1.94	-2.18	-0.03	0.03	0.91	0.02	-0.02	0.34
-26.2215	-1.5	-1.76	-1.15	-2.19	-1.73	-1.59	-1.28	-2.36	-1.69	-1.16	-1.4	-2.22	-1.92	-1.28	0.16	-1.37	-1.53	-1.19	-0.89	-1.49	-0.83
-25.2134	-0.78	-0.86	-1.09	-0.47	-1	-0.46	-1.7	0.16	-0.43	-0.24	-0.15	-1.46	-1.11	-1	-0.57	-0.85	-1.55	-0.48	-0.39	0.25	0.63
-24.2055	0.08	-0.61	-0.23	-1.3	-1.91	-1	-0.32	1.14	0.76	-0.34	-0.33	-0.32	0.08	-0.73	0.17	-1.08	-0.46	1.1	0.84	0.09	-1.12
-23.1976	0.28	-0.58	-0.31	-0.01	-0.46	-0.86	-0.81	0.12	0.19	-0.32	-1.24	-1.09	-0.46	-0.27	0.13	0.42	-0.18	-1.26	-0.6	-0.47	-0.92
-22.1903	-0.03	0.93	0.16	-0.66	0.18	-0.66	-1.09	0.39	0.91	0.23	0.55	0.46	0.95	-0.62	0.26	0.52	0.63	0.37	-0.01	-0.28	0.57
-21.1827	0.08	-0.01	0.28	-1.36	0.32	-1	0.17	0.54	0.18	0.29	-0.7	-0.04	-0.44	-0.81	-0.88	-0.57	-0.61	0.46	-0.54	-0.26	-1.65
-20.1755	-1.75	-1.08	-0.75	-0.87	-0.74	-2.31	-1.35	-1.82	-2.23	-1.4	-2.09	-1.07	-0.65	-1.44	-1.55	-0.16	-0.46	-2.31	-1.71	-0.97	-1.25
-19.1685	-2.45	-1.27	-0.54	-1	-1.17	-1.23	-1.61	-0.82	-0.78	-1.33	-0.95	-1.25	-0.8	-1.46	-0.81	-1.89	-2.24	-0.84	-2.09	-1.66	-1.03
-18.1615	0.58	0.22	0.14	-0.43	-0.35	-0.32	0.36	0.93	0.21	0.66	0.98	0.84	0.41	-0.3	0.36	-0.01	0.71	1.22	1.84	0.8	-0.53
-17.1551	-0.36	-0.38	-0.91	-1.07	-0.3	-1.97	0.07	-1.33	-1.57	-0.59	-1.08	-1.03	-0.28	-0.62	-0.21	-1.24	-0.42	-0.43	-0.43	-0.76	-1.15
-16.1483	-0.38	0.48	-0.28	-0.32	-1.95	-0.71	-0.07	-0.93	0.33	-0.67	-0.12	-0.9	-0.86	-2.08	-0.71	-1.94	-0.92	0.41	0.02	-0.61	-1.33
-15.1421	1.82	1.68	1.67	1.32	1.19	1.74	1.23	-0.59	1.11	0.45	0.8	0.84	-0.05	-0.53	2.21	-1.09	1.92	1.99	1.12	1.4	1.16
-14.1359	2.9	0.53	0.46	-0.32	-0.32	3.26	1.93	0.64	-1.08	0.29	1.57	-2.05	-1.66	0.69	1.8	-0.69	0.8	0.99	1.28	1.13	-0.07
-13.1299	1.66	-0.04	1.36	1.08	1.51	-0.19	0.42	-1.06	0.35	-0.32	0.66	-2.82	-1.49	-0.71	-1.31	-1.47	-1.66	1.52	0.13	-1.46	0.27
-12.124	4.82	3.46	4.13	0.46	3.88	2.08	2.98	2.56	5.46	1.59	2.99	3.33	3.29	-1.88	-0.65	0.31	1.79	1.72	2.61	2.16	1.59
-11.1181	0.83	-1.69	0.35	-5.32	2.35	-3.41	-1.33	-0.98	2.97	-4.31	-5.21	-3.85	-4.68	-3.83	-5.65	0.58	-1.07	0.4	-3.58	-2.73	2.61
-10.1128	-4.73	-6.62	-4.97	-7.28	-4.48	-8.84	-5.01	-7.28	-5.27	-4.37	-4.67	-4.05	-6.52	-7.3	-3.3	-5.3	-2.62	-6.45	-3.48	-2.04	-2.72
-9.10753	-3.45	-3.11	-4.27	-7.24	-6.55	-7.97	-5.38	-8.59	-6.97	-3.66	-4.96	-3.94	-5.14	-5.64	-4.53	-6.26	-1.75	-5.28	-5.39	-0.48	-2.59
-8.10239	-5.75	-0.18	-0.05	-4.07	-0.75	-6.24	-5	-5.34	-5.23	-2.75	-4.69	-5.71	-2.73	-3.75	-0.42	-3.18	-4.31	-1.63	-3.71	-1.68	-0.57
-7.09735	-2.29	-3.18	-1	-0.88	-2.23	-0.84	-2.77	-4.45	-4.15	-2.77	-1.1	-0.4	-3.48	-4.62	0.44	-6.23	-3.78	-2.54	-3.9	-2.61	-3.02
-6.09241	1.34	0.14	1.29	-0.13	-3.67	-0.27	-0.03	-1.38	-2.47	-3.6	-0.11	-1.62	-1.14	-2.54	-1.2	-3.05	-2.79	-0.52	-2.62	-1.18	0.49
-5.08758	0.54	1.18	2.62	0.02	1.18	-0.65	0.89	-1.8	0.63	-2.37	-0.49	-0.63	-0.24	-3.32	0.1	-3.19	0.86	-0.39	-1.31	1.87	0.92
-4.08323	1.41	1.16	0.81	-1.68	-4.35	-2.03	-3.38	-1.55	-1.21	-3.26	-1.24	-2.59	-3.39	1.13	-2.15	-2.45	-1.75	-1	-1.16	-2.08	-2.1
-3.07899	1.71	-1.42	-1.68	2.28	0.55	-2.98	-0.79	-1.08	-1.1	-1.05	-1.4	-0.75	-1.26	-1.85	-0.36	-1.9	-1.09	-0.06	-0.01	0.31	-0.49
-2.07485	0.12	-3.93	-1.04	-3.6	-2.12	-3.97	-2.91	-3.01	-2.46	-1.62	-1.7	-2.13	-2.41	-2.47	-3.05	-4.22	-4.81	-5.24	-4.12	-0.64	-1.91
-1.07081	3	1.26	-0.51	2.42	-1.6	1.3	1.84	1.96	2.2	2.72	0.17	-1.18	3.89	0.2	1.61	-0.19	-2.94	-1.36	-0.62	4.26	-0.81
-0.0672527	0.54	1.74	-0.66	1.17	0.31	1.62	4.04	2.3	3.37	1.66	3.47	2.32	5.77	1.7	1.63	-5.34	-4.37	-4.79	-2.84	4.4	0.5
0.936578	6.03	-1.91	-1.59	-0.85	2.77	5.25	6.03	6.94	8.74	7.18	7.26	2.97	6.88	0.95	-1.9	-5.22	-1.68	-3.45	-2.49	5.5	-0.74
1.93993	11.77	7.28	8.13	5.58	8.91	6.14	6	5.46	8.33	6.5	10.09	3.51	5.89	0.72	5.19	-0.02	6.86	5.69	4.39	6.6	4.69
2.94317	0.42	0.36	-1.36	-5.13	-0.61	0.53	-0.87	-5.58	0.11	-4.24	-0.89	-6.9	-3.4	-6.87	-1.96	-3.85	-0.93	0.64	-4.83	2.62	-1.44
3.94631	-5.51	-4.63	-6.45	-9.36	-5.43	-8.03	-6.58	-7.88	-4.42	-6.97	-4.93	-8.4	-8.16	-6.03	-4.41	-6.24	-3.26	-6.25	-6.23	-2.4	-5.01
4.94935	-6.89	-6.39	-7.23	-5.39	-5.86	-4.24	-5.17	-5.71	-3.4	-4.88	-3.72	-4.44	-4.28	-2.06	-1.86	-2.84	-1.75	-3.86	-3.81	-1.15	-1.04
5.95191	-5.12	-6.04	-5.29	-5.35	-7.38	-4.37	-7.31	-5.63	-3.77	-4	-5	-3.5	-2.96	-4.83	-2.07	-4.74	-2.85	-4.07	-3.76	-1.92	-2.33
6.95474	-1.46	-3.4	-2.47	-2.64	-2.59	-4.19	-3.83	-3.12	-2.31	-5.08	-6.18	-1.9	-1.57	-1.89	-0.86	-2.84	-1.38	-3.92	-1.82	-2.67	-2.06
7.95709	-0.78	0.07	0.66	-0.04	-1.14	1.08	0.57	-0.77	-0.87	-1.25	-0.68	-2.3	-2.17	-0.79	-0.7	-1.06	-1.11	0.08	-0.38	0.63	-0.28
8.95934	1.01	0.73	1.74	-0.01	0.45	0.89	0.91	1.19	1.77	0.23	0.91	0.73	0.68	-0.5	0.26	0.89	-0.1	0.76	0.29	0.42	0.58
9.96111	-1.18	-0.05	0.18	-0.57	-0.88	-1.24	-0.98	0.45	-1.13	0.2	0.84	-0.98	-1.2	0.97	0.69	-1.24	-0.44	-0.52	-0.95	-0.08	-0.62
10.9631	0.59	-0.73	-0.62	-1	-0.89	-0.44	0.41	0.16	-0.32	-1.32	-1.54	-1.04	-0.19	-0.22	-0.16	-0.76	-0.28	0.83	0.18	-0.54	0.09
11.9647	-0.76	-1.07	-1.44	-1	-0.79	-0.71	-0.69	-0.27	-0.13	-0.82	-0.3	-0.23	-1.06	-0.74	-0.22	0.31	-0.05	-0.74	-1.17	-1.65	-0.4
12.9665	-1.66	0.02	-0.9	-2.8	-2.33	-1.61	-1.21	-0.87	-1.25	-1.3	-1.3	-0.52	-0.8	-0.87	-0.34	-1.05	-1.25	-0.75	-1.17	-0.65	-0.6
13.9679	0.02	1.28	0.07	-0.06	-0.17	-0.58	-0.81	0.2	0.38	-0.23	-0.57	-0.53	0.24	-0.79	0.37	0.04	-0.26	-0.73	-0.58	0.07	1.42
14.9691	1.42	-0.96	-1.17	-0.88	-0.65	1.18	-0.62	-0.96	-1.04	-0.29	-0.82	-0.5	-0.64	-0.7	-0.59	-1.41	-0.48	0.54	-0.6	-0.38	-0.15
15.9699	-0.42	-0.27	0.92	-0.62	-0.34	-0.34	-0.08	-0.55	0.49	0.51	0.31	-0.48	-0.72	-0.24	0.19	-1.07	-0.14	-0.8	0.36	0.23	0.16
16.971	0.25	0.82	1.2	-0.26	0.64	0.03	-0.19	0.66	0.99	-0.05	0.62	-0.52	0	0.7	0.86	-0.61	-0.85	0.83	-0.31	0.21	-0.46
17.9715	-1.13	-1.71	-1.96	-2.09	-1.31	-1.75	-0.43	-0.65	-0.57	-2.29	-1.85	-1.67	-1.4	-1.06	-1.08	-1.44	-1.11	-2.25	-2.4	-1.85	-1.21
18.972	-0.44	-0.79	-0.92	-2.31	-1.03	-1.52	-1.78	-0.12	-0.76	-1.03	-1.2	-1.39	-0.42	-2.04	-1.01	-0.93	-1.59	-1.26	-1.28	-0.55	-1.45
19.9723	-0.86	0.18	0.6	-0.95	-2.31	-1.74	-1.09	-0.49	-0.39	-1.1	-0.56	-0.72	-1.08	-0.39	-0.87	-1.85	-1.15	-0.96	0.32	-0.61	0.05
20.9726	-0.07	-1.5	-1.27	-1.28	-0.61	-0.03	-1.02	-0.65	-0.66	-1.2	-0.8	-1.49	-1.46	-1.32	-0.54	-0.83	-0.24	-0.22	-1.34	-0.38	-0.3
21.9727	-0.81	-0.99	-0.42	-1.72	-0.19	-1.72	-0.89	-1.17	-1.56	-1.6	-0.24	-0.32	-0.45	-1.14	-0.52	-0.13	1.07	-0.39	-0.77	-1.91	-1.13
22.9724	-0.23	0.79	0.68	-0.67	-0.7	-0.26	-0.26	-0.66	0.91	-1.29	-0.12	-0.74	-0.31	-0.14	0.08	-0.77	0.48	0.23	0.5	0.91	-0.27
23.972	-0.65	-0.71	0.12	-0.49	-0.04	-0.61	0.32	-0.13	-0.63	-0.12	-1.27	0.31	-0.17	-0.07	-0.66	-0.02	-0.6	0.31	-0.41	0.11	-0.45
24.9714	-0.71	-1.18	-0.79	-0.34	-0.95	-1.18	-0.83	-1.74	-0.7	-0.77	-0.89	-0.35	-0.34	-0.88	-0.41	-0.36	-1.2	0.87	-0.7	-0.03	-0.42
25.9708	-1.92	-1.2	-1.58	-1.53	-1.83	-1.01	-0.95	-0.48	-0.46	-0.77	-0.78	-0.81	-1.28	-0.33	-0.77	-1.37	-0.08	-0.14	0.31	-0.55	-1.39
26.9701	0.15	0.64	0.79	-1.03	0.43	-0.88	0.23	-1.51	-0.79	-0.73	-0.28	-0.82	-0.87	-1.3	-0.59	-0.83	-0.72	-0.65	0.33	-0.71	0.12
27.9692	-1.18	-1.41	-1.09	-1.41	-1.05	-1.59	-1	-0.68	-0.2	-0.25	0.29	0.06	-0.31	-0.2	0.28	-1.12	-0.54	-0.68	-1.13	-2.79	-0.99
28.9679	-0.82	-1.14	-0.74	-0.9	-1.28	-2.2	-0.99	0.21	-0.47	-1.22	-1.98	-1.88	-1.68	-1.17	-0.82	-1.93	-1.42	-1.2	-0.27	-0.84	0.18
29.9665	1.28	0.3	0.44	-0.82	-1.18	-1.18	-0.32	-0.06	0.41	-0.81	-0.97	-0.67	-0.45	-0.56	-0.45	0.4	-0.81	-0.15	0.07	-0.9	-0.69
30.9649	-2.5	-1.62	-0.37	-1.77	-1.79	-2	-1.81	-0.67	0.76	-2.14	-2.15	-1.44	-1.01	-3.37	-2.45	-1.46	-1.41	-1.58	-1.48	-1.35	-1.6
31.9633	0.2	-1.16	-0.83	-0.9	-1.1	-0.32	-1.12	-0.67	-0.32	-0.3	-0.18	-1.37	-1.76	0.04	-0.17	-0.3	-0.73	0.63	0.21	-1.52	-0.45
32.9612	0.7	-0.33	-0.82	-0.96	-0.27	-1.04	-0.98	-1.43	-0.11	-0.14	-0.41	-0.04	-0.75	0.26	0.16	-0.7	-0.47	-0.51	-0.18	-1.47	-1.01
33.9594	-1.11	-0.97	-2.6	-2.11	-0.71	-3	-2.54	-1.97	-0.8	-1.15	-0.85	-0.59	-1.16	-1.96	-1.23	-1.84	-1.87	-1.11	-2.01	-1.13	-0.45
34.9571	0.12	0.67	0.47	-0.8	-0.03	0.46	-0.15	0.4	0.54	-0.93	-0.28	0.56	-0.22	-0.39	-0.21	0.02	1.21	0.02	-0.45	0.51	0.99
35.9546	-0.23	-2.26	-2.02	-2.66	-2.47	-3.72	-2.83	-1.76	-0.84	-1.56	-1.05	-2.08	-1.34	-1.84	-1.08	-2.95	-2.11	-2.82	-2.32	-1.39	-1.49
36.9521	-0.81	-1.22	-1.32	-0.69	-2.17	-1.21	-1.07	-1.37	-0.5	-1.27	-0.88	-1.24	-0.98	-1.15	-0.88	0.04	-0.1	-0.19	-0.95	-1.07	-0.57
37.9495	0.82	-0.24	-0.35	-0.27	0.03	-0.27	-0.07	-0.28	0.55	-0.37	-0.86	-0.89	-0.39	0.42	-0.79	0.1	-0.49	-0.58	-0.41	-0.34	-0.36
38.9464	-0.52	-0.58	-0.23	-1.62	-1.06	-1.1	-1	-0.89	-0.4	-1.52	-1.09	-0.77	-0.16	-1.94	-1.85	-0.84	-0.98	-0.73	-0.83	-0.49	-0.52
39.9436	-0.01	-0.53	-0.07	-1.01	-1.22	-1.02	-1.38	-1.17	-0.03	-1.8	-1.01	0.66	-0.72	-0.81	-0.93	-1.13	-1.09	-0.51	-1.21	0.49	-0.6
40.9402	-1.41	-1.14	-0.93	-1.28	-0.6	-1.04	-1.57	-1.51	-1.33	-1.08	-1.09	-0.9	-0.74	-2.58	-1.71	-1.48	-1.3	-1	-0.65	-2.68	-0.7
41.9368	-1.68	-1.77	-1.25	-2.49	-2.33	-1.38	-1.19	-1.38	-0.97	-1.38	-2.19	-1.33	-1.63	-0.45	-0.98	-1.41	-1.82	-0.4	-1.83	-1.2	-1.92
42.9333	-0.97	-1.12	-1.31	-0.7	-1.7	-1.74	-0.95	-1.5	-0.32	-0.79	0.13	-0.21	-0.31	-1.34	-1.45	-0.41	-0.79	-0.22	-0.34	-0.48	-0.26
43.9293	0.31	0.07	-0.32	-1.59	0.14	-0.56	-0.42	-0.32	1.15	-0.6	-0.41	-1.29	-0.91	0.71	0.39	-0.32	-0.8	-0.15	-0.17	-0.89	0.64
44.9256	1.06	0.69	0.75	-1.3	-1.23	-0.53	0.3	0.5	1.16	-0.64	-0.96	-0.7	-1.08	-0.72	0.16	-0.32	0.13	0.44	0.12	-0.04	0.52
45.9214	-0.26	-1.58	-1.65	-2.47	-2.73	-1.57	-1.85	-0.85	-1.03	-1.76	-1.52	-2.18	-1.87	-1.6	-1.28	0.03	0.13	-2.03	-1.33	-1.83	-1.61
46.9171	-3.04	-3.07	-2.93	-3.85	-4.09	-3.9	-4.07	-3.87	-3.03	-2.85	-2.18	-3.17	-3.15	-4.18	-3.83	-3.66	-3.63	-3.86	-3.72	-3.15	-2.82
47.9127	-2.36	-3.06	-3.4	-3.49	-3.34	-3.09	-2.76	-2.85	-2.98	-3.24	-2.66	-2.59	-2.24	-3.95	-3.52	-1.99	-2.23	-2.71	-2.71	-2.95	-3.21
48.9078	-1.56	-2.97	-1.27	-2.12	-2.62	-2.01	-1.45	-2.35	-1.7	-2.65	-1.91	-1.12	-1.8	-1.78	-1.61	-1.27	-1.24	-0.96	-1.18	-2.65	-1.49
49.9032	-0.59	-0.08	0.02	-0.65	-1.54	-1.1	-0.89	-1.17	0.43	0.17	-0.24	-0.2	-1.22	-0.97	-0.28	-0.95	-0.71	-0.14	-0.99	-0.49	-0.09
50.8982	0.78	0.82	1.31	0.48	0.39	-0.09	0.09	1.56	1.67	0.08	1.02	-0.23	0.68	-0.2	0.24	0.48	0.41	0.65	0.35	0.35	0.84
51.8934	-0.61	-1.24	-1.01	-1.24	-0.65	-1.22	-0.62	-0.56	0.29	-1.14	-1.7	-1.2	-0.45	-0.93	-0.53	-1.79	-1.95	-1.2	-1.37	-1.18	-0.56
52.8877	-0.18	-1.29	-0.2	-0.3	0.13	-0.3	-0.29	0.34	0.01	-0.95	-0.15	-1.07	-1.3	-0.73	-0.64	-1.1	-1.86	-0.25	-0.16	-0.34	0.03
53.8823	-0.62	-0.77	-0.31	-1.1	-0.14	-0.29	0.05	-0.44	0	-0.58	-0.4	-0.28	-0.38	-0.34	0.21	-0.24	0.5	0.05	1.37	-0.35	0.37
54.8768	-1.14	-0.71	-0.71	-1.62	-1.58	-1.17	-1.15	-0.16	-0.53	-1.77	-1.15	-1.52	-1	-1.02	-0.36	-1.42	-1.72	-0.73	-1.77	-0.58	-0.68
55.8708	-0.84	-0.35	-0.75	-1.52	-0.51	-1	-0.42	-0.96	0.35	-1.3	-0.85	-0.19	-0.39	-0.83	-0.45	-0.69	0.02	-1.56	-1.5	-0.44	-0.72
56.8651	-0.73	-0.41	-0.43	-1.38	-1.39	-1.16	-0.98	-0.53	-0.35	-0.27	-0.43	-0.67	-0.65	-1.31	-0.54	-2.27	-0.81	0.24	-0.14	-1.21	-0.45
57.859	0.03	-0.02	0.05	-1.31	-1.43	-0.78	-1.05	-1.32	-0.39	-0.99	-0.11	-1.61	-2.01	-1.26	0.07	-0.26	-0.45	-1.03	-0.48	-0.88	-0.76
58.8527	-1.38	-0.65	-0.14	-0.1	0.4	-0.04	-0.54	-0.81	-0.1	-0.33	0.14	-0.76	0.2	0.36	0.09	-0.66	-0.91	-0.98	-0.66	0.08	0.14
59.846	-0.47	-0.47	-0.26	0.13	-0.13	-2.85	-1.59	-0.07	-0.18	-0.98	-0.24	-1.13	-1.47	-0.71	-0.98	-1.16	0.11	-0.45	-0.43	-1.1	-1.23
60.8395	0.2	-0.94	-0.91	-2.09	-1.08	-1.04	-1.68	-0.43	-0.36	-1.65	-1.44	-0.12	0.38	-2.36	-1.14	-1.29	-1.21	-1.38	-1.23	-1.96	-0.44
61.8325	-0.16	0.72	-0.45	-0.11	-0.15	-1.51	-1.76	-0.57	0.73	0.85	0.81	0.45	-0.19	-1.21	0.16	-0.05	-0.13	-0.25	0.04	1.37	1.07
62.8255	0.02	-2.04	-0.54	-1.92	-1.04	-1.93	-1.5	-1.51	-0.2	-0.45	-0.57	-1.18	-1.88	-1.06	-1.53	-0.93	-0.56	-1.05	-0.75	-0.32	-0.39
63.8183	-0.04	0.28	0.34	-0.55	0.28	-0.01	-0.16	0.06	1.3	1.22	0.79	0.24	0.64	0.43	0.83	0.15	0.72	0.83	0.43	0.44	-0.43
64.811	0.55	-0.56	-0.26	-1.46	-0.9	-0.99	-0.94	-1.25	-0.77	-1.77	-1.53	-0.69	-1.43	-1.31	0.32	-0.23	-0.07	-0.4	-0.31	-0.87	-0.4
65.8037	-0.9	0.26	-0.86	-0.72	-0.44	-1.52	-0.62	0.21	0.03	-0.33	-1.65	-0.32	-0.71	-0.99	-0.84	-0.06	-0.26	-0.14	-0.55	0.13	0.23
66.7958	-0.05	-1.47	-0.5	-1.38	-0.58	-1.35	-1.64	-0.85	0.34	-1.41	-0.71	-0.76	-0.78	-0.61	-0.75	-1.31	-1.27	-1.61	-1.64	-1.08	0.27
67.7879	-0.04	-0.27	-1.34	-1.52	-1.18	-1.35	-1.28	-0.33	-0.52	-2.04	-1.8	-2.1	-1.13	-2.03	-0.46	-1.12	-0.38	-1.25	-1.22	-1.16	-0.84
68.7799	-1.29	-0.52	-0.4	-1.81	-2.71	-1.34	-1.64	-1.36	-0.13	-0.13	0.06	-0.32	0.03	-2.16	-1.09	-0.96	-0.88	-0.24	-0.76	-1.49	-0.86
69.7717	-0.71	-1.01	-1.06	-2.31	-0.39	-1.86	-0.49	-1.33	-1.88	-0.86	-0.64	-0.24	-0.72	-1.1	-1.06	-1.85	-1.58	-0.98	-1.16	-0.72	-1.34
70.7635	-0.89	-0.77	-0.57	-0.88	-0.49	-1.25	-1.24	0	0.31	-0.97	-1.75	-0.5	-0.45	-1.87	-0.83	-1.38	-1.58	-0.98	-1.12	-1.35	0.08
71.7551	-0.23	-0.23	-0.83	-0.84	-0.69	-1.46	-1.29	-1.6	-1.18	-0.09	0.04	-1.68	-1.88	-0.76	-0.1	-0.48	-0.96	-1.22	-1.68	-1.33	-0.97
72.7463	0	-0.39	0.49	-0.85	-0.29	-0.51	-0.59	0	-0.06	-0.05	0.42	0.77	1.15	-1.03	-0.95	0.13	0.54	-0.55	-0.67	-0.67	1.01
73.7374	-1.34	0.29	0.35	0.29	0.69	-0.44	-0.2	0.07	-0.36	0.05	-0.82	-0.14	-0.03	-0.23	0.44	-1	-0.52	1.15	0.78	0.56	-0.42
74.7283	-0.83	-0.63	0.18	-0.13	-1.15	-0.74	-0.45	-1.43	0.22	0.34	0.49	-1.23	-0.19	-0.86	0.01	-1.05	0.31	-0.18	0.22	-0.4	0.26
75.7192	-0.44	-0.86	-0.23	-1.87	-0.66	-1.21	-1.06	-0.72	0.09	-1.62	-1.18	-0.63	-0.92	-1.07	0.19	-2.02	-1.19	-0.44	0.18	-0.18	-0.81
76.7096	-2.16	-1.56	-1.06	-2.09	-1.96	-1.8	-1.43	-2.03	-1.87	-1.22	-1.71	-2.52	-2.27	-0.77	-1.38	-0.72	-1.31	-1.47	-1.91	-1.34	-2.04
77.7003	1.77	0.72	0.81	-0.07	0.31	1.04	1.14	-0.13	0.56	0.75	0.54	0.5	0.34	-0.13	0.08	0.67	0.94	1.04	1.16	0.57	1.14
78.6905	-1.25	-0.88	-0.17	-1.24	-0.24	-2.41	-1.45	-0.64	-1.19	-2.32	-2.06	0.1	-0.29	-1.65	-1.41	-0.49	-0.15	-0.79	-0.74	-1.28	-1.15
79.6806	-1.27	-2.18	-1.24	-2.42	-2.23	-1.69	-2.14	-0.89	-0.57	-1.68	-1.53	-1.52	-1.75	-0.31	-0.99	-1.86	-2.2	-1.06	-1.27	-1.91	-1.74
80.6706	-0.99	-1.51	-1.76	-2.23	0.41	-1.41	-0.69	-1.47	0.06	-0.69	-0.73	-1.65	-0.7	-2.48	-0.65	-1.05	-0.9	-0.35	-0.07	0.04	-0.04
81.6604	-0.81	-1.02	0.04	-0.93	-0.83	-0.39	0.15	-0.75	0.27	-0.97	0.24	-0.4	-0.38	-0.99	-0.68	-0.91	-0.29	-0.56	-0.34	-0.12	-0.36
82.6499	-1.2	-1.7	-1.85	-2.29	-1.3	-2.18	-1.86	-1.57	-1.85	-1.03	-1.19	-1.31	-0.36	-1.18	-0.7	-2.05	-1.31	-1.3	-0.37	-1.41	-1.41
83.6395	0.47	0.9	0.51	-0.76	-0.13	-0.02	0.65	0.07	-0.46	-0.76	0.8	-0.38	-1.52	-0.83	-0.24	-0.19	0.62	-0.58	-0.68	-0.28	0.45
84.6288	-0.84	-0.58	-0.61	-1.04	-1.75	-0.87	-1.72	-1.14	-0.87	-0.81	-0.66	-0.3	-1.23	-0.76	-0.37	-0.59	-0.42	-0.33	-0.53	0.02	-2.39
85.6179	-1.92	-2.4	-1.51	-2.74	-1.75	-2.24	-1.72	-0.65	-1.42	-2.04	-0.86	-2.55	-2.08	-2.85	-2.45	-2.73	-1.73	-0.89	-1.13	-1.87	-2.47
86.6069	-0.06	-1.35	-0.33	-1.32	-0.82	-1.62	-0.76	-0.19	-0.53	-0.62	0.21	-1.29	-0.8	-0.71	0.68	-1.65	-1.07	-0.3	-0.05	0.18	-0.67
87.5954	-0.75	-0.45	-0.26	-2.76	-2.56	-1.61	-0.67	-0.64	-0.96	-2.15	-2.13	-1.83	-1.58	-1.19	-0.98	-1.74	-0.79	-0.81	-0.85	-2.32	-0.97
88.5842	0.19	0.06	-0.1	-0.5	-0.21	-0.84	-0.58	-0.04	0.78	-0.28	-1.26	-0.88	-0.48	0.64	0.78	0.32	0.08	0.08	-1.16	0.1	-0.32
89.5725	-0.06	0.79	1.36	-0.09	-1.51	0.24	0.8	-0.3	1.04	1.05	1.92	1.3	1.02	-0.24	1.25	0.03	0.55	0.75	0.64	0.89	0.27
90.5608	-0.66	-0.88	-0.58	-2.57	-1.44	-1.59	-2.15	-0.57	0.91	-0.03	-0.13	-1.39	-0.4	-0.03	0	-0.35	0.43	-0.51	-0.64	-0.73	-0.99
91.5489	-0.41	-0.79	-0.76	-0.51	-0.47	-0.86	-0.26	-0.68	-0.18	-0.28	-0.97	-1.28	-1.38	-1.76	-0.66	-0.98	-0.78	-1.2	-0.75	-1.04	-0.69
92.5369	-0.07	0.09	-0.67	-1.72	-0.52	-1.47	-0.3	-0.42	0.18	-0.24	-0.31	-0.41	-0.8	-1.15	-0.05	-0.85	-0.46	-0.73	-1.74	-0.49	-0.66
93.5245	-0.36	-0.35	-0.18	-0.96	-0.63	-2	-1.66	-0.39	-0.26	-1.47	-1.05	-1.13	-1.38	0.05	-0.27	-0.72	-1.84	-1.38	-1.5	-1.42	-1.01
94.5123	-0.65	0.28	-0.66	-0.1	-0.93	-1.28	-0.64	0.13	0.08	-0.19	-0.17	0.01	0.59	-1.2	-0.79	-1.28	0.26	0.4	0.43	-0.14	0.81
95.4997	-0.66	-0.21	0.4	-0.7	0.12	-0.27	0.03	-0.6	-0.37	-0.04	0.37	-0.99	-0.24	-1.05	-0.96	0.28	-0.14	-0.34	-0.43	-0.09	-0.9
96.4869	0.27	-0.94	-0.47	-0.62	-0.43	-1.92	-1	0.75	0.91	-0.15	-0.32	-0.92	-1.75	0.57	1.14	-0.79	-0.33	0.49	0.84	-0.58	-1.71
97.4741	-1.12	-1.71	-1.14	-1.16	-1.26	-1.67	-2.13	-1.51	0.23	-1.35	-1.18	-0.93	-0.76	-1.31	0.09	-0.57	-0.21	-0.98	-0.12	-0.78	-0.95
98.4607	0.78	-1.66	-1.72	-2.61	-1.21	-1.88	-1.98	-0.26	0.12	-0.99	-1.11	-1.98	-1.47	-2.26	-1.86	-1.88	-1.41	0.03	1.3	-0.88	-2.09
99.4477	-1.45	-0.8	-0.97	-1.21	-1.26	-0.47	-0.85	-1.37	-0.8	-1.43	-0.77	-0.77	-0.13	-0.96	0.31	-0.74	0.05	0.55	0.03	-0.65	-0.12
100.434	0.72	0.86	0.76	-0.73	0.3	-0.83	0.27	-0.09	0.4	-0.71	0.21	-0.24	-0.65	-0.26	0.73	-0.46	-0.46	0.1	0.23	-0.8	0.72
101.421	-0.44	0.47	-0.41	-1.13	-0.48	-1.25	-0.72	0.01	0.58	-0.18	-0.23	-0.14	0.48	-1.68	-1.16	0.28	0.3	0.57	0.14	-0.37	-0.98
102.407	-0.01	-0.45	-0.51	-2.26	-1.19	-1.36	-0.26	-0.52	-0.44	-0.9	-0.99	-0.39	-0.89	-0.25	-0.47	-0.65	-0.05	-0.4	-0.51	-0.67	-1.29
103.393	-0.19	0.81	0.45	-0.92	-0.18	-1.65	-1.46	-2.32	-1.06	-1.74	-0.54	-1.6	-0.52	-1.17	-1.29	0.04	-0.43	-0.09	0.65	-0.76	-0.4
104.379	-0.62	-0.31	0.25	-0.71	-0.82	-1.06	-0.97	-0.81	-0.04	-0.51	-0.36	-0.2	0.04	0.16	0.72	-0.32	0.29	0.58	-0.54	0.95	-0.56
105.364	-0.52	-0.9	-0.35	-0.81	-0.35	-1.16	-1.39	-0.03	0.55	-1.46	-1.14	-1.1	-0.73	-0.07	0.11	-0.71	0.57	-1.11	-0.82	-1.26	-0.71
106.35	-2.12	-1.66	-1.71	-2.91	-2.12	-1.91	-1.5	-1.61	-1.92	-1	-1.44	-1.69	-1.06	-1.09	-1.5	-2.33	-1.5	-1.22	-1.24	-2.59	-1.29
107.336	0.28	-0.84	-1.85	-1.53	-0.44	-1.02	-0.49	-0.77	-0.1	-0.59	0.09	-2.36	-1.46	-0.55	0.08	-3.01	-1.63	0.06	-0.18	-0.85	-0.4
108.32	-0.38	-1.24	-1.24	-1.39	-0.87	-1.55	-0.7	-0.77	-0.18	-1.18	-0.69	-1.49	-1.59	-1.67	-1.46	-0.18	0.38	-0.79	-1.25	-0.04	-0.05
109.306	0.69	-0.3	0.39	-0.05	-0.39	-0.3	0.11	-0.12	1.02	-0.04	0.47	-0.81	0.19	-0.13	0.74	0.63	0.32	0.58	0.45	-0.2	0.95
110.291	-0.51	-1.15	0.14	-0.81	-0.86	-1.43	-0.92	-0.24	0.57	-1.24	-0.78	0.14	-0.17	-0.54	-0.24	-0.71	-0.22	-0.53	-0.88	-0.5	-0.77
111.275	-0.56	-0.69	-0.32	-2.31	-1.14	-0.76	-1.11	-0.99	-0.11	0.3	0.02	-0.56	-0.53	-1.73	-0.18	-1.15	-0.56	0.13	-0.69	-0.53	-0.98
112.26	0.61	0.54	0.59	-0.68	-0.07	-1.29	0.3	-1.08	0.08	-1.32	-0.73	0.62	1.12	-0.23	0.43	-0.12	0.12	0.43	-0.43	1	0.7
113.244	0.87	0.47	0.16	-0.57	-1.45	-1.05	-1.18	0.51	-0.99	-1.33	-0.48	0.13	1.14	0.65	0.78	-0.12	-0.02	0.1	0.05	0.15	-0.39
114.228	-1.47	-1.03	-0.12	-1.37	-2.4	-1.76	-1.6	-1.19	-0.57	-1.28	-0.79	-2.05	-1.41	-0.99	-0.82	-2.64	-1.56	-1.28	0.44	-2.21	-1.14
115.212	0.01	0.73	-0.64	0.33	0.01	0.74	0.56	0.72	1.21	0.13	0.54	0.24	0.4	-0.08	0.65	1.62	1.24	1.74	0.94	-0.12	0.94
116.196	-0.09	0.57	-0.49	-0.93	0.6	-0.27	0.11	0.42	0.35	-0.01	0.04	-0.03	0.56	-1.26	-0.38	0.06	-0.08	-0.53	-0.65	-0.21	-0.18
117.18	-0.02	-1.03	-0.41	-0.26	0.03	-0.42	-0.17	0.31	1.21	-0.95	-0.73	0.96	0.72	0.01	-0.38	-0.7	0.06	-0.07	-0.54	0.51	-0.47
118.164	-0.15	-0.17	0.71	0.09	-1.48	-0.53	-1.03	-0.55	-0.39	-1	-0.97	-0.61	-0.35	-0.99	0.04	-1.54	-0.17	0.38	0.01	-0.4	-1.72
119.147	-0.24	-0.93	0.29	-1.11	-0.98	-0.95	-0.95	0.28	0.84	-1.12	-0.55	-1.08	0.28	-1.54	-0.25	-0.83	-0.65	0.15	-0.42	-0.5	-1.7
120.13	-0.32	0.48	0.47	-0.34	0.11	0.64	0.53	-0.16	1.09	0.45	0.74	0.16	0.24	0.21	1.29	-0.75	-0.77	0.62	0.29	-0.01	1.28
121.113	0.51	-0.76	-0.09	-0.84	-0.18	-1.81	-0.53	-0.03	0.74	-0.59	-0.05	-0.37	-0.47	-1.14	-1.31	0.31	-0.04	0.42	-0.97	0.75	-0.28
122.096	-0.37	0.73	0.9	0.35	0.18	0.68	1.3	-0.34	0.49	-0.91	-0.73	-0.36	-0.12	0.82	-0.12	-0.27	-0.08	-0.84	-0.15	0.39	-0.06
123.079	-0.75	-1.19	-0.69	-1.89	-1.29	-0.9	-1.58	-1.21	-0.7	-0.81	-0.9	-0.47	-0.06	-1.46	-1.58	-0.89	-0.28	0.17	-0.14	-1.42	-0.34
124.061	-0.8	-1.45	-1.89	-1.8	-0.99	-0.47	-0.11	-1.2	-0.82	-1.98	0.05	-0.62	-1.11	-0.75	-0.63	-0.81	-0.05	-0.34	-0.56	-1.46	-1.36
125.044	-1.03	-0.71	-0.09	-1.13	-0.33	-1.33	-1.35	-0.54	-0.79	-0.48	-0.16	-0.54	-0.66	-0.63	-0.57	-0.73	-0.68	-0.22	-0.37	-0.59	0.64
126.026	-0.77	-1.33	-1.05	-1.89	-1.89	-2.7	-1.79	-2.24	-0.92	-0.96	-0.72	-1.14	-1.28	-1.61	-0.61	-2.59	-1.92	-1	-0.95	-1.91	-1.68
127.008	-0.08	-1.37	-0.9	-2.14	-0.58	-0.2	-0.12	-0.47	-0.79	-1.44	-1.05	-0.36	0.16	-0.7	-0.29	0.14	-0.04	-0.83	-0.97	-0.66	-0.74
127.99	-0.23	0.36	0.38	-0.1	0.64	0.26	-1.11	0.21	1.12	0.37	-0.18	-0.9	-0.67	-1.36	1.01	0.07	0.39	-0.64	0.63	0.03	0.48
128.971	-0.52	-1.71	-2.02	-1.73	-1.92	-2.14	-0.16	-2.06	-2.23	-0.31	-1.25	-0.62	-1.03	-0.3	-0.59	-2.26	-1.75	-0.88	-2.02	0.32	-2.33
129.953	0.47	-0.65	1.16	-1.6	0.22	0.02	0.32	0.06	0.77	-0.41	0.81	-0.15	1.19	-0.14	1.27	0.05	-0.14	0.89	0.6	-0.04	-0.42
130.934	-0.48	-1.9	-1.16	-1.58	-0.69	-1.04	-0.79	-0.46	-1.01	-0.37	-0.38	-2.32	-1.6	-1.97	-1.51	-1.76	-1.05	-0.8	-1	-0.69	-0.05
131.915	1.03	0.03	0.51	0.02	-0.31	-0.36	-0.32	-0.08	-0.17	0.17	0.06	-0.47	-0.11	-0.3	0.4	-0.28	0.25	-0.18	-0.12	-0.78	-1.54
132.897	-0.35	-0.03	0.07	-1.35	-0.74	0.05	0.5	-0.84	-0.43	0.13	-0.41	0.85	0.72	-1.09	0.36	-1.23	-0.88	0.75	-0.07	-0.56	-0.24
133.878	1.64	1.42	0.73	-0.9	-0.57	-2.34	-0.48	-0.85	0.49	-0.19	0.09	-0.82	-1.26	0.16	0.68	-0.79	0.08	0.03	-0.33	0.38	-0.29
134.858	-0.02	-0.9	-0.07	-0.97	-0.34	0.71	-0.29	0.33	0.14	0.5	0.1	0.12	0.34	-0.52	-0.1	-0.16	0.27	-0.04	0.07	0.64	0.04
135.839	-0.96	-1.39	-2.04	-1.82	-2.5	-1.64	-2.53	-2.28	-1.89	-1.58	-0.93	-2.4	-1.08	-0.55	-1.44	-1.88	-1.26	-0.89	-1.54	-2.88	-1.93
136.819	0.45	0.8	0.45	-0.34	-1.3	-0.74	-0.64	-0.19	0.37	-0.85	0.46	0.15	-0.96	0.01	0.2	-0.48	0.43	-0.06	0.19	-0.34	-0.93
137.799	0.58	0.09	1.04	-0.5	0.21	-0.16	0.12	0.21	0.28	0.6	1.05	0.8	0.07	-0.74	0.18	-0.08	0.34	0.91	1.12	-0.73	0.75
138.779	0.25	-0.61	-0.37	-2.15	-0.77	-0.96	-0.75	-0.93	0.14	-1.89	-1.67	-1.04	-0.47	-0.48	-0.65	-1.47	-0.94	-1.41	-0.45	-0.68	-1.78
139.759	-0.22	-0.5	0.32	-0.82	-1.05	-1.32	-0.73	-0.91	-0.68	-1.21	-1.65	-1.27	-0.18	-0.88	-1.06	-1.05	-0.18	0.16	-0.29	-1.03	-1.11
140.739	0.28	-1.67	-0.82	-1.63	-0.15	-1.56	-1.59	-0.95	-1.8	-2.95	-1.22	-0.56	-0.48	-2.32	-2.01	-1.57	-1.42	-1.38	-1.7	-1.12	-0.61
141.718	0.29	0.21	0.34	-1.17	0.31	-1.06	0.88	-0.67	-0.5	0.22	0.08	-1.01	0.13	-0.85	-0.69	-0.93	-0.48	1.03	0.86	-0.43	-0.66
142.698	-0.16	0.61	-0.45	-0.22	-1.2	-0.76	-0.88	0.06	1.19	-0.31	-0.51	-0.65	0.08	-0.64	-0.72	-1.37	-0.66	-0.34	0.16	-0.43	-0.49
143.677	0.53	0.76	0.34	-0.87	0.16	-0.34	0.37	-0.46	-0.36	-0.96	-0.34	-1.08	-0.23	0.62	0.87	-0.45	1.17	0.91	0.22	1.39	-0.7
144.656	1.5	1.16	1.7	0.45	0.26	0.34	0.3	-0.11	1.01	0.73	1.6	1.3	1.01	-0.5	0.48	0.27	-0.03	0.13	1.32	0.32	1.25
145.635	-0.23	-1.21	-0.28	-1.06	-1.64	-2.32	-1.51	-1.98	-0.66	-1.23	-1.21	-2.34	-1.33	-1.76	-0.15	-0.94	-1	-0.96	-1.14	-0.94	-1.76
146.613	0.04	-1.01	-0.74	-2.44	-1.37	-1.2	-0.96	-0.34	-0.18	0.26	-0.15	-0.37	-1.26	-1.74	-1.21	-1.21	-0.84	-1.58	-1.13	-0.92	-0.41
147.592	-0.35	-0.61	-1.27	-1.11	-1.45	-0.65	-1.01	-1.71	-0.59	-0.78	-1.13	-1.54	-1.45	-1.5	-0.92	-1.56	-1.05	-0.67	-1.14	-2.77	-1.52
148.57	-0.74	-0.49	-0.32	-2.02	-1.35	-2.01	-1.06	-1.21	-1.47	-0.24	-0.35	-1.75	-1.03	-1.75	-1.21	-1.5	-2.07	-2.19	-0.74	-0.35	-1.63
149.548	1.07	-0.2	-0.84	-0.41	1.04	-0.58	0.3	0.7	0.41	-1.13	-0.86	0.47	0.3	0.04	0.75	-0.02	0.2	-0.08	-0.2	-0.15	0.25
150.526	1.41	-0.67	-0.23	-0.28	0.23	-1.35	-0.89	-0.9	-0.22	-1.22	-1.04	-1.78	-1.37	-0.03	-0.24	0.7	-0.42	-0.58	-0.41	-0.66	-0.3
151.504	1.13	0.63	0.36	-1.43	0.11	-1.61	-0.79	1.33	0.95	-1.33	-1.09	0.42	0	-0.8	-0.31	-1.88	-1.46	0.59	0.32	-1.35	-0.41
152.482	0.07	0.31	0.8	-0.64	-1.03	-0.99	-1.03	-0.77	-0.51	-1.94	-1.58	-2.04	-0.59	-1.48	-1.33	-1.43	-1.13	-0.55	-0.25	-1.11	-0.44
153.46	0.61	0.45	0.65	-0.2	-1.24	-1.84	-1.7	-1.03	0.93	-0.39	-0.47	-1.72	-1.68	-0.92	-0.38	-1.02	-1.59	-0.17	-0.05	-1.65	-1.3
154.437	1.34	-0.02	-0.23	-0.97	-1.58	-0.69	-0.55	-0.21	0.38	-0.97	-0.21	-1.19	-0.42	-1.72	-0.66	-1.36	-0.79	0.24	-0.72	-0.13	-0.46
155.414	0.03	0.1	0.6	-0.19	-0.94	-1.08	-1.57	-0.32	-0.46	-1.18	-0.43	-1.06	-0.46	1.2	0.93	-1.27	-0.5	-0.4	-0.4	-0.24	0.4
156.391	1.63	1.94	0.92	0.49	-0.43	-0.26	-0.24	-0.4	1.1	0.48	0.83	-0.41	-1.37	-0.72	-0.56	0.68	0.08	0.39	0.92	-0.49	-1.17
157.368	2.06	0.69	0.41	-1.59	-0.17	-1.69	-0.55	-0.69	-1.24	-1.43	-1.7	-0.75	-0.63	-1.37	-1.19	-0.64	-1.47	-1.66	-1.78	-1.46	-0.83
158.345	2.85	1.79	1.1	-0.25	0.26	-0.75	-0.44	0.97	0.23	-0.98	-0.06	0.61	0.36	-0.01	0.12	-1.17	0.31	-0.27	0.31	0.11	-1.35
159.321	3.69	4.1	1.32	-1.04	-0.43	0.27	-0.02	-1.06	-0.34	-0.31	-0.11	-0.59	-0.08	-0.11	-0.27	-0.88	-1.29	0.09	-0.76	-0.91	-0.83
160.297	3.41	2.37	0.98	-0.14	-0.9	-0.49	-0.15	-1.16	-1.05	-0.24	-0.38	-1.04	-0.58	-1.53	-0.55	-1.9	-1.16	-0.87	-1.39	-1.72	-1.38
161.274	3.54	3.04	2.93	0.66	1.11	0.04	0.06	1.22	2.11	0.25	0	0.14	0.1	-0.57	0.55	-0.48	0.24	0.58	-0.12	-0.09	-0.16
162.25	3.67	1.21	0.6	-2.38	-1.51	-1.15	-1.88	-1.84	-1.96	-2.4	-2.14	-2.92	-2.67	-2.53	-1.56	-1.37	-2.3	-1.43	-1.5	-1.68	-1.78
163.226	4.22	3.58	1.75	-0.51	-0.26	-0.55	-0.39	-0.97	0.51	-0.94	-0.64	0.04	-1.19	-1.46	-0.72	-0.87	-0.82	-0.99	-0.6	-1.38	-1.36
164.201	6.77	5.21	3.01	1.56	2.31	1.23	1.27	-0.23	0	-0.8	-0.44	0.75	1.01	-0.63	0.26	0.82	1.07	0.07	-0.08	-0.88	-1.31
165.177	8.44	6.95	3.77	1.99	1.41	0.4	1.19	0.64	1.08	-0.7	-0.19	0.55	0.48	0.49	1.42	-0.42	-0.07	0.48	-0.07	-1.28	-0.18
166.152	7.49	4.97	2.3	0.33	-0.75	-0.11	-1.06	-0.88	0.67	-0.63	0.45	-1.2	-1.05	-0.72	-1.64	-0.88	-0.24	-2.43	-1.92	-1.89	-1.48
167.128	9.27	7.94	4.04	2	1.61	-0.27	-0.27	0.12	0.07	0.4	0.04	0.25	0.79	-1.25	-0.35	-0.52	-0.66	-1.47	-1.73	-2.45	-2.92
168.102	11.86	9.54	5.54	2.47	0.46	-0.07	0.2	0.59	1.31	-0.15	0.34	0.83	0.65	-0.14	0.45	-0.39	-1.35	-1.18	-0.96	-1.77	-0.82
169.077	13.83	11.56	7.74	3.33	1.44	0.81	0.82	0.73	0.57	0.79	0.39	-0.43	0.57	-0.21	0.03	0.35	0.11	-0.13	-0.78	-1.61	0.15
170.052	17.69	13.62	7.61	4.69	4.47	2.45	2.15	3.11	2.31	2.48	1.89	1.25	0.5	0.37	1.12	-0.06	0.3	-0.84	-0.41	-1.45	-1.59
171.026	19	15.02	9.64	4.77	3.72	2.15	1.85	1.85	2.12	2.4	2.64	2.86	2.98	1.63	1.14	0.96	-0.4	1.64	-0.21	-2.15	-0.93
172.001	21.68	17.03	9.88	4.92	3.68	1.39	0.91	-0.12	1.29	0.52	0.25	-0.35	-0.15	-0.26	0.2	-0.16	-1.51	-2.45	-3.4	-3.68	-2.74
172.975	27.19	21.01	13.52	7.58	5.2	2.78	1.59	2.86	2.22	2.17	3.03	2.26	4.18	1.62	2.01	1.48	-1.04	0.61	0	-2.43	-0.02
173.949	27.72	21.3	11.94	5.04	3.32	1.59	0.94	0.97	0.71	0.53	0.54	1.56	0.73	-0.48	-0.39	-1.61	-1.53	-1.71	-2.14	-4.02	-3.57
174.923	33.8	24.02	16.26	8.38	5.04	3.3	2.96	2.13	3.02	2.57	2.85	1.12	2.26	1.1	0.9	1.88	0.23	-0.94	-1.06	-4.44	-2.57
175.897	38.09	28.44	16.74	10.18	6.97	3.88	2.56	3.32	4.4	2.4	3.39	4.14	3.84	1.46	2.42	0.81	-0.2	-2.55	-2.37	-2.41	-2.01
176.87	40.85	31.23	19.38	9.81	6.69	3.76	1.69	2.77	1.6	1.47	2.62	2.18	1.28	-0.31	0.81	-0.44	-0.58	-1.88	-2.79	-5.74	-4.31
177.844	46.43	34.68	20.93	12.44	8.63	4.6	3.72	3.58	4.29	3.82	3.08	3.86	2.93	1.47	1.41	0.85	-0.34	-1.27	-0.97	-4.29	-2.62
178.817	50.23	36.56	22.61	13.1	9.09	4.81	3.61	2.97	2.2	2.18	2.9	2.07	1.33	0.92	2	0.5	-1.37	-2.39	-3.1	-6.28	-2.95
179.79	54.16	40.52	24.7	13.83	9.76	4.25	4.3	2	4.22	3.42	3.23	2.43	4.18	1.64	1.75	1.79	-1.34	-2.61	-3.05	-5.13	-4.32
180.763	55.74	43.97	27.31	14.9	8.91	4.48	3.43	3.67	3.61	3	4.09	3.89	2.51	1.09	1.24	1.1	-0.67	-2.73	-4.4	-7.27	-2.34
181.736	62.22	46.33	27.71	16.61	11.08	6.5	5.83	2.32	2.55	3.3	4.16	3.14	3.02	1.34	1.11	0.95	-1.53	-3.51	-3.49	-6.21	-4.05
182.708	62.78	48.04	29.58	18.06	9.31	4.33	3.79	3.14	3.9	1.87	3.41	2.74	3.43	1.27	0.13	-0.54	-2.19	-3.77	-4.92	-8.99	-5.2
183.68	66.75	50.38	30.81	18.24	10.08	5.18	4.78	3.58	2.7	1.69	1.73	2.94	1.58	-0.89	-0.74	-1.57	-3.17	-4.24	-5.23	-8.72	-6.04
184.653	71.48	54.19	33.13	19.51	12.63	8.82	5.52	4.1	5.31	4.52	5.89	3.69	4.64	2.22	3.12	-0.24	-0.98	-2.59	-3.95	-8.04	-3.52
185.624	71.98	55.83	32.44	17.58	12.2	5.43	5.13	3.34	3.84	2.2	2.52	2.93	2.73	0.93	0.7	-1.71	-2.84	-5.48	-5.67	-9.26	-6.07
186.597	74.21	56.67	34.07	19.32	12.46	6.05	4.16	3.19	3.98	3.52	3.1	4.14	2.5	1.37	0.83	-0.07	-2.96	-4.35	-5.88	-9.31	-6.37
187.568	77.19	58.85	35.73	21.87	12.76	7.94	6.31	4.57	4.54	4.21	4.49	4.39	4.22	1.41	3.22	1.22	-1.54	-3.67	-5.31	-8.01	-4.05
188.54	80.33	62.32	37.2	22.16	15.7	8.77	6.27	5.88	6.22	5.02	4.73	4.69	3.34	3.72	2.95	1.49	-0.81	-2.72	-4.95	-7.66	-4.48
189.511	82.11	61.64	38.56	21.16	13.37	7.43	5.56	3.6	4.31	3.5	5.26	3.12	4.25	2.17	3.1	1.02	-3.01	-5.07	-4.6	-9.23	-3.75
190.482	84.17	61.43	37.83	21.93	13.86	7.23	4.93	3.29	4.09	3.3	3.67	4.45	3.35	1.3	0.79	1.07	-1.6	-4.84	-6.75	-9.57	-4.51
191.453	85.17	64.27	37.7	21.72	13.74	6.8	5.61	4.48	4.37	3.35	4.04	5.27	4.48	1.7	1.88	0.39	-2.3	-5.88	-5.85	-10.43	-4.87
192.424	90.13	66.2	40.91	23.29	15.37	8	6.15	5.39	6.26	4.81	6.05	3.93	5.04	2.27	3.53	1.63	-1.25	-4.75	-6.05	-8.55	-5.55
193.395	89.62	66.71	39.74	22.92	15.19	7.53	5.49	4.18	4.5	2.41	4.89	3.91	3.6	1.57	1.19	0.65	-2.97	-4.9	-5.96	-10.79	-6.1
194.365	87.07	67.69	41.67	24.51	15.05	8.63	7.44	4.18	4.76	4.94	4.35	4.85	4.41	3.61	2.15	0.82	-1.42	-4.24	-6.4	-8.33	-4.06
195.336	87.69	67.77	41.07	21.89	14.21	6.61	5.34	3.93	4.83	2.58	4.01	4.51	3.46	2.5	2.01	-0.7	-3.24	-5.86	-8.13	-10.08	-5.64
196.306	87.75	65.51	41.46	23.22	14.62	7.04	4.79	3.33	3.58	1.27	3.31	2.65	4.28	0.76	1.16	-0.38	-2.97	-5.05	-6.16	-10.27	-6.65
197.276	85.61	66.74	41.37	23.27	13.49	8.25	5.15	2.61	5.44	3.15	5.11	4.89	3.19	2.1	3.62	0.46	-3.03	-2.91	-6.33	-9.65	-5.32
198.246	86.54	64.72	41.56	22.3	14.58	6.22	5.97	3.03	2.18	2.85	4.89	3.68	3.63	1.43	0.3	-2.94	-5.31	-5.57	-7.03	-10.7	-5.62
199.216	86.15	67.32	41.56	24.39	15.35	8.1	5.89	3.74	4.23	3.29	5.88	4.54	5.39	1.51	1.21	0.95	-2.65	-5.48	-6.9	-9.3	-4.08
200.186	84.91	64.31	39.07	20.8	14.14	6.57	3.46	2.24	3.05	1.98	3.53	1.25	2.32	-0.63	-1.25	-1.08	-4.94	-7.84	-8.73	-13.04	-7.45
201.155	81.58	63.9	38.54	19.9	12.33	3.55	3.64	2.86	2.11	0.85	3.7	0.22	1.78	-0.55	-0.72	-2.27	-5.27	-7.22	-8.6	-12.72	-6.68
202.124	83.22	64.03	40.67	25.2	14.32	8.69	5.28	4.43	3.84	3.79	3.59	3.31	4.7	2.55	1.77	-0.66	-2.25	-5.65	-6.7	-9.37	-5.72
203.093	84.79	64.99	40.48	22.24	14.74	8.3	4.27	3.68	4.9	4.61	5.56	4.05	4.19	2.04	1.29	-1.98	-4.59	-5.07	-5.48	-10.68	-5.14
204.062	84.3	63.35	41.54	22.77	14.04	7.84	5.32	3.05	2.66	3.19	3.82	5.26	3.26	1.79	2.35	-0.72	-3.48	-6.51	-6.91	-10.22	-5.12
205.031	87.5	67.97	40.52	24.67	17.57	8.81	6.11	3.28	4.82	2.38	3.12	4.26	3.54	1.89	1.62	0.39	-3.54	-4.41	-5.93	-10.29	-5.38
205.999	85.59	66.9	41.81	24.21	14.6	7.36	5.44	3.88	5.82	2.7	4.34	1.82	2.33	1.16	1.31	-0.68	-3.52	-7.47	-8.62	-11.21	-5.69
206.968	88.12	65.75	41.68	23.01	15.58	6.93	5.11	1.95	2.59	2.27	2.14	2.75	3.19	-0.59	0.22	-2.36	-5.36	-6.1	-8.17	-11.65	-6.54
207.936	88.25	65.88	42.91	22.85	15.31	7.57	5.95	1.88	3.52	2.66	1.81	2.55	3.9	0.03	-0.24	-2.2	-4.45	-9.2	-9.8	-12.06	-7.83
208.904	90.67	68.43	40.6	24.78	15.23	8.63	8.07	4.81	4.88	4.8	5.08	3.43	3.77	1.62	1.43	-0.45	-3.09	-9.3	-9.97	-10.25	-6.03
209.872	87.38	70.22	43.45	26	16.28	7.75	5.52	4.7	4.48	3.08	4.09	1.34	2.09	0.84	2.25	-1.86	-3.83	-6.88	-7.68	-11.76	-5.5
210.84	88.23	69.36	41.08	24.57	16.56	7.64	5.54	3.7	4.2	3.83	5.56	4.23	4.04	1.93	0.72	-0.92	-4.09	-6.11	-7.44	-11.76	-4.87
211.807	92.56	68.35	43.32	27.2	17.79	8.07	6.39	4.27	5.14	4.4	4.22	3.48	4.42	2.51	0.97	1.01	-2.42	-6.24	-6.72	-10.52	-4.8
212.775	89.92	68.7	41.02	23.93	15.29	6.37	4.71	4.32	3.06	2.53	2.89	3.93	3.68	-0.47	0.19	-2.27	-5.84	-8.08	-10.6	-12.73	-8.57
213.742	89.1	68.83	43.27	23.73	14.09	7.57	4.51	3.13	3	2.44	2.86	-0.23	1.12	-0.35	-0.73	-1.68	-6.03	-6.62	-7.35	-12.74	-7.62
214.709	89.93	72.38	43.39	24.42	15.87	6.97	5.73	5.9	4.19	3.79	4.5	4.28	3.36	0.62	2.2	-2.23	-3.65	-6.65	-8.38	-11.04	-5.28
215.676	92.55	71.18	43	25.95	17.02	8.06	6.48	6.22	5.55	2.5	4.06	3.81	3.81	1.94	1.41	-1.85	-4.15	-5.46	-6.86	-11.5	-6.99
216.643	93.22	71.93	45.29	26.48	16.24	10.49	6.62	5.9	4.49	4.13	6.24	3.66	4.59	2.99	1.2	0.49	-2.75	-6.76	-6.86	-11.46	-5.38
217.609	91.58	72.21	43.91	25.53	13.26	8.5	4.82	4.14	4.24	2.19	2.74	2.98	3.02	-0.41	-0.77	-4.06	-6.12	-6.9	-7.89	-11.89	-7.16
218.576	90.9	70.19	43.22	24.48	16.99	9.01	4.97	1.88	3.68	3.98	3.45	3.35	3.14	0.26	-0.07	-2.46	-6.14	-8.3	-9.12	-12.94	-8.21
219.542	94.47	70.62	45.42	26.11	17.35	7.7	5.74	5.88	5.23	3.89	5.12	3.66	2.98	0.7	0.65	-3.56	-4.73	-6.71	-7.94	-11.76	-7.32
220.508	93.25	71.95	44.49	24.88	17.07	8.35	6.01	3.74	4.06	5.65	6.48	3.84	4.31	1.63	1.53	-1.1	-3.76	-6.57	-7.96	-11.74	-4.82
221.474	95.38	71.71	45.22	28.67	18.96	10.37	8.71	6.69	3.38	4.03	4.74	5.61	3.72	2.74	1.59	-0.63	-3.36	-6.05	-7.09	-10.11	-5.44
222.44	96.95	71.9	44.81	25.92	16.95	9.9	6.29	4.92	4.51	3.94	4.2	3.03	3.24	1.39	1.15	-3.05	-5.9	-7.99	-10.1	-12.23	-7.48
223.406	94.29	71.45	45.37	27.02	15.16	6.4	5.93	2.42	4.91	2.48	3.4	2.55	3.16	-0.55	-0.01	-2.13	-4.46	-8.77	-9.87	-13.69	-7.86
224.371	99.21	76.24	47.96	28.82	19.39	11.15	7.65	5.53	5.63	5.73	6.76	3.85	3.78	1.83	0.69	-0.31	-3.03	-6.25	-8.78	-11.96	-5.73
225.336	103.26	78.58	50.59	30.43	18.65	10.44	8.66	5.86	6.54	5.13	5.7	4.45	4.09	1.8	1.07	-0.19	-3.78	-7.24	-8.05	-11.7	-6.01
226.301	107.42	84.74	54.44	32.39	22.09	13.11	8.85	7.52	8.08	4.83	5.6	7.29	5.82	2.25	2.7	-0.27	-3.23	-6.07	-7.09	-9.76	-5.33
227.266	112.36	87.54	56.58	33.06	22.91	12.33	9.21	6.13	6.88	4.61	6.8	5.4	6.29	3.16	1.63	-1.06	-4.42	-6.48	-8.46	-12.78	-7.33
228.231	117.09	89.54	54.09	33.8	23.45	14.53	7.9	7.23	7.59	5.26	5.13	4.19	3.81	0.31	2.47	-0.85	-4.5	-6.82	-8.02	-11.68	-6.16
229.196	119.46	93.21	59.79	36.06	23.53	13.84	10.33	7.74	8.29	6.51	7.37	5.71	5.87	3.51	2.72	-0.61	-2.66	-6.11	-7.02	-11.73	-6.28
230.16	115.94	88.32	55.89	31.8	19.27	10.04	8.16	5.78	7.68	4.55	6.29	3.21	3.92	1.12	1.35	-2.91	-6.17	-8.16	-10.45	-12.81	-7.15
231.124	116.26	88.05	55.24	32.19	23.85	13.42	7.73	7.95	6.01	4.04	5.12	6.18	3.15	1.31	3.28	-2.02	-4.84	-6.65	-8.33	-11.71	-6.54
232.089	111.78	84.92	53.72	32.99	19.89	10.66	7.82	5.78	6.45	4.4	5.1	3.8	3.48	1.56	1.4	-2.26	-4.83	-9.31	-9.52	-13.06	-7.1
233.053	109.19	83.72	52.06	32.17	19.88	9.54	5.65	3.02	5.62	1	2.83	2.07	2.18	0.77	-0.94	-2.85	-6.43	-8.1	-10.63	-13.52	-8.93
234.016	108.84	84.24	54.11	30.86	19.06	12.37	8.65	5.39	4.97	4.82	4.69	4.91	3.81	0.65	1.79	-1.28	-3.95	-7.61	-8.12	-11.91	-6.65
234.98	107.58	83.85	52.93	30.01	20.18	11.11	9.64	6.32	5.21	4.95	4.34	4.96	4.1	0.67	-0.39	-2.82	-5.49	-8.34	-10.76	-13.25	-8.84
235.943	105.63	83.59	52.77	30.9	21.84	11.1	8.54	8.09	6.89	2.97	4.53	4.46	3.85	2.14	1.59	-0.33	-4.33	-8.15	-8.75	-12.66	-7.18
236.907	107.21	83.64	54.25	32.28	20.64	11.23	8.7	6.28	6.99	4.54	5.15	4.95	4.97	2.68	3.29	-0.44	-3.06	-7.13	-8.33	-12.56	-7.08
237.87	105.9	79.69	53.15	31.09	19.22	11.5	7.38	6	5.79	4.18	5.1	2.82	4.65	1.71	2.94	-3.17	-4.84	-7.86	-8.18	-13.14	-6.63
238.833	106.15	80.1	52.05	29.26	20.18	10.18	7.22	6.29	5.99	4.53	4.42	4.14	2.81	0.71	2.46	-2.04	-5.45	-7.06	-9.14	-13.03	-7.63
239.796	105.82	81.7	52.89	32.5	20.27	13.24	9.55	6.81	8.46	3.5	5.69	5.58	4.58	1.56	1.58	0.46	-2.92	-6.12	-7.14	-12.53	-7.13
240.759	103.59	80.92	50.92	29.45	19.04	11.42	8.87	4.92	5.89	5.47	4.53	4.79	2.54	1.32	1.95	-0.92	-4.69	-7.16	-7.42	-13.07	-7.95
241.721	100.69	78.54	50.71	30.94	20.68	12.64	9.53	6.02	6.27	4.58	5.81	4.94	4.65	3.95	3.2	0.4	-2.45	-7.6	-6.63	-11.26	-5.69
242.683	101.33	77.87	48.36	28.72	17.55	9.72	7.47	5.62	5.57	2.59	5.28	6.35	4.35	1.3	0.87	-1.3	-3.46	-7.21	-8.27	-11.89	-5.82
243.646	102.04	77.02	47.49	28.19	17.67	10.59	7.16	4.94	6.25	4.15	5.91	4.9	4.89	1.61	1.06	-1.5	-4.71	-7.33	-9.36	-13.36	-7.7
244.607	99.16	77.43	49.68	30.35	19.44	12	8.42	5.82	5.78	5.41	7.19	4.64	5.29	2.5	1.66	0.9	-3.17	-5.94	-5.72	-11.26	-5.43
245.569	100.12	77.67	50.02	30.58	20.04	13.04	8.59	6.53	6.6	4.88	7.22	5.28	5.76	4.89	3.22	0.21	-2.62	-6.47	-8.25	-11.47	-5.88
246.531	96.3	72.86	44.83	26.73	15.33	7.06	3.83	3.97	3.89	1.65	3.26	1.85	2.96	-0.33	0.52	-3.38	-5.72	-7.51	-9.06	-14.32	-9.65
247.493	99.17	77.31	49.66	28.18	19.73	10.66	8.56	5.73	6.85	4.89	6.51	6.45	5.41	3.24	2.95	1.12	-3.07	-4.59	-7.29	-11.53	-6.27
248.454	95.81	75.84	48.38	27.83	17.69	11.3	9.65	4.63	5.64	4.56	4.38	5.04	4.96	1.79	0.87	-0.4	-3.97	-6.9	-9.41	-12.01	-7.82
249.415	96.5	75.81	45.06	27.4	18.18	9.72	5.33	3.6	5.61	4.19	4.41	4.74	5.5	0.91	-0.12	-2.02	-2.99	-7.13	-8.62	-12.84	-7.81
250.376	101.23	75.37	48.72	29.34	17.99	9.7	6.98	3.86	5.13	4.05	5.95	3.19	5.53	1.84	2.22	0.51	-3.14	-5.65	-8.26	-12.2	-7.59
251.337	94.85	74.34	45.91	26.24	17.48	9.13	7.45	5.44	4.73	2.41	4.58	3.1	3.45	1.99	1.08	-1.24	-5.03	-6.44	-8.12	-12.45	-7.81
252.298	96.83	74.56	44.95	27.52	17.43	8.45	6.29	5.74	6.29	4.8	5.04	5.9	4.41	3.04	2.17	-2.16	-3.99	-5.55	-7.16	-12.43	-8.11
253.259	97.36	74.17	48	28.11	18.67	10.78	8.43	5.93	6.31	5.16	6.91	7.55	6.38	3.34	4.22	1.21	-1.08	-5.79	-7.68	-10.45	-6.78
254.219	95.69	75.27	46.37	27.68	17.39	9.19	5.47	6.1	5.58	2.79	5.13	4.77	5.5	2.59	2.43	0.63	-3.17	-5.78	-7.72	-10.43	-7.71
255.179	97.01	74.45	45.61	26.91	17.32	10.99	7.93	6.84	7.69	6.88	6.42	5.17	6.24	3.29	2.82	2.63	-1.17	-5.59	-7.14	-9.54	-5.56
256.139	94.8	71.37	44.36	27.38	16.08	8.89	5.82	4.9	5.66	5.61	6.34	4.94	4.35	2.6	2.33	-0.3	-3.1	-6.39	-6.98	-12.3	-8.56
257.099	95.43	74.87	47.98	27.95	19.62	11.58	8.76	6.14	8.68	6.51	6.75	8.09	6.78	3.28	5.51	0.66	-0.49	-4.28	-5.72	-10.56	-5.45
258.059	95.47	72.58	46.07	29.76	18.11	10.89	10.62	7.19	7.88	6.43	7.33	7.98	7.61	5.73	4.43	1.81	-1.62	-4.57	-6.26	-11.46	-6.76
259.018	94.43	74.63	47.94	27.35	20.13	11.4	9.19	8.09	10.33	7.8	9.26	8.26	8.43	5.6	5.2	2.44	-1.83	-4.77	-5.33	-9.64	-3.56
259.978	95.36	70.93	45.41	25.77	17.98	10.07	6.72	6.15	5.56	5.86	6.59	6.2	3.95	2.98	2.77	-0.72	-3.11	-7.44	-8.4	-12.43	-8.9
260.937	99.26	75.37	46.88	28.93	20.8	12.12	9.81	6.91	9.66	6.66	7	7.3	6.32	4.52	4.96	3.12	-1.13	-3.41	-4.53	-10.54	-6.03
261.896	97.64	76.08	47.07	29.07	19.82	11.91	9.14	7.2	6.71	5.98	7.56	5.87	6.94	3.07	3.15	-0.99	-3.28	-4.53	-6.02	-10.81	-7.74
262.855	99.29	75.67	47.55	28.96	18.8	9.95	8.55	6.94	6.29	4.5	7.44	7.21	7.23	3	2.64	-0.49	-3.06	-3.55	-8.11	-10.68	-7.2
263.814	98.95	78.53	50.1	29.75	17.99	10.36	8.53	6.5	6.32	6.8	7.97	7.59	6.08	4.65	4.07	1.6	-1.04	-3.92	-5.42	-10.61	-4.39
264.772	100.31	76.11	47.1	28.04	17.99	10.88	8.51	7.03	6.7	7.33	7.53	6.1	7.02	4.05	4.09	2.17	-1.73	-3.64	-4.17	-9.63	-6.63
265.731	96.85	76.35	49.4	25.95	19.38	10.17	7.01	6.6	7.9	6.39	7.1	7.4	6.85	5.26	4.89	1.56	-0.55	-3.7	-5.77	-9.66	-5.6
266.689	96.67	75.64	47.14	29.3	18.86	11.45	9.45	7.61	6.45	5.67	8.31	8.09	7.72	5.08	5.13	2.69	0.25	-3.58	-4.47	-10.19	-5.81
267.647	94.64	72.69	44.03	26.26	16.65	9.41	5.55	5.4	6.53	4.53	5.78	6.06	4.84	3.42	1.76	2.06	-2.24	-4.43	-6.28	-11.32	-7.38
268.605	92.49	69.07	43.95	25.27	14.57	8.5	6	5.19	5.18	3.39	4.98	4.83	5.14	3	2.3	0.29	-1.7	-6.19	-8.39	-11.13	-8.15
269.563	92.2	70.81	42.93	25.37	15.69	7.8	5.12	4.07	5.43	3.53	4.74	5.19	3.59	2.29	1.33	1.28	-3.33	-4.47	-8.39	-11.87	-8.11
270.52	93.53	72.49	44.2	26.5	16.82	9.12	8.68	6.44	6.57	5.24	7.02	7.93	7.57	4.05	5.3	1.96	0.64	-2.11	-4.38	-10.1	-6.47
271.478	92.71	71.96	45.59	27.51	17.64	9.19	7.51	6.33	6.04	4.74	5.2	6.58	7.51	4.2	4.14	1.24	-2.22	-3.32	-5.43	-9.61	-5.67
272.435	96	73.17	44.65	27.08	16.45	9.15	7.05	4.87	7.34	5.44	7.13	6.43	7.13	5.74	4.76	3.25	-0.17	-1.54	-4.6	-9.9	-7.06
273.392	92.55	71.13	42.45	25.69	16.04	8.35	7	3.8	6.25	4.87	6.49	6.44	6.51	2.23	2.04	1.23	-2.86	-2.69	-4.94	-10.55	-8.76
274.349	94.53	70.84	44.1	26.62	18.82	10.51	7.44	6.13	5.92	5.38	8.06	7.09	7.18	4.49	5.06	2.49	-1.19	-3.07	-3.66	-11.65	-8.32
275.306	95.88	74.52	46.66	25.81	15.07	8.32	7.74	4.47	5.64	6.01	7.57	8.35	8.99	4.76	5.04	4.82	1.37	-1.71	-5.19	-10.18	-6.62
276.263	95.88	72.68	45.26	28.45	17.45	10.19	9.68	6.37	7.35	6.08	7.54	10.01	8.94	8.03	6.56	5.79	1.66	-0.69	-3.22	-9.18	-4.77
277.219	94.13	74.92	43.74	24.93	17.64	9.07	7.27	6.37	5.75	4.96	7.13	7.89	6.76	5.6	5.58	3.4	1.11	-2.41	-4.15	-9.7	-7.33
278.175	95.39	71.6	43.88	25.42	16.13	8.77	7.96	5.04	7.18	3.85	7.47	8.58	8.45	4.8	4.94	5.38	1.87	-1.29	-4.75	-11.15	-7.25
279.131	96.54	74.36	47.51	25.13	16.58	10.05	7.98	7.1	9.83	6.46	8.68	9.18	9.26	6.58	6.94	6.2	2.92	0.55	-1.8	-8.62	-7.99
280.088	96.37	74.31	46.54	25.15	15.43	8.87	8.96	6.92	8.26	6.34	8.58	9.79	9.16	7.64	8.17	7.62	3.3	2.01	-0.64	-9.82	-8.15
281.043	97.22	74.86	47.94	30.52	18.92	10.08	9	8.85	9.41	8.53	11.44	11.33	12.42	9.75	10.65	9.56	6.09	3.28	1.43	-5.84	-5.42
281.999	92.57	73.85	44.95	26.19	16.8	9.8	7.31	4.02	7.31	8.23	10.38	11.73	12.15	9.21	9.87	9.62	6.16	1.26	-1.26	-7.88	-9.2
282.955	97.6	75.57	47.15	29.07	20.21	10.75	10.19	10.73	10.79	10.76	11.51	12.85	14.94	12.62	14.09	14.88	9.8	6.15	3.55	-6.18	-6.26
283.91	98.01	74.22	48.47	28.25	18.48	12.3	12.39	9.41	12.39	11.47	15.47	17.45	15.31	15.52	16.01	16.89	11.95	6.76	4.31	-6.31	-6.68
284.865	99.09	79.02	48.38	29.46	18.94	12.45	11.49	13.47	14.7	13.68	18.21	19.45	18.98	18.61	18.72	20.51	14.58	8.31	5.56	-4.93	-8.12
285.82	101.98	78.97	50.13	31.35	21.36	14.98	14.38	13.97	16.75	17.45	21.58	24.08	24.84	21.12	22.29	23.38	15.48	10.79	5.96	-5.6	-5.18
286.775	102.33	84.13	52.23	32.22	22.06	15.1	15.67	16.17	20.69	20.89	25.88	25.98	25.77	24.87	22.33	22.7	14.27	9.84	5.69	-7.74	-6.88
287.73	102.8	77.45	48.52	29.45	20.41	15.52	15.02	17.36	20.44	20.77	23.43	27.95	26.83	22	20.4	19.65	14.2	6.92	1.36	-9.68	-8.58
288.684	103.09	80.85	51.12	31.4	23.21	15.16	16.34	18.59	19.64	22.31	24.44	29.25	27.77	22.8	22.18	20.27	14.91	6.09	1.77	-8.51	-6.92
289.638	108.73	82.48	52.86	32.25	22.52	16.42	17.33	19.27	21.18	23.61	27.96	27.07	24.08	20.63	19.23	17.56	10.67	3.38	-0.45	-9.16	-8.9
290.593	110.64	85.48	53.56	34.38	26.6	19.35	18.07	17.59	23.4	23.48	25.6	26.16	24	18.29	18.44	14.83	10.39	4.09	0.36	-8.88	-6.05
291.547	113.58	86.5	57.25	35.17	25.81	18.5	19.01	18.17	19.81	21.51	23.98	23.31	21.46	15.71	14.56	12.95	6.43	1.98	-2.25	-9.57	-6.51
292.501	112.75	88.85	56.27	35.64	25.86	17.94	16.9	15.92	15.98	18.06	19.05	18.98	17.22	12.27	11.63	10.65	5.67	1.8	-1.21	-9.86	-6.83
293.454	119	92	60.7	35.58	27.06	19.06	12.06	15.89	16.04	15.1	16.11	15.2	13.33	10.31	9.2	8.9	4.66	0.71	-2.81	-9.62	-7.27
294.408	121.09	92.7	56.85	34.88	24.71	15.32	11.93	12.16	11.94	11.54	13.99	12.71	11.23	8.35	8.36	7.82	1.63	-0.34	-2.9	-10.2	-8.94
295.362	127.04	93.38	58.43	34.92	23.63	15.55	11.69	8.02	11.02	7.89	9.9	11.27	8.08	7.27	6.91	4.37	1.36	-1.18	-4.64	-9.65	-7.66
296.315	124.06	93.69	58.52	31.63	23.82	13.22	10.15	8.51	10.02	7.23	9.53	8.12	8.57	7.65	8.63	7.42	4.65	1.59	-3.01	-9.08	-6.8
297.268	120.87	89.62	54.85	31.61	22.61	14.05	10.34	8.8	9.53	9.01	11.02	11.91	12.25	7.8	6.77	8.39	4.39	1.92	-0.28	-9.57	-8.05
298.221	112.75	86.83	53.84	31.18	22.26	10.61	10.79	8.42	8.75	9.06	9.08	10.8	10.42	8.13	7.94	8.07	4.78	0.07	-2.55	-9.46	-6.98
299.173	107.88	84.03	49.03	30.62	20.16	11.74	8.72	8.08	8.21	8.94	9.53	10.42	11.46	7.14	7.42	7.11	2.91	0.23	-1.4	-9.39	-8.01
300.126	103.02	80.81	50.04	30.04	22.07	12.75	10.05	7.4	9.7	8.34	10.31	11.26	10.5	8.23	8.87	8.17	4.44	0.21	-1.76	-10.32	-8.67
301.078	104.54	80.43	49.55	29.57	21.32	10.94	8.19	7.31	9.42	7.17	9.16	9.55	10.26	8.05	9.11	8.71	4.99	1.09	-3.24	-9.26	-10.23
302.031	102.43	82.09	51.37	29.38	20.14	10.37	10.43	8.68	10.68	7.82	9.14	9.79	11.38	8.76	9.22	7.26	6.62	2.15	-1.76	-9.06	-8.34
302.983	107.18	81.39	52.98	31.79	23.35	14.86	12.43	9.97	12.58	11.91	13.55	13.72	14.1	11.85	12.6	11.29	7.42	4.35	2.61	-6.8	-5.28
303.935	105.77	83	54.65	32.48	21.18	12.7	9.83	8.27	10.32	10.64	10.96	11.6	12.15	10.36	9.8	8.95	4.06	0.48	-0.98	-9.05	-9.26
304.886	108.38	83.96	55.05	33.13	21.94	12.12	11.79	8.38	11.12	9.71	11.34	14.18	13.35	12.12	11.02	10.81	6.32	0.69	-1.23	-8.12	-7.03
305.838	113.4	87.27	58.09	35.51	22.71	14.71	11.55	12.71	13.69	10.71	14.62	13.99	15.14	11.7	13.02	12.46	9.38	2.74	2.32	-6.26	-6.81
306.79	114.95	87.71	55.52	36.07	23.16	16.08	13.29	11.5	13.46	13.21	12.44	14.63	14.02	12.46	12.11	13.78	8.55	4.89	0.21	-6.87	-8.92
307.741	120.4	92.05	57.48	36.5	25.29	15.78	12.26	13.56	13.36	13.19	14.96	16.04	15.38	14.18	14.94	14.67	8.63	6.22	4.72	-7.96	-8.38
308.692	118.22	93.22	60.29	35.84	24.64	17.04	13.73	12.13	13.69	16.05	17.39	18.39	17.83	14.3	12.7	14.07	8.75	6.22	2.18	-6.42	-7.61
309.643	123.38	95	63.04	37.8	25.99	18.2	14.83	14.07	16.29	15.03	17.76	17.59	17.93	14.37	15.95	15.83	12.31	8.64	5	-4.22	-5.79
310.594	119.79	92.83	59.64	38.59	28.4	17.85	14.54	11.83	14.6	13.49	17.58	16.14	16.84	14.85	16.9	14.83	11.66	7.01	4.45	-7.36	-6.97
311.545	120.97	95.52	59.89	37.04	25.48	17.28	14.52	10.85	15.05	13.4	16.06	16.56	16.89	15.73	14.74	16.16	10.46	8.31	3.85	-6.9	-8.22
312.495	122.97	97.12	64.05	38.58	27.06	17.83	13.89	13.27	13.15	14.15	16.14	18.32	17.11	14.98	15.34	17.3	13.99	8.01	4.98	-6.55	-7.37
313.446	128.5	96.45	63.4	35.09	25.85	15.1	11.96	10.39	11.7	12.07	14.19	14.73	14.5	13.78	13.47	15.77	10.18	6.26	2.43	-6.75	-9.95
314.396	132.2	101.35	65.94	41.29	27.92	18.96	14.3	13.44	13.42	13.21	16.51	18.61	17.74	15.49	16.69	19.05	13.78	8.93	5.19	-6.37	-8.25
315.346	142.08	110.41	70.72	42.67	30.45	16.57	14.69	12.34	13.18	14.7	18.66	20.57	22.07	17.55	17.92	18.45	14.76	11.75	8.48	-4.72	-7.08
316.296	145.02	112.52	70.97	45	30.38	19.56	15.04	13.75	14.67	15.56	18.74	20.71	20.28	18.14	17.89	22.81	16.41	10.85	6.28	-3.74	-7.83
317.245	152.44	117.83	74.04	46.88	33.04	20.04	14.75	14.14	16.14	16.85	18.59	21.41	22.6	19.41	21.04	22.84	19.02	10.43	8.46	-5.09	-7.13
318.195	158.86	125.21	76.91	47.61	33.97	18.62	15.96	14.87	18.18	17.84	22.23	23.29	23.71	22.59	22.68	25.48	19.5	15.07	10.05	-2.79	-5.2
319.144	162.03	125.26	78.9	44.34	30.61	18.81	13.28	13.53	15.2	16.79	20.75	23.23	21.66	19.67	21.85	24.71	21.18	14.03	8.4	-4.01	-7.31
320.093	166.86	125.72	77.89	47.52	30.31	18.44	14.77	14.35	17.38	17.81	20.82	24.55	25.21	21.21	22.48	25.31	20.88	12.98	9.04	-3.91	-6.49
321.043	166.33	124.3	77.17	44.75	31.65	18.58	13.66	14.52	17.88	19.47	24.37	23.29	23.94	22.68	23.16	25.82	20.72	13.36	8.92	-3.69	-7.81
321.991	163.34	124.63	75.17	43.15	29.79	18.22	14.95	15.07	17.35	17.55	21.1	24.52	26.78	21.18	23.12	26.91	19.48	15.2	11.75	-3.26	-6.8
322.94	156.95	123.21	72.02	41.96	26.44	16.63	13.54	14.3	15.26	19.11	21.54	25.52	24.23	21.24	23.07	25.16	21.4	14.02	10.69	-3.8	-7.44
323.889	155.09	117.16	70.4	39.34	27.63	15.65	13.3	12.94	15.97	17.23	21.53	23.17	23.71	22.96	23.34	27.95	20.85	17.35	12.78	-4.27	-8.52
324.837	157.49	117.25	71.23	40.59	26.58	18.02	15.61	15.37	18.36	19.06	24.25	26.07	28.55	24.99	25.02	30.17	25.68	17	13.44	-2.6	-6.58
325.785	151.75	114.43	70.98	37.22	26.69	17.07	16.24	14.76	18.48	20.08	23.59	28.27	27.74	23.62	26.11	30.73	23.11	17.5	12.66	-1.47	-8.18
326.733	149.92	113.94	68.64	38.8	24.56	14.74	14.24	15.12	16.22	19.57	23.9	25.95	28.87	25.61	27.61	30.04	25.72	19.53	13.01	-1.94	-10.21
327.681	151.33	111.28	70.05	39.96	25.82	16.73	16.04	16.06	20	20.68	26.73	29.43	31.2	30.02	30.02	33.86	28.5	21.58	17.37	-3.3	-8.28
328.629	147.73	111.67	69.89	41.67	26.47	18.26	14.91	16.35	19.47	21.17	25.53	31.27	31.99	27.71	31.16	33.8	27.79	22.74	15.94	-1.02	-6.88
329.577	148.34	113.12	67.79	41	26.43	16.73	16.07	16.15	20.3	24.26	28.38	32.16	32.64	30.9	32.59	35.88	31.86	24.22	18.85	-1.77	-7.21
330.524	150.51	115.21	69.2	41.12	27.6	16.21	17.37	17.1	22.41	24.83	29.29	33.63	36.17	30.75	34.14	37.82	32.87	23.91	17.11	-0.58	-7.38
331.471	155.29	118.22	73.12	42.53	27.58	19.93	19.17	20.84	23.86	24.57	31.73	35.22	36.49	34.9	37.92	42.56	37.33	26.72	22	2.11	-6.83
332.419	157.26	122.24	71.89	44.3	28.4	18.55	18.52	18.59	21.25	26.61	31.04	37.52	39.71	36.71	38.6	43.76	39.61	29.61	21.49	0.44	-8.1
333.365	162.86	125.51	77.82	45.56	30.86	18.18	18.5	20.01	25.8	29.54	36.25	38.05	41.59	38.91	41.12	46.31	39.79	29.68	23.82	1.23	-6.81
334.313	174.51	133.9	81.39	49.22	32.93	23.18	19.49	23.65	29.7	31.76	37.68	44.6	45.41	43.31	46.59	53.41	45.26	36.29	27.18	4.32	-4.68
335.259	178.23	137.93	83.41	50.94	33.84	23.03	21.96	23.2	28.92	32.13	38.98	45.43	47.36	44.28	46.55	55.23	45.85	36.55	25.68	3.63	-7.78
336.206	187.46	140.02	88.36	51.75	36.18	25.48	23.1	24.12	30.1	34.79	43.34	47.49	49.67	48.9	49.43	58.61	48.32	37.8	27.82	3.62	-7.52
337.152	192.24	148.89	92.12	55.85	36.77	25.03	25.81	27.51	31.87	36.3	43.95	51.06	55.36	50.58	54.59	61.24	48.35	37.7	28.76	3.67	-7.27
338.098	201.92	154.63	95.06	55.26	36.72	26.98	23.94	27.06	32.56	40.36	47.93	53.73	55.59	53.71	55.62	63.42	49.86	35.98	26.4	-0.05	-8.85
339.044	218.18	165.43	102.11	60.78	41.29	28.46	28.09	30.21	37.55	43.7	52.06	60.5	61.99	56.69	57.72	65.69	50.69	36.48	25.82	3.42	-6.49
339.99	223.61	175.88	103.29	61.93	43.73	31.48	29.68	32.96	38.06	46.51	55.22	62.22	62.59	57.02	57.36	60.24	49.79	34.33	23.73	1.63	-7.59
340.936	243.31	183.49	111.36	65.31	46.85	32.27	30.76	34.97	41.09	51.4	58.14	64.75	64.92	61.08	58.2	62.27	49.98	34.15	24.22	1.03	-6.9
341.881	257.81	198.3	121.22	71.49	47.89	32.47	30.32	34.51	41.24	52.14	59.07	67.39	64.85	60.2	58.99	60.92	47.34	31.27	20.26	-0.68	-8.18
342.826	284.63	216.9	132.2	77.25	54.99	39.65	34.42	39.67	42.81	57.04	62.35	69.68	68.31	63	60.28	58.53	43.82	29.35	19.3	0.34	-7.56
343.772	306.11	234.68	140.37	83.45	59.92	41.14	35.88	38.36	44.74	57.5	65.94	69.32	69.09	61.46	56.06	57.36	44.93	27.85	17.47	-1.71	-8.19
344.717	333.28	254.19	153.73	92.49	64.67	41.83	36.79	42.81	48.7	61.04	66.46	73.18	74.26	63.19	57.19	57.6	41.6	28.27	17.67	-1.2	-6.2
345.662	366.08	275.16	168.03	95.07	68.51	44.52	38.34	44.79	47.6	61.45	68.21	75.39	70.51	58.67	52.74	49.13	34.76	20.93	11.51	-3.69	-7.48
346.606	388.42	294.08	175.41	101.52	67.32	44.85	38.53	45.4	49.2	62.85	67.67	71.28	64.84	54.52	48.27	44.71	29.79	17.88	8.92	-5.54	-7.1
347.551	419.64	311.22	182.04	103.14	69.74	42.04	39.52	45.82	51.84	63.47	66.6	65.51	61.61	45.57	39.5	37.98	24.33	12.88	6.89	-7.12	-8.01
348.495	433.85	319.26	181.41	102.55	69.28	49.15	42.4	50.71	55.58	61.55	61.62	61.46	53.62	41.89	35.97	29.1	19.83	11.07	5.89	-6.67	-7.83
349.44	441.31	324.11	183.13	99.67	69.56	51.24	48.31	54.5	55.33	59.47	59.91	53.24	45.36	35.86	30.27	26.83	18.19	9.85	4.19	-5.01	-5.66
350.384	431.76	315.53	172.63	98.56	69.5	52.88	49.06	51.62	50.38	50.12	48.56	44.72	37.74	26.9	24.24	22.1	13.94	7.75	3.33	-7.18	-6.95
351.328	410.03	298.59	166.1	95.41	70.85	52.48	45.49	43.68	41.26	40.16	38.39	35.68	28.95	23.45	19.71	18.26	11.59	5.23	1.1	-7.04	-7.46
352.271	392.63	285.66	159.7	94.85	71.47	54.53	43.8	38.29	36.99	34.78	35	31.82	28.14	21.47	20.29	18.15	11.98	7.45	2.88	-5.85	-6.24
353.215	359.83	261.52	145.32	87.65	63.21	40.75	32.95	30.68	28.4	28.31	27.85	27.02	24.49	16.96	15.21	13.23	8.06	4.38	-0.27	-8.53	-8.88
354.158	325.44	237.57	131.27	77.07	56.33	33.93	25.44	22.83	24.96	25	22.87	21.81	20.15	15.28	13.43	10.15	5.82	0.17	-2.23	-8.74	-8.82
355.102	289.98	210.27	118.44	68.15	45.99	31.29	25.14	24.93	23.54	22	23.78	21.44	21.02	15.94	15.32	12.75	8.37	2.02	-1.45	-7.32	-5.34
356.045	242.82	176.22	99.85	57.22	42.08	26.79	22.22	19.66	19.78	19.1	21.21	19.09	18.08	13.36	13.08	12.16	6.02	1.7	-0.7	-9.57	-7.58
356.988	201.38	148.34	85.65	50.29	38.36	24.77	18.1	20.24	17.58	17.56	18.93	17.38	17.44	12.76	12.32	10.91	5.02	1.75	-1.25	-9.97	-7.9
357.931	175.63	132.45	78.6	47.49	34.09	23.03	17.98	16.64	17.25	17.03	18.37	18.73	16.37	10.79	11.17	8.12	4.1	-1.16	-3.07	-11.19	-8.47
358.873	156.46	117.28	71.72	45.7	33.27	21.71	16.91	14.29	15.49	15.98	15.74	15.41	14.09	10.46	8.15	6.31	3.14	-1.89	-4.86	-11.18	-9.12
359.816	145.46	110.65	66.94	44.6	30.31	19.43	14.89	14.5	14.72	13.93	15.1	14.14	13.72	8.03	7.53	5.36	0.24	-2.42	-5.02	-11.06	-6.82
360.758	134.43	106.2	67.88	39.51	29.18	18.33	14.83	13.78	14.53	13.18	13.22	10.98	11.06	8.24	5.29	3.49	-0.66	-4.42	-5.69	-10.89	-9.35
361.701	130.37	104.53	65.45	39.71	30.39	19.45	15.7	14.71	14.27	15.67	16.07	12.39	10.51	5.5	8.37	4.4	0.34	-3.59	-5.28	-9.56	-6.77
362.643	130.29	100.29	66.57	39.31	29.28	19.33	14.09	12.39	12.62	11.6	11.32	11.21	10.46	6.02	5.32	1.67	-2.81	-4.58	-5.16	-12.05	-8.08
363.584	124.93	96.42	61.22	38.21	26.3	17.65	12.75	9.96	11.29	8.69	10.93	8.91	6.12	4.71	2.44	-0.43	-2.7	-7.17	-7.88	-12.24	-8.21
364.526	125.92	98.17	60.88	38.31	28.9	17.54	13.8	11.58	11.26	11.08	9.3	8.74	6.89	3.81	2.32	0.35	-3.4	-3.74	-6.23	-9.5	-6.81
365.468	122.05	95.74	59.5	37.5	26.69	16.92	11.2	9.67	9.38	5.96	6.03	6.43	3.76	1.57	1.1	-0.12	-3.19	-6.8	-7.54	-11.71	-8.74
366.409	117.19	92.48	58.69	37.58	26.82	14.36	11.43	7.74	6.51	5.65	6.17	4.93	4.69	1.29	2.39	-0.95	-3.67	-7.01	-6.96	-12.42	-6.77
367.35	115.96	90.76	58.03	32.87	22.46	12.17	8.66	7.02	6.33	4.28	5.07	4.68	2.07	-0.36	-1.12	-3.25	-4.01	-5.93	-7.25	-10.89	-7.21
368.291	114.22	87.02	55.94	32.58	21.4	11.52	7.05	3.7	4.12	3.31	3.57	2.07	3.06	-1.7	-1.31	-3.68	-6.39	-7.26	-8.56	-12.1	-7.84
369.232	110.72	85.72	54.74	34.75	22.01	10.9	7.45	5.44	4.39	3.04	2.82	1.59	1.52	-0.36	-1.8	-3.47	-6.49	-6.9	-6.76	-11.47	-8.13
370.173	107.45	83.59	51.67	30.74	20.36	9.78	6.83	2.98	2.53	0.78	1.62	0.59	1.06	-3.01	-1.27	-3.57	-5.51	-5.8	-8.09	-11.7	-9.22
371.113	109	81.46	53.32	30.93	20.89	9.55	6.41	4.58	3.7	3.33	3.1	2.69	1.88	-1.62	-1.72	-3.63	-5.06	-6.4	-7.87	-11.25	-8.06
372.054	107.7	83.2	49.1	28	18.17	10.86	7.12	3.77	3.97	1.87	0.9	2.1	2.06	-2.43	-0.79	-4.29	-6.34	-7.75	-7.59	-13.03	-8.76
372.994	102.2	82.35	51.51	28.99	17.66	9.34	5.77	2.73	2.5	1.29	2.34	1.27	0.1	-1.68	-1.32	-2.5	-5.1	-7.35	-8.95	-12.17	-8.03
373.934	103.64	78.38	48.66	27.79	17.95	7.19	2.86	3.93	1.74	0.21	0.73	-0.69	-0.3	-3.61	-3.6	-4.34	-6.46	-9.13	-9.35	-12.67	-8.49
374.874	103.97	78.79	49.12	29.25	16.6	9.59	6.31	3.16	3.33	0.31	1.29	0.97	0.69	-0.31	-1.32	-3.13	-4.86	-8.89	-9.53	-12.63	-8.19
375.814	103.76	80.44	51.98	28.55	18.64	8.38	6.94	4.82	3.95	1.78	2.67	2.27	2.92	0.3	0.31	-1.63	-5.02	-7.15	-7.17	-10.22	-6.65
376.754	105.82	78.75	49.44	30.32	18.53	9.39	5.69	3.77	3.41	0.51	1.8	0.95	0.91	-1.24	-1.26	-4.01	-6.1	-5.74	-7.88	-13.42	-9.11
377.693	102.26	82.33	52.05	28.46	18.22	9	5.72	2.71	4.09	0.72	2.54	3.15	2.2	-0.7	-0.01	-2.97	-6.02	-7.67	-8.69	-11.53	-8.69
378.632	102.33	79.32	50.59	28.68	20.24	8.23	4.81	5.47	3.36	2.6	3.34	2.94	1.54	-0.73	-1.05	-2.32	-4.53	-7.74	-7.41	-12.02	-7.1
379.572	99.93	78.05	49.23	26.89	19.87	9.62	6.53	2.44	3.65	1.16	2.32	-0.01	1.45	-1.62	-1.3	-3.05	-6.05	-6.34	-7.16	-12.43	-7.07
380.51	99.61	76.4	47.39	30.08	18.82	11.15	7.3	4.6	4.07	1.95	3.5	2.4	2.44	0.28	0.09	-0.35	-4.37	-4.09	-6.19	-9.92	-8.27
381.45	96.08	74.78	46.05	29.07	17.53	9.31	5.9	4.45	3.79	1.98	3.67	1.66	2.76	-1.18	-1.5	-2.2	-4.07	-5.06	-6.4	-11.58	-7.77
382.388	95.46	72.88	49.27	25.88	17.31	8.26	6.8	2.83	4.1	3.24	3.56	2.02	1.5	0.89	0.34	0.22	-3.26	-6.06	-8.21	-10.2	-7.45
383.327	94.54	75.78	46.58	25.51	17.68	9.32	4.78	3.15	3.03	0.79	2.67	1.54	2.75	0.6	-0.3	-1.45	-4.03	-6.02	-7.6	-11.05	-8.35
384.265	97.95	75.51	45.63	28.03	19.14	8.49	6.14	3.93	5.45	2.11	3.86	2.78	4.02	1.01	1.06	-0.95	-3.63	-3.88	-5.4	-9.74	-7.45
385.203	96.99	71.95	43.66	26.72	17.32	7.09	4.9	2.62	3.44	2.22	3.06	2.34	1.67	0.46	-1.28	-0.47	-3.31	-5.85	-7.08	-12.29	-9.72
386.141	96.02	76.72	46.61	27.98	16.76	9.62	6.37	5.41	4.9	3.02	4.52	5.65	4.6	3.02	1.93	1.29	-1.55	-3.55	-4.94	-8.63	-7.63
387.079	96.51	74.81	48.35	28.78	18.41	11.99	8.84	5.37	8.22	4.51	6.12	4.47	5.18	3.45	3.95	2.53	-0.54	-4.98	-4.27	-10.12	-7.95
388.017	94.66	72.62	45.57	28.44	19.24	7.06	6.29	2.93	3.76	1.52	2.95	3.87	4.92	1.85	2.02	0.3	-0.91	-4.41	-5.23	-10.71	-8.29
388.955	96.3	75.58	46.6	28.15	16.38	11	9.01	6.24	8.53	5.62	4.78	6.56	8.1	3.75	4.1	3.54	0.79	-1.75	-3.31	-9.21	-9.81
389.892	97.56	74.41	47.44	28.22	20.14	10.08	7.73	7.1	7.76	6.76	7.38	8.81	7.87	5.14	4.91	6.47	3.97	-0.33	-1.23	-9.58	-6.55
390.829	92.12	73.69	45.67	26.9	20.05	13.31	10.24	5.82	9.06	6.21	8.61	7.81	8.94	6.16	6.17	7.51	4.55	1.58	-0.8	-8.17	-8.04
391.766	92.16	73.55	49.11	28.79	20.71	10.62	9.34	8.05	9.97	9.06	9.74	10.66	9.69	7.94	9.85	8.84	5.93	3.54	1.01	-7.02	-6.71
392.703	91.63	71.89	45.66	28.2	20.13	11.48	11.77	9.94	9.94	9.23	11.05	12	13.22	9.98	10.16	11.17	7.57	3.85	3.33	-6.2	-7.84
393.64	90.71	72	45.92	30.36	21.2	12.3	11.43	11.34	11.73	10.64	13.12	14.09	13.44	10.8	12.46	14.81	12.62	8.06	4.24	-5.51	-7.74
394.577	93.19	74.52	48.59	30.32	22.12	15.29	14.41	12.71	15.36	13.39	14.2	17.54	20.21	16.09	17.92	19.83	16.12	11.57	8.36	-3.11	-6.28
395.513	93.73	71.76	47.68	30.29	21.84	14.4	13.72	12.43	14.41	14.63	18.04	18.78	21.24	18.65	20.2	23.2	18.91	14.52	10.46	-4.55	-7.58
396.45	95.1	76.29	50.93	33.47	26.49	17.64	19.18	16.87	20.04	19.35	23.36	25.73	28.33	24.95	26.77	31.97	28.77	22.2	17.04	-0.35	-5.8
397.386	97.62	74.72	51.13	33.76	26.41	19.87	19.88	19.15	21.72	21.26	28.2	31.26	31.32	30.89	31.69	38.85	33.22	27.4	20.38	0.53	-6.76
398.322	95.91	76.88	51.42	33.69	28.24	21.73	22.44	23.52	26.28	27.46	33.38	34.77	38.59	37.38	39.78	48.45	41.78	33.23	25.91	2.86	-8.55
399.258	101.03	80.31	55.82	39.35	32.05	23.3	27.48	28.27	32.78	34.28	41.04	47.46	50.33	47.09	50.98	62.86	53.85	38.94	32.14	4.5	-8.45
400.193	99.97	81.35	55.62	38.97	34.8	30.03	30.75	31.46	37.31	40.56	47.73	57.52	59.75	60.81	65.22	71.85	61.83	47.43	36.07	5.37	-7.47
401.129	102.64	80.47	59.85	45	38.89	32.78	37.1	37.59	46.83	53.6	62.45	75.43	78.57	76.66	80.14	89.76	73.72	51.32	39.5	7.24	-6.13
402.064	100.33	83.38	60.72	45.39	42.37	37.26	44.32	48.28	59.93	64.62	79.42	92.67	95.02	94.25	92.82	99.63	79.7	54.98	39.12	6.17	-9.53
402.999	105.68	84.76	64.15	49.96	46.73	44.5	51.25	58.09	73.34	83.32	98.75	116.42	117.51	112.5	111.06	106.65	80.79	55.25	36.42	6.05	-7.37
403.934	108.03	89.8	69.34	56.85	53.54	54.7	66.06	75.11	90.95	106.91	128.25	142.39	144.47	126.39	119.44	110.26	82.92	53.14	34.5	4.62	-6.99
404.869	113.5	96.98	77.46	65.32	65.64	69.9	84.42	99.93	120.19	141.32	158.61	173.89	165.22	141.36	122.98	106.49	75.78	48.82	29.78	4.35	-5.06
405.804	117.98	102.72	84.6	73.48	77.9	85.36	108.23	125.55	152.93	171.87	188.29	195.72	174.78	139.73	118.06	97.44	66.35	41.02	23.45	1.49	-8.79
406.738	124.13	108.26	90.63	84.84	93.76	106.58	133.62	161.43	187.26	204.89	211.4	200.54	169.27	131.03	104.91	84.38	56.22	33.38	20.38	-0.13	-6.69
407.673	133.81	118.39	103.91	99.64	115.03	133.02	166.72	194.32	205.94	217.81	208.56	188.21	151.86	111.08	86.44	65.66	43.41	24.47	13.29	-3.66	-8.4
408.607	144.67	129.62	118.05	118.25	139.23	165.1	191.1	215.37	214.31	209.16	186.64	158.19	123.55	87.01	67.13	53.53	33.64	17.75	8.6	-6.01	-9.26
409.541	154.55	146.9	136.09	140.97	170.61	197.37	210.56	221.06	198.24	185.04	157.81	128.77	99.61	68.93	54.86	41.03	24.95	12.59	5.55	-7.33	-8.15
410.475	179.21	166.67	160.58	169.85	209.62	218.76	206.89	198.5	165.4	147.56	125.02	101.76	75.5	52.98	40.63	33.39	18.83	10.17	4.21	-6.86	-8.06
411.409	207.84	195.45	193.05	202.3	232	217.41	179.18	158.3	130.41	111.63	94.33	76.4	58.72	42.44	30.81	26.85	14.53	7.14	0.69	-7.77	-7.26
412.343	236.26	232.68	221.98	220.13	234.74	187.42	142.36	120.79	93.37	85.47	67.37	58.11	44.9	31.15	25.47	19.92	11.03	2.32	-1.87	-9.58	-8.62
413.276	274.51	261.96	236.9	218.71	205.51	147.68	107.66	89.82	70.66	64.51	54.27	43.57	35.23	26.14	21.2	16.09	9.82	1.66	-2.76	-8.67	-6.49
414.209	299.48	272.54	227.37	184.14	161.61	107.99	77.67	64.45	52.75	46.55	41.11	34.67	26.88	19.97	14.2	11.65	6.2	1.05	-2.78	-10.11	-8.71
415.143	290.17	254.74	197.06	146.46	119.57	81.97	58.65	48.36	40.59	37.56	31.37	27.75	23.37	13.8	11.77	10.37	4.05	1.02	-2.5	-10.56	-8.85
416.076	252.02	211.49	154.71	115.75	88.64	63.76	45.99	37.75	31.18	28.31	23.58	22.93	18.76	12.92	9.83	7.86	2.8	-2.45	-4.32	-9.93	-6.56
417.009	203.45	172.26	125.25	92.36	69.81	47.33	35.8	29.19	25.62	20.48	20.24	15.61	15.79	8.98	9.05	5.12	0.16	-3.11	-5.3	-10.88	-8.27
417.941	169.9	142.21	105.04	74.05	56.32	37.66	30.11	26.35	22.21	19.3	19.67	14.94	13.83	8.9	6.12	5.43	1.46	-3.99	-4.5	-10.29	-9.29
418.874	149.76	125.7	89.04	64.18	47.05	34.18	23.6	20.73	18.35	15.8	15.09	12.9	10.46	5.75	4.86	3.21	-0.54	-3.95	-5.86	-8.83	-8.38
419.806	125.56	107.73	75.32	52.43	38.49	27.11	21.93	18.36	16.09	11.71	12.93	11.63	8.86	4.57	3.29	1.2	-2.37	-4.9	-7.37	-11.38	-8.28
420.739	119.02	96.81	71.65	49.92	36.82	23.09	18.44	13.91	12.54	11.38	10.81	9.54	8.49	3.61	2.93	2.05	-3.77	-5.47	-5.35	-12.58	-7.56
421.67	115.7	94.54	68.87	45.99	34.23	22.21	16.56	13.79	13.95	11.81	12.19	9.05	7.63	4.74	4.1	1.07	-1.34	-4.88	-5.01	-9.49	-6.39
422.602	107.62	89.5	63.16	41.17	28.52	19.72	15.17	10.02	9.91	6.43	6.03	6.55	5.43	1.63	0.4	-0.07	-4.37	-5.25	-7.01	-12.54	-8.65
423.534	107.62	87.79	60.37	38.8	28.57	18.33	13.73	11.37	10.16	7.87	7.71	5.99	5.38	2.06	1.9	0.04	-3.14	-5.68	-7.97	-10.56	-8.05
424.466	104.94	84.84	57.35	37.92	26.64	18.91	12.73	9.77	8.24	6.71	6.97	6.86	6.25	1.96	2.43	-0.53	-3.08	-6.43	-8.3	-10.51	-8.71
425.397	102.79	85.26	56.92	36.48	25.67	16.76	14.89	8.69	7.18	7.16	6.26	7.38	5.83	2.35	2.61	-0.42	-4.14	-6.32	-7.51	-10.21	-7.83
426.328	103.19	81.83	55.97	35.11	25.06	14.08	10.76	8.04	6.59	4.53	4.17	5.9	5.04	0.32	0.63	-1.37	-3.77	-6.99	-7.64	-12.8	-8.42
427.26	100.31	82.01	53.83	35.43	25.46	12.54	11.78	7.25	8.04	4.95	5.34	5.02	2.49	0.36	-0.27	-1.52	-5.13	-7.79	-8.17	-9.9	-7.44
428.191	100.21	80.64	54.4	34.49	21.8	15.1	11.54	7.15	7.48	4.36	5.05	3.37	3.14	0.89	0.59	-2.78	-5.89	-7.06	-7.74	-11.9	-8.44
429.121	98.71	77.56	53.11	34.06	22.98	11.98	9.1	6.09	6.44	4.03	4.09	2.61	3.32	0.24	-0.76	-2.61	-6.69	-6.31	-9.22	-11.76	-8.2
430.052	98.03	76.01	50.73	32.61	20.87	12.08	7.22	4.68	5.32	3.64	2.9	2.01	0.96	-1.16	-0.04	-4.22	-5.79	-9.34	-8.7	-12.4	-8.3
430.982	95.07	76.09	52.55	32.23	21.23	12.42	8.25	4.42	4.14	2.28	3.06	1.69	0.18	-4.17	-3.66	-4.87	-7.37	-9.08	-10.74	-13.41	-10.44
431.913	94.12	74.64	53.77	32.11	20.26	12.15	7.49	5.74	6.23	2.96	3.03	0.32	2.41	-1.24	-0.68	-3.5	-5.93	-6.9	-7.21	-11.18	-6.06
432.843	95.62	75.9	50.65	31.48	20.92	12.46	7.52	4.79	2.76	2.22	1.55	1.36	-0.44	-1.61	-1.78	-4.37	-6.22	-8.76	-9.12	-11.49	-7.94
433.773	92.34	76.28	48.13	31.37	20.79	11.84	8.35	3.83	3.03	0.51	1.13	0.19	-0.75	-2.64	-1.95	-5.88	-6.84	-9.38	-9.35	-12.7	-8.25
434.703	97.69	76.44	49.5	32.54	20.17	9.45	8.17	3.76	3.6	0.94	2.39	-0.75	-0.23	-2.54	-2.55	-4.81	-6.41	-8.73	-8.94	-13.01	-8.71
435.633	95.85	76.2	49.68	30.2	19.79	11.62	7.58	3.72	4.83	2.61	1.96	1.17	0.25	-0.33	-1.63	-2.78	-5.71	-7.37	-6.72	-11.22	-8.15
436.562	91.7	74.83	48.09	27.24	18.12	7.53	5.2	2.21	2.66	-2.09	-1.38	-0.49	-1.96	-3.45	-4.16	-7.08	-8.99	-10.95	-11.7	-15.1	-9.85
437.491	92.3	74.65	49.41	30.75	18.39	10.99	6.51	2.69	2.44	2.85	1.96	0.42	-0.3	-3.64	-2.23	-3.1	-6.99	-7.23	-7.79	-12.54	-7.75
438.421	90.53	72.63	47.24	29.67	18.98	7.73	3.83	2.19	1.33	1.01	-0.55	1.17	-0.52	-3.29	-2.91	-5.72	-7.86	-9.72	-9.78	-12.73	-10.28
439.35	91.09	72.83	47.17	30.03	19.41	8.64	5.79	1.32	2.49	0.54	1.84	-0.53	-1.17	-2.52	-2.86	-4.61	-7.31	-8.84	-9.48	-12.98	-7.67
440.279	90.16	69.36	44.74	28.86	19.22	8.31	4.36	0.85	0.77	-0.48	0.25	-1.59	-1.52	-4	-4.22	-7.87	-9.05	-10.62	-9.78	-14.12	-10.61
441.208	94.05	72.33	46.74	30.22	18.45	8.56	7.67	2.98	2.52	-0.16	-1.45	-1.12	-2.55	-1.64	-3.36	-4.57	-7.36	-8.6	-8.57	-13.09	-8.84
442.136	89.9	73.17	46.09	28.99	18.29	8.47	6.05	2.87	2.3	-2.48	-0.75	-2.88	-2.39	-4.54	-5.01	-6.54	-8.52	-10.77	-11.31	-13.53	-8.16
443.065	93.01	71.49	46.76	27.19	17.53	8.75	5.2	3.31	3.45	0.29	1.28	-1.86	-1.6	-4.72	-5.14	-6.71	-8.46	-8.36	-9.25	-12.8	-9.09
443.993	92.63	72.32	46.62	27.69	18.64	9.12	6.6	3.47	1.88	-1.67	0.88	-0.49	-0.12	-1.73	-2.75	-5.59	-7.6	-8.08	-8.6	-12.31	-7.87
444.921	91.78	72.8	48.25	28.88	18.2	10.19	5.61	2.27	1.5	0.82	1.04	-0.94	-0.86	-3.07	-4.02	-5.89	-6.5	-9.03	-9.22	-11.7	-7.55
445.849	92.62	74.55	47.76	28.34	19.61	10.03	6.93	3.26	2.64	1.76	1.59	0.3	0.72	-1.56	-2.8	-2.85	-6.11	-7.45	-9.6	-11.58	-7.44
446.777	90.73	71.98	47.06	29.34	16.34	9.79	4.89	2.14	1.76	-0.24	-1.04	0.07	-1.71	-4.54	-2.91	-5.7	-6.82	-9.45	-9.03	-11.33	-8.59
447.705	89.95	71.47	47.56	27.4	16.95	9.01	4.75	1.55	3.11	-0.74	-0.38	-0.95	-1.87	-3.42	-3.13	-4.89	-7.71	-8.93	-9.95	-13.2	-8.87
448.632	87.22	71.02	45.39	27.22	15.84	6.74	3.7	2	2.51	-0.86	-0.46	-1.01	-1.79	-5.04	-3.44	-4.44	-7.46	-8.91	-8.16	-11.64	-8.05
449.559	87.1	69.92	44.75	27.17	16.32	6.82	3	1.09	1.06	-0.89	1.14	-1.41	-2.39	-3.45	-2.99	-5.85	-7.94	-10.24	-9.43	-12.13	-8.18
450.487	85.21	70.87	44.71	26.03	17.7	9.29	4.58	1.63	3.32	-0.67	-0.08	-1.17	-0.93	-2.56	-3.08	-5.03	-7.21	-7.98	-9.32	-11.88	-8.26
451.414	87.48	68.37	44.51	24.89	15.6	7.66	3.78	1.45	0.36	-2.2	-1.01	-2.6	-3.56	-4.5	-3.66	-5.53	-6.46	-9.11	-9.8	-12.57	-8.76
452.341	89.77	69.18	46.54	26.93	16.5	7.87	4.83	2	1.86	-0.88	-0.57	-1.55	-0.9	-3.71	-3.21	-5.3	-5.8	-8.17	-7.41	-12.36	-8.01
453.267	89.74	69.26	44.4	27.1	17.12	5.98	3.18	-0.12	-0.81	-1.22	-0.13	-1.36	-1.25	-2.98	-3.32	-6.39	-8.12	-7.32	-8.73	-11.58	-9.38
454.194	89.12	72.31	46.03	29.04	15.79	8.08	5.75	1.78	1.78	-0.24	-0.24	0.74	-1.55	-4.39	-2.63	-4.63	-6.9	-8.84	-9.9	-11.55	-9.64
455.12	88.65	69.84	43.91	27.32	16.23	8.79	3.76	0.96	0.92	-0.95	-1.82	-2.47	-2.3	-3.78	-3.59	-4.83	-6.37	-8.81	-9.45	-11.5	-7.77
456.047	89.33	68.38	44.07	27.44	16.14	8.17	3.92	2.11	1.22	-1.52	-0.55	-2.42	-2.26	-3.98	-3.87	-5.03	-7.25	-9.23	-10.64	-12.9	-7.24
456.973	91.11	71.83	48.37	25.96	16.35	8.45	5.15	3.95	1.81	-0.03	0.73	1.21	0.68	-2.07	-2.04	-5.03	-6.7	-7.65	-7.05	-10.07	-6.4
457.899	90.59	70.02	45.45	26.42	16.33	8.09	4.09	1.69	2.43	0	-0.08	-0.16	-1.04	-2.96	-2.46	-4.96	-7.01	-8.38	-7.92	-11.85	-7.07
458.825	86.8	68.95	44.34	26.93	16.61	8.53	3.03	0.82	0.53	0.03	0	0.28	-0.37	-3.53	-3.12	-4.82	-7.33	-7.87	-8.19	-12.27	-7.71
459.75	86.73	67.85	43.23	27.11	15.78	7.13	5.46	2.83	2.24	-0.16	1.19	-0.95	-0.72	-2.01	-2.75	-3.59	-6.17	-8.41	-9.08	-11.9	-7.64
460.676	85.03	64.6	43.3	27.03	14.82	5.61	3.36	0.24	1.04	-1.02	-0.48	-2.53	-3.38	-2.41	-3.17	-6.57	-7.24	-9.64	-9.56	-13.46	-8.52
461.601	86.32	67.25	44.45	26.26	15.13	8.45	6.58	1.11	1.72	-0.92	-0.1	-2.13	-1.72	-3.42	-3.52	-5.06	-6.05	-8.09	-9.08	-12.41	-7.49
462.526	89.3	68.72	45.82	29.09	17.29	9.34	5.06	2.88	3.3	1.05	2.07	1.41	0.42	-1.8	-0.16	-3.2	-4.43	-6.97	-6.1	-9.67	-5.27
463.451	84.46	69.57	42.46	26.41	15.77	8.07	3.1	3.01	2.84	-1.06	0.74	-1.67	-2.36	-1.98	-3.24	-5.47	-7.07	-8	-8.6	-10.16	-8.21
464.376	87.57	69.89	44.83	25.84	15.95	6.13	4.59	1.57	1.74	-2.19	-0.95	-0.3	-0.96	-4.44	-3.2	-5.65	-7.34	-8.89	-9.66	-13.09	-6.97
465.301	86.86	66.06	43.34	25.81	14.74	6.78	2.69	-0.55	-0.9	-3.4	-0.92	-1.64	-2.27	-3.65	-4.13	-5.56	-7.96	-8.62	-8.76	-11.82	-7.82
466.226	86.71	65.88	44.32	23.62	14.91	7.83	4.23	0.54	1.02	0.32	-1.85	-2.1	-1.9	-5.34	-5.99	-6.31	-7.61	-9	-10.76	-12.02	-8.94
467.15	86.18	68.46	44.45	25.75	17.17	7.34	3.08	1.15	1.27	-1.28	0.01	-1.56	-0.62	-2.98	-4.31	-5.97	-7.78	-8.79	-9.27	-11.4	-7.2
468.074	86.4	70.09	46.92	26.5	17.24	9.47	5.57	1.48	1.91	0.63	0.58	-0.52	-0.07	-2.05	-2.34	-4.68	-5.98	-7.2	-7.96	-10.34	-6.38
468.998	85.51	69.68	45.82	25.84	15.07	6.49	3.28	0.79	0.96	-1.97	-1.38	-2.88	-2.86	-5.94	-4.58	-5.9	-8.34	-10.72	-11.78	-12.47	-9.08
469.922	90.07	70.71	44.96	27.3	16.73	6.94	4.48	-0.23	-1.44	-2.03	-1.8	-1.3	-2.45	-2.61	-3.61	-6.5	-7.31	-8.23	-8.68	-10.94	-8.6
470.846	87.01	70.79	46.2	25.31	17.34	6.52	2.11	1	1.76	-0.69	-1.05	-0.45	-1.43	-3.73	-4.18	-5.38	-7.22	-7.99	-10.05	-12.63	-6.27
471.769	86.36	67.92	43.8	24.61	16.63	6.49	3.77	0.63	0.42	-1.84	-1.22	-3.12	-3.75	-4.77	-3.5	-5.52	-8.54	-8.83	-9.66	-11.9	-9.08
472.693	89.18	69.34	45.46	25.61	17.78	8.08	5	2.7	1.14	-0.35	-1.43	-1.13	-0.34	-3.69	-3.34	-4.6	-5.64	-7.23	-7.36	-11.74	-6.75
473.616	87.78	67.95	44.92	25.26	15.58	6.39	4.29	0.39	0.63	-1.37	-2	-2.6	-2.21	-3.25	-5	-6.57	-8.48	-8.5	-8.89	-11.51	-8.12
474.54	86.61	66.17	42.05	25.45	13.22	4.41	2.06	0.6	-0.86	-3.58	-3.86	-3.69	-3.63	-5.02	-3.92	-7.2	-9.28	-9.14	-10.11	-12.67	-9.98
475.463	92.16	70.92	46.34	29.25	15.87	8.14	4.94	3.11	3.68	-1.2	-0.83	-0.09	-0.84	-2.27	-2.36	-5.12	-6.5	-6.94	-6.82	-10.45	-6.69
476.386	87.99	70.01	44.64	25.44	15.62	7.28	3.26	1.46	0.96	-0.54	-0.29	-1.83	-2.1	-3.33	-3.64	-5.46	-6.62	-8.99	-9.29	-13.02	-8.69
477.308	88.7	71.71	45.16	26	18.37	5.99	3.46	1.11	0.32	-3.15	-1.12	-0.68	-1.13	-3.94	-3.43	-6.32	-7.27	-8.32	-9.35	-11.68	-8.45
478.23	88.15	68.34	43.87	28	15.47	5.46	2.43	1.33	0.45	-1.29	-0.8	-2.18	-2.43	-4.54	-4.31	-6.71	-8.88	-9.73	-10.79	-12.45	-7.69
479.153	87.44	67.47	43.34	29	14.52	6.77	1.87	-0.13	-1.78	-2.93	-2.76	-3.35	-3.5	-6.27	-5.8	-7.79	-9.69	-9.54	-10.89	-14.25	-10.37
480.075	87.65	69.32	43.9	27.58	15.71	7.82	2.79	0.85	1.32	-2.72	-2.19	-1.41	-0.63	-4.01	-4	-5.9	-6.73	-9.61	-9.41	-13.75	-9.3
480.997	85.97	70.44	45.1	26.01	13.81	5.97	3.44	-0.09	-0.11	-2.07	-1.81	-2.86	-3.15	-4.76	-5.23	-5.95	-8.1	-10.4	-10.43	-13.19	-8.57
481.919	88.02	71.37	46.69	25.15	15.93	7.33	3.67	1.54	0.88	-2.49	-1.16	-0.82	-2.15	-4.49	-4.13	-7.09	-8.82	-9.04	-9	-11.59	-8.55
482.841	88.21	68.26	43.42	24.88	16.05	7.29	2.55	0.27	-0.59	-1.45	-3.58	-2.3	-3.03	-4.74	-5.39	-7.22	-8.89	-8.95	-9.14	-12.87	-9.86
483.763	88.71	72.25	46.56	27.06	16.44	7.41	3.82	1.94	0.08	-2	-1.31	-3.27	-2.99	-3.27	-3.65	-6.67	-7.95	-8.39	-8.21	-12.02	-8.22
484.684	88.56	71.52	45	25.85	17.09	6.75	5.19	1.61	0.45	-2.48	-1.44	-1.87	-2.27	-3.6	-3.59	-5.2	-6.25	-9.21	-8.57	-12.3	-9.09
485.606	89.92	70.22	46.93	26.63	15.57	6.78	5.07	0.5	1.05	-1.47	-0.99	-1.51	-2.48	-4.62	-3.84	-6.31	-8.6	-9.09	-8.99	-11.6	-6.45
486.526	90.96	71.36	46.68	27.68	16.17	6.48	3.57	0.97	0.47	0.82	-0.34	-1.21	-0.95	-3.2	-4.72	-5.41	-8.5	-10.3	-8.97	-11.46	-7.87
487.448	92.43	73.43	47.71	27.6	18.34	9.05	4.82	2.75	1.82	0.19	1.95	0.22	-0.63	-2.77	-2.82	-3.47	-5.4	-7.4	-7.28	-11.01	-5.89
488.368	93.1	76.3	47.92	28.93	16.15	8.6	5.94	1.97	0.85	-2.53	-2.09	-1.99	-2.04	-3.01	-2.31	-4.86	-7.01	-8.55	-8.64	-10.94	-7.94
489.289	92.14	73.57	47.35	26.35	17.34	8.1	3.09	1.71	0.95	-0.22	0.11	-0.94	-0.28	-3.5	-2.45	-3.56	-5.16	-8.35	-9.28	-10.87	-8.2
490.209	88.15	70.9	45.28	25.52	16.32	6.52	2.73	0.06	-0.36	-1.89	-2.35	-2.55	-1.87	-4.33	-4.03	-6.46	-7.6	-9.47	-9.95	-12.61	-7.64
491.13	90.52	72.49	47.52	28.87	17.77	7.25	4.73	-0.18	0.39	-1.66	-1.1	-2.78	-2.28	-3.83	-4.07	-5.07	-6.57	-8.68	-7.6	-12.63	-8.83
492.05	88.4	69.52	45.82	26.47	16.51	6.74	1.54	-0.11	-0.56	-2.95	-2.55	-2.96	-3.1	-5.02	-5.54	-6.02	-6.74	-10.74	-12.42	-11.47	-8.38
492.97	92.54	73.89	45.68	28.42	17.05	7.37	4.46	1	1.27	-0.21	-0.23	-2.3	-2	-2.23	-2.39	-6.48	-7.74	-8.24	-8.04	-11.91	-9.08
493.89	91.6	69.26	44.82	27.54	13.96	5.46	2.1	0.75	-0.08	-2.25	-2.22	-2.97	-3.54	-3.67	-3.6	-6.01	-8.83	-8.86	-9.48	-12.57	-7.9
494.81	91.64	75.15	47.34	27.47	15.41	7.08	3.12	-0.54	-0.19	-1.31	-0.71	-2.35	-2.28	-3.27	-4.26	-4.99	-5.48	-8.62	-7.4	-11.33	-8.31
495.73	92.64	71.3	45.26	24.67	15.52	5.86	2.22	0.34	0.04	-3.46	-1.73	-1.39	-1.73	-5.51	-3.69	-5.62	-6.86	-9.26	-9.24	-12.3	-9.91
496.649	93.32	73.83	45.82	28.12	16.47	7.46	4.23	0.96	-0.63	-2.89	-2.33	-1.44	-2.97	-4.07	-2.23	-4.81	-5.87	-8.08	-7.99	-11.4	-8.46
497.568	94.03	73.94	45.12	28.44	15.67	7.04	2.87	0.52	0.32	-1.55	-1.5	-2.17	-2.23	-2.97	-2.91	-4.84	-6.15	-6.37	-6.55	-11.33	-9.25
498.487	94.85	74.36	49.35	28.45	18.29	9.09	5.17	2.27	1.46	-0.09	0.6	-0.33	-0.67	-2.17	-1.62	-1.68	-4.82	-7.54	-8.37	-10.56	-9.45
499.406	93.08	71.43	47.15	27.75	16.48	7.65	5.6	0.07	0.32	-1.43	-0.71	-0.93	-1.91	-1.74	-1.42	-5.32	-6.85	-9.13	-8.65	-11.1	-8.19
500.325	92.16	71.91	48.43	26.03	16.9	8.45	4.48	2.76	2.41	-0.26	1.57	0.91	0.1	-2.21	-1.63	-2.55	-4.98	-6.82	-8.54	-10.97	-6.62
501.244	90.9	71.54	46.16	25.66	17.68	8.09	3.96	1.41	1.65	-1.88	-0.59	-1.86	-0.82	-2.63	-3.27	-4.31	-5.18	-7.91	-8.68	-12.59	-8.7
502.163	88.72	72.48	46.5	29.11	15.3	7.62	3.72	1.46	-0.39	-0.36	0.87	1.13	0.57	-1.95	-2.96	-4.64	-7.64	-9.2	-9.65	-12.67	-8.21
503.081	92.87	73.3	48.44	27.44	17.99	5.93	5.28	1.62	1.7	-0.39	0.43	1.11	1.47	-1.41	-0.48	-4.04	-6.47	-7.64	-8.45	-11.64	-7.28
503.999	93.72	72.21	45.65	26.99	16.02	6.3	2.37	1.71	1.98	0.09	-0.13	-0.42	0.28	-2.79	-3.19	-4.8	-6.43	-9.17	-10.01	-13.46	-9.59
504.917	94.28	75.07	45.94	27.12	17.3	8.32	3.67	0.94	1.88	-0.65	-0.54	-1.1	-0.76	-2.22	-2.19	-3.87	-7.29	-8.91	-9.43	-12.33	-9.99
505.835	96.8	75.85	50.77	27.25	18.08	8.81	6.83	3.12	4.1	0.38	2.54	1.93	0.67	-1.17	-2.11	-3.43	-5.82	-7.48	-7.98	-12.45	-7.74
506.753	96.81	76.34	50.77	29.53	19.58	10.33	6.44	3.01	3.37	-0.07	1.52	0.59	1.33	-2.07	-1.68	-3.68	-5.9	-9.02	-8.74	-13.65	-8.47
507.67	98.24	75.8	49.49	28.73	18.86	8.62	5.77	1.69	2.83	0.81	0.63	1.08	0.47	-1.65	-1.9	-3.73	-6.69	-7.89	-10.36	-12.24	-8.95
508.588	99.87	76.26	49.18	29.26	17.95	8.99	5.93	4.09	4.5	1.42	2.6	1.08	0.03	-3	-4.38	-4.57	-8.08	-10.15	-10.19	-13.36	-10.51
509.505	98.93	76.57	51.02	28.21	19.44	7.37	5.81	3.33	1.92	0.01	0.27	1.06	-0.08	-2.17	-2.56	-4.83	-7.13	-9.36	-10.9	-12.85	-9.73
510.422	99.61	78.18	52.24	30.79	19.25	8.87	5.38	4.33	4.16	0.97	2.58	0.54	0.3	-2.05	-2.88	-5.01	-7.98	-10.05	-10.91	-12.78	-8.17
511.339	94.63	75.87	47.54	28.73	16.45	9.77	4.21	3.23	2.39	0.7	-0.37	0.01	-1.73	-2.94	-4.09	-6.62	-8.92	-10.83	-9.89	-14.34	-8.66
512.256	96.49	78.92	48.53	29.33	16.95	9.41	4.8	1.49	0.81	-0.88	0.99	0.58	-1.68	-2.65	-4.3	-5.89	-7.56	-10.42	-9.94	-14.59	-9.11
513.173	98.76	79.05	52.04	28.93	21.63	10.77	6.29	4.18	2.24	-0.73	0.58	-2.04	-3.31	-3.89	-4.83	-7.05	-7.71	-11.26	-10.62	-13.22	-10.2
514.089	102.94	82.35	51.18	32.23	22.28	12.87	8.29	4.94	3.81	1.09	1.4	0.31	0.19	-2.39	-1.61	-5.23	-6.8	-8.5	-8.9	-10.61	-7.61
515.005	103.11	80.62	51.87	31.93	21.15	9.71	4.82	2.69	1.31	-0.62	-1.07	-1.63	-2.43	-4.6	-4.9	-7.64	-8.88	-11.43	-12.6	-13.96	-10.89
515.922	104.04	83.12	55.23	32.63	21.6	11.51	6.34	2.91	1.71	-0.18	-0.1	-1.41	-1.08	-4.29	-3.77	-7.24	-8.78	-10.55	-11.74	-13.87	-9.46
516.838	107.38	85.94	55.12	34.32	23.01	12.13	7.21	4.99	4.06	2.14	0.2	0.78	0.36	-1.49	-2.71	-4.82	-7.07	-8.38	-8.01	-11.84	-6.59
517.754	105.88	81.71	53.23	31.23	20.96	8.03	2.88	0.69	-0.26	-2.26	-1.48	-2.32	-3.03	-5.37	-5.41	-7.15	-9.27	-8.74	-9.48	-11.22	-8.02
518.67	107.04	85.46	56.19	32.64	19.83	9.49	5.35	2.18	1.76	-0.41	0.3	-1.05	-1.74	-3.73	-3.71	-5.7	-8.94	-9.95	-10.25	-12.38	-6.04
519.585	105.45	87.92	52	30.36	20	9.51	5.52	1.92	0.44	-1.33	-1.42	-1.33	-2.89	-4.44	-3.82	-5.15	-8.33	-10.29	-10.44	-12.35	-8.48
520.501	105.54	80.77	51.99	30.43	20.26	8.17	3.64	-0.24	0.14	-1.21	-1.76	-3.82	-4.31	-5.27	-4.64	-7.37	-10.39	-11.46	-11.01	-12.02	-9.27
521.416	106.16	83.22	53.49	31.51	19.73	9.71	6.12	1.79	2.82	-1.31	-0.69	-1.5	-1.58	-4.12	-3.7	-5.98	-8.04	-8.15	-9.06	-11.69	-7.33
522.331	103.99	80.63	50.4	29.6	17.37	7.4	2.25	0.04	-0.53	-3.46	-3.32	-4.96	-4.5	-7.31	-7.37	-8.01	-9.73	-12.38	-12.54	-15.06	-10.62
523.246	101.86	78.82	52.26	30.12	18.32	8.19	3.67	1.34	1.3	-1.99	-2	-3.23	-3.05	-5.69	-5.94	-7.93	-9.76	-10.99	-9.52	-13.41	-7.74
524.161	101.45	79.12	50.08	27.43	16.76	7.52	1.11	-0.73	-2.69	-4.68	-4.96	-5.44	-5.4	-7.06	-6.37	-9.8	-10.52	-13.05	-11.9	-13.52	-9.81
525.075	100.47	82.33	52.11	30.44	18.92	7.46	3.7	-0.03	0.61	-2.02	-1.52	-3.72	-3.79	-5.22	-6.54	-7.73	-10.1	-10.56	-9.95	-12.77	-7.6
525.99	103.55	81.32	51.41	30.99	19.26	9.58	5.66	1.53	2.25	-0.88	-0.96	-3.14	-3.83	-3.91	-5.35	-5.88	-8.08	-9.74	-9.32	-10.13	-5.96
526.904	97.23	79.89	49.6	27.72	17.3	5.99	2.14	0.06	-2.2	-3.46	-1.92	-4.87	-4.66	-6.48	-6.04	-8.86	-10.62	-10.34	-11.02	-13.93	-8.28
527.819	97.5	77.29	49.04	28.17	16.61	6.95	3.5	-0.64	-0.54	-2.45	-2.14	-3.81	-3.91	-5.7	-6.13	-6.45	-9.06	-11.7	-11.75	-11.42	-8.51
528.733	94.32	75.48	46.56	25.74	15.25	7.07	1.5	-1.69	-0.89	-3.14	-1.89	-4.28	-4.96	-6.54	-5.91	-9	-10.27	-10.64	-10.86	-14.22	-9.35
529.647	94.69	74.51	48.93	27.68	17.26	7.64	2.95	1.69	-0.01	-1.05	-1.94	-1.01	-2.99	-4.22	-3.35	-7.76	-8.73	-8.51	-9.1	-10.82	-7.51
530.56	88.89	72.52	46.7	26.64	15.17	5.27	2.95	-0.47	0.32	-3.56	-3.5	-4.78	-5.04	-7.11	-7.64	-8.83	-11.3	-10.4	-10.64	-12.67	-8.26
531.474	91.22	71.9	45.04	27.46	17.32	7.35	3.77	-0.16	-0.31	-1.82	-2.64	-3.17	-2.71	-5.91	-5.65	-6.95	-7.63	-9.69	-10.14	-11.84	-6.83
532.388	92.42	76.01	48.4	29.12	17.18	7.99	4.25	-0.8	-0.39	-3.19	-1.97	-4.59	-3.87	-6.43	-4.48	-8.37	-8.95	-10.34	-9.82	-11.77	-7.96
533.301	92.4	73.06	44.57	27.62	14.95	6.35	1.35	-1.39	-1.57	-2.97	-3.56	-4.95	-5.76	-7.72	-7.17	-10.98	-9.83	-11.58	-11.03	-12.97	-9.69
534.214	94.03	73.75	48.31	29.16	16.79	8.3	3.58	-1.27	-1.19	-3.15	-3.05	-4.21	-5.14	-5.35	-6.16	-8.06	-9.35	-10.44	-10.86	-12.27	-8.12
535.127	93.64	74.29	47.14	26.77	17.67	7.63	2.68	0.43	0.18	-3.49	-2.98	-5.3	-3.68	-6.05	-7.46	-10.22	-10.04	-10.49	-10.63	-12.08	-6.51
536.04	90.6	71.71	45	26.41	15.2	5.21	0.2	-1.08	-2.4	-4.54	-4.52	-7.23	-6.35	-8.18	-6.83	-10.2	-12.46	-12.89	-13.2	-13.47	-9.72
536.952	91.44	74.4	46.25	28.45	16.98	6.05	3.08	-0.15	-0.05	-3.77	-2.61	-3.25	-4.36	-5.5	-6.06	-8.2	-10.3	-10.98	-10.56	-10.97	-7.95
537.865	92.26	70.96	45.56	25.43	14.8	5.04	1.32	-2.25	-2.34	-2.97	-2.4	-5.95	-5.46	-7.18	-7.99	-9.82	-12.99	-12.69	-10.79	-13.22	-8.84
538.777	90.79	69.48	46.37	27.49	16.57	5.73	2.71	0.03	-1.01	-4.76	-5.18	-4.11	-6.07	-6.43	-6.01	-9.53	-9.81	-12.21	-12.22	-13.61	-8.65
539.69	89.72	69.08	45.54	24.09	15.11	6.53	3.9	-1.76	-3.67	-4.36	-3.49	-4.63	-5.47	-7.41	-6.72	-8.36	-10.55	-10.39	-12.09	-11.77	-6.76
540.602	86.58	69.81	44.81	24.44	12.27	4.57	1.34	-1.36	-1.13	-5.59	-4.96	-5.62	-6.37	-8.15	-7.12	-9.69	-11.17	-12.09	-11.7	-14.46	-8.41
541.514	89.43	71.57	45.71	23.89	15.09	6.31	2.85	-0.34	-1.69	-5.04	-3.51	-3.43	-5.76	-7.15	-6.56	-7.28	-9.83	-10.92	-10.54	-11.64	-7.75
542.425	88.42	68.5	45.21	24.67	14.38	6.48	2.19	-1.28	-1.6	-3.5	-4.27	-5.48	-4.21	-6.63	-6.83	-11.43	-11.55	-10.61	-10.33	-12.06	-8.19
543.337	85.62	67.7	40.74	24.87	13.78	4.4	-1.09	-1.74	-2.31	-5.88	-4.04	-5.32	-6.52	-8.8	-6.8	-9.26	-10.19	-13.82	-12.35	-12.51	-9.34
544.248	87.52	68.31	43.21	23.93	15.15	6.38	2.82	0.14	-1.6	-4.89	-4.47	-4	-5.22	-6.92	-7.69	-7.99	-9.15	-10.66	-10.87	-13.05	-9.01
545.16	87.22	68.52	45.34	25.85	14.79	5.14	2.52	-1.04	-1.25	-2.41	-4.71	-4.66	-4.59	-6.56	-5.44	-8.43	-10.05	-11.81	-11.04	-12.96	-7.43
546.071	87.16	67.41	43.19	24.37	14.03	5.87	2.78	-0.94	-2.52	-4.89	-3.75	-3.1	-4.83	-6.58	-5.19	-9.46	-10.77	-11	-11.18	-12.05	-7.24
546.982	83.23	67.27	45.87	24.92	15.33	4.26	2.49	-1.77	-2.18	-5.32	-4.78	-3.77	-5.75	-7.31	-7.98	-8.81	-11.67	-9.29	-9.89	-11.91	-6.89
547.893	82.76	67.68	43.06	24.91	14.76	7.54	2.09	-0.6	-0.46	-4.22	-4.13	-4.26	-4.68	-6.71	-5.94	-8.49	-11.1	-10.81	-10.75	-12	-7.27
548.803	82.69	64.61	41.82	23.63	14.71	6.02	0.43	-2.22	-1.78	-4.69	-3.55	-4.97	-5.33	-7.66	-7.33	-9.36	-11.62	-11.11	-11.89	-11.43	-7.19
549.714	84.39	65.08	44.85	24.68	15.44	6.38	2.93	-0.57	-1.55	-3.72	-2.74	-4.78	-4.91	-5.36	-4.2	-9.07	-10.62	-11.65	-11.16	-11.41	-6.9
550.624	81.41	65.62	43.4	24.3	14.17	6.25	2.86	-1.79	-2.62	-4.58	-4.49	-4.56	-6.19	-7.58	-6.32	-10.48	-10.88	-11.45	-12.1	-13.08	-9.04
551.535	78.81	64.04	42.78	23.75	14.22	3.79	2.36	-0.88	-2	-5.1	-4.79	-6.4	-7.44	-6.87	-8.32	-9.39	-10.2	-11.36	-10.8	-13.96	-9.15
552.445	83.33	67.04	44.45	25.82	15.93	5.76	3.57	0.55	-1.2	-2.58	-2.94	-4.48	-4.27	-6.87	-6.28	-9.8	-10.84	-11.25	-11.22	-11.29	-5.91
553.355	82.53	65.3	42.3	25.29	15.58	6.05	1.41	-1.21	-1.33	-3.12	-4.14	-4.96	-3.6	-7.79	-6.87	-10.3	-11.34	-11.56	-12.16	-12.41	-9.32
554.264	83.05	65.33	41.98	25.14	14.79	5.65	2.35	-1.39	-3.01	-4.09	-4.03	-4.56	-4.59	-6.5	-7	-8.42	-10.31	-11.31	-10.68	-12.7	-9.12
555.174	82.54	69	42.19	24.23	15.22	6.31	2.87	-0.77	-1.36	-3.32	-2.9	-4.96	-4.68	-6.18	-5.64	-9.32	-11.37	-10.77	-10.72	-11.26	-9.36
556.083	84.9	65.24	41.56	26.02	16.86	5.64	2.53	0.48	-0.38	-1.89	-1.63	-3.32	-3.56	-6.01	-5.71	-8.13	-10.24	-10.57	-10.01	-11.41	-8.34
556.993	84.08	68.46	42.79	26.01	15.45	5.18	2.44	0.6	-0.66	-3.79	-2.82	-4.3	-5.54	-6.41	-7.24	-10.05	-11.97	-11.47	-11.15	-13.61	-9.9
557.902	79.43	64.05	40.92	24.31	12.66	4.86	2.11	-1.47	-3.09	-5.2	-4.52	-5.4	-6.27	-9.07	-8.3	-9.39	-13.3	-12.49	-13.14	-14.71	-11.01
558.811	85.24	69.29	46.06	28.22	17.37	9.07	5.34	1.71	1.88	-2.43	-2.5	-1.92	-3.68	-4.09	-4.51	-7.44	-8.09	-9.7	-10.97	-12.26	-6.49
559.72	84.67	67.13	43.7	26.29	16.65	7.44	3.26	1.22	-0.95	-3.17	-4.4	-3.71	-5	-6.99	-7.02	-9	-10.42	-11.99	-11.18	-12.93	-8.63
560.629	81.86	67.13	43.91	26.42	15.96	6.08	3.52	1.22	0.8	-3.13	-2.75	-3.79	-4.89	-8.14	-8.15	-8.92	-11.56	-12.24	-11.56	-14.29	-8.9
561.537	82.7	67.93	43.11	25.49	14.55	7.16	2.11	-0.97	-0.09	-5.17	-4.29	-5.81	-6.64	-6.96	-8.89	-11.53	-12.97	-14.36	-14.14	-14.67	-11.11
562.446	88.15	69.25	47.04	27.49	19.05	8.24	4.03	0.74	0.83	-0.8	-0.89	-3.35	-2.86	-6.43	-5.14	-8.46	-10.46	-11.97	-10.61	-12.41	-9.73
563.354	90.48	70.93	46.2	32.51	19.41	9.63	5.15	2.97	1.92	-1.89	-2.05	-1.77	-2.32	-5.15	-5.17	-6.46	-8.1	-9.16	-9.15	-10.94	-6.52
564.262	89.14	71.5	46.23	28.62	17.93	6.64	3.23	1.32	0.62	-2.72	-3.53	-4.87	-6.31	-7.81	-7.96	-10.77	-12.57	-12	-11.01	-14.11	-8.92
565.17	90.63	71.74	48.05	30.33	19.27	9.33	5.48	2.58	0.57	-2.9	-1.39	-4.67	-4.23	-7.03	-7.64	-9.48	-10.95	-11.82	-10.88	-13.34	-8.24
566.078	91.66	74.82	49.44	31.05	18.73	7.84	4.54	0.45	0.48	-2.46	-3.06	-3.16	-3.57	-6.28	-8.47	-8.69	-11.42	-10.58	-10.39	-12.7	-9.22
566.985	94.87	74.59	51.02	31.29	21.57	8.91	4.61	1.98	-0.04	-3.45	-1.97	-4.31	-5.5	-7.56	-7.77	-9.76	-11.16	-11.98	-11.72	-12.92	-9.39
567.893	95.73	78.77	52.17	31.92	19.61	9.74	6.05	3.33	1.86	-2.38	-1.77	-4.06	-5.13	-6.41	-6.13	-10.21	-11.46	-12.45	-11.67	-11.32	-7.87
568.8	95	77.11	51.74	32.31	22.54	11.34	4.63	1.64	-0.49	-1.7	-2.98	-4.67	-5.03	-7.9	-7.05	-10.21	-11.46	-12.95	-12.08	-13.9	-8.25
569.707	99.3	75.73	50.19	34.53	20.94	10.77	6.5	1.01	0.31	-1.59	-2.57	-4.47	-5.27	-7.22	-6.76	-9.24	-11.95	-10.42	-10.96	-12.25	-8.08
570.614	100.37	81.94	53.3	35.43	22.17	9.35	5.6	3.26	1.15	-2.59	-2.61	-3.96	-4.55	-6.6	-6.69	-7.42	-9.71	-9.94	-10.03	-11.35	-7.64
571.521	98.62	82.49	53.37	34.91	20.85	11.25	4.57	1.27	0.04	-3.35	-3.86	-5.41	-5.49	-7.99	-7.84	-9.62	-10.96	-13.12	-12.2	-12.26	-8.79
572.428	102.96	82.88	56.77	33.58	21.88	8.05	3.03	-0.51	-1.46	-4.07	-4.77	-7.15	-6.34	-7.77	-7.61	-9.57	-11.35	-12.92	-13.23	-13.47	-8.98
573.335	104.43	85.29	55.72	36.32	21.86	9.65	4.09	-0.71	-1.97	-5.41	-6.06	-6.72	-7.86	-9.22	-8.63	-11.02	-12.28	-11.91	-11.36	-13.66	-9.53
574.241	104.18	84.72	55.85	32.98	21.55	9.72	2.79	-0.59	-2.08	-3.51	-4.05	-6.46	-6.67	-7.93	-8.92	-9.46	-11.87	-11.71	-11.11	-13.32	-7.53
575.147	107.3	84.01	56.47	36.27	22.31	11.39	5.08	-0.56	-2.05	-5.74	-5.07	-5.09	-6.02	-8.3	-8.09	-9.48	-10.05	-10.37	-11.2	-12.12	-8.73
576.053	111.4	89.57	60.01	34.51	21.79	9.57	4.39	-0.92	-0.89	-3.93	-4.52	-5.91	-6.21	-7.07	-6.02	-10.42	-10.6	-12.7	-10.82	-11.68	-8.46
576.96	112.6	87.26	57.8	32.15	18.74	9.74	2.33	-1.85	-2.54	-5.81	-5.34	-6.17	-6.48	-7.94	-7.88	-11.44	-11.66	-11.31	-12.19	-13.28	-8.71
577.866	112.98	85.8	55.3	31.65	19.15	5.26	0.58	-1.5	-3.46	-6.53	-6.36	-8.09	-7.88	-9.05	-8.59	-10.99	-12.81	-12.51	-11.55	-13.15	-10.47
578.771	112.98	88.33	57.36	32.2	19.86	5.82	2.99	-1.27	-1.22	-3.94	-3.97	-4.2	-5.06	-8.02	-6.86	-9.17	-10.93	-11.01	-11.22	-12.96	-8.36
579.677	107.03	85.04	51.83	30.64	18.96	7.2	2.51	-1.69	-1	-3.9	-2.75	-4.85	-4.95	-6.78	-6.86	-10.06	-11.18	-12.01	-11.6	-12.58	-8.47
580.582	106.44	81.49	52.48	29.03	17.66	7.29	2.16	0.11	-1.1	-4.02	-4.88	-6.43	-6.27	-7.19	-6.81	-9.68	-9.98	-10.89	-9.6	-11.58	-7.19
581.487	97.59	77.66	48.87	28.49	15.54	4.98	2.11	-1.19	-2.23	-3.06	-4.65	-5.18	-4.49	-7.88	-7.35	-10.06	-11.15	-10.84	-11.3	-11.02	-8.17
582.392	93.93	74.19	46.8	25.83	13.7	4.25	-1.05	-3.43	-4.33	-6.7	-5.49	-8.03	-7.33	-9.89	-9.43	-10.54	-11.65	-12.67	-12.16	-13.27	-8.65
583.297	93.97	72.08	47.96	25.64	15.13	4.71	1.74	-1.84	-3.11	-4.46	-5.75	-6.87	-6.24	-7.82	-7.81	-10.94	-11.22	-10.94	-12	-13.19	-8.52
584.202	90.47	69.32	43.76	24.67	13.3	3.94	0.34	-4.18	-4.21	-5.93	-6.62	-7.42	-6.82	-8.2	-10.12	-9.97	-12.65	-12.71	-11	-14.74	-9.65
585.107	89.28	68.69	46.56	24.69	14.99	5.52	1.48	-2.08	-2.59	-4.46	-6.01	-7.22	-5.88	-7.81	-8.16	-9.66	-11.35	-11.85	-10.59	-12.39	-8.67
586.011	82.65	67.25	42.74	23.49	12.55	4.15	-0.25	-3.91	-4.46	-9.02	-8.32	-9	-7.57	-10.65	-11.08	-12.94	-12.87	-14.52	-12.99	-15.16	-10.66
586.915	83.03	67.98	42.09	26.51	14.51	3.79	1.02	-4.02	-6.18	-6.3	-7.5	-7.88	-8.34	-10.6	-8.9	-12.37	-12.74	-12.62	-11.34	-13.59	-10.98
587.82	83.94	68.08	45	24.49	14.47	2.9	0.13	-3.08	-3.27	-6.69	-5.43	-7.7	-6.17	-7.73	-7.67	-11.28	-11.9	-11.26	-10.76	-12.37	-8.9
588.724	86.34	65.51	44	25.93	15.23	5.45	1.59	-2.04	-2.63	-5.8	-4.93	-5.69	-6.26	-5.79	-7.07	-9.69	-12.03	-11.99	-11.43	-12.02	-8.08
589.627	79.48	65.62	43.2	22.72	13.09	2.37	-0.39	-3.43	-4.9	-6.37	-6.4	-6.34	-6.44	-7.56	-8.11	-11.78	-13.05	-12.35	-10.79	-13.9	-9.67
590.531	83.94	66.08	42.5	24.05	14.54	4.07	0.84	-3.61	-3.64	-5.38	-5.88	-7.83	-7.02	-9.8	-9.22	-11.15	-12.04	-13.44	-13.68	-12.71	-9.95
591.435	83.72	67.11	42.15	22.87	15.71	6.21	1.71	-2.77	-2.55	-4.96	-4.2	-6.42	-5.5	-8.63	-7.7	-9.2	-10.48	-10.44	-10.54	-12.3	-7.79
592.338	80.25	65.66	40.9	21.57	13.34	3.03	-0.01	-3.06	-3.41	-7.31	-5.64	-8.26	-8.75	-8.91	-9.11	-9.84	-11.97	-13.36	-12.25	-13.9	-9.35
593.241	81.96	64.44	43	21.85	11.21	5.49	0.92	-2.11	-3.22	-6.83	-7.11	-5.72	-6.42	-8.39	-8.01	-11.57	-12.14	-12.78	-13.03	-13.13	-10.02
594.145	79.55	64.42	42.46	25.18	14.34	4.21	-0.04	-3.17	-2.94	-5.56	-6.27	-6.25	-7.04	-8.68	-8.14	-10.3	-9.89	-13.17	-12.56	-14.34	-9.87
595.048	82.37	65.59	41.5	22.77	13.93	2.72	0.1	-2.51	-3.15	-5.29	-5.89	-5.42	-5.33	-8.5	-8.17	-10.41	-12.54	-11.91	-12.17	-12.57	-9.12
595.95	80.67	66.09	42.33	26.05	12.39	4.38	1.51	-1.59	-2.91	-5.98	-5.69	-6.2	-6.64	-7.93	-8.88	-10	-10.83	-12.64	-11.41	-12.96	-8.78
596.853	83.01	64.83	41.27	26.34	13.44	3.97	1.66	-1.94	-2.91	-5.31	-5.48	-6.37	-6.98	-8.32	-7.84	-9.91	-11.31	-12.08	-12.33	-12.91	-8.76
597.755	82	65.09	41.56	25.85	14.87	4.39	0.72	-0.75	-1.44	-4.18	-4.19	-5.67	-6.14	-7.8	-7.81	-9.28	-9.69	-11.49	-10.25	-11.83	-7.84
598.658	78.93	63.36	40.35	23.19	13.96	4.09	1.16	-2.64	-2.06	-4.06	-4.35	-5.93	-7.17	-8.21	-6.92	-10.26	-11.4	-11.56	-10.87	-12.33	-8.18
599.56	75.49	62.44	39.04	23.43	11.97	3.51	-0.19	-3.84	-3.23	-7.12	-7.37	-7.27	-6.71	-9.58	-8.35	-12.96	-13.16	-13.63	-13.06	-13.87	-9.95
600.462	78.1	60.93	39.85	21.37	11.88	3.63	0.62	-3.2	-3.58	-6.85	-6.14	-6.85	-7.86	-9.33	-9.62	-9.06	-11.12	-12.03	-12.62	-13.5	-10.05
601.364	79.73	64.27	42.1	22.98	13.22	4.5	2.1	-1.15	-2.31	-5.44	-4.11	-6.3	-7.07	-6.28	-8.06	-9.86	-11.58	-10.12	-10.23	-12.19	-7.36
602.266	80.87	63.92	40.5	23.97	13.87	6.2	-0.85	-3.6	-2.86	-6.7	-6.74	-5.06	-6.31	-7.19	-7.6	-10.37	-12.23	-11.33	-12.07	-12.08	-8.69
603.167	77.8	63.39	39.37	23.05	12.02	3.18	1.03	-2.93	-3.45	-5.16	-4.57	-6.89	-6.02	-7.99	-8.5	-10.52	-10.65	-12.37	-12.54	-13.78	-10.03
604.069	80.31	64.5	41.08	24	13.15	4.34	2.51	-1.41	-1.41	-5.88	-5.63	-5.14	-5.39	-7.56	-7.88	-9.63	-10.02	-10.89	-10.57	-11.3	-7.81
604.97	82.84	64.07	42.76	24.93	14.31	5.08	1.1	-1.2	-1.2	-5.15	-4.96	-5.15	-5.29	-8.23	-7.01	-9.46	-11.01	-11.02	-9.42	-12.71	-6.12
605.871	81.13	62.36	40.22	22	13.83	2.82	-0.38	-2.84	-3.91	-6.76	-4.91	-6.87	-6.22	-8.91	-9.07	-10.62	-11.74	-13.22	-11.97	-14.3	-8.55
606.772	80.1	63.37	48.63	22.99	14.06	3.66	0.63	-2.52	-0.79	-5.73	-5.43	-5.48	-5.97	-8.3	-7.94	-9.8	-9.71	-11.71	-11.57	-13.3	-9.2
607.673	79.77	62.68	59.62	21.9	13.83	2.28	0.43	-3.59	-3.43	-6.89	-6.06	-6.44	-7.15	-7.87	-6.82	-10.8	-11.16	-12.67	-11.14	-12.42	-9.07
608.574	76.77	62.5	50.79	22.8	12.39	4.71	1.31	-1.24	-2.78	-5.45	-5.56	-5.43	-6.74	-6.95	-6.53	-9.21	-11.89	-11.4	-11.47	-13.5	-7.83
609.474	75.7	62.69	47.6	21.53	11.41	3.48	-1.26	-3.42	-4.04	-6.27	-6.2	-6.38	-7.44	-8.89	-8	-9.5	-11.17	-12.73	-11.55	-14.16	-8.4
610.375	76.82	60.72	49.81	19.89	12.39	2.86	-0.62	-3.81	-4.52	-6.59	-7.15	-7.1	-8.6	-8.15	-7.99	-12.46	-12.93	-12.54	-11.5	-13.02	-9.76
611.275	75.83	62.51	51.62	21.34	12.01	3.81	-0.55	-3.3	-3.62	-5.9	-4.97	-7.92	-6.8	-8.74	-7.87	-9.49	-10.45	-12.04	-12	-14.02	-9.43
612.175	76.89	58.92	40.26	21.86	12.86	4.28	1.96	-3.66	-2.55	-6.25	-5.19	-4.65	-5.59	-6.32	-7.44	-9.49	-10.45	-10.41	-10.28	-12.01	-8.58
613.075	75.96	60.25	38.58	20.97	11.6	3.3	-0.6	-4.1	-3.34	-7.87	-6.25	-6.75	-7.54	-9.3	-7.2	-10.61	-12.38	-12.96	-12.12	-15.16	-9.67
613.975	79.39	63.5	39.61	24.2	11.79	5.02	0.17	-1.38	-2.02	-5.62	-6.43	-4.66	-5.18	-6.97	-6.78	-9.03	-9.98	-11.77	-10.58	-13.11	-8.37
614.874	74.47	60.5	37.9	21.25	10.27	3.07	-2.17	-4.69	-5.17	-8.27	-7.73	-8.03	-8.39	-10.12	-10.21	-13.59	-14.79	-13.96	-14.53	-16.09	-10.33
615.774	76.45	60.39	40.9	22.89	11.95	4.39	-0.48	-3.48	-4.32	-6.05	-6.09	-6.59	-5.61	-7.55	-7.5	-11.21	-10.48	-11.83	-11.66	-14.05	-9.23
616.673	78.73	63.16	41.43	24.32	13.37	3.93	2.17	-2.02	-2.88	-5.21	-4.87	-5.49	-4.79	-6	-6.23	-7.68	-10.37	-10.87	-9.96	-11.9	-8.05
617.572	77.34	61.17	39.95	21.87	11.84	4.72	-0.03	-1.78	-2.44	-6.92	-5.86	-6.45	-7.38	-8.4	-8.74	-10.59	-13.32	-11.8	-11.64	-13.49	-8.54
618.472	79.67	62.44	39.58	24.09	12.65	4.58	1.68	-0.28	-1.86	-5.76	-5.22	-6.69	-5.51	-7.54	-7.62	-10.09	-10.93	-11.56	-10.7	-12.03	-8.5
619.37	78.34	62.25	39.87	24.4	11.45	5.42	0.74	-1.5	-3.04	-5.49	-5.07	-5.77	-8.17	-7.07	-6.64	-11.62	-11.52	-11.37	-11.25	-11.38	-8.95
620.269	76.96	61.77	39.82	22.71	14.41	4.18	1.61	-0.5	-1.54	-5.23	-5.38	-5.86	-5.91	-7.88	-7.06	-9.71	-9.81	-10.36	-10.5	-12.73	-7.52
621.168	76.38	60.19	38.67	22.95	11.42	3.41	2.07	-2.05	-3.59	-5.09	-4.74	-5.65	-5.32	-8.3	-6.75	-9.24	-11.11	-10.34	-10.66	-11.9	-8.28
622.066	75.81	61.61	39.97	22.1	13.38	4.48	2.07	-2.51	-2.32	-5.42	-4.05	-3.77	-5.79	-8.3	-7.15	-10.32	-10.68	-12.22	-11.2	-12.21	-8.54
622.964	75.02	57.89	38.17	22.13	12.77	1.47	-0.39	-2.88	-3.82	-6	-5.74	-6.9	-6.92	-6.34	-7.41	-10.48	-10.81	-11.47	-12.45	-12.15	-9.14
623.863	76.75	59.84	40	23.89	13.06	3.37	0.28	-2.34	-4.16	-6.3	-5.23	-6.03	-6.12	-8.08	-8.55	-10.73	-11.66	-11.6	-10.08	-13.31	-8.13
624.76	78.24	64.38	40.77	22.95	13.59	4.37	1.88	-2.49	-4.33	-6.2	-4.66	-5.23	-5.17	-7.75	-7.81	-9.78	-10.5	-11.51	-12.78	-12.66	-9.14
625.658	76.28	61.1	38.72	23.86	12.94	3.88	0.54	-3.03	-2.75	-6.25	-5.39	-5.64	-6.9	-7.49	-9.12	-10.04	-11.45	-13.6	-11.4	-12.91	-9.45
626.556	76.29	59.7	39.92	22.14	12.84	4.63	0.63	-1.82	-2.39	-5.17	-5.72	-6.23	-5.79	-8.82	-8.03	-9.95	-10.81	-11.32	-11.15	-12.78	-10.12
627.453	78.37	60.48	40.7	23.1	13.82	3.01	-0.2	-1.85	-2.52	-5.16	-5.2	-4.99	-4.93	-7.09	-6.83	-9.66	-11.24	-10.6	-11.1	-12.67	-7.89
628.351	75.59	59.94	38.77	21.95	13.02	3.43	-0.21	-2.89	-4.64	-5.69	-5.7	-8.27	-7.77	-8	-7.88	-11.96	-12.9	-11.46	-11.08	-13.87	-9.89
629.248	78.04	59.67	36.99	21.95	12.63	5.32	0	-3.55	-3.46	-6.97	-5.27	-5.93	-7.07	-9.11	-8.58	-9.29	-10.74	-12.41	-12.08	-13.43	-8.64
630.145	77.29	59.95	37.75	23.44	12.78	3.58	0.33	-2.75	-2.18	-5.84	-5.6	-5.88	-6.94	-8.55	-8.27	-9.71	-11.02	-11.98	-11.71	-11.1	-8.9
631.042	74.81	61.8	39.73	23.16	11.99	4.35	-0.67	-3.36	-5.09	-7.43	-5.69	-5.94	-7.25	-9.4	-9.06	-11.19	-11.9	-13.22	-12.95	-14.61	-9.72
631.939	76.72	62.33	41.66	24.64	12.71	3.97	1.69	-1.63	-2.23	-5.3	-5.48	-6.18	-5.86	-7.05	-7.04	-9.96	-9.47	-11.89	-11.31	-12.53	-8.36
632.836	76.8	62.17	39.42	23.97	13.03	4.74	0.43	-1.46	-2.43	-4.16	-5.07	-5.46	-4.53	-6.15	-6.94	-9.37	-10.11	-11.19	-10.63	-11.94	-9.84
633.732	77.94	60.75	39.11	24.81	12.04	4.35	1.63	-1.21	-4	-5.64	-4.86	-7.41	-8.08	-8.75	-8.66	-12.21	-11.95	-13.31	-12.8	-12.69	-8.94
634.628	79.61	66.11	41.72	24.46	14.04	5.56	2.94	-0.27	-0.72	-3.45	-3.24	-3.83	-4.64	-5.32	-5.78	-7.25	-9.25	-9.95	-9.42	-10.58	-6.37
635.525	77.38	63.66	43.14	24.45	14.88	3.93	1.17	-2.07	-2.25	-5.41	-6.39	-6.57	-6.49	-8.02	-7.87	-10.43	-11.36	-11.12	-11.44	-13.29	-7.98
636.421	79.33	63.31	57.74	-14.2	12.97	4.21	0.68	-3.24	-1.87	-6.2	-5.87	-6.69	-7.39	-7.38	-8.36	-11.46	-12.02	-11.86	-10.52	-14.23	-8.62
637.317	76.68	61.11	97.73	21.93	11.43	3.06	-0.37	-4.2	-4.8	-7.8	-6.66	-7.99	-7.94	-9.93	-10.02	-12.78	-12.61	-12.56	-12.78	-13.31	-10.67
638.212	77.98	63.78	58.55	24.3	15.01	5.65	2.07	-0.26	-0.41	-3.39	-3.73	-5.99	-5.6	-5.91	-6.26	-7.83	-9.51	-10.67	-9.58	-11.24	-7.26
639.108	77.15	63	41.78	22.47	13.87	3.37	-0.91	-2.24	-2.83	-4.81	-5.04	-6.29	-7.23	-6.69	-7.4	-9.97	-11.92	-11.41	-11.3	-11.97	-8.21
640.003	78.28	61.8	41.21	23.25	14.78	4.06	1.23	-1.82	-1.01	-4.94	-4.92	-5.63	-5.18	-7.52	-7.3	-8.9	-10.01	-11.08	-12.04	-12.62	-7.77
640.899	76.62	62.23	38.68	21.81	13.57	2.52	0.47	-4.09	-3.44	-5.2	-4.35	-6.22	-6.95	-7.82	-8.94	-10.27	-10.34	-11.6	-12.03	-13.15	-8.7
641.794	79.05	62.32	40.96	23.71	13.61	3.67	1.54	-3.56	-3.06	-6.33	-6.5	-4.64	-5.64	-7.9	-8.25	-10.99	-11.71	-12.13	-11.99	-13.7	-9.76
642.689	78.4	62.36	41.97	22.93	13.85	4.79	1.81	-2.3	-1.29	-5.3	-4.89	-7.19	-6.14	-7.09	-7.95	-9.52	-9.6	-12.22	-11.55	-12.32	-7.65
643.584	78.57	62.93	42.29	22.88	13.7	3.99	0.8	-1.81	-0.92	-4.53	-4.37	-5.69	-6.86	-8.51	-8.17	-8.77	-10.19	-10.12	-8.66	-11.84	-8.24
