Raman_shift(cm-1)	293.40K	298.15K	323.15K	348.15K	373.15K	423.15K	473.15K	523.15K	573.15K	623.15K	673.15K	723.15K	773.15K	823.15K	873.15K	923.15K	973.15K	1023.15K	1073.15K	1123.15K	1173.15K	1223.15K	1273.15K
-702.213	2478	3190	4942	3338	5119	5340	14398	19121	29729	17860	9960	3562	2613	987	1068	659	694	199	391	154	580	808	692
-701.087	2654	3233	5540	3318	4884	5261	14388	19416	30315	17813	10249	3205	2190	973	768	728	653	284	423	313	582	808	692
-699.961	2252	3548	5012	3412	5099	5287	14507	19930	30781	18015	10320	3572	2593	1075	697	577	681	283	199	638	854	625	887
-698.835	2502	3497	5141	3082	5231	5436	14784	19379	30215	17882	10378	3617	2557	1198	998	993	1065	236	622	688	943	952	1034
-697.71	2299	3774	5294	3129	5040	5444	15055	19867	30721	18388	10550	3413	2367	1043	1225	701	863	14	372	465	916	790	994
-696.585	2544	3407	5419	3403	5389	5576	15131	19752	30588	18083	10375	3444	2563	940	1072	693	925	408	650	320	866	631	892
-695.46	2760	3515	5692	3562	5239	5538	14821	20277	31006	18461	10743	3738	2532	1088	836	665	698	179	325	438	814	989	761
-694.335	2716	3640	5459	3336	5357	5495	15424	20613	31642	19075	10803	3828	2595	1176	1122	834	849	106	581	426	899	741	775
-693.21	2558	3691	5399	3536	5309	5798	15535	20445	32107	18606	10620	3794	2597	1191	1084	705	684	282	605	445	706	917	845
-692.086	2743	3539	5556	3448	5561	5588	15574	20706	32304	19256	10773	3429	2336	1136	1122	836	948	236	640	313	541	919	1082
-690.962	2695	3593	5626	3589	5629	5643	15612	21122	32688	19078	11202	3473	2695	1194	1106	567	596	303	535	384	543	904	1015
-689.838	2781	3787	5865	3512	5644	5556	15493	20979	32707	19213	11392	3633	2647	1245	1263	846	758	233	484	556	932	864	1154
-688.714	2578	3774	5795	3731	5493	5712	15721	21237	32223	19342	11045	3842	2839	1180	1123	839	954	172	410	263	643	943	946
-687.59	2764	3739	5888	3688	5922	5999	15803	21226	33161	19305	11358	3860	2690	1183	978	827	930	143	452	312	864	855	890
-686.467	2778	4202	5985	3646	5812	5719	16043	21675	33069	19659	11510	3989	2538	1459	1169	866	852	315	494	588	883	1080	763
-685.343	2821	3945	6101	3561	5894	6069	16582	21533	33450	20151	11584	3959	2806	1301	1137	616	631	115	559	520	783	954	1250
-684.221	2841	3851	5932	3843	5592	5929	16748	21718	33699	20222	11578	3559	2660	1243	971	828	848	301	594	742	1045	789	1092
-683.098	2857	4091	6034	3614	5987	6079	16930	21814	34287	20374	12000	3799	2706	1165	988	1080	887	236	516	577	796	866	973
-681.975	2961	4156	6197	4069	5791	6185	16902	22534	34573	20692	11631	4016	2848	1244	1202	876	819	141	385	288	684	893	1166
-680.853	2984	4128	6060	3871	5851	6549	17134	22347	34885	20593	11807	3865	2719	1410	1249	876	894	321	606	559	712	883	1065
-679.731	2906	4093	6239	3785	5895	6181	17099	22394	34962	20614	11828	3939	2919	1335	1143	1011	805	89	574	540	814	858	1049
-678.609	3175	4244	6285	3971	6110	6293	17630	22799	34963	20858	12279	4084	2807	1189	1081	964	957	60	384	597	744	963	1015
-677.487	3050	4142	6220	3985	6024	6256	17642	22923	35574	21258	12141	4051	2678	1313	1189	789	843	321	751	495	926	900	1262
-676.365	2967	4006	6402	3880	6232	6252	17237	23200	35845	21217	12244	4046	2938	1293	1035	883	853	394	658	440	1018	840	1187
-675.244	3250	4224	6217	3826	5963	6472	17783	23508	36097	21229	12443	4291	3020	1410	1156	1052	900	33	592	575	804	843	1159
-674.122	3150	4415	6419	3861	6017	6408	17782	23385	36297	21456	12420	4139	2707	1358	1202	864	794	264	548	366	873	746	1028
-673.001	3371	4304	6773	4050	6451	6589	17817	23717	36790	21949	12835	4042	2864	1439	1197	830	903	60	534	472	705	879	1178
-671.881	3352	4412	6572	3988	6413	6414	17775	24072	37365	21992	12541	4178	2969	1480	1209	840	805	169	692	522	910	901	846
-670.76	3519	4385	6933	4000	6462	6952	18226	24274	37630	22023	12607	4031	2962	1509	1135	987	805	163	505	459	815	918	1113
-669.639	3294	4568	6637	4060	6825	6597	18379	24643	38306	22167	13023	4048	2910	1289	1130	879	753	208	386	478	877	927	1156
-668.519	3255	4546	6744	4120	6505	6589	18310	24244	37757	22079	12730	4005	2842	1343	1093	995	754	356	649	384	788	828	1013
-667.399	3268	4440	6823	4192	6573	6715	18367	24450	38226	22514	13261	4272	3123	1352	1283	945	910	163	628	556	932	838	1078
-666.28	3286	4208	6771	4296	6591	6856	18433	24360	38216	22186	12794	4240	3110	1565	1409	794	774	208	603	317	782	900	942
-665.16	3356	4628	6961	4619	6491	6836	18524	25028	38248	22543	12768	4288	3051	1598	1255	889	785	302	622	523	748	832	1037
-664.04	3513	4353	6921	4464	6775	6843	18725	24828	38730	22878	13132	4069	2913	1482	1272	1116	969	154	414	623	1001	879	1066
-662.921	3304	4741	6906	4347	6710	7120	18940	24830	38741	22796	12954	4634	3252	1160	1230	913	826	327	536	301	950	888	1134
-661.802	3244	4206	6989	4283	6884	6911	19295	24989	39120	22903	13085	4370	2908	1411	1177	987	738	90	544	443	809	680	1186
-660.683	3231	4731	7176	4490	6943	6952	19250	25289	39037	23334	13310	4456	3146	1592	1205	961	815	222	605	560	830	886	909
-659.565	3649	4793	7199	4390	6586	6970	19434	24988	39140	23336	13436	4568	3265	1379	1217	831	825	194	526	464	864	921	1166
-658.446	3329	4823	7276	4407	7229	7123	19408	25657	39871	23456	13277	4703	3265	1743	1439	846	926	190	587	361	743	909	1155
-657.328	3551	4784	7311	4505	6964	7359	19869	25492	39911	23527	13315	4401	3142	1464	1196	921	788	174	458	555	987	903	1032
-656.21	3620	4759	7295	4655	6876	6856	19583	25624	39817	23572	13383	4407	3214	1384	1208	840	772	222	627	477	839	873	1204
-655.092	3515	4919	7306	4555	6894	7059	19794	25783	39775	23613	13577	4627	3207	1358	1149	849	858	286	629	633	1126	1146	1283
-653.974	3563	4816	7708	4500	6933	7302	19511	26109	40287	23843	13545	4575	2968	1634	1429	1145	971	74	421	614	1052	907	1154
-652.857	3602	4962	7368	4556	7026	7445	19763	25754	39717	23748	13694	4629	3201	1518	1316	928	900	286	629	445	843	928	1101
-651.74	3497	5091	7338	4672	7102	7341	19833	26188	40344	24155	13771	4519	3186	1548	1165	1040	879	356	701	333	926	857	1254
-650.623	3294	5296	7828	4601	7251	7523	19864	26177	40184	23908	13598	4578	3302	1323	1247	892	813	410	720	479	1099	1003	1273
-649.506	3484	5155	7591	4669	7205	7411	19892	26000	40409	23793	13758	4602	3260	1311	1186	1119	1153	263	640	481	915	923	1080
-648.389	3760	5026	7638	4718	7240	7477	20169	26206	41297	23821	13603	4823	3447	1585	1317	969	954	293	507	349	662	1042	1362
-647.273	3576	5152	7508	4744	7220	7509	20357	26484	41462	24013	13893	4763	3283	1501	1375	954	1028	290	694	483	983	925	1214
-646.156	3615	5103	7545	4826	7447	7394	20263	26553	41469	24284	13790	4587	3278	1585	1316	1041	796	263	542	581	962	936	1166
-645.04	3695	5114	7778	4675	7296	7541	20515	26437	41936	24355	14124	4571	3404	1461	1209	1022	1105	229	655	648	949	989	1145
-643.924	3801	5089	7750	4973	7313	7677	20454	26569	41998	24336	13760	4784	3351	1590	1466	951	1088	304	766	497	825	786	1248
-642.809	3569	4985	7642	4855	7562	7531	20305	26307	41502	24548	13959	4757	3227	1390	1271	1152	909	156	470	673	997	916	1367
-641.693	3849	5243	7794	4731	7390	7257	20408	27103	41441	24619	13778	4646	3397	1543	1315	1060	1094	296	646	490	959	1221	1168
-640.578	3887	5049	7765	4882	7323	7519	20612	27023	41673	24608	14064	4895	3523	1691	1459	1114	1047	123	546	407	750	979	1221
-639.463	3863	5133	7779	4800	7685	7651	20502	26934	41630	24589	13855	4801	3262	1434	1341	963	921	121	512	536	900	962	1144
-638.348	3790	5205	7724	4776	7384	7642	21163	27235	42388	24800	14418	4776	3544	1625	1366	1080	882	366	564	575	868	1039	1224
-637.233	3750	5321	7686	4843	7545	7793	20749	26895	41623	24557	14113	4788	3325	1436	1209	1000	1101	316	650	422	852	981	1288
-636.119	3754	5465	7998	5051	7311	7729	21055	27172	42133	24681	14025	4799	3468	1552	1329	1055	908	234	662	616	930	876	1025
-635.004	4076	5110	7899	5024	7629	7685	21057	27160	42367	24805	14167	4771	3344	1529	1304	964	1078	311	776	454	813	873	1155
-633.89	4207	5304	7874	4899	7563	7570	21030	27338	42540	24988	14618	4913	3438	1546	1321	1229	918	206	598	611	1133	950	1189
-632.776	3992	5148	8057	4941	7706	7774	21213	27646	42429	25149	14497	4869	3293	1523	1110	919	969	73	562	500	842	944	1271
-631.663	3933	5257	8148	4905	7931	7661	21352	27482	42882	24957	14680	4804	3389	1592	1355	930	971	367	781	521	1032	1002	1127
-630.549	3820	5468	8244	4909	7778	7833	21333	27478	42902	25225	14494	4737	3626	1421	1259	1077	1014	128	586	510	861	908	1135
-629.436	4080	5337	8171	5049	7840	7744	21130	27543	43464	25738	14650	4839	3433	1607	1468	1017	1035	268	561	643	948	790	1259
-628.323	3980	5444	8150	5158	7861	7833	21220	27772	42838	25376	14612	4915	3466	1726	1557	1005	984	159	645	574	927	912	1278
-627.209	3941	5378	8361	5001	7638	7834	21120	27583	42953	25559	14408	5065	3592	1748	1379	1053	956	233	558	420	895	904	1100
-626.097	3953	5601	8328	4924	7962	7878	21523	27653	42862	25280	14355	4928	3340	1523	1271	1112	955	161	659	536	945	981	1129
-624.984	3938	5359	8232	5148	8075	7786	21639	27456	43227	25542	14602	4999	3545	1535	1234	1233	1113	172	611	690	849	868	1205
-623.872	4187	5631	8307	5073	7797	7646	21247	27760	43684	25306	14376	5014	3604	1560	1304	1045	1038	280	507	527	846	969	983
-622.76	4078	5598	8567	5223	7729	8037	21797	28001	43663	25511	14704	4752	3529	1736	1474	1096	1161	213	667	484	1126	952	1270
-621.648	4131	5474	8343	5146	7875	8030	21784	28245	43475	25627	14993	5058	3626	1545	1386	1063	1027	369	563	531	1085	1010	1213
-620.536	4061	5719	8385	5179	8033	7904	19488	27523	43547	25605	14982	5099	3660	1678	1386	1257	980	329	685	516	919	918	1319
-619.424	4169	5663	8518	5144	8359	7812	20000	27771	43812	25846	14659	4872	3457	1683	1486	1083	1049	289	581	530	962	980	1276
-618.313	4149	5434	8423	5181	7818	7799	21584	28083	43771	25478	14744	4930	3306	1589	1339	1257	1102	289	577	613	983	866	1182
-617.202	4182	5750	8499	5250	8187	8172	22163	28397	44399	25673	14978	4952	3568	1695	1432	1020	1084	308	612	318	778	924	1206
-616.091	4168	5613	8515	5131	8096	7774	21678	27829	44206	25684	14889	5055	3328	1675	1293	959	784	261	576	523	891	854	1250
-614.98	4044	5977	8684	5460	8059	8077	21928	28141	44455	26016	15388	5035	3605	1658	1573	1168	968	223	650	521	1068	1115	1192
-613.87	4142	5891	8751	5462	8379	8111	22365	28546	44264	26199	14862	4821	3446	1618	1324	1017	952	396	693	449	876	1121	1220
-612.759	4354	5939	8654	5407	8282	8290	22354	29279	45085	26695	14870	5244	3765	1648	1378	1079	1090	292	562	392	807	1042	1339
-611.649	4212	6039	8848	5511	8331	8363	22506	28980	44983	26144	14895	4904	3689	1558	1356	1067	1015	299	557	591	1090	1171	1132
-610.539	4240	5830	8899	5399	8294	8313	22739	28989	45200	26444	15277	5219	3745	1692	1565	1132	1067	277	706	524	981	1031	1350
-609.429	4480	6013	8668	5560	8223	8077	22724	29132	46139	26724	15209	5313	3608	1593	1483	1076	1045	162	615	621	993	1032	1411
-608.32	4187	5962	8874	5303	8320	8532	22755	29003	45219	26495	15013	5057	3646	1627	1425	1201	1039	64	533	464	1045	1058	1199
-607.21	4438	5908	8645	5339	8483	8319	22828	29314	45667	26450	15043	5058	3681	1647	1289	1049	958	318	568	404	941	948	1246
-606.101	4133	5730	8827	5525	8558	8453	22666	29206	45628	26614	15209	5047	3615	1698	1474	1104	1108	224	653	549	1050	1089	1095
-604.992	4313	5825	8845	5435	8309	8355	23010	29189	45780	26450	15397	5119	3641	1744	1420	1130	1156	271	555	618	1004	859	1094
-603.883	4374	6194	9045	5509	8644	8587	22885	29467	46823	27079	15729	5018	3565	1482	1203	1133	1144	223	543	489	1011	1045	1213
-602.775	4332	6195	9010	5570	8756	8579	23471	30147	47298	27370	15415	5266	3699	1716	1489	1078	985	224	537	585	1137	1155	1378
-601.666	4456	6232	9175	5372	8718	8511	22883	30078	47166	27379	15814	5143	3562	1724	1388	1064	1078	318	677	607	935	857	1401
-600.558	4485	6252	9298	5580	8711	8764	23703	30340	47238	27818	15694	5327	3755	1695	1526	1299	1128	258	700	573	952	915	1130
-599.45	4645	6115	9185	5508	8673	8734	23773	30006	46512	27814	15885	5159	3704	1773	1518	1010	1016	185	645	597	1047	1021	1355
-598.342	4526	6146	9189	5612	8849	8659	23680	30389	47355	27845	15729	5394	3793	1833	1518	1118	902	221	758	608	1040	987	1308
-597.235	4720	6276	9272	5510	8879	8637	23292	29952	46751	27630	15464	5362	3761	1821	1488	969	1038	305	664	350	894	1028	1450
-596.127	4498	6253	9319	5663	8717	8549	23520	30237	46976	27272	15744	5441	3626	1522	1390	1154	1022	252	553	539	1032	983	1469
-595.02	4472	6259	9192	5873	8871	8496	23667	30707	47423	27836	15949	5173	3893	1728	1430	1112	1102	260	644	340	818	1066	1367
-593.913	4470	6495	9406	5811	9069	8731	23985	30705	47391	27790	15802	5408	3862	1707	1644	1268	1143	282	699	655	1050	996	1251
-592.806	4836	6438	9307	5869	9168	9018	23987	31180	48466	27920	16289	5286	3800	1620	1338	1243	1175	211	492	608	1078	1062	1385
-591.699	4522	6495	9482	5750	9069	8939	24595	31057	48534	27974	16050	5344	3907	1856	1620	1250	1036	249	603	506	992	1099	1356
-590.593	4837	6605	9565	5910	9267	8959	24773	31091	48631	28069	16294	5503	3723	1737	1364	1042	882	111	648	578	1012	979	1354
-589.487	4712	6672	9951	6018	8967	8836	24507	31438	48705	28569	16246	5689	3978	1766	1529	1276	1282	151	507	498	997	1040	1086
-588.381	4733	6736	9790	6019	9403	9205	24863	31589	49218	28594	16206	5408	4087	1759	1421	1277	1135	242	624	669	1057	1061	1342
-587.275	4756	6559	9976	5892	9325	9104	24704	31584	48766	28618	16288	5371	3884	1820	1489	1158	1261	393	719	663	1041	1130	1265
-586.169	5056	6576	9866	5859	9491	9104	25013	31209	48963	28853	16140	5524	3903	1913	1505	1101	971	248	670	568	1040	986	1225
-585.064	4881	6678	9845	6015	9238	9198	25030	31439	48935	28746	16252	5320	3808	1694	1426	945	910	322	667	619	1015	1110	1204
-583.958	4984	7092	9794	6301	9266	9463	24996	31724	49005	28468	16506	5508	4046	1900	1614	1187	1089	313	711	499	973	1057	1318
-582.853	5095	6740	9842	6124	9467	9319	25046	31632	49332	28791	16559	5527	3697	1708	1452	1359	1236	181	650	672	1100	951	1390
-581.748	4876	6833	10255	5970	9456	9184	24961	31477	49434	29211	16464	5492	3981	1759	1577	1113	1134	361	701	630	1008	1110	1376
-580.643	5123	6960	9988	6057	9515	9275	25157	32121	49705	29208	17026	5482	3864	1632	1427	1236	1153	277	732	481	938	1149	1397
-579.539	4869	6766	10175	6153	9731	9171	25319	32186	49967	29024	16941	5594	3962	1931	1525	1236	1108	187	649	503	1028	1083	1436
-578.434	5172	6934	10230	5952	9536	9107	25305	32647	50344	28959	16763	5582	3930	1905	1545	1334	1039	240	722	655	1211	1173	1383
-577.33	5106	7037	10055	6146	9493	9249	25323	32325	49963	29432	16572	5535	4036	2031	1732	1238	1183	177	583	497	913	1146	1310
-576.226	5179	7083	10225	6108	9864	9418	25402	32379	50114	29594	16971	5379	3958	1799	1583	1195	977	326	626	696	1127	1155	1315
-575.123	5088	6873	10285	6203	9513	9305	25547	32359	50269	29273	17037	5564	3980	1766	1474	1248	1027	217	776	498	1093	978	1338
-574.019	5132	7107	10509	6157	9806	9360	25349	32618	50614	29225	16543	5555	4022	1751	1427	1248	1186	308	628	617	1108	1134	1191
-572.916	5029	6960	10304	6150	9644	9503	25365	32330	49914	29292	16813	5688	4039	1924	1652	1098	953	92	558	656	944	1030	1314
-571.813	5142	7074	10250	6083	9784	9345	25450	32488	50408	29354	16566	5732	3996	1732	1426	1350	1190	295	577	441	978	1129	1459
-570.71	5203	7128	10199	6333	9701	9228	25322	32079	50533	29268	16630	5809	3914	1814	1537	1302	1195	156	566	686	1066	1059	1396
-569.607	5228	7072	10175	6220	9897	9440	25473	32538	50989	29341	16960	5573	3911	1876	1547	1311	874	274	749	490	1098	1101	1408
-568.505	5313	7056	10501	6357	9851	9473	25508	32377	50961	29524	16900	5800	4299	1919	1503	1318	1228	231	519	529	1043	1071	1274
-567.402	5390	7232	10471	6492	9912	9524	26094	32412	51426	29855	16845	5670	4000	1906	1520	1066	1080	280	665	631	1086	1023	1195
-566.3	5332	7105	10634	6486	9884	9418	25846	32560	50845	29393	16777	5573	3961	1779	1583	1147	1331	219	635	665	1196	1100	1282
-565.198	5385	7415	10288	6315	9778	9491	25850	32508	50925	29532	17212	5901	3839	1866	1702	1199	1053	353	567	537	1006	1023	1410
-564.096	5197	7272	10522	6433	9902	9579	25892	32971	51473	29449	17260	5790	3928	1932	1572	1362	1234	164	593	702	1131	1195	1387
-562.994	5220	7338	10805	6624	10079	9465	26018	33135	51282	29241	17049	5659	3851	1866	1549	1113	1254	189	590	616	969	1144	1349
-561.893	5309	7100	10718	6635	10088	9832	26224	32764	51224	29561	16998	5755	4184	1932	1609	1277	1052	366	930	691	1092	1135	1344
-560.792	5124	7202	10494	6483	9827	9605	25815	32741	50325	29620	17144	5807	4155	1940	1637	1158	1089	228	679	627	1219	1058	1470
-559.691	5368	7322	10848	6270	10124	9793	26249	33082	51197	30388	17174	5906	4059	1897	1569	1162	1043	241	525	585	1133	1118	1353
-558.59	5290	6952	10667	6468	9986	9501	26127	32928	50730	29614	17160	5680	4045	1802	1511	1265	1332	348	819	608	1074	1121	1240
-557.489	5425	7179	10431	6418	10007	9654	26282	33090	51180	29684	17183	5890	4280	1934	1467	1374	1182	281	600	457	1108	1167	1379
-556.389	5309	7269	10594	6359	10076	9690	25718	33172	50681	30000	17192	5550	4016	1835	1606	1348	1135	266	625	661	1121	1015	1361
-555.289	5476	7399	10425	6517	10075	9791	26169	32976	51350	30129	16937	5786	4331	1889	1527	1192	1100	241	693	553	1041	927	1355
-554.189	5383	7382	10851	6486	9777	9696	26033	33013	51385	30504	17205	5518	4002	1794	1473	1220	1181	246	565	566	1109	1275	1418
-553.089	5329	7451	10825	6502	10120	10047	26034	32985	51465	30040	16972	5803	4002	1662	1516	1247	1289	474	925	423	1013	1105	1489
-551.989	5613	7354	10907	6570	10096	10000	25996	33365	51520	30337	17054	5597	4060	1832	1495	1184	1240	320	735	671	1212	1191	1320
-550.89	5373	7427	10676	6720	10265	9981	26251	33258	51570	30358	17250	5863	4067	1879	1538	1288	1110	171	484	587	1116	1160	1400
-549.79	5521	7421	10879	6846	10443	9946	26785	33483	52384	30341	17162	5834	4190	1883	1670	1190	1134	261	761	610	1197	1069	1292
-548.691	5658	7640	10889	6600	10278	9816	26503	33523	52147	30044	17110	5624	4088	1906	1615	1125	1137	375	660	527	1091	985	1459
-547.593	5497	7733	10940	6680	10474	9970	27093	33646	52170	30275	17610	5848	4275	1850	1669	1209	1334	204	611	516	1067	1016	1384
-546.494	5671	7764	11165	6611	10366	9900	27032	33776	52989	30737	17403	5796	4284	1841	1605	1227	1236	306	642	566	1064	1123	1431
-545.395	5456	7648	11004	6742	10236	9952	26489	33609	52578	30257	17431	5986	4162	1949	1587	1295	1288	185	739	638	1140	992	1469
-544.297	5693	7757	11061	6857	10409	9959	27002	33576	52733	30618	17597	5837	4059	1862	1689	1258	1069	296	676	553	1196	1059	1341
-543.199	5598	7760	11269	6554	10552	9824	26777	33679	52775	30751	17795	5683	4218	2010	1717	1336	1251	319	746	648	1032	1014	1415
-542.101	5533	7739	11096	6922	10459	10038	27217	33780	52860	31082	17709	5889	4153	1853	1648	1406	1294	312	686	665	1096	1112	1348
-541.003	5808	7701	11346	6880	10510	10070	27458	34177	53317	31177	17950	5799	4141	1983	1627	1207	1351	362	851	719	1082	1159	1335
-539.905	5716	7830	11352	6597	10445	9984	27466	34548	53358	30965	17591	6120	4224	1865	1804	1183	1208	282	657	563	1226	1117	1459
-538.808	5693	7971	11205	7076	10576	10220	27592	34912	53453	31378	17692	6065	4165	2008	1659	1308	1242	170	649	595	1084	1183	1416
-537.711	5763	7890	11441	7016	10855	10209	27722	34428	53601	30983	17653	5997	4331	2018	1757	1364	1361	252	710	788	1311	1044	1536
-536.614	5768	7819	11734	7051	10769	10045	27730	34569	53666	31488	17789	6218	4263	1855	1660	1276	1127	341	756	728	1225	1103	1613
-535.517	5765	7948	11690	6942	10865	10458	27956	34848	54027	31368	18213	5864	4102	1918	1783	1273	1224	200	773	688	1194	1212	1585
-534.421	5770	7993	11674	7243	11066	10451	27868	35171	54169	31461	18356	6273	4469	1909	1759	1325	1215	286	841	618	1186	1163	1463
-533.324	5973	8284	11765	6944	11095	10380	28377	35148	54823	31867	18223	6145	4235	2034	1731	1262	1253	165	745	577	1183	1041	1562
-532.228	5885	8297	11905	7143	11004	10814	28340	35537	55138	31856	18444	6272	4448	2216	1862	1519	1404	304	852	610	1182	1159	1392
-531.132	5966	8504	11961	7403	11267	10572	28490	35794	55386	32331	18483	6037	4380	2036	1633	1406	1296	247	645	646	1223	1296	1498
-530.036	6065	8435	11968	7509	11365	10315	28408	35642	56185	32102	18514	6190	4472	1998	1707	1329	1245	256	690	681	1140	1132	1429
-528.941	6125	8500	12031	7322	11212	10448	28420	35844	55716	32439	18114	6267	4458	2057	1715	1195	1231	99	719	708	1311	1162	1590
-527.845	5932	8161	11884	7384	11267	10472	28574	35446	55658	31890	18569	6032	4436	2035	1777	1246	1152	261	781	555	1103	1271	1473
-526.75	6154	8428	12045	7219	11271	10530	28340	35534	55897	31925	18798	5955	4270	2105	1732	1291	1250	265	604	640	1223	1224	1426
-525.655	6050	8444	11906	7258	11144	10444	28761	36136	56086	32271	18598	6238	4537	1945	1754	1336	1275	229	643	701	1358	1219	1516
-524.56	6145	8393	12087	7292	11332	10761	28440	36155	56234	32071	18086	6152	4423	1932	1543	1368	1333	397	813	806	1333	1116	1499
-523.466	5989	8498	12167	7675	11565	10652	28829	36085	56549	32256	18553	6197	4412	2052	1747	1370	1394	319	701	622	1250	1364	1583
-522.371	6199	8653	12313	7428	11506	11051	29307	36283	57032	33002	18903	6383	4684	1988	1911	1469	1370	246	648	618	1207	1378	1588
-521.277	6307	8920	12505	7568	11658	10958	29337	36621	56633	32754	18862	6360	4494	1989	1725	1337	1252	270	690	745	1164	1119	1527
-520.183	6356	8843	12475	7325	11880	10947	29917	37097	57861	33476	19087	6268	4586	1915	1692	1331	1390	186	682	770	1448	1304	1443
-519.089	6419	8534	12542	7590	11658	11059	29893	37143	57763	33304	19102	6196	4396	2105	1740	1505	1343	242	667	702	1350	1202	1522
-517.995	6328	8513	12253	7504	11602	10888	29651	36584	57595	33173	18937	6425	4560	1954	1705	1436	1483	201	683	683	1293	1138	1385
-516.902	6308	8608	12326	7419	11887	10808	29453	36642	57119	33095	18706	6203	4540	2107	1771	1455	1183	302	838	719	1200	1197	1493
-515.808	6306	8619	12493	7520	11757	10908	29098	36625	57218	32644	18750	6249	4479	2193	1774	1503	1343	295	748	733	1135	1216	1453
-514.715	6228	8592	11596	7517	11613	10919	29194	36659	57085	32717	18839	5975	4322	1964	1730	1444	1316	219	649	589	1247	1170	1434
-513.622	6339	8992	9528	7549	11806	11173	29443	36547	57027	32751	18755	6291	4427	2036	1653	1330	1398	162	685	574	1282	1159	1360
-512.53	6248	8829	9228	7732	11871	10808	29444	36351	56879	32922	18793	6447	4547	2004	1693	1259	1302	90	455	641	1253	1116	1489
-511.437	6179	8945	10543	7614	11945	11030	29376	36711	57575	32364	18755	6158	4391	2179	1887	1444	1395	326	789	769	1308	1166	1503
-510.345	6367	8907	10539	7549	11595	10964	29536	36911	57421	32779	18711	6425	4481	1972	1653	1345	1366	219	720	558	1098	1142	1467
-509.252	6384	8954	10667	7455	11922	11101	29624	37006	56851	32767	18959	6373	4408	1911	1667	1340	1331	332	792	642	1020	1232	1461
-508.161	6408	8881	10943	7627	11840	11326	29921	37240	57199	33117	19308	6368	4572	1986	1851	1504	1363	254	680	750	1244	1330	1584
-507.069	6538	8684	9833	7674	11920	11086	29555	36956	56667	32848	18714	6331	4601	2041	1869	1313	1247	262	682	786	1265	1160	1418
-505.977	6431	8709	10317	7594	12102	10999	29338	37175	56475	32795	18778	6413	4568	1879	1718	1290	1302	290	768	663	1268	1100	1467
-504.886	6283	8599	10171	7581	11770	11086	29410	36535	56937	32885	18488	6403	4528	2069	1820	1277	1212	65	668	774	1228	1174	1419
-503.795	6243	8742	12288	7533	12034	11137	29670	36499	56430	32529	18862	6220	4505	2165	1711	1346	1382	279	730	708	1228	1202	1512
-502.704	6452	8874	12511	7370	11940	10932	29352	36679	56381	32491	18822	6402	4534	1918	1679	1408	1226	182	694	642	1391	1167	1494
-501.613	6356	8570	12739	7637	11683	10797	29145	36287	56499	32575	18736	6159	4476	1958	1757	1384	1341	257	833	787	1335	1132	1505
-500.522	6392	8733	12557	7704	11768	10836	29535	36703	56012	32592	18623	6214	4313	1929	1701	1333	1276	318	804	696	1213	1158	1596
-499.432	6300	9073	12259	7577	11926	11339	29588	36567	55985	35473	18704	6243	4481	2189	1777	1324	1394	235	643	668	1139	1199	1555
-498.342	6385	8823	12310	7565	11817	10815	29381	36086	56434	34155	18766	6035	4515	2141	1897	1392	1339	225	803	732	1284	1166	1429
-497.252	6565	9077	12510	7616	11709	11040	29639	36589	55876	32978	18738	6287	4499	1948	1590	1240	1190	350	650	674	1290	1285	1556
-496.162	6515	8978	12627	7504	11905	10952	29468	36466	56560	32479	18878	6227	4504	2026	1793	1458	1274	317	693	623	1154	1158	1506
-495.072	6663	9072	12464	7713	11576	10946	29231	36204	56471	32611	18641	6204	4398	2075	1690	1413	1344	215	762	600	1042	1300	1518
-493.982	6494	9124	12506	7733	11956	11190	29617	37074	56901	32680	18528	6265	4498	2083	1713	1494	1380	171	614	678	1087	1123	1542
-492.893	6569	8783	12583	7664	11812	11351	29625	36405	56598	32718	18773	6175	4512	2023	1767	1441	1373	170	713	782	1272	1131	1465
-491.804	6781	8893	12841	7817	12166	11276	29722	36410	57325	32894	18460	6440	4486	2085	1848	1374	1373	267	806	791	1161	1073	1621
-490.716	6537	9030	12824	7780	11802	10988	29537	36344	56117	32937	18681	6421	4493	2089	1766	1486	1325	249	737	641	1209	1149	1558
-489.627	6687	9021	12960	7921	11964	11060	29707	36464	57000	32665	18958	6141	4474	2312	1992	1391	1397	429	816	688	1185	1182	1457
-488.538	6796	9166	12887	7793	12286	11095	29997	36873	57374	33359	19090	6394	4546	2202	1685	1391	1398	279	751	628	1158	1156	1400
-487.45	6598	9207	12789	7866	12145	11151	29578	37229	57039	33148	18771	6288	4470	2070	1801	1290	1334	191	693	774	1361	1168	1525
-486.362	6725	9385	13035	7698	12231	11186	29742	36683	57848	33284	18819	6522	4584	2022	1687	1469	1426	411	651	757	1289	1112	1531
-485.274	6874	9306	13051	8008	12399	11236	29984	36946	57572	33462	18837	6317	4646	2006	1741	1456	1534	225	627	727	1248	1232	1553
-484.186	6791	9397	12944	8072	12321	11158	29442	37145	57638	33767	18964	6563	4463	2210	1875	1515	1426	347	762	709	1261	1138	1519
-483.098	6672	9574	13276	8024	12200	11281	30075	37504	58132	33667	19313	6552	4592	2107	1721	1503	1534	316	861	741	1266	1294	1540
-482.011	6785	9420	13183	8222	12487	11233	30286	37813	58579	34003	19166	6505	4685	2070	1751	1575	1476	253	705	751	1187	1250	1572
-480.924	6856	9429	13398	8126	12756	11688	31072	37902	58925	34214	19496	6563	4805	2143	1936	1418	1423	412	947	852	1315	1176	1493
-479.837	6880	10024	13445	8437	12865	11434	30794	38751	59350	34055	19583	6688	4752	2089	1867	1531	1476	266	707	795	1326	1183	1655
-478.75	7229	9783	13466	8058	12543	11727	31094	38503	59789	34486	19610	6601	4730	2022	1748	1583	1423	313	780	881	1349	1238	1617
-477.663	7208	9780	13445	8394	12870	11526	31211	38815	59665	34756	19908	6622	4677	2147	1791	1458	1398	220	778	766	1275	1108	1616
-476.577	7103	9869	13589	8430	12830	11834	31575	38978	60302	34993	19650	6696	4823	2169	2018	1443	1458	261	757	681	1239	1204	1440
-475.491	7295	9756	14021	8309	12865	11920	31464	38713	60591	34661	19850	6607	4714	2043	1766	1647	1498	290	792	731	1210	1402	1568
-474.405	7466	9902	13921	8322	13302	12035	31944	39257	61669	35200	20083	6925	4722	2189	1932	1703	1434	336	673	818	1193	1292	1550
-473.319	7344	9908	13911	8680	13248	12039	32084	39528	61553	35122	20373	6750	4651	2264	1886	1579	1439	350	685	704	1156	1172	1472
-472.233	6936	9728	13821	8759	13250	12040	32358	39850	62235	35462	20284	6855	5056	2176	1915	1315	1450	278	728	882	1251	1324	1548
-471.148	7509	10241	14216	8594	13234	12126	32208	39298	61812	35192	20395	6822	4832	2227	1906	1476	1418	349	750	704	1189	1200	1635
-470.062	7340	10230	14533	8727	13588	12255	32908	39822	62109	35597	20589	6862	4867	2359	1946	1707	1577	338	879	718	1153	1110	1740
-468.977	7480	10342	14373	8772	13471	12191	32435	39689	62291	35423	20364	6852	4931	2323	2046	1396	1304	327	675	711	1411	1403	1724
-467.893	7404	10349	14638	8838	13660	12510	32984	40097	62954	36541	20743	6911	5036	2239	1942	1562	1447	330	765	918	1399	1172	1680
-466.808	7745	10155	14105	8816	13653	12601	32922	40078	62528	36223	20480	6907	5021	2231	1929	1558	1470	398	968	840	1382	1321	1649
-465.723	7489	10198	14766	8823	13753	12580	33363	40543	62941	36789	20837	6916	4842	2214	2052	1623	1328	277	702	783	1381	1226	1727
-464.639	7577	10278	14451	8886	13742	12399	33062	40417	62821	36206	20820	7192	5061	2155	1842	1639	1599	322	772	795	1293	1347	1579
-463.555	7578	10774	14599	9090	13643	12543	33335	40503	63731	36349	20847	7048	4956	2245	2083	1741	1498	332	805	726	1385	1203	1708
-462.471	7792	10408	14546	8915	13911	12273	32970	40492	62834	36310	20991	6931	4859	2207	2061	1570	1384	313	658	783	1377	1235	1614
-461.387	7661	10431	14506	8738	13809	12414	33189	40667	63082	36060	20794	6995	4802	2274	1887	1581	1377	385	760	740	1331	1251	1609
-460.304	7635	10766	14368	8827	13878	12609	32906	40601	62558	36014	20699	6967	4836	2443	2064	1550	1544	313	861	682	1387	1361	1625
-459.22	7510	10423	14262	9034	13781	12396	33068	40391	62510	36056	20606	6983	5033	2223	2006	1433	1276	346	819	747	1347	1185	1552
-458.137	7499	10403	14425	8729	13602	12327	32335	39356	61868	35550	20185	6736	4954	2248	1806	1694	1435	323	777	902	1194	1214	1495
-457.054	7469	10355	14432	9017	13938	12415	32553	39562	62075	35504	20694	6929	4944	2247	1983	1706	1543	244	852	590	1069	1232	1714
-455.971	7510	10215	14116	8594	13171	12021	31903	38913	60893	34975	19830	6623	5024	2137	1790	1530	1340	388	758	781	1186	1262	1447
-454.889	7307	10432	14212	8793	13323	11972	32165	39537	61063	35735	20162	6788	4814	2183	1922	1739	1611	346	748	837	1299	1206	1507
-453.806	7091	10343	14378	8501	13509	12055	31766	38732	60741	35047	19988	6732	4827	2270	1855	1644	1546	274	607	769	1230	1217	1502
-452.724	7190	10260	14047	8485	13418	11952	32138	38818	60043	35343	19671	6720	4763	2294	2123	1630	1625	301	763	680	1178	1304	1530
-451.642	7309	10087	13996	8698	13238	11914	31440	38789	59950	34918	19856	6761	4946	2297	1945	1543	1433	258	675	815	1291	1330	1585
-450.56	7235	10082	14144	8496	13364	11759	31326	38421	59321	34553	19689	6767	4762	2115	1794	1556	1618	277	757	799	1130	1121	1601
-449.479	7284	9994	13921	8590	13130	11468	31117	37741	58985	34036	19439	6443	4776	2165	1887	1544	1382	202	736	798	1218	1277	1482
-448.397	7283	10042	13900	8408	12972	11574	30627	37569	58101	33709	19301	6405	4557	2193	1954	1547	1208	278	604	701	1223	1148	1495
-447.316	7285	9558	13800	8357	12905	11529	30532	37462	57921	33368	19052	6565	4877	2225	1920	1496	1472	223	604	622	1183	1138	1478
-446.235	7158	9460	13702	8328	12750	11419	29886	36590	57028	32711	18612	6358	4470	2131	1904	1469	1444	344	804	698	1123	1241	1412
-445.154	6999	9508	13289	8048	12385	11298	30171	36359	56407	32588	18370	6354	4589	2000	1707	1407	1200	121	575	647	1253	1019	1480
-444.073	7020	9397	13301	8091	12365	10977	29328	36154	56136	32180	18449	6177	4335	2080	1791	1473	1392	461	743	821	1251	1171	1455
-442.992	7108	9521	13144	8059	12274	10964	29093	35335	55933	31768	18309	6224	4428	2088	1547	1284	1297	279	785	762	1152	1229	1480
-441.912	6847	9451	13131	8118	12580	11070	29486	35712	55944	32055	18438	6232	4453	2159	1887	1506	1403	236	693	786	1142	1192	1493
-440.832	6720	9289	13256	7978	12629	11140	29448	35400	55659	31847	18455	6159	4212	1906	1824	1389	1533	324	641	643	1063	946	1410
-439.752	6792	9611	13008	7990	12336	10916	29576	35561	55315	31698	18085	6340	4580	1943	1667	1438	1449	161	587	776	1079	1139	1440
-438.672	7001	9482	13198	8074	12481	11092	28798	35716	55402	31841	18582	6258	4440	2014	1616	1581	1425	423	789	708	1136	1081	1391
-437.593	7111	9430	13174	8081	12477	11146	29021	35656	55913	31808	18102	6255	4517	1888	1686	1579	1355	246	593	857	1195	1245	1397
-436.513	6786	9638	12953	8189	12222	10841	29158	35225	55205	31754	18249	6063	4300	2067	1721	1432	1317	288	620	687	1227	1052	1596
-435.434	7056	9561	13014	8164	12307	11366	29275	35397	55012	31789	18260	6066	4414	2048	1830	1450	1231	247	676	682	1121	1062	1296
-434.355	6997	9454	13234	7994	12405	11135	29259	35170	54924	31480	18127	6176	4412	2014	1743	1465	1383	167	649	740	1116	1209	1365
-433.276	6886	9742	12909	7800	12163	11221	29253	35214	54986	31365	17830	6165	4461	2017	1715	1403	1373	221	718	734	1215	1101	1366
-432.197	7151	9624	13275	7986	12463	11446	29545	35673	55462	31785	18440	6018	4384	2054	1764	1594	1447	282	630	758	1215	1148	1405
-431.119	6886	9828	13605	8266	12380	11517	29675	35316	55394	31644	18221	6140	4416	2079	1820	1508	1318	270	659	750	1129	1097	1596
-430.041	7254	9715	13883	8413	12795	11574	29848	36609	56655	32407	18763	6266	4722	2238	1869	1540	1582	243	610	744	1280	1081	1357
-428.963	7337	9691	13418	8312	12646	11630	30648	36686	56992	32704	18916	6420	4668	2238	1921	1499	1397	305	682	756	1164	1115	1452
-427.885	7582	10304	13991	8462	13427	11679	30656	37288	57885	33065	19131	6379	4847	2107	1879	1588	1416	312	728	698	1332	1379	1610
-426.807	7432	10188	14226	8734	13112	11771	31173	38094	58741	33627	19485	6397	4858	2231	1967	1624	1479	455	849	832	1222	1244	1519
-425.73	7440	10582	14491	8852	13296	11984	31433	38097	59005	33774	19498	6703	4884	2137	2071	1736	1534	386	833	832	1265	1228	1449
-424.653	7754	10479	14842	9106	13501	12091	32123	38732	60686	34636	19915	6800	5016	2284	1919	1702	1588	305	734	831	1404	1252	1616
-423.575	7782	10687	14639	9156	13846	12350	32287	38744	60266	35143	19879	6891	4781	2198	1816	1728	1543	224	675	767	1374	1128	1357
-422.498	7977	10885	15101	9038	14237	12453	32418	39505	61435	35573	20221	7049	5025	2230	1945	1707	1493	357	880	753	1368	1140	1539
-421.422	8050	11025	14945	9170	14131	12692	33069	40111	62325	35926	20795	7059	5056	2348	1996	1669	1555	344	780	874	1489	1147	1435
-420.345	8214	11271	15528	9434	14392	13051	33973	41059	64071	36664	21208	7238	5181	2214	2011	1697	1742	212	914	925	1451	1252	1679
-419.269	8513	11289	15789	9444	14115	13159	34234	41863	65058	37299	21213	7165	5274	2400	2171	1839	1707	369	859	824	1460	1351	1835
-418.192	8337	11668	15815	9703	14617	13248	34613	41563	65117	37196	21370	7352	5132	2325	1981	1698	1801	222	833	939	1557	1580	1717
-417.117	8474	11731	15997	9855	15045	13164	34875	41688	65694	37866	21249	7134	5384	2334	2048	1801	1704	328	849	1005	1577	1494	1824
-416.041	8350	11799	15949	9677	14922	13348	35020	41942	65757	37321	21603	7425	5398	2546	2169	1786	1797	316	927	831	1495	1373	1914
-414.965	8425	11637	15938	9754	14948	13325	34878	42364	65806	37564	21667	7147	5113	2494	2023	1772	1880	329	938	982	1633	1275	1887
-413.89	8654	11968	15896	10151	14967	13167	34811	42212	65240	37568	21782	7230	5240	2509	2124	2031	1920	391	957	1057	1679	1480	2083
-412.814	8467	11596	16064	9833	14946	13290	34751	41892	65192	37543	21492	7331	5337	2660	2143	1831	1832	326	1023	997	1610	1456	1966
-411.74	8551	11529	15795	9620	14840	13233	34069	41574	64363	36559	21567	7301	5235	2384	2244	1897	1936	413	1120	983	1788	1510	1965
-410.664	8555	11742	15731	9824	15176	13079	33925	41079	64518	37181	21533	7087	5203	2485	2159	1962	2040	241	911	1073	1856	1603	2058
-409.59	8182	11326	15524	9456	14697	12902	33623	40839	62942	36212	21177	7132	5199	2391	2211	1851	2091	374	1039	1189	1809	1733	2034
-408.515	7914	11174	15026	9319	14310	12680	32571	39540	61134	35375	20524	7013	5074	2411	2046	1868	1999	370	1089	1160	1766	1661	2020
-407.441	7863	10863	14628	9136	14163	12518	32449	38700	60087	34424	19921	6817	4957	2305	2100	1871	1878	297	1085	1203	1797	1697	1869
-406.367	7800	10427	14284	8832	13372	11963	31080	37554	57376	32835	19461	6611	4589	2256	2050	1835	2008	257	1070	1149	1847	1712	2107
-405.293	7250	10173	13994	8487	12892	11592	29922	35818	55782	31797	18400	6299	4454	2184	1919	1825	1909	241	931	961	1765	1702	1783
-404.219	7126	9621	13543	8214	12395	11141	28899	34226	53530	30473	17721	6110	4322	1968	1717	1585	1655	337	978	1000	1723	1491	1796
-403.146	6648	9342	12763	7843	11965	10482	27646	32686	51064	29436	17026	5927	4149	2035	1799	1628	1578	325	968	1019	1706	1474	1766
-402.072	6731	8930	12788	7541	11430	10118	26404	31687	48963	28016	16306	5592	4052	1765	1686	1408	1446	211	870	883	1432	1373	1709
-400.999	6383	8521	12300	7061	11111	9572	25077	30301	47287	27016	15482	5095	3777	1693	1664	1498	1319	268	702	631	1231	1097	1528
-399.926	6025	8343	12100	6941	10663	9404	24323	29086	45356	25924	15209	5180	3731	1701	1555	1252	1247	194	563	730	1109	1247	1505
-398.853	5702	7895	11858	6456	10279	8917	22933	27580	43022	24521	14643	4984	3502	1700	1491	1245	1074	151	487	768	1182	967	1429
-397.781	5572	7598	11432	6348	9610	8560	22011	26366	41375	23534	13807	4690	3466	1667	1513	1202	1173	346	553	588	940	1000	1193
-396.708	5396	7170	12180	6038	9430	8344	21353	25668	39276	22838	13217	4500	3328	1646	1291	1167	1093	211	558	724	1081	1050	1186
-395.636	5301	7040	11077	5974	9057	7914	20546	24213	37853	21846	12518	4241	3183	1435	1132	1094	1136	159	537	583	969	817	1133
-394.564	5119	6765	11213	5683	8671	7687	19861	23365	36865	21314	12428	4161	3193	1575	1344	1118	996	231	632	608	934	890	1020
-393.492	4848	6359	9141	5477	8357	7676	19398	22498	35684	20374	11885	4053	2885	1446	1178	964	931	184	429	601	929	1000	981
-392.42	4793	6424	8852	5415	8310	7367	18487	22136	34343	19889	11609	3886	2928	1439	1263	942	902	183	462	526	786	1050	891
-391.349	4521	6184	8597	5116	8172	7262	18225	21770	33879	19608	11339	3990	2885	1241	1039	968	911	198	478	476	782	817	952
-390.277	4642	6407	8413	5173	8030	7039	18205	21621	33683	19569	11070	3984	2972	1383	1251	1006	865	246	478	348	803	712	869
-389.207	4629	6162	8538	5110	7863	6992	17940	21471	33911	19430	11126	3664	2781	1356	1114	834	839	304	479	646	870	658	871
-388.135	4607	6193	8427	5333	8027	6982	18150	21494	33727	19657	11368	3764	2851	1282	1100	1019	1003	263	410	500	764	812	806
-387.065	2832	6487	8562	5300	8440	7024	18110	22040	34514	19670	11420	4021	3047	1464	1197	1023	952	165	419	558	764	665	938
-385.994	2805	6553	9025	5547	8471	7321	18878	22538	34935	20461	11755	3946	2795	1324	1274	941	1033	229	460	625	936	699	842
-384.924	4326	6687	9152	5871	8470	7654	19295	23486	35929	21017	12200	4131	3154	1374	1155	1078	986	182	409	398	683	703	893
-383.854	5049	7013	9182	5902	9040	7740	19810	24533	37469	21758	12640	4237	3229	1495	1318	1112	1143	237	490	624	752	697	1009
-382.784	5124	6972	9888	6038	9285	8218	21191	25294	39474	22359	12983	4421	3263	1598	1361	1171	1050	269	551	540	925	918	904
-381.714	5732	7550	10181	6613	9925	8510	21713	26261	41245	23550	13542	4731	3382	1510	1344	1108	1024	159	503	566	926	913	1033
-380.644	5985	7925	10521	6399	10054	8789	26390	27343	42629	24389	14182	4943	3608	1734	1437	1210	1209	217	598	699	1033	958	1087
-379.575	6247	8386	11248	6904	10484	9354	24184	28100	44660	25373	14620	5281	3779	1772	1526	1327	1221	249	561	685	978	871	1231
-378.506	6326	8465	11647	7161	10989	9927	25037	29738	46831	27211	15423	5246	3877	1707	1664	1328	1353	212	476	660	1012	882	1266
-377.437	6620	9115	12309	7359	11572	10227	26210	31459	48687	27711	16040	5504	4026	1745	1636	1328	1187	256	560	702	1076	1090	1106
-376.367	6926	9338	12701	7915	12382	10689	27506	32391	51156	28827	17087	5992	4181	2092	1714	1424	1392	217	670	757	1058	1170	1348
-375.299	7304	9974	13369	8121	12842	11082	28673	34135	52746	30579	17776	6159	4451	2073	1780	1518	1301	172	605	729	1032	1043	1355
-374.23	7279	10207	13476	8479	13155	11222	29559	34920	54431	31656	18179	6204	4649	2033	1861	1617	1488	266	662	868	1288	997	1364
-373.162	7489	10459	13665	8478	13105	11502	29933	35763	55093	31847	18292	6239	4505	2151	1872	1542	1400	326	816	805	1221	1355	1483
-372.094	7367	10347	14027	8494	13413	11541	29411	35245	54377	31670	17925	6510	4704	2071	1834	1533	1469	306	680	856	1067	1057	1299
-371.026	7119	9792	13161	8004	12603	10817	27510	33456	51775	29581	16998	5893	4287	1935	1701	1463	1250	233	694	710	984	962	1266
-369.958	6601	8917	11928	7488	11343	9713	25327	30344	47204	27003	15562	5422	3886	1812	1511	1342	1221	171	586	878	1126	1113	1125
-368.891	5573	7802	10510	6312	9958	8751	21770	26113	39836	23076	13405	4470	3315	1458	1325	1196	1199	212	447	501	833	723	1045
-367.823	4559	6318	8746	5373	8180	7043	18199	21896	33014	19272	11139	3820	2809	1413	1257	960	913	151	399	641	802	812	797
-366.756	3841	5215	6853	4227	6392	5678	14209	17051	26269	15015	8682	2905	2200	1085	863	862	712	-28	281	554	656	608	647
-365.689	2771	3961	5227	3170	4914	4246	10758	12677	19681	11252	6512	2342	1754	1015	896	662	652	103	284	315	473	523	495
-364.622	2224	2971	4270	2477	3813	3157	7973	9597	14801	8524	5094	1707	1300	648	530	324	427	77	258	499	599	233	519
-363.556	1695	2078	3005	1825	2800	2426	5982	7156	10859	6362	3774	1331	1063	396	350	400	507	99	292	416	508	400	295
-362.489	1377	1663	2170	1530	2112	1797	4398	5452	8161	4791	2783	1014	831	399	488	404	420	250	351	217	360	160	314
-361.423	1025	1352	1763	993	1666	1431	3500	3986	6091	3740	2252	820	632	376	381	287	325	243	177	220	300	88	311
-360.357	820	1194	1381	853	1375	1136	2610	3293	4999	2871	1728	823	602	211	132	308	300	190	185	307	266	253	218
-359.291	756	901	1173	753	1150	900	2048	2490	3780	2357	1345	612	506	307	221	271	248	39	99	271	322	79	225
-358.225	711	647	930	778	962	832	1748	2023	3119	2056	1254	461	389	258	185	164	148	186	234	333	342	177	175
-357.16	579	519	765	517	626	590	1410	1680	2512	1602	1011	450	458	266	183	247	192	20	-33	209	157	127	138
-356.094	617	535	664	462	676	741	1244	1567	2187	1214	842	437	450	193	297	180	224	135	205	226	253	198	163
-355.029	450	601	650	502	636	528	1088	1322	1861	1240	792	253	256	200	147	206	306	220	196	221	216	77	272
-353.964	393	529	518	403	574	509	891	1104	1656	883	654	368	311	142	273	282	295	146	202	165	130	130	305
-352.9	427	438	468	420	426	406	839	949	1368	983	689	168	192	94	163	127	102	79	163	242	290	41	174
-351.835	333	341	480	350	499	516	699	759	1106	896	628	319	267	112	242	141	236	103	90	276	154	206	146
-350.77	392	395	398	320	461	369	678	972	1274	817	469	225	141	231	178	232	197	16	41	209	169	97	254
-349.706	326	436	465	176	403	355	580	810	1034	556	494	189	116	263	333	111	74	72	57	368	266	210	286
-348.642	206	400	365	245	331	477	649	534	849	755	530	203	187	84	98	200	243	265	238	262	211	171	220
-347.578	-951	401	347	137	578	138	457	661	934	639	398	234	104	249	230	196	187	101	58	374	418	148	136
-346.514	-3423	402	277	263	322	219	391	489	711	678	504	234	222	119	9	344	266	213	186	154	179	-49	204
-345.451	290	352	385	273	320	357	489	565	744	612	315	312	302	140	162	277	126	53	156	357	365	165	205
-344.388	211	435	325	224	290	192	388	551	799	474	386	197	171	162	178	113	113	117	212	145	150	154	145
-343.325	468	281	293	270	199	296	374	617	716	549	367	200	313	171	210	241	165	18	-37	239	389	252	212
-342.262	245	314	292	217	372	312	425	495	636	512	345	59	182	111	140	-24	103	135	130	331	275	167	113
-341.199	443	243	442	217	353	253	403	503	733	492	396	181	262	-7	109	137	116	180	108	214	194	187	213
-340.137	342	350	331	235	246	335	460	506	626	511	388	139	125	158	185	306	233	165	105	181	224	76	177
-339.074	318	321	287	329	231	218	365	424	570	504	419	232	122	162	150	210	285	79	88	92	80	83	186
-338.012	364	205	272	156	328	234	146	340	600	460	400	327	324	208	103	152	188	82	224	218	309	124	145
-336.95	317	425	271	135	204	250	358	355	440	431	389	171	207	87	140	190	205	122	134	267	192	-75	261
-335.888	264	316	251	141	172	378	457	377	561	373	181	225	197	213	255	93	111	139	202	317	158	164	196
-334.827	361	253	160	246	350	242	266	451	548	272	165	63	93	163	216	340	235	174	216	181	303	196	140
-333.765	326	396	272	194	252	288	191	368	525	374	245	196	228	87	191	138	262	164	33	321	232	231	166
-332.704	273	172	197	79	275	265	333	368	618	463	317	194	360	259	229	113	247	282	249	288	235	139	216
-331.643	310	236	303	214	156	191	303	448	561	411	409	163	165	147	258	173	164	192	218	227	302	64	-24
-330.582	354	308	369	314	265	259	340	416	689	444	329	181	139	150	99	115	117	89	-1	306	252	231	187
-329.521	228	453	206	191	227	254	359	398	435	518	305	285	199	90	183	209	124	45	140	212	154	152	228
-328.461	374	180	223	125	146	358	409	397	503	359	255	180	151	133	34	152	205	75	143	232	248	219	216
-327.4	295	229	337	181	282	225	413	328	445	330	302	207	182	42	93	55	106	177	226	299	301	121	47
-326.34	384	319	278	123	208	336	291	468	458	406	404	311	303	181	203	163	284	-22	106	142	56	95	158
-325.28	286	209	219	90	163	206	295	331	491	318	218	239	228	108	154	220	186	58	178	325	368	178	177
-324.22	191	319	149	200	269	314	519	353	367	254	202	101	121	174	184	85	107	170	314	280	233	109	18
-323.161	300	358	351	210	307	215	350	342	477	456	422	77	228	168	289	227	276	77	14	223	139	57	155
-322.101	204	333	161	42	174	140	253	334	427	217	365	217	211	104	204	107	110	45	69	294	181	170	177
-321.042	271	384	258	159	188	303	328	408	486	464	352	148	146	100	83	68	46	175	29	207	154	76	109
-319.983	342	115	274	197	290	229	266	329	421	456	361	234	131	274	264	174	241	143	239	170	164	47	132
-318.924	244	224	228	173	168	232	317	416	421	310	256	251	287	160	194	289	342	14	105	234	208	96	111
-317.865	189	235	216	308	301	216	185	388	453	305	208	153	256	178	158	117	195	139	207	388	172	30	47
-316.807	204	329	203	215	208	236	250	388	434	435	417	291	191	-55	81	165	192	116	209	223	65	286	122
-315.749	330	379	345	143	138	60	219	253	295	459	352	49	94	128	139	181	146	116	170	294	141	132	305
-314.691	279	162	252	139	166	243	258	308	258	254	309	219	98	232	222	171	247	52	159	207	208	61	256
-313.633	213	355	209	281	192	259	238	424	408	311	349	243	158	42	-15	208	183	36	98	294	193	110	92
-312.575	333	215	190	205	205	209	300	286	565	523	314	227	255	194	121	136	226	205	212	383	234	103	164
-311.517	295	242	124	173	181	287	352	384	504	204	326	162	149	181	91	192	268	16	30	237	104	208	153
-310.46	283	319	306	264	281	193	253	287	354	323	244	86	174	201	287	169	93	154	250	137	181	117	173
-309.403	284	322	299	186	254	210	338	288	437	482	360	203	229	189	189	356	329	180	140	187	172	186	211
-308.346	385	291	163	362	228	241	259	299	421	421	326	140	175	250	344	38	136	-35	114	213	185	49	251
-307.289	313	323	210	144	240	191	186	141	476	299	373	326	130	173	148	128	241	115	196	192	233	257	230
-306.232	250	294	191	201	206	221	231	430	420	381	351	148	133	80	107	295	290	-60	53	153	108	87	268
-305.176	352	188	280	102	191	352	349	376	523	361	138	247	57	147	191	90	104	108	230	139	211	134	144
-304.12	342	285	365	255	204	202	284	211	211	452	245	409	286	119	158	205	235	206	124	204	212	146	99
-303.064	329	351	151	158	103	295	294	362	436	316	458	92	97	25	48	100	290	67	78	223	193	156	184
-302.008	232	367	79	220	277	234	311	387	377	330	325	240	243	106	271	150	203	133	7	145	130	155	177
-300.952	88	292	285	127	204	253	352	304	412	373	247	153	212	204	126	216	194	116	259	229	129	166	166
-299.896	229	240	241	162	128	218	399	322	398	300	197	101	-4	156	164	114	100	15	54	234	217	137	91
-298.841	348	306	102	283	254	239	198	307	477	371	395	186	112	190	134	75	92	135	173	74	105	71	233
-297.786	188	239	373	263	188	277	401	398	511	363	338	180	202	109	234	252	203	50	153	224	215	-21	148
-296.731	332	321	185	121	206	196	257	342	344	333	202	209	187	153	63	194	190	72	250	248	278	195	132
-295.676	336	338	282	92	326	221	257	395	499	395	341	309	186	243	302	138	207	102	157	136	217	199	80
-294.621	287	304	213	148	170	186	255	320	386	323	295	92	140	129	103	278	165	-17	70	243	218	238	10
-293.567	323	280	306	-7	265	203	218	319	500	339	256	153	172	167	157	159	181	153	183	244	193	206	235
-292.513	185	288	222	150	285	186	256	278	503	449	266	172	135	148	182	68	244	110	161	85	140	226	96
-291.459	245	338	103	138	90	132	156	381	584	402	297	315	292	138	165	138	220	52	110	278	259	69	54
-290.405	333	204	189	200	247	425	324	347	408	335	323	274	267	132	147	305	239	-31	-84	228	77	13	118
-289.351	175	334	244	109	333	85	307	362	350	306	292	104	145	195	196	100	194	184	169	184	176	210	95
-288.297	356	322	232	279	225	263	447	350	384	396	325	220	240	168	174	208	173	18	121	369	194	-4	92
-287.244	61	431	231	169	163	272	329	374	351	390	311	163	167	83	97	251	80	137	86	319	272	22	133
-286.191	339	267	217	212	103	204	234	259	466	331	299	165	102	263	158	112	128	154	257	134	203	245	200
-285.138	226	389	369	135	239	185	257	288	348	440	176	241	260	178	125	78	137	130	171	255	298	89	156
-284.085	224	288	290	234	113	176	249	243	261	275	326	159	137	131	201	138	158	26	78	324	308	141	49
-283.032	434	407	373	118	154	198	268	254	430	259	305	143	223	176	237	185	143	84	103	210	197	179	251
-281.98	324	358	266	150	274	309	430	325	362	326	305	270	291	83	140	236	211	87	60	173	225	186	211
-280.928	338	282	193	138	72	119	182	396	500	399	287	85	163	252	202	125	274	24	33	192	181	77	120
-279.876	244	373	178	221	158	103	134	241	351	275	315	280	215	148	194	91	133	135	41	272	208	185	262
-278.824	215	167	130	207	270	207	210	320	499	321	357	233	241	183	218	167	86	138	172	216	203	234	75
-277.772	262	239	66	289	251	187	175	230	276	304	314	224	192	183	143	201	208	164	198	204	237	177	123
-276.721	233	320	354	231	140	223	226	281	471	404	261	174	165	208	126	188	258	110	251	295	162	-89	92
-275.669	290	400	235	212	197	142	191	397	514	310	346	316	215	268	286	174	145	69	150	194	296	109	161
-274.618	76	283	214	131	5	281	280	520	535	434	298	144	148	194	237	148	163	58	-5	233	226	138	165
-273.567	192	275	316	169	213	146	237	395	508	434	326	300	225	121	121	269	269	146	200	211	207	64	94
-272.516	180	361	208	141	326	312	270	369	456	335	322	161	217	134	80	252	282	27	191	140	88	235	289
-271.466	321	329	379	341	126	138	219	402	455	278	301	161	138	60	115	167	145	73	133	167	138	105	224
-270.415	240	360	279	75	153	218	257	383	477	385	182	217	236	162	222	125	178	118	109	311	197	134	113
-269.365	187	247	311	164	145	208	230	353	382	321	291	182	268	219	179	186	111	21	130	227	126	107	152
-268.315	265	209	199	170	147	246	171	267	388	368	360	154	261	111	99	230	307	99	118	206	177	35	222
-267.265	163	238	248	252	114	240	323	361	388	522	412	169	213	283	137	179	112	156	148	263	226	111	270
-266.215	162	239	215	57	202	99	167	337	390	305	277	35	185	69	143	170	282	66	52	163	152	71	208
-265.166	192	340	199	247	219	210	251	376	346	409	302	224	236	150	187	158	148	182	189	158	325	135	185
-264.117	128	467	269	190	160	217	262	323	484	494	445	132	49	46	3	182	227	47	139	276	246	98	171
-263.068	246	273	206	155	145	110	286	343	424	486	291	119	-21	173	339	213	182	115	135	182	183	139	81
-262.019	247	238	374	285	153	183	201	325	449	378	336	137	148	285	248	257	225	203	112	251	188	69	43
-260.97	220	336	252	230	251	192	286	289	343	502	355	122	256	222	174	162	234	93	123	150	81	129	232
-259.921	226	184	309	198	247	159	236	347	406	285	223	222	210	168	110	221	187	22	63	210	179	127	125
-258.873	303	216	241	192	261	156	248	275	469	363	309	187	216	243	243	242	179	33	143	334	300	174	207
-257.825	269	332	209	287	224	172	188	438	461	235	227	146	143	247	138	190	140	94	160	261	311	79	91
-256.776	294	352	171	190	232	355	285	172	335	416	277	179	129	185	212	216	319	173	104	220	184	79	122
-255.729	238	189	394	185	100	303	343	367	431	333	207	141	153	97	179	294	249	-33	100	397	375	151	186
-254.681	177	308	275	72	222	141	215	432	394	402	348	158	196	113	53	205	247	153	168	387	254	75	235
-253.633	252	377	227	189	126	248	270	259	353	264	130	131	170	103	250	57	154	52	176	242	196	150	112
-252.586	271	299	211	215	185	343	348	371	439	221	240	147	218	166	140	124	147	118	255	216	170	167	96
-251.539	327	219	339	226	139	141	189	388	452	377	265	207	151	121	165	191	191	135	240	201	285	168	193
-250.492	281	261	81	301	222	277	310	399	503	242	253	218	211	178	114	180	215	103	127	248	252	210	13
-249.445	267	334	175	283	148	209	242	185	496	431	323	109	144	183	273	396	374	-47	66	90	-1	321	135
-248.398	327	176	301	227	259	234	214	407	432	324	451	362	213	217	193	24	26	20	136	202	317	132	147
-247.352	284	289	141	177	211	220	290	370	493	338	247	218	165	21	25	232	177	65	115	196	159	112	95
-246.306	334	313	221	81	144	207	273	394	421	311	330	206	167	206	268	254	320	77	312	281	232	203	91
-245.26	329	439	338	285	237	284	377	326	465	385	301	56	246	143	127	68	183	183	168	318	350	191	260
-244.214	217	299	243	223	148	309	329	363	459	324	319	205	182	228	146	244	256	103	56	215	220	172	118
-243.168	222	191	308	183	228	213	220	348	429	419	353	122	193	180	214	159	140	84	64	219	207	200	121
-242.123	257	241	350	196	157	175	274	293	479	338	330	4	44	58	240	245	310	92	217	322	214	188	176
-241.078	244	333	207	108	184	339	316	366	510	311	301	316	233	202	127	147	180	61	237	350	232	87	193
-240.032	205	275	382	225	252	162	237	364	401	385	319	166	237	173	174	257	273	97	232	262	238	93	55
-238.987	177	403	321	207	246	330	272	352	504	324	353	128	251	212	154	229	141	93	140	297	229	120	48
-237.943	314	311	430	259	148	150	267	188	203	419	237	203	209	240	222	314	352	104	145	214	258	15	157
-236.898	277	366	288	217	55	207	288	260	375	176	133	226	203	163	182	108	125	192	169	220	207	103	32
-235.854	391	293	133	336	356	220	98	512	527	358	244	195	245	97	177	161	232	235	158	279	149	154	211
-234.809	277	400	232	178	77	276	286	339	426	304	219	180	201	202	205	244	236	118	203	263	172	161	255
-233.765	289	150	167	83	201	125	106	268	464	382	349	235	145	100	135	257	250	60	142	162	188	-17	50
-232.721	333	327	299	93	216	204	244	397	458	261	300	265	235	130	114	165	92	85	138	269	246	204	128
-231.678	114	211	118	201	231	224	342	278	369	462	352	261	242	116	83	116	166	141	120	255	181	193	64
-230.634	213	312	345	177	161	179	253	271	365	424	412	177	260	125	88	252	188	58	122	229	171	45	113
-229.591	310	226	274	200	164	265	342	404	467	457	438	200	239	150	176	208	273	93	60	278	245	140	182
-228.547	271	248	281	100	135	199	299	324	312	331	428	171	204	143	154	161	123	50	41	147	134	14	137
-227.504	244	316	235	209	327	222	328	250	366	351	293	102	336	196	129	278	221	123	233	202	276	159	175
-226.462	321	339	265	214	132	177	224	227	361	363	362	174	49	173	215	167	145	59	98	224	296	20	59
-225.419	251	281	273	151	386	305	400	334	326	256	273	224	150	115	161	70	201	29	232	336	196	75	146
-224.377	307	413	345	217	95	222	321	408	454	401	344	209	311	145	81	240	326	56	105	321	204	42	163
-223.335	299	312	194	323	201	59	195	338	330	274	280	113	135	241	179	110	207	130	147	238	307	140	56
-222.293	148	372	270	154	153	269	323	448	361	308	225	147	229	227	150	263	186	-11	103	249	239	85	62
-221.251	365	281	161	235	229	180	262	308	412	251	204	112	91	68	110	153	233	194	164	193	249	145	138
-220.209	292	293	224	277	246	255	252	347	505	335	276	245	238	142	99	58	121	62	103	124	191	130	71
-219.168	370	316	369	315	146	228	379	355	421	199	209	135	86	161	147	280	205	-29	38	322	283	49	56
-218.126	233	158	211	277	199	214	165	385	502	333	378	276	265	177	173	234	267	233	195	178	167	228	131
-217.085	311	305	237	218	204	234	324	439	501	273	220	144	197	203	177	86	129	-31	186	206	82	148	160
-216.044	277	307	277	150	192	241	256	409	382	300	259	183	188	161	121	94	133	94	165	248	248	216	69
-215.003	316	336	298	246	316	348	329	290	372	373	376	293	305	171	152	225	267	126	296	102	180	67	175
-213.962	379	333	396	153	162	203	326	292	379	310	325	67	54	32	80	181	294	86	173	305	392	118	111
-212.922	322	258	123	171	205	293	390	351	432	261	276	175	217	145	235	126	80	43	141	252	221	125	96
-211.882	242	206	216	278	240	127	192	296	414	342	244	156	51	144	207	184	164	-3	29	237	110	115	137
-210.841	235	269	275	94	193	291	299	338	330	409	369	209	241	208	282	80	129	37	113	245	344	185	95
-209.802	248	271	247	221	175	269	258	351	349	298	217	81	168	142	82	147	32	74	164	321	337	146	233
-208.762	325	238	300	217	212	340	280	295	368	243	185	128	218	104	151	153	187	104	203	124	171	133	105
-207.722	298	220	412	135	250	118	208	416	435	377	335	146	218	84	-12	260	359	-29	139	225	217	61	220
-206.683	321	330	233	249	186	283	397	272	349	417	309	97	97	239	155	236	160	297	171	230	232	133	18
-205.644	129	275	316	86	235	170	290	260	377	339	240	256	235	177	196	247	252	2	124	256	337	119	94
-204.605	365	267	282	174	237	79	200	300	274	420	417	150	186	161	147	166	159	238	232	395	272	168	164
-203.566	240	351	178	249	276	342	183	324	366	430	253	76	63	99	244	235	298	172	190	296	244	122	70
-202.528	369	300	310	127	185	201	209	274	405	454	448	308	339	156	154	194	193	98	163	252	267	107	133
-201.489	269	226	290	135	175	138	282	372	351	323	334	93	164	229	200	157	200	12	146	237	267	162	213
-200.451	291	313	140	131	177	190	234	355	414	356	292	52	114	126	74	166	181	12	200	245	251	174	99
-199.412	128	235	160	195	218	198	357	352	520	489	323	204	228	115	205	235	62	131	145	321	185	259	169
-198.375	342	302	200	158	143	223	373	473	490	298	364	182	207	224	196	194	218	96	164	347	258	193	114
-197.337	360	289	293	179	196	239	329	264	309	347	306	209	197	225	221	157	88	75	80	309	250	118	188
-196.299	268	229	235	169	197	143	142	333	351	324	239	160	151	136	73	390	135	140	280	47	149	58	153
-195.262	326	264	259	160	173	362	281	252	344	293	263	117	89	91	163	310	281	153	186	133	218	96	166
-194.225	317	216	238	202	255	133	281	395	457	479	433	104	204	182	177	225	188	197	119	108	102	123	155
-193.188	371	314	335	265	11	241	183	303	394	425	339	108	225	41	72	138	192	67	197	74	150	150	155
-192.151	252	314	247	203	192	224	292	258	396	390	210	234	110	246	205	16	208	78	201	272	223	127	63
-191.114	276	168	263	153	199	339	309	408	450	350	282	218	198	77	77	194	242	-38	92	256	296	27	112
-190.078	339	402	242	223	325	262	208	245	277	312	212	177	192	119	32	287	219	69	177	354	248	59	202
-189.041	275	353	162	142	266	145	220	346	447	398	304	192	265	175	157	247	302	53	185	95	212	197	66
-188.005	249	322	178	165	136	71	262	401	480	329	341	33	100	178	154	188	62	69	218	231	274	57	123
-186.969	433	429	145	66	302	173	230	370	391	503	310	272	181	326	238	273	276	165	94	123	141	182	245
-185.934	398	188	298	209	238	212	243	417	442	438	323	296	280	134	159	90	132	96	83	149	185	138	164
-184.898	352	362	154	154	305	162	164	325	396	368	292	286	292	113	207	152	238	196	199	154	109	264	147
-183.863	416	373	173	192	156	291	351	346	443	371	360	112	179	185	159	224	151	-13	20	142	111	104	161
-182.827	62	186	280	274	202	175	172	253	390	427	285	181	208	158	117	290	231	37	51	298	195	133	140
-181.792	237	225	257	236	330	126	252	226	400	264	369	153	238	149	272	157	260	77	177	207	193	201	175
-180.757	302	379	144	308	184	228	285	380	487	308	367	157	130	81	9	170	377	39	185	262	232	65	126
-179.723	337	356	308	227	159	227	260	320	315	413	279	218	217	109	147	221	187	54	218	215	244	59	192
-178.688	318	274	211	108	268	379	343	324	415	431	254	148	160	157	184	182	162	137	326	281	270	185	138
-177.654	346	249	261	292	228	192	186	410	545	329	253	159	-20	141	251	200	231	90	122	244	104	-6	187
-176.62	307	291	302	0	169	172	288	307	373	232	214	257	278	119	117	159	197	114	154	224	275	105	174
-175.586	326	263	232	139	149	303	290	257	317	251	236	354	272	99	48	194	212	42	8	191	243	46	183
-174.552	224	262	159	278	286	324	408	484	507	398	359	179	160	159	238	155	213	152	229	234	206	130	259
-173.518	390	323	236	205	184	191	268	226	308	443	357	113	102	147	109	304	282	111	75	194	198	163	126
-172.485	253	364	174	202	199	96	301	369	400	378	348	169	128	159	-4	274	291	122	155	197	170	275	192
-171.451	279	336	251	179	300	253	260	353	475	347	250	242	294	153	232	207	197	84	232	224	117	294	138
-170.419	297	256	306	167	231	122	241	236	420	395	320	171	158	141	82	172	278	169	257	262	244	-53	230
-169.386	162	319	270	130	131	300	245	289	318	371	206	218	144	273	178	234	90	308	271	215	270	93	148
-168.353	341	233	109	202	187	146	222	377	465	469	390	268	186	183	116	194	260	22	170	281	104	166	228
-167.32	290	342	308	218	138	376	319	387	344	357	261	111	54	200	213	180	199	-8	93	244	275	57	75
-166.288	217	361	224	182	223	241	268	253	356	400	349	134	218	167	155	214	211	139	148	224	243	26	180
-165.256	396	225	209	212	243	230	228	297	407	289	234	210	214	231	147	130	85	112	190	234	130	222	80
-164.224	299	303	280	302	110	248	246	335	493	442	415	131	215	200	172	98	174	140	135	214	165	65	102
-163.192	306	279	315	224	215	323	254	394	436	257	279	109	223	197	134	134	239	11	16	185	159	30	102
-162.16	282	411	97	100	175	220	273	274	288	443	218	197	173	150	128	248	199	101	142	241	256	103	151
-161.129	192	259	318	156	289	259	323	362	461	398	341	66	211	158	42	210	236	-26	11	227	144	110	118
-160.097	213	391	320	287	337	176	318	344	412	441	334	175	151	161	127	116	171	83	68	343	231	214	139
-159.066	342	409	256	166	328	151	255	285	390	347	163	152	99	173	135	140	92	119	188	174	129	110	48
-158.036	362	341	307	291	228	327	301	324	310	311	393	215	285	141	130	84	133	188	263	238	127	77	228
-157.005	260	254	208	158	228	206	342	255	336	406	307	107	76	139	160	184	256	236	247	287	149	201	192
-155.974	167	257	335	260	179	189	283	410	440	303	221	150	98	99	55	231	302	-9	113	200	251	118	222
-154.944	423	251	201	200	160	184	253	361	435	382	383	105	53	236	187	226	163	117	51	303	274	161	158
-153.913	198	268	147	188	200	195	219	280	404	405	275	105	152	205	186	219	113	30	78	276	233	37	179
-152.883	332	171	360	183	92	209	273	371	330	435	294	221	232	155	173	219	239	116	283	289	191	150	72
-151.854	305	302	268	232	140	270	227	291	386	261	243	187	144	113	182	288	238	112	228	241	166	68	158
-150.824	287	274	139	203	119	274	253	314	499	511	272	241	286	150	92	288	280	6	63	264	251	162	112
-149.794	443	384	178	222	242	168	302	343	419	455	380	181	211	151	156	103	120	146	99	280	251	90	180
-148.765	263	273	272	142	243	210	224	363	540	392	465	283	116	125	141	215	261	112	211	325	201	242	187
-147.736	237	251	178	133	213	138	358	457	421	316	261	114	172	98	90	145	166	75	143	234	198	149	98
-146.707	237	317	279	140	337	159	150	336	323	235	144	232	234	116	130	160	142	141	225	269	267	233	179
-145.678	187	379	186	184	233	213	338	435	558	427	329	82	182	131	64	203	91	120	213	169	172	7	244
-144.649	330	258	238	276	239	201	214	401	464	312	206	179	216	88	258	246	127	113	110	264	332	128	207
-143.621	350	369	189	213	309	252	294	448	504	353	282	187	308	59	76	100	127	73	179	237	128	124	161
-142.593	346	185	392	192	145	189	348	329	469	289	132	116	104	149	155	179	254	81	24	186	229	186	136
-141.564	283	365	220	253	134	205	243	461	585	273	174	182	127	200	127	306	284	54	302	247	115	188	91
-140.537	253	288	309	267	309	185	299	381	516	450	415	255	182	92	166	-8	74	160	143	206	237	121	105
-139.509	299	368	285	103	133	173	296	403	394	443	377	186	137	184	71	150	148	91	160	214	245	144	175
-138.481	224	161	218	186	236	180	137	331	366	315	356	201	182	271	189	140	128	44	143	233	110	161	259
-137.454	347	189	225	157	271	168	247	352	446	338	366	324	290	293	317	189	229	56	52	101	107	148	115
-136.427	218	290	238	182	259	209	416	251	469	455	377	220	194	180	206	254	269	87	44	294	288	48	129
-135.4	291	172	247	259	220	392	354	342	455	334	269	123	205	75	144	188	166	111	103	195	277	159	137
-134.373	376	318	240	150	138	203	287	393	498	384	219	131	183	171	124	148	209	192	138	308	189	266	26
-133.346	330	285	260	144	385	325	278	350	494	404	431	201	182	212	144	60	189	45	192	170	171	128	134
-132.32	-6205	364	179	208	110	186	381	347	396	349	321	145	209	98	264	109	198	211	208	250	227	210	76
-131.293	157	372	359	275	222	317	434	366	521	269	326	183	209	134	78	172	152	-46	63	108	168	-47	188
-130.267	263	371	266	139	257	293	285	280	371	382	368	260	171	79	203	324	248	73	179	160	179	104	177
-129.241	343	326	241	278	269	227	364	243	377	416	253	220	143	115	112	107	106	248	255	234	267	41	189
-128.215	363	207	222	84	234	131	171	374	494	274	292	196	161	174	208	210	157	109	136	256	375	47	165
-127.19	278	290	296	249	216	208	259	276	328	364	280	81	128	179	221	63	134	78	225	285	217	179	53
-126.164	261	344	181	130	282	221	308	406	498	339	240	302	183	219	185	184	283	114	187	217	183	116	69
-125.139	349	168	372	173	129	258	355	273	506	241	315	184	200	177	59	202	228	33	89	340	190	85	133
-124.114	422	313	233	251	333	229	367	342	509	510	398	225	142	157	131	88	190	117	178	199	217	60	158
-123.089	378	232	317	185	318	240	334	321	389	498	365	235	230	187	157	115	118	97	158	287	210	252	174
-122.064	324	163	380	359	196	237	190	229	476	375	333	175	179	-2	43	255	277	132	162	157	250	179	165
-121.04	415	194	227	273	206	249	409	426	583	448	409	131	188	149	140	173	231	256	224	321	277	161	172
-120.015	340	470	387	294	273	184	193	297	413	336	330	248	229	94	65	184	242	22	57	340	251	206	197
-118.991	286	269	247	171	310	244	205	281	440	352	262	38	50	46	81	202	295	26	209	215	270	126	142
-117.967	233	304	316	228	292	251	439	210	324	326	330	142	132	126	61	88	134	119	146	135	130	193	116
-116.943	216	259	279	126	249	242	200	345	459	441	318	145	266	140	76	217	205	260	194	203	219	141	95
-115.92	341	342	292	100	301	278	352	410	555	336	265	121	84	264	209	113	155	116	182	163	206	201	250
-114.896	258	313	234	143	354	259	216	456	501	346	418	287	251	-4	35	247	92	69	116	219	172	230	167
-113.873	289	393	224	169	76	227	393	444	544	476	331	157	112	150	196	287	204	162	164	118	31	121	79
-112.85	326	239	266	261	177	173	253	453	415	569	366	173	197	202	93	163	84	21	243	223	96	136	97
-111.827	213	215	209	142	294	168	240	426	496	352	278	69	132	240	187	222	216	86	104	380	198	164	181
-110.804	243	383	292	287	194	252	383	315	342	475	434	110	140	90	163	233	221	106	121	197	321	166	172
-109.781	194	342	273	225	275	249	252	401	388	271	154	90	196	166	239	177	127	61	154	210	203	233	229
-108.759	169	370	265	214	194	271	364	483	622	426	434	160	131	193	158	153	235	133	239	250	195	165	178
-107.737	164	448	262	196	43	149	310	259	357	442	306	314	305	114	147	378	271	113	205	188	146	150	252
-106.715	335	386	199	169	228	201	314	372	498	416	363	130	213	148	266	115	164	131	207	221	175	143	255
-105.693	302	355	209	122	169	99	212	427	519	364	263	201	186	216	223	187	137	39	70	269	256	53	101
-104.671	303	336	235	309	133	207	320	387	579	291	205	104	73	163	263	184	151	179	186	325	185	176	127
-103.65	344	344	222	237	298	237	209	466	422	455	198	142	164	139	223	220	210	85	162	308	222	115	91
-102.628	339	472	233	243	280	379	387	318	402	291	274	215	197	153	189	195	352	188	119	164	156	81	169
-101.607	193	288	358	164	161	313	301	452	460	334	311	241	181	140	188	17	129	68	132	170	184	131	150
-100.586	390	254	227	213	173	225	301	382	510	486	346	63	170	135	126	183	166	97	138	268	265	66	170
-99.565	209	362	227	283	217	215	270	377	560	436	408	208	165	-31	-39	53	220	134	223	352	333	53	75
-98.5444	294	347	171	129	318	132	258	392	441	363	381	195	294	204	242	268	195	175	148	197	159	43	113
-97.5239	306	237	167	185	275	298	365	296	353	380	251	215	180	190	151	196	161	165	196	77	122	150	207
-96.5035	378	367	136	187	236	253	284	306	499	392	279	162	143	246	209	238	258	113	124	309	190	287	142
-95.4832	255	423	260	263	232	290	307	478	478	422	360	191	257	178	235	293	317	93	199	208	163	164	187
-94.4635	209	213	280	143	272	155	247	389	474	348	382	183	178	188	204	167	219	149	196	214	193	168	15
-93.4434	322	324	223	342	141	156	372	413	467	239	223	188	183	192	82	100	181	123	125	234	171	157	286
-92.4238	395	313	346	243	201	179	316	307	481	413	321	244	181	168	192	153	221	197	217	353	236	222	170
-91.4044	181	296	302	127	287	229	300	372	465	483	415	227	280	170	175	160	181	67	186	192	160	91	75
-90.385	315	241	131	249	175	281	324	358	539	426	306	59	82	166	192	176	173	100	224	202	181	161	113
-89.3662	329	344	379	142	253	316	316	287	443	535	415	155	90	195	233	224	154	44	86	172	191	19	7
-88.347	315	298	186	308	255	214	265	260	342	365	318	101	52	159	209	162	145	78	83	217	138	164	116
-87.3284	345	169	152	216	205	269	266	593	602	502	427	213	94	57	207	315	284	97	128	274	265	168	227
-86.3098	218	328	230	264	363	281	296	404	351	367	296	181	249	302	314	201	230	8	118	169	196	157	82
-85.2914	225	322	282	158	155	231	255	410	482	457	333	169	200	35	8	201	152	-19	51	194	175	88	264
-84.2734	398	368	306	191	228	259	280	366	458	322	326	245	205	99	72	199	200	193	285	272	203	197	165
-83.2552	267	240	279	193	378	342	359	399	445	431	331	39	124	213	246	233	147	162	243	270	208	74	63
-82.2374	202	332	159	284	249	319	380	437	582	352	246	237	208	81	21	287	179	112	48	367	223	243	133
-81.2198	238	325	263	262	323	375	470	437	445	503	379	87	16	145	143	238	280	121	118	207	182	117	21
-80.2023	266	307	299	184	252	246	156	429	503	437	365	111	132	119	181	98	199	117	168	250	235	84	226
-79.1848	272	284	304	269	169	400	386	430	321	454	322	198	241	39	118	257	257	7	119	236	238	182	140
-78.1675	143	636	331	180	206	199	217	349	434	402	286	190	186	216	134	301	132	34	57	228	190	206	190
-77.1507	304	300	176	327	215	272	321	396	472	340	191	212	148	130	24	113	224	60	212	278	199	225	108
-76.1339	238	521	261	140	247	337	405	338	344	388	413	193	118	193	105	148	207	170	260	208	76	179	209
-75.1173	283	470	265	233	235	283	356	355	496	383	342	205	289	226	275	218	110	143	64	134	209	41	194
-74.1008	303	312	319	230	187	248	321	495	542	395	335	183	231	135	135	163	81	-16	56	189	109	200	239
-73.0844	382	339	302	329	149	248	180	409	461	348	393	160	146	141	142	225	212	86	98	280	236	161	160
-72.0685	165	369	246	174	203	229	421	325	406	306	298	150	231	140	220	228	282	187	158	89	143	160	252
-71.0523	340	227	234	261	293	233	277	360	487	519	331	116	124	46	188	121	184	163	191	238	251	192	213
-70.0366	162	301	256	206	204	156	125	490	565	352	297	176	266	187	246	205	320	38	190	210	266	101	137
-69.021	306	168	384	217	128	179	342	394	586	418	374	210	185	115	181	224	132	147	183	283	238	183	11
-68.0058	370	375	135	420	257	194	285	384	468	363	189	203	190	114	73	253	150	178	160	196	294	15	89
-66.9905	195	338	321	144	37	313	394	435	586	303	304	159	135	168	190	156	287	129	137	261	138	115	163
-65.9755	376	267	296	203	357	275	296	369	484	361	393	131	166	233	328	215	197	42	220	234	193	53	178
-64.9604	379	258	306	80	187	351	414	302	217	343	315	231	131	267	221	191	183	131	255	121	141	76	75
-63.9457	288	324	315	213	258	158	358	482	567	432	250	51	140	220	193	139	282	36	49	253	162	124	143
-62.9311	414	292	301	275	202	291	346	455	511	297	265	215	113	131	158	321	305	35	131	176	249	191	244
-61.917	212	289	230	193	266	287	324	308	574	380	307	193	214	230	216	112	39	183	198	214	153	149	141
-60.9026	352	421	238	290	323	226	236	351	333	245	221	223	184	231	166	246	195	98	100	214	288	145	176
-59.8887	241	317	311	206	211	340	397	263	433	415	364	223	150	146	217	258	265	103	203	205	104	123	113
-58.8749	255	240	304	244	217	220	286	257	290	464	412	140	139	102	152	173	140	174	101	295	203	96	197
-57.8612	326	263	239	243	350	160	205	295	438	421	294	288	225	192	116	203	284	122	148	136	174	132	227
-56.8477	345	333	172	210	191	222	365	344	532	335	280	161	293	203	271	128	199	135	115	169	221	213	75
-55.8342	318	377	338	257	296	88	173	339	476	280	404	221	168	96	90	298	310	12	198	246	197	83	90
-54.8212	149	308	205	327	109	228	247	353	514	349	268	168	139	155	233	108	198	-19	-5	324	403	120	49
-53.8083	343	330	343	178	193	345	361	303	513	341	354	145	118	95	123	166	160	212	161	204	182	101	107
-52.7955	197	293	327	177	333	197	290	232	350	327	365	221	138	286	261	214	219	97	76	267	146	102	175
-51.7829	454	366	341	159	327	268	338	251	393	339	369	63	247	83	53	141	298	165	221	194	157	111	233
-50.7703	208	399	332	258	172	282	451	318	447	249	307	228	279	236	199	296	200	36	-52	78	94	138	192
-49.7582	387	434	350	168	240	271	229	488	508	398	320	222	47	133	242	314	231	152	221	280	305	209	253
-48.7459	320	338	331	186	261	157	259	412	469	417	292	104	194	218	137	117	162	117	87	215	133	212	290
-47.734	334	275	226	153	195	334	335	417	484	430	381	161	173	156	160	129	96	82	95	249	169	97	17
-46.7222	339	301	246	62	203	207	308	364	392	316	257	233	192	51	145	191	233	227	157	314	306	125	116
-45.7109	187	330	225	171	241	133	263	246	494	481	345	147	183	107	92	72	181	67	195	218	138	168	28
-44.6994	260	213	349	156	202	272	286	357	424	487	479	139	241	192	122	154	221	180	274	355	261	62	142
-43.6883	291	335	193	208	203	281	238	392	469	431	263	305	232	136	108	214	301	100	92	90	104	181	158
-42.677	278	325	334	218	263	201	273	208	438	470	343	236	273	60	159	283	250	224	236	194	212	173	136
-41.6661	338	389	267	261	306	293	270	242	382	539	489	194	241	153	143	169	143	79	67	188	206	184	130
-40.6554	180	245	291	283	217	244	327	465	414	449	265	132	94	271	222	138	165	38	148	229	93	30	54
-39.6451	269	345	391	139	312	254	280	349	556	316	324	177	132	288	215	235	297	231	254	277	228	159	139
-38.6345	272	285	313	248	194	139	257	465	565	343	272	140	123	126	244	169	147	149	157	220	101	254	22
-37.6245	347	382	299	103	264	189	321	333	473	377	374	241	252	73	165	251	196	57	166	226	260	149	105
-36.6145	274	233	209	259	181	293	365	517	522	227	224	306	316	175	109	180	134	166	266	218	179	88	136
-35.6047	434	356	246	166	363	166	316	264	399	279	227	180	192	93	84	270	285	112	296	294	206	141	80
-34.5949	332	250	347	226	249	161	177	361	481	534	418	193	254	119	138	92	36	157	178	194	153	7	179
-33.5853	201	283	393	209	261	204	342	288	435	368	315	314	157	200	161	230	342	98	167	236	243	57	288
-32.5761	317	371	370	218	288	303	283	466	532	439	343	214	319	123	161	74	150	132	87	188	158	122	125
-31.5671	164	298	320	194	356	257	344	398	403	334	301	156	198	206	151	102	85	132	144	288	222	158	274
-30.5581	274	167	277	291	77	290	301	258	485	360	268	177	45	187	243	157	217	154	64	261	348	122	136
-29.5493	347	228	308	222	346	215	280	409	444	300	229	186	242	21	68	207	214	99	163	88	197	207	123
-28.5405	358	446	273	227	154	255	233	297	476	448	418	138	121	189	79	207	204	141	110	240	228	165	112
-27.5323	357	330	228	286	299	364	398	417	578	486	374	300	256	35	-8	216	260	129	135	169	233	-14	95
-26.5237	289	317	302	52	190	215	316	385	478	494	417	162	159	205	140	138	141	31	6	236	233	49	70
-25.5157	284	224	287	163	210	154	261	313	487	378	305	145	194	116	134	197	265	128	272	253	245	102	60
-24.5077	296	364	207	396	181	168	202	384	490	496	304	220	104	172	298	118	76	93	25	243	229	136	184
-23.4999	389	304	235	238	134	281	314	386	560	324	285	300	140	60	93	217	133	49	174	170	171	83	188
-22.4925	385	350	259	153	347	326	283	417	412	371	289	220	166	182	119	219	327	209	281	222	253	110	105
-21.4849	353	338	150	194	227	372	328	375	566	371	417	138	147	134	125	196	241	13	157	203	143	101	180
-20.4778	195	331	257	297	341	211	256	363	462	384	325	269	322	83	5	93	165	136	104	214	137	153	141
-19.4707	242	315	112	245	169	175	294	355	498	311	428	263	263	199	158	179	198	43	112	119	234	32	162
-18.4638	302	390	308	213	348	239	368	296	360	445	230	162	161	241	241	196	152	37	113	175	166	166	77
-17.4573	314	319	78	101	252	262	278	317	370	452	436	201	179	223	206	132	200	134	177	274	278	160	106
-16.4506	387	309	316	203	176	275	290	354	474	367	327	323	206	107	180	249	205	34	61	224	170	76	175
-15.4443	402	268	270	296	239	298	298	482	454	333	259	132	132	188	206	243	304	100	128	222	192	64	104
-14.4382	276	282	344	184	306	332	257	357	338	426	339	134	120	115	229	215	285	100	73	352	265	9	64
-13.4322	287	260	407	163	188	287	324	245	372	513	540	183	161	236	209	122	163	82	120	210	101	196	45
-12.4262	289	201	268	286	315	266	264	262	382	378	360	136	211	145	111	259	235	30	222	-40	223	119	171
-11.4204	333	342	332	151	245	283	391	313	453	381	362	284	199	173	225	115	86	227	364	171	80	202	344
-10.415	297	329	280	254	197	243	417	362	410	314	165	233	145	112	186	268	186	193	293	213	274	183	113
-9.40979	323	303	279	414	205	319	405	298	408	480	260	229	267	217	171	292	152	190	312	235	326	195	214
-8.40464	356	350	258	258	193	362	417	476	504	469	435	77	31	131	160	202	178	115	155	82	-17	111	122
-7.3996	374	363	193	81	380	270	342	350	498	366	331	26	-31	247	279	98	178	179	288	245	183	155	300
-6.39467	382	267	236	262	138	219	388	444	626	536	468	120	196	102	159	132	153	123	135	160	90	215	169
-5.38984	386	366	416	289	207	320	425	393	407	404	380	243	153	229	216	161	93	88	137	190	341	46	211
-4.38549	322	377	337	231	292	395	537	406	365	269	200	259	268	123	198	154	251	192	230	187	118	302	185
-3.38124	317	224	331	106	259	215	477	534	543	420	343	303	183	197	162	292	247	134	110	308	398	24	52
-2.3771	421	377	296	144	248	308	403	323	515	257	311	255	296	267	212	175	192	116	90	211	343	-75	10
-1.37306	188	540	513	185	356	174	454	339	678	360	330	462	386	225	129	189	285	319	541	301	335	166	254
-0.36951	411	579	384	568	467	356	580	242	715	532	480	327	411	71	240	231	266	316	535	252	261	183	74
0.63432	392	369	591	579	438	281	435	323	556	519	571	-153	-148	257	22	428	249	581	460	414	205	23	245
1.63767	219	322	474	265	392	586	597	575	599	689	412	85	174	257	403	248	181	197	277	361	198	126	104
2.64092	328	446	557	95	411	459	591	320	732	497	435	383	438	201	224	321	128	421	433	272	294	-222	14
3.64406	322	201	235	232	151	348	357	504	682	301	162	421	258	310	447	23	50	400	415	139	124	45	146
4.6471	281	83	356	321	310	324	310	128	282	352	376	525	438	206	112	133	167	238	430	113	81	18	255
5.64966	415	316	345	254	306	227	359	305	580	471	370	209	225	-2	122	237	235	239	172	148	67	136	83
6.65249	227	268	234	240	312	214	293	338	331	461	375	176	283	11	129	201	220	185	280	135	120	83	189
7.65484	262	329	212	304	278	165	230	346	493	314	365	172	90	132	99	229	128	171	107	266	168	108	188
8.65709	304	350	326	239	245	238	336	324	528	340	275	225	214	60	93	148	254	106	184	244	276	31	135
9.65885	358	297	139	232	134	304	342	453	482	391	253	110	154	90	154	165	184	57	121	328	235	151	163
10.6609	198	295	242	126	235	303	449	363	484	384	275	107	95	172	178	278	102	38	174	253	192	158	64
11.6624	192	380	349	246	268	276	321	478	516	489	327	180	204	166	182	231	188	144	138	231	252	245	80
12.6643	260	414	302	166	167	246	365	321	551	386	379	190	175	168	270	237	263	28	81	165	261	180	116
13.6656	294	330	234	276	291	226	332	466	510	392	311	91	119	64	133	275	184	185	165	228	258	180	134
14.6669	226	352	344	158	144	351	360	315	515	346	287	191	182	100	135	139	171	95	171	170	321	184	95
15.6677	200	216	310	178	278	299	299	416	436	339	276	153	120	188	230	225	224	176	155	190	217	152	266
16.6687	287	193	130	260	237	186	237	449	433	255	173	204	259	65	104	144	153	226	177	161	87	156	178
17.6693	273	409	328	237	255	221	269	509	508	467	344	166	167	235	194	143	200	44	76	338	227	-4	123
18.6697	269	380	388	230	176	216	354	350	529	360	259	118	272	187	174	204	243	95	176	376	285	120	226
19.6701	233	392	286	140	244	279	397	331	550	384	313	146	180	117	120	192	132	187	104	304	242	148	160
20.6703	466	379	233	209	148	190	340	420	568	330	290	238	248	80	196	219	222	148	106	310	239	172	226
21.6705	340	325	357	265	291	159	206	371	466	340	280	172	154	89	153	204	166	20	220	108	231	130	134
22.6702	205	280	312	101	136	303	359	328	502	388	327	233	224	109	207	199	188	235	217	251	168	-10	94
23.6697	271	241	289	225	222	324	381	382	500	420	305	63	137	140	114	162	225	-6	79	307	401	143	220
24.6692	255	307	249	163	205	232	228	297	483	423	329	224	172	90	121	182	99	71	224	346	240	131	117
25.6685	470	339	335	264	197	264	315	398	491	299	273	159	208	104	94	114	79	134	88	304	222	124	116
26.6678	325	362	332	154	225	373	360	323	444	244	172	189	200	290	218	139	322	191	212	138	317	149	166
27.667	305	299	358	242	236	134	299	295	456	354	233	183	157	105	140	156	140	114	166	135	156	42	136
28.6656	249	303	82	252	264	219	221	327	434	389	260	200	153	214	178	143	137	140	25	282	190	217	195
29.6642	310	241	228	186	245	216	318	368	436	399	352	257	195	233	121	306	309	94	86	151	144	159	195
30.6627	335	496	361	171	226	266	352	406	394	441	388	236	250	174	199	81	145	129	167	183	168	171	142
31.6611	359	279	255	316	215	170	187	307	431	362	296	191	259	195	180	254	192	69	162	322	147	95	204
32.6589	281	385	157	227	326	230	326	337	533	401	285	292	230	181	219	224	191	77	185	246	250	195	136
33.6571	355	215	358	93	267	226	227	341	539	409	410	53	100	200	121	276	305	69	170	297	249	63	133
34.6548	351	390	356	191	201	224	404	379	455	280	178	173	225	158	206	205	122	101	126	235	238	178	242
35.6524	309	375	173	99	393	231	388	343	389	546	427	204	145	245	274	188	133	52	54	283	335	212	-23
36.6499	451	399	414	219	397	237	289	329	434	318	196	232	179	125	174	147	199	164	152	190	141	184	254
37.6472	284	306	301	159	246	253	316	360	447	467	397	108	174	36	137	196	136	33	97	186	157	140	267
38.6441	348	313	206	263	257	250	361	399	436	364	294	104	164	195	245	257	279	211	248	329	216	129	217
39.6413	443	349	218	265	278	341	332	295	404	598	508	262	269	128	151	212	127	47	98	211	295	113	196
40.638	373	262	308	291	222	245	348	371	519	360	244	284	216	60	182	149	135	60	71	203	178	211	180
41.6346	488	275	251	190	238	96	143	451	490	329	338	165	198	174	222	165	346	46	235	201	219	61	79
42.6311	310	364	257	212	209	247	370	359	468	382	422	174	139	42	124	183	218	123	194	192	173	133	140
43.6271	314	327	176	197	229	253	396	332	390	376	315	208	138	145	165	124	231	178	244	281	282	59	116
44.6234	270	228	333	268	210	174	172	399	476	411	261	217	311	225	86	208	191	42	151	295	240	134	112
45.6192	151	250	285	114	256	247	232	361	450	401	387	143	160	80	129	233	248	27	34	277	260	36	166
46.6149	285	280	256	249	128	293	411	408	498	272	230	255	329	224	153	256	263	116	153	225	207	36	222
47.6105	364	224	396	200	323	385	358	440	526	454	406	151	189	58	50	125	151	146	227	323	420	157	51
48.6056	281	386	205	255	385	256	330	271	365	466	366	209	294	151	143	283	182	212	182	211	266	201	104
49.601	357	321	271	177	263	333	329	284	466	436	333	209	221	220	208	78	174	96	179	246	306	198	179
50.5959	281	317	344	288	250	171	208	325	553	409	375	143	148	142	148	112	226	36	96	153	160	-18	200
51.5911	160	161	163	195	201	287	404	476	523	286	267	168	154	126	288	261	190	93	145	215	195	152	187
52.5854	196	436	259	196	133	194	182	353	424	390	289	216	146	115	83	153	187	63	171	279	234	240	277
53.58	310	302	371	201	292	331	357	375	473	690	343	203	262	246	299	173	177	288	307	253	197	215	171
54.5746	224	336	221	232	171	230	309	330	374	271	268	258	216	255	177	112	91	114	198	175	258	69	186
55.5686	328	295	283	235	254	314	309	369	518	490	369	233	220	102	109	250	175	101	109	223	244	168	233
56.5629	290	283	176	181	143	220	238	460	599	408	347	135	92	142	148	95	214	223	225	279	196	202	55
57.5567	270	289	324	187	172	128	315	288	447	464	364	143	173	126	288	260	289	155	201	174	57	137	214
58.5504	260	267	170	223	370	331	247	393	478	314	149	299	218	115	83	182	189	178	263	220	221	-4	237
59.5437	405	348	348	252	186	260	311	351	505	335	355	195	221	246	299	230	189	95	53	261	183	159	-29
60.5372	188	304	281	75	219	243	388	482	721	354	246	282	226	255	200	242	211	9	136	276	346	215	208
61.5303	220	256	173	293	187	271	295	426	539	389	314	82	204	142	163	100	98	114	93	208	189	150	262
62.5232	422	385	339	261	183	327	361	326	437	502	413	279	135	41	120	163	76	170	201	225	229	94	85
63.516	314	334	160	166	265	328	334	366	476	470	360	98	125	82	144	123	106	76	72	276	210	23	103
64.5088	249	216	308	221	184	177	347	365	489	354	354	155	205	223	163	104	236	168	230	208	187	108	190
65.5014	319	314	262	68	248	257	341	419	564	334	276	153	65	107	77	149	174	158	133	299	97	135	315
66.4936	342	374	212	276	301	360	323	384	553	334	268	315	215	140	157	198	130	52	121	268	286	118	118
67.4856	232	349	278	207	64	303	340	400	377	436	364	154	136	190	162	265	237	-39	-7	234	184	155	153
68.4776	289	288	317	159	240	265	409	419	495	495	408	308	189	100	216	197	239	111	145	214	241	96	125
69.4695	189	198	282	255	318	247	390	445	464	448	449	183	150	27	156	40	173	184	91	229	160	142	140
70.4612	214	248	292	121	288	151	240	361	598	377	308	170	201	142	165	171	204	6	99	265	293	103	145
71.4529	352	181	300	259	234	319	365	226	385	339	321	73	125	213	190	213	213	257	148	39	17	229	64
72.444	288	218	234	433	165	337	384	374	488	519	299	214	225	178	200	281	283	175	155	182	253	240	71
73.4351	310	200	320	288	141	340	343	322	368	487	282	143	109	138	93	222	223	115	151	237	148	145	173
74.4261	368	337	442	248	148	218	278	346	593	399	389	157	86	12	121	276	262	252	108	318	268	228	123
75.417	350	541	215	241	253	297	261	327	538	325	254	267	275	229	193	178	151	164	84	338	304	223	148
76.4074	227	443	414	84	275	200	207	452	463	406	390	38	145	295	252	135	98	80	127	265	293	27	146
77.398	366	392	302	316	246	323	294	262	554	324	303	187	211	5	124	297	301	280	128	185	180	172	244
78.3882	234	312	277	193	310	316	415	292	376	426	268	165	188	183	257	275	246	124	191	242	214	99	262
79.3783	363	419	208	187	244	292	322	348	461	281	352	240	175	97	88	225	225	87	103	168	161	131	51
80.3683	403	277	444	252	257	313	309	373	463	386	380	171	138	267	254	260	268	75	114	301	273	132	122
81.3582	341	352	179	226	333	237	293	428	488	328	257	224	89	183	291	234	269	146	171	291	170	119	181
82.3476	430	399	269	106	393	256	288	263	356	431	229	135	202	136	59	148	117	118	124	259	149	108	64
83.3373	312	368	325	198	328	295	324	366	488	426	391	158	122	106	259	155	154	24	5	232	184	162	168
84.3265	294	320	400	249	203	272	388	369	633	500	235	44	48	127	139	318	278	164	314	205	168	135	110
85.3156	258	269	529	305	364	184	221	461	503	466	420	123	154	92	178	191	303	159	66	197	198	147	145
86.3046	337	450	316	141	319	259	322	367	430	381	406	185	191	121	124	200	252	53	109	232	315	146	68
87.2931	249	245	333	120	257	120	306	575	679	432	373	157	184	333	188	109	178	-5	62	279	199	161	23
88.282	373	266	293	279	170	200	303	442	496	302	246	198	279	137	195	60	155	119	168	212	116	45	149
89.2703	413	195	244	202	320	227	325	315	474	427	426	202	163	131	138	230	241	101	184	330	302	127	13
90.2585	248	419	252	228	149	301	381	290	457	408	331	80	154	174	157	224	279	-16	224	250	232	146	184
91.2467	242	360	247	252	268	329	378	527	656	355	339	41	45	231	269	149	249	192	140	356	246	8	91
92.2347	215	271	269	120	233	281	300	389	479	327	311	182	208	212	203	192	248	226	158	218	223	148	202
93.2222	222	376	348	143	337	226	289	471	605	397	234	196	119	137	89	160	159	100	240	226	198	209	117
94.2101	318	396	353	306	254	263	419	435	568	406	234	150	183	178	181	252	286	140	119	246	275	213	148
95.1974	399	307	285	175	301	161	221	410	458	638	414	180	132	159	22	175	244	192	203	225	185	172	55
96.1847	265	225	340	182	227	259	348	457	509	386	336	213	145	0	80	230	200	19	178	165	124	49	121
97.1718	320	426	289	200	230	242	297	483	641	517	394	282	293	149	234	210	104	4	103	245	254	203	125
98.1585	235	265	325	325	160	222	396	430	705	358	349	34	130	127	188	203	191	168	204	141	55	148	143
99.1454	366	310	308	273	220	221	364	358	429	409	364	159	151	185	142	224	242	47	139	179	151	209	138
100.132	261	410	289	152	280	352	375	357	525	362	246	207	223	173	89	190	282	54	70	255	122	213	200
101.118	356	385	246	204	222	224	338	357	480	474	346	61	22	56	78	76	157	15	122	336	317	48	179
102.105	258	289	327	263	355	390	414	451	541	433	459	310	269	92	163	158	159	65	79	272	415	161	288
103.091	217	337	211	266	184	273	365	318	469	401	294	166	204	105	31	160	221	96	102	255	167	92	58
104.076	359	375	334	283	327	276	409	354	639	545	396	73	143	217	58	268	189	4	-19	260	196	167	60
105.062	339	320	308	262	39	300	390	480	642	476	439	190	188	49	114	125	141	131	169	276	125	87	151
106.048	269	324	303	158	199	239	295	334	376	371	235	185	169	163	172	298	309	118	213	200	110	200	160
107.033	244	441	417	235	123	210	325	354	473	483	326	200	114	151	140	188	212	-6	125	265	226	124	113
108.018	308	269	355	270	177	372	494	307	437	421	238	165	166	122	175	292	236	77	213	285	294	162	117
109.003	281	356	276	143	346	218	252	501	553	558	366	254	252	118	109	256	250	113	197	195	145	141	169
109.989	254	374	221	233	134	349	422	391	451	506	424	236	253	212	295	228	257	55	90	277	295	135	156
110.973	401	135	353	201	295	337	322	474	589	514	401	184	175	154	190	107	200	264	240	204	207	136	359
111.958	352	330	271	263	375	193	414	484	597	449	298	107	160	128	188	263	309	36	114	285	243	125	214
112.942	302	317	333	222	284	251	279	316	482	347	463	249	249	106	107	303	212	113	202	246	225	191	81
113.926	232	328	270	378	187	237	287	376	481	498	258	186	280	184	165	146	236	161	246	210	149	105	241
114.91	433	387	348	196	339	319	439	370	647	485	467	165	205	104	174	131	250	70	117	199	233	119	119
115.894	203	406	288	307	167	302	319	494	683	459	318	220	221	196	120	213	171	242	187	222	158	110	228
116.878	328	345	373	282	255	332	460	426	557	400	345	241	195	57	134	96	142	95	79	232	172	108	125
117.862	385	377	362	181	278	255	278	449	622	370	322	98	98	166	190	141	221	95	150	340	302	140	179
118.845	7141	397	309	254	193	221	350	474	641	398	380	269	213	161	148	158	113	113	124	258	200	78	233
119.828	1451	357	333	146	158	214	282	538	574	415	243	150	201	196	211	217	235	81	71	231	310	114	104
120.811	307	324	250	285	257	282	424	429	611	446	265	207	129	76	95	131	187	122	201	147	250	147	61
121.794	300	372	318	141	284	187	329	418	651	394	249	81	183	64	213	217	278	123	96	220	131	109	192
122.777	397	319	224	142	294	243	280	421	552	512	367	198	110	162	199	225	293	136	158	213	173	175	223
123.759	360	294	334	404	354	239	360	400	466	446	453	190	229	135	169	266	265	113	85	95	75	131	-54
124.741	291	366	279	264	331	335	392	585	652	486	406	198	165	275	296	236	273	102	185	323	205	221	182
125.724	421	432	362	131	213	317	371	364	604	497	403	200	141	161	180	222	189	169	95	301	315	201	144
126.706	175	335	292	223	341	199	362	399	623	452	350	236	216	131	188	195	76	132	117	228	217	181	147
127.687	317	443	280	293	265	255	385	568	624	410	483	211	172	172	123	220	275	162	169	162	230	174	149
128.669	300	401	338	178	260	391	497	508	778	528	464	214	216	100	133	187	237	34	179	228	173	83	147
129.651	388	392	330	267	405	329	516	603	691	592	537	277	307	160	132	263	226	102	159	313	330	199	62
130.632	289	386	443	232	293	413	515	558	749	507	465	159	144	218	244	139	274	185	222	236	174	200	100
131.613	471	585	401	302	257	253	498	540	801	715	507	172	178	211	257	197	290	171	156	244	302	109	227
132.595	311	420	390	296	268	248	480	572	741	552	491	213	182	335	244	314	221	-77	100	199	217	177	197
133.575	340	471	439	228	322	284	318	620	782	651	449	231	181	225	227	197	187	179	125	204	170	131	26
134.556	360	437	351	323	210	258	483	579	842	474	585	292	213	162	161	247	349	157	114	249	212	147	17
135.536	426	497	401	308	437	269	440	615	786	597	375	117	242	65	172	334	236	101	252	323	322	108	177
136.517	448	340	449	226	386	269	452	611	838	651	392	354	193	266	165	213	281	90	231	198	225	144	154
137.497	520	431	323	300	428	413	564	775	868	537	576	261	214	260	320	184	172	88	121	399	316	106	77
138.477	351	637	466	330	429	361	469	664	915	632	436	160	181	146	86	238	341	235	154	200	234	114	227
139.457	411	441	490	361	378	482	579	658	942	712	502	250	199	178	185	314	302	54	46	187	233	65	255
140.437	389	363	422	201	487	374	612	755	1092	718	538	214	235	84	150	197	138	74	124	149	117	130	252
141.416	385	491	385	336	411	434	699	798	1117	848	571	183	224	186	249	138	105	92	123	140	209	208	259
142.395	622	435	433	360	583	515	710	849	1218	841	599	258	204	235	200	99	300	4	108	367	182	258	157
143.375	397	471	519	402	499	406	695	850	1267	794	495	357	304	163	146	272	175	160	197	191	312	95	179
144.354	644	723	582	402	665	443	850	833	1293	843	667	348	466	203	168	173	183	29	105	306	292	35	177
145.333	527	609	549	506	656	490	757	1099	1475	946	652	269	231	78	14	182	254	179	199	222	149	167	130
146.311	560	711	567	455	710	617	1021	1257	1707	1085	771	387	342	300	183	144	255	142	211	336	353	107	99
147.29	640	624	585	532	662	481	895	1187	1695	1149	742	381	171	147	276	309	383	125	128	267	217	176	143
148.268	779	930	636	466	777	655	994	1252	2028	1171	713	210	214	178	227	229	165	179	131	172	288	151	146
149.246	669	930	780	630	943	821	1235	1460	2077	1442	848	236	323	249	312	277	295	99	190	280	211	97	219
150.224	813	841	908	645	877	790	1435	1769	2353	1486	949	500	326	308	186	268	263	231	235	430	279	169	211
151.202	730	768	1020	802	796	843	1451	1614	2335	1664	1086	444	447	239	220	296	202	81	152	330	235	165	224
152.18	862	1058	1164	850	1039	926	1562	1921	2923	1774	1150	422	486	274	204	277	332	78	219	295	175	149	123
153.157	926	1265	1107	865	1194	852	1798	2162	3122	2208	1437	452	423	280	313	193	242	129	183	298	294	121	176
154.135	1063	1283	1161	1007	1268	1106	2058	2375	3389	2248	1403	446	452	295	298	211	206	51	123	408	351	232	200
155.112	1311	1489	1360	1048	1376	1223	2321	2768	3956	2484	1526	567	449	423	337	313	230	157	396	337	307	158	219
156.089	1256	1595	1608	1252	1586	1311	2735	3035	4429	2879	1662	657	525	339	480	316	451	125	192	293	321	195	338
157.066	1468	1850	1853	1392	1851	1681	3106	3368	4870	3242	2015	764	596	387	457	333	335	206	142	340	277	365	226
158.043	1549	1941	2025	1491	2102	1745	3254	3702	5837	3480	2065	832	592	423	444	394	401	81	168	422	361	206	63
159.019	1879	2219	2345	1712	2340	2025	3729	4250	6472	4018	2453	943	690	474	384	475	285	155	254	357	145	221	299
159.995	2220	2671	2624	1964	2836	2103	4395	5064	7402	4693	2766	1027	855	413	487	410	386	164	156	320	251	276	174
160.971	2157	2834	3016	2223	3148	2628	4956	5970	8758	5296	3019	1066	805	595	462	542	568	120	309	432	382	228	299
161.947	2614	3343	3456	2492	3442	2862	5671	6512	9481	5885	3386	1292	1015	529	456	533	552	173	132	356	398	447	250
162.923	3027	3821	3839	2917	4187	3349	6341	7719	11141	6817	3944	1471	1171	636	613	578	424	67	166	497	318	260	406
163.899	3424	4218	4414	3296	4497	3705	7386	8813	12948	7663	4553	1849	1289	691	581	484	606	110	197	530	329	228	378
164.875	3756	4912	5121	3558	5155	4166	8349	9871	14687	8836	5004	1970	1544	691	742	697	676	143	237	504	403	259	385
165.85	4406	5392	5954	4210	5872	4853	9318	11334	16528	10031	5931	2012	1601	759	662	751	727	233	365	506	481	458	382
166.825	4939	6372	6591	4852	6739	5506	10681	12863	19429	11268	6712	2457	1850	774	870	825	766	177	295	538	426	302	467
167.8	5582	7088	7346	5385	7682	6318	12307	14688	21636	13194	7729	2972	2134	968	902	788	841	203	372	694	437	474	518
168.775	6449	8258	8427	6095	8799	7041	14058	16433	24681	14946	8549	3159	2300	1172	1004	990	953	203	313	712	554	446	489
169.75	7056	9029	9384	6889	9794	8181	15748	18968	28325	16814	9701	3373	2563	1282	1117	994	968	222	317	717	597	491	617
170.724	12769	10188	10840	7649	11188	8957	18059	21432	31417	18915	11049	3982	2971	1428	1430	1368	1079	159	321	934	798	492	668
171.698	9088	11585	12286	8807	13040	10213	20270	24127	35544	21364	12093	4473	3392	1438	1342	1360	1222	267	423	927	727	570	757
172.673	13573	13344	13934	10127	14252	11476	22658	26557	39814	24123	14030	5092	3760	1712	1510	1418	1454	158	429	987	740	629	802
173.647	22193	14524	15091	11245	15942	12774	25239	29946	44070	26763	15540	5602	4107	1973	1726	1492	1584	296	522	1194	943	737	851
174.621	34570	16295	17101	12381	17419	14046	28248	33112	48900	29572	17200	6229	4598	2269	1952	1815	1717	257	579	1259	903	703	1100
175.595	14211	17981	18551	13803	19637	15668	31624	36975	54699	32874	19125	6844	4873	2409	2025	1990	1792	374	570	1461	1054	806	960
176.568	15345	19698	20683	15047	21178	17018	34155	40595	59694	35688	21098	7485	5509	2554	2351	2163	2067	300	537	1460	1133	893	1260
177.541	16461	21702	22111	16510	23078	18855	37860	43931	64890	39475	22614	8181	5916	2855	2469	2305	2143	355	611	1475	1003	952	1180
178.514	17917	23454	23992	17661	24846	20497	40957	47491	70567	42811	24870	8678	6586	3267	2751	2333	2395	264	532	1624	1293	930	1287
179.488	19136	24888	26179	19412	27440	22217	43809	51920	75367	46123	26937	9453	6900	3365	2809	2691	2479	350	573	1848	1323	910	1401
180.46	20555	27244	28288	20744	29054	23895	47252	55558	82063	50168	28956	10286	7439	3673	3021	2895	2734	348	589	1994	1505	1208	1546
181.433	21859	29022	29906	22230	31013	25253	50090	58306	86796	53598	30117	10677	8064	3741	3286	2978	3042	333	673	2216	1488	1242	1603
182.406	23306	30216	31531	23417	33149	26578	52885	62364	91491	56448	32308	11494	8344	3980	3461	3279	3102	344	662	2130	1546	1216	1691
183.378	24741	31857	33008	24616	34883	28367	55842	65434	96326	58780	33976	12000	8610	4100	3480	3266	3237	527	888	2242	1537	1299	1704
184.35	25940	33254	34340	25712	36288	29246	57847	67786	99854	61622	34908	12450	9093	4495	3764	3526	3338	407	746	2260	1686	1429	1815
185.322	26215	34538	35749	26676	38156	30160	60300	70521	104744	63952	36675	12967	9361	4474	3891	3566	3383	405	824	2441	1646	1448	1824
186.294	27275	35346	37236	27598	39282	31355	62583	73732	107481	66307	37936	13391	9380	4730	4116	3604	3476	520	753	2434	1832	1378	1974
187.266	28385	36528	38200	27776	40241	32096	64459	74673	111217	68108	39301	13731	10016	4540	4119	3649	3510	476	835	2634	1883	1574	1965
188.238	29452	38320	39661	28780	41176	33065	65931	76930	114174	70160	40040	14128	10273	4981	4228	3820	3737	412	876	2601	1949	1493	2030
189.209	29861	39365	39912	29788	42494	34045	68156	79157	117317	71522	40695	14352	10522	5043	4148	3873	3742	370	824	2596	1818	1624	2106
190.18	30657	39770	40738	30159	43200	34659	68451	80684	119131	72425	41854	14572	10453	5004	4452	3929	3831	351	792	2781	1947	1477	2173
191.151	31209	40717	41850	30563	43768	35187	69766	81785	121202	73723	42506	15202	10856	5178	4407	3977	3794	437	915	2763	1953	1664	2110
192.122	31441	41027	42091	30764	44270	36063	70956	83003	122704	75137	43069	15084	11068	5158	4530	4066	3910	346	891	2792	1981	1737	2133
193.093	31225	41204	42434	31112	44603	35965	71781	83459	124305	75211	43661	15384	11202	5258	4586	4081	4075	351	877	2977	2138	1658	2196
194.063	31344	40962	42262	31470	45271	36114	72548	83420	124421	75337	43677	15243	11162	5361	4604	3947	4011	482	901	2962	2082	1656	2358
195.034	31881	40890	42748	31519	45421	37077	72452	84388	125523	75260	43930	15552	11319	5344	4648	4273	3932	488	1094	2816	2182	1737	2232
196.004	31912	41648	42112	31806	46064	36873	73058	85550	126409	76034	43671	15354	11230	5132	4463	4104	3849	533	969	2912	1873	1625	2336
196.974	31797	41528	42584	31815	45917	36893	73552	85924	127021	76912	44398	15678	11344	5411	4587	4192	4099	466	885	2922	1921	1643	2316
197.944	32135	41721	43484	32093	46359	36688	73856	86065	126866	77036	44408	15465	11336	5265	4550	4202	3996	513	1068	2857	1880	1792	2323
198.914	32180	42110	43131	32229	46964	37045	73983	86022	127850	76929	45099	15539	11347	5276	4571	4132	3956	448	896	2858	1983	1494	2174
199.883	33018	42478	44125	32382	47043	37290	74279	86929	129996	78389	44678	15816	11532	5393	4493	4273	4014	466	886	2998	2130	1691	2159
200.852	32795	42856	43501	32699	46752	37772	74656	86904	130208	78008	45339	16072	11522	5396	4624	4223	4103	676	1068	2887	1968	1692	2355
201.822	33088	43584	44113	32858	47251	37532	74850	87339	129775	78885	44763	15968	11567	5355	4648	4216	4026	648	1059	2907	2112	1740	2273
202.791	33404	43424	43982	32869	47346	37822	75487	87449	131755	78777	45572	16002	11610	5427	4736	4099	4151	611	906	3076	2129	1739	2473
203.76	33157	43899	44648	33351	47355	37833	75157	88611	131205	78692	45898	16245	11598	5480	4794	4273	4147	527	989	2927	2079	1800	2280
204.729	33134	44557	45050	33878	47791	38416	75593	88814	131214	79173	45508	16408	11672	5318	4709	4279	3991	510	996	3004	2101	1689	2283
205.697	33134	44182	44557	33434	47562	38090	75368	88816	130802	79316	45519	16304	11822	5580	4694	4365	4120	625	1040	3085	2155	1756	2473
206.666	33061	44124	45014	33572	48101	38348	75913	89709	131320	79570	45594	16298	11588	5343	4602	4265	4087	576	978	3140	2101	1620	2332
207.634	33722	43879	45365	33588	47823	38309	76176	89696	131399	80287	46260	16228	11740	5400	4750	4341	4106	575	1058	2913	2076	1818	2164
208.602	33613	43774	45155	33341	47750	38537	75716	89575	131018	79756	45958	16100	11790	5455	4806	4236	4007	503	1035	2868	2175	1699	2369
209.57	34107	44041	45832	33974	48169	38577	76971	90432	131325	81216	46529	16408	11916	5574	4712	4391	4173	551	996	3112	2092	1592	2226
210.538	34745	44338	46015	34458	48258	38824	77790	91360	134055	81195	47010	16481	11900	5555	4761	4289	4161	510	999	2871	2237	1673	2303
211.505	34828	44560	46155	34372	48928	39268	77533	91427	134121	82052	47398	16716	11991	5577	4489	4354	3982	523	1043	2951	2074	1708	2359
212.473	34720	45023	46700	34542	49031	39616	78727	92032	134868	82518	47672	16446	12054	5809	4904	4241	4116	552	1031	3263	2236	1623	2487
213.44	35124	45307	46683	34820	49442	39897	78486	91990	135096	82423	48329	16812	12248	5606	5144	4481	4097	509	867	2963	2051	1805	2530
214.407	35348	45751	46865	35168	49920	40139	79442	92596	135990	83353	48014	16818	12027	5626	4911	4359	4337	533	975	3253	2303	1731	2566
215.374	35771	46183	46872	35553	50357	40354	80241	93152	136598	83397	48518	17106	12269	5784	4981	4154	4193	610	1065	3102	2181	1895	2403
216.34	35397	46106	47151	35810	50349	40275	80218	93941	136926	83180	48326	16549	12261	5692	4951	4533	4306	550	1120	3193	2158	1853	2451
217.307	35491	46658	47099	35825	50509	40952	80717	94384	137917	84362	48399	17127	12364	5710	4916	4401	4347	330	853	3083	2064	1831	2478
218.273	35942	46852	47642	36071	50186	40759	80528	94688	138866	85217	48846	17478	12600	5512	4937	4574	4286	565	1124	3231	2243	1869	2470
219.24	36145	46792	48067	35928	50924	40666	80621	95248	138887	85435	49032	17007	12379	5753	4970	4519	4122	560	1052	3297	2416	1815	2287
220.206	36501	47201	48441	36434	51292	41313	81260	95482	139875	86117	49682	17284	12146	6005	5146	4559	4335	459	1110	3158	2147	1893	2377
221.172	37073	47811	48176	36622	51693	41784	81675	95938	140550	86529	49385	17286	12593	5726	5078	4527	4252	523	993	3378	2233	1817	2349
222.137	37219	47898	48898	36637	52491	41945	82927	96826	142799	87640	50590	17779	12764	5898	5101	4575	4285	536	1035	3282	2219	1814	2469
223.103	37310	48385	49376	36919	52803	42266	83962	97917	144509	88330	51031	17862	12687	5747	5182	4560	4421	574	1121	3143	2164	1786	2506
224.069	37513	48627	50170	37189	52635	42526	83932	98382	144223	88702	51415	18051	12898	6030	4904	4606	4233	516	984	3349	2366	1905	2473
225.034	37735	49689	49983	37596	53031	42055	84206	98808	144816	88682	51494	18043	12835	6058	5256	4632	4557	550	1045	3371	2371	1892	2537
225.999	38323	49121	50209	37754	53703	42354	85038	99594	147144	89672	51772	17902	13000	5988	5142	4644	4514	604	1090	3450	2340	1943	2501
226.964	38123	49851	50701	38192	53556	42657	84651	101184	148464	89636	52115	18135	13157	6007	5257	4512	4379	467	1027	3395	2223	1648	2410
227.929	38527	49682	50517	38229	53916	42553	85288	100370	147236	89665	51594	18371	13042	6153	5158	4728	4445	352	1050	3419	2343	1913	2591
228.893	38926	50035	50764	37981	54148	43126	86180	100761	147414	91009	52375	18455	13209	6132	5234	4624	4464	571	1199	3370	2357	1768	2519
229.858	38789	49984	51043	38769	54243	43486	85750	100829	148413	90674	52564	18647	13019	6031	5250	4832	4601	473	986	3630	2294	1976	2383
230.822	38755	49947	50855	38855	54379	44287	85969	100660	147672	91372	52558	18515	13266	6096	5217	4900	4439	599	1131	3377	2258	2043	2528
231.786	39116	50719	51086	38970	55469	43578	86205	101771	149806	92136	53665	18693	13289	6217	5300	4763	4531	587	1172	3269	2227	1990	2650
232.75	39603	51142	52130	39105	55304	44663	87370	102810	151005	93157	53802	18951	13392	6459	5402	4594	4651	472	1064	3569	2374	1912	2637
233.714	39012	50908	51530	39327	55421	44850	87515	102752	151034	92754	53552	18747	13283	6235	5309	4828	4394	661	1099	3514	2467	2023	2726
234.678	39268	51084	52093	39286	55655	44734	88080	103476	152432	92826	53630	18793	13182	6281	5310	4771	4628	557	1051	3572	2376	1961	2539
235.641	39199	51349	51711	39779	55248	44699	87684	103209	152635	93047	53398	19101	13577	6241	5242	4742	4604	597	1004	3696	2282	1846	2560
236.605	38834	51032	51701	39997	55227	44210	87021	103291	152294	92731	53324	19024	13401	6261	5192	4818	4677	480	995	3511	2348	1844	2558
237.568	39089	51397	51817	39750	55048	44139	87197	103489	152895	93416	53653	18924	13242	6236	5416	4971	4574	611	1159	3440	2240	1802	2694
238.531	39333	50879	51247	39174	55225	44378	87002	103408	153793	93451	53612	19210	13408	6181	5210	4739	4669	538	1032	3648	2431	1953	2650
239.494	38817	50890	51629	39399	55361	44102	86798	102627	152461	92917	53372	19074	13417	6224	5228	4589	4521	603	1131	3490	2326	1807	2631
240.456	39799	51130	51778	39572	55525	44724	86743	103187	153058	93712	53584	18920	13353	6153	5356	4890	4597	547	1034	3481	2330	1909	2681
241.419	39101	51227	51747	39135	55504	44659	86645	103869	152167	93269	53449	18828	13510	6327	5143	4741	4666	607	934	3429	2369	1708	2551
242.381	39152	51235	51301	39039	55296	45064	86788	103648	152545	93328	53828	18792	13464	6270	5184	4848	4688	546	1170	3842	2361	1969	2641
243.343	39479	51123	51375	39146	54527	44741	87290	103471	151950	93133	53662	19003	13365	6193	5394	4595	4598	590	1107	3659	2248	1889	2768
244.305	39018	50853	51468	39117	54957	44166	86391	102696	150935	92856	53556	18697	13369	6325	5228	4830	4370	492	1134	3645	2271	1876	2649
245.267	39012	50589	51500	38812	54607	44525	87355	102411	151620	93536	53438	18845	13485	6440	5339	4953	4458	579	1051	3581	2245	2019	2483
246.229	38031	50587	51129	38522	54079	43713	85699	101703	151985	92346	53061	18519	13057	6145	5150	4731	4613	515	1024	3565	2296	1788	2539
247.19	38480	50154	51172	38808	54101	43675	85395	101668	150318	91523	52754	18620	13310	5869	5101	4628	4228	620	1109	3587	2441	1930	2613
248.152	37813	50253	51155	38259	53636	43647	84978	100664	149599	90997	52491	18795	13318	6027	5024	4891	4614	521	1101	3443	2323	1750	2502
249.113	37929	49986	50577	37831	53880	43160	84509	100971	148545	91167	52344	18398	13183	6271	5411	4421	4293	551	1050	3493	2430	2069	2557
250.074	37939	50160	50386	38428	54121	43431	84688	100559	148487	90694	52349	18272	13154	5896	5161	4670	4344	640	1098	3651	2529	1837	2521
251.035	38295	50003	50300	37675	53587	43317	84247	99831	148830	91462	52527	18224	12996	6030	5180	4652	4462	638	1088	3489	2293	1775	2499
251.996	37927	49962	50310	37467	54276	43008	84097	99528	147763	90927	52252	18293	13076	5869	5144	4646	4387	495	1087	3490	2298	1816	2502
252.956	38245	49456	50343	37952	53701	42847	84511	100121	147817	90965	52795	18393	13116	6034	5341	4562	4331	549	1001	3451	2353	2018	2506
253.916	37208	49399	49815	37274	53256	42760	82986	98465	146716	89936	51419	18268	12761	5774	4860	4733	4276	581	1100	3529	2325	1946	2368
254.877	37423	49460	49964	37738	53357	42634	83773	98854	146185	89954	51660	18207	12961	5867	4875	4592	4332	692	957	3616	2221	1668	2458
255.837	37284	49165	49330	37079	52879	42315	82491	97804	145676	88960	51550	17928	12753	5924	5073	4316	4059	524	993	3647	2386	1881	2552
256.797	36774	48688	48867	36882	52171	42431	82162	97678	144796	88739	51738	18005	12705	5999	4989	4480	4236	557	1152	3466	2287	1710	2625
257.757	36741	48746	48778	36663	51861	42185	81757	97457	144876	88282	50648	17936	12885	5875	5138	4653	4254	512	974	3406	2262	1797	2603
258.716	36677	48742	49071	36839	51944	42470	82047	96384	144777	88935	51084	17969	12805	5572	4774	4407	4346	550	981	3306	2200	1741	2253
259.675	36605	48215	48869	36374	51709	41920	81815	96469	144304	88803	50653	18049	12630	5899	5067	4355	4284	528	998	3466	2198	1739	2516
260.635	37022	48938	49064	36416	52060	41798	81736	96541	144168	89040	51185	17941	12789	5867	4863	4493	4470	556	1081	3475	2273	1929	2634
261.594	37165	48199	48509	36454	51816	42201	81721	97088	143983	88705	51228	18129	12571	5669	5020	4362	4190	543	891	3436	2319	1686	2430
262.553	36785	47582	48350	36312	51966	41730	81314	95893	143006	89050	51259	17916	12846	5813	5013	4384	4245	528	964	3516	2336	1793	2411
263.511	36897	47351	48200	36137	51946	41248	81384	95697	142554	88147	50778	17843	12899	5658	5040	4519	3984	626	1069	3409	2166	1723	2397
264.47	36266	47240	48194	36317	51677	41524	80361	95461	142212	87928	50755	17822	12403	5835	4913	4383	4293	447	1051	3434	2230	1687	2396
265.428	36211	47014	47595	36185	52371	41004	80580	95669	142451	88195	50903	17706	12483	5636	4826	4594	4172	505	919	3360	2339	1644	2516
266.387	35940	46689	47853	35607	50918	40430	79757	94884	141803	87520	50162	17606	12437	5673	4978	4406	4202	608	1001	3404	2249	1645	2469
267.345	36201	47535	47924	35974	50960	41126	80675	95101	142282	87900	50231	17648	12530	5669	4770	4537	4325	575	1103	3204	2234	1775	2319
268.303	36281	47061	47693	36235	51267	40850	79933	95767	141471	88214	50597	17504	12574	5923	4961	4443	4128	520	956	3442	2148	1886	2499
269.261	36560	47478	48160	36018	51491	41194	80594	95756	142625	88477	50473	17630	12672	5644	4843	4175	4013	697	1147	3332	2335	1788	2477
270.218	36386	47594	48202	36140	51646	41333	80693	95940	142172	88322	50566	17743	12867	5877	4933	4288	4199	486	1028	3510	2193	1693	2296
271.175	36755	48135	48088	36791	51753	41507	80531	96216	143006	88979	50683	17969	12597	5864	5107	4358	4164	588	958	3382	2298	1910	2377
272.133	36846	47899	47744	36684	51467	41858	80852	96513	143227	88420	50818	17537	12653	5596	4827	4485	4292	606	1110	3534	2159	1920	2416
273.09	36877	48137	48243	36641	51849	41822	80838	96531	143194	89136	50833	17825	12448	5623	4983	4348	4309	450	961	3442	2216	1738	2342
274.047	36697	47188	47515	36501	51574	41638	80868	96684	143343	88610	50875	17844	12497	5803	4838	4544	4329	558	1126	3587	2339	1737	2306
275.004	36845	47796	47868	36168	51558	42069	80989	96602	143536	88594	50783	17766	12568	5737	4861	4519	4115	584	1064	3453	2236	1817	2429
275.96	36715	47204	48163	35931	51238	41961	81206	96393	142247	87987	51033	18033	12543	5540	4861	4482	4221	446	901	3570	2142	1770	2457
276.917	37136	48405	48259	35934	51885	41694	82139	97237	144243	88120	51387	18099	12882	5857	4957	4506	4077	603	1130	3585	2200	1844	2544
277.873	37592	48219	48319	36481	51849	41978	81662	97289	144448	88893	51439	17860	12596	5796	5112	4458	4318	568	1063	3554	2212	1932	2400
278.829	37253	49219	48520	36875	51653	41899	82474	97812	144571	89470	51548	17861	12819	5710	5005	4549	4273	628	1191	3547	2251	2000	2600
279.785	37202	49438	48410	37120	52277	42388	82538	98268	146727	89949	51849	18280	12728	5745	4869	4440	4353	558	1151	3576	2255	1980	2525
280.741	37595	49900	48864	36780	52193	41964	83302	98427	146408	90130	51646	18179	13139	5781	5043	4372	4243	531	1023	3713	2323	1964	2510
281.697	38104	50140	49402	37052	52426	42602	83386	98711	147416	91039	52235	18303	13196	5875	5088	4411	4295	586	1131	3670	2224	1834	2646
282.652	37654	50232	48945	37323	52685	42756	84583	99352	147260	91013	52412	18234	13284	5991	5090	4494	4203	642	1113	3843	2549	1957	2580
283.608	37399	49403	49206	37157	52425	42772	84066	99472	147631	91392	52213	18482	12861	5827	5079	4625	4466	655	1164	3823	2287	1921	2641
284.563	37913	49851	49571	37195	52744	43085	83606	99996	147845	91198	52333	18594	13008	5802	4973	4449	4339	469	1134	3884	2457	1825	2597
285.518	37804	50273	49347	37516	53096	43253	83857	99509	147233	91518	52033	18508	12998	5861	5045	4586	4471	670	1069	3844	2434	1879	2658
286.473	38078	49850	49424	37297	53439	43398	84894	100137	147231	91167	52430	18414	12969	5842	4796	4402	4364	518	1102	3606	2436	1954	2772
287.428	37770	50168	49243	37731	53330	43058	84479	99743	147997	92234	52672	18505	13216	5835	5246	4451	4406	609	996	4069	2415	1769	2685
288.382	38088	50059	49262	37675	53223	43240	84085	99617	147635	91455	52199	18449	13201	5978	5065	4608	4336	575	1057	3718	2491	1961	2613
289.336	38433	50655	50005	37827	53795	43806	85449	100862	149983	92896	53045	18682	13208	5800	5166	4573	4449	599	1064	3908	2316	1947	2653
290.29	38682	50752	49582	37855	54196	43649	85482	100718	148894	92969	52926	18611	13046	5898	5105	4502	4184	629	1123	3846	2381	1953	2595
291.245	39329	51170	50674	38792	54700	44732	86175	101362	150425	94107	53950	18850	13341	5884	5045	4491	4414	525	1111	3968	2376	1948	2530
292.199	39317	51548	50745	38517	53742	44254	85572	101452	151754	93468	53863	18763	13322	6068	5255	4797	4429	581	1038	3779	2329	1942	2554
293.152	39259	51655	51147	38548	54508	44059	85834	101318	151228	94007	54117	18877	13627	6092	5079	4728	4440	680	1115	3879	2422	1813	2458
294.106	39304	51339	50635	38236	54346	44193	86521	101396	150407	94411	53937	18938	13086	5965	4979	4603	4318	476	1091	3731	2245	1840	2512
295.059	39308	51804	50943	38593	54529	44484	85988	102127	151518	93969	54044	18489	13170	5963	5033	4610	4252	521	1010	3784	2199	1944	2709
296.012	39880	51845	50477	38345	55250	44864	86469	102411	152778	94600	54659	18891	13453	5977	5058	4584	4193	620	1158	3866	2377	1957	2613
296.966	39554	51129	50056	38294	53859	44075	86360	101801	151402	93667	54088	18843	13414	5935	5092	4504	4198	547	1101	3864	2405	1956	2624
297.918	39370	51693	49957	38351	54665	44818	85801	102819	152317	94011	54280	18962	13352	5825	5250	4630	4398	558	1033	3857	2378	1975	2655
298.871	39536	51402	50611	38817	55128	44354	86261	102664	152592	94238	54326	18539	13008	5966	5075	4570	4385	523	1073	3748	2369	1822	2564
299.824	38479	51274	50745	38576	54901	43946	86022	102107	151604	94350	53886	18665	13472	5935	5093	4489	4332	610	975	3942	2352	1872	2500
300.776	39344	51523	50921	38518	54572	44857	86796	102473	152624	93890	54660	18967	13310	5901	4996	4518	4278	603	982	3786	2432	1815	2454
301.728	39509	51520	50812	38771	55319	44750	86732	102654	152630	94931	54201	18698	13455	5936	5159	4587	4475	584	1107	3762	2305	1948	2585
302.68	39668	51253	50986	38276	54781	44563	87272	102075	152947	94671	54468	18640	13414	6116	4981	4628	4430	758	1155	3835	2454	1829	2542
303.632	39420	51865	51182	38205	54788	44192	86560	102562	152809	94640	54505	18856	13130	5941	4986	4463	4397	403	1072	3954	2362	1984	2559
304.584	39453	51768	51284	38609	55277	44563	87046	102337	151640	94930	54243	19016	13326	5995	5090	4620	4343	573	1111	3931	2407	1777	2460
305.536	39384	51871	51307	38888	55167	44541	86806	102289	151345	95214	54025	19168	13333	5812	5077	4556	4287	625	1119	3932	2419	1944	2639
306.488	39175	51744	50435	38866	54988	44091	86178	102467	152038	94300	54214	18666	13384	5960	5050	4420	4319	530	1078	3976	2423	1826	2553
307.439	39010	51590	50365	38186	54809	43929	85426	102031	150943	93760	54299	18830	13301	6083	5143	4579	4341	628	1110	4073	2448	1959	2654
308.39	38488	51258	49943	38453	54644	43765	85396	101359	150395	93549	54614	18897	13097	5761	4934	4584	4164	655	1078	3964	2355	1731	2628
309.341	38779	51224	50512	38677	54026	43922	85569	101205	149683	93107	53676	18839	13236	5928	4981	4632	4395	586	1055	3885	2185	1977	2555
310.292	38578	51176	50420	38053	53609	43362	84431	101240	150293	93263	54172	18245	12937	5985	4896	4633	4267	520	1094	4019	2524	1819	2650
311.242	38620	51042	50271	37583	53734	42975	84239	100929	148861	93113	53391	18612	13220	6168	5070	4352	4159	651	1068	3871	2314	1829	2628
312.193	38454	50878	50043	37718	53558	44170	85100	101274	149592	92495	53527	18505	13083	5948	5037	4511	4226	441	922	3860	2261	1814	2643
313.143	38368	51520	49931	38221	53728	44025	84958	101060	148878	92067	53785	18777	12969	5865	4820	4510	4420	678	1141	3972	2405	1851	2768
314.093	38587	51584	50101	37785	53921	44283	85451	101540	148982	92569	53387	18358	13324	5934	4992	4473	4287	508	1076	4119	2293	1788	2637
315.044	38445	51383	50143	38166	53832	43770	84931	100789	148643	92384	53224	18807	13035	5771	5000	4399	4315	662	1125	3838	2507	2029	2668
315.993	38366	51020	50046	37779	53651	44103	83967	100576	147649	92134	52574	18329	13192	5861	5045	4495	4184	737	1130	3901	2326	1960	2549
316.943	38497	50974	49507	37861	53483	43822	84054	99906	147391	92011	53164	18864	12903	5807	5091	4361	4234	560	994	4090	2470	1918	2610
317.893	37955	50651	49130	37666	53108	43099	83783	100047	146552	91612	52584	18385	12663	5731	4941	4483	4288	495	1000	4031	2267	1951	2745
318.842	38197	50791	49505	37471	53036	42877	82540	99456	146038	91293	52390	18143	12660	5703	4867	4511	4192	580	1047	3907	2460	1914	2617
319.791	38287	51026	49317	37607	53041	43174	82427	99505	146106	91344	52406	18388	12908	5833	4886	4399	4174	559	1103	3821	2356	1995	2624
320.74	38365	50845	49365	37510	52975	43262	82786	98958	145714	91149	52262	18148	12899	5756	4725	4275	4292	687	1090	3906	2229	1930	2643
321.689	38762	50453	49026	37560	52808	42985	83699	99344	145463	90547	52410	18319	12831	5839	4998	4576	4123	615	1027	3928	2442	1988	2777
322.638	39146	50539	49276	37592	53050	42501	83829	98685	145752	91871	52292	18384	12783	5523	5083	4466	4315	580	1035	4020	2246	1741	2805
323.586	38865	50673	49374	38030	52856	42451	83096	98944	145059	91295	51947	18178	12965	5744	4906	4460	4171	521	1087	4199	2391	1999	2622
324.535	38878	51096	49495	37744	52895	42281	83012	99807	145711	91892	52867	18291	12673	5598	4850	4135	4073	501	927	3993	2308	1992	2784
325.483	38572	50446	49316	37386	52972	42981	82709	99084	144525	91600	52318	18435	12817	5663	4710	4362	4191	558	1217	4115	2327	2024	2719
326.431	38764	50592	49146	37123	52773	43072	82274	98867	145099	91005	52310	18142	13000	5776	4991	4487	4284	534	995	4139	2356	1872	2827
327.379	38418	50656	49258	36886	52299	42325	81362	98428	144791	90070	51696	18136	12756	5647	4722	4368	4051	522	1078	4057	2343	1939	2838
328.327	38749	51057	49289	36951	52677	42527	82079	98145	145048	90531	52294	18087	12786	5560	4931	4338	4261	681	1091	4295	2370	1812	2811
329.274	38249	50677	49761	37199	51756	42677	81652	98281	144565	89596	51894	17594	12724	5523	4746	4375	4245	574	1073	4149	2387	2007	2524
330.222	38351	50916	49482	37335	52263	42579	81612	98176	144744	89985	52382	18413	12604	5674	4913	4233	4215	598	1132	4088	2437	1875	2727
331.169	38000	50922	49249	37636	52585	42843	82297	97615	145560	90142	52430	18142	12774	5717	4774	4280	4234	638	1258	4305	2651	1935	2775
332.116	38185	51011	49338	37791	52557	43044	82299	98563	145302	90437	52473	18290	12729	5571	4901	4357	4333	647	1097	4392	2544	1966	2979
333.063	38232	50794	49099	37412	52432	42567	81847	98375	145329	89879	52355	18092	12832	5417	4796	4344	4287	586	1136	4414	2483	1962	2801
334.01	38317	50674	49901	37314	53010	42629	82339	98682	145734	90139	52527	18094	12818	5547	4629	4367	4255	573	1153	4365	2478	2037	2849
334.957	38273	50423	49753	37208	52776	42585	82413	98024	144786	91046	51855	17980	12893	5769	4752	4171	4262	565	1155	4396	2619	2074	2990
335.903	38951	50771	49686	37429	52266	42697	81546	98297	145709	90889	52284	18323	12975	5664	4942	4333	4202	703	1110	4397	2671	2008	3076
336.849	38929	51460	49822	37539	52509	42692	81930	98888	145433	91040	51916	18292	12618	5534	4671	4463	4431	620	1095	4546	2701	2043	2831
337.796	39054	50586	49670	37830	52336	42356	81560	97500	145301	90125	51756	17878	12741	5792	4769	4359	4311	535	1092	4600	2573	2208	2933
338.742	39410	51407	50285	37275	53149	42296	82933	98051	145759	90802	51783	18370	12712	5651	4873	4363	4417	565	1183	4539	2623	2213	2898
339.688	39658	51697	49999	38394	53578	42804	82852	98904	146262	91239	52079	18225	12729	5715	4821	4331	4355	593	1074	4658	2758	2063	2873
340.633	39908	51414	50787	38204	53522	43083	82970	97993	146740	91284	52372	18706	12836	5754	4883	4440	4548	533	1160	4592	2733	2132	2944
341.579	40128	52767	51125	38530	54081	43314	83254	98959	146368	91758	52583	18621	12783	5536	4808	4707	4546	549	1156	4517	2658	2087	2831
342.524	40547	52578	51300	38857	54571	43389	83676	99388	146205	92137	52384	18480	12990	5686	4912	4558	4472	752	1252	4792	2794	2186	2827
343.47	41469	52939	52153	39320	54150	43625	83814	99426	147020	92250	52602	18671	13150	5873	4936	4578	4409	593	1083	4600	2702	1939	2948
344.414	41772	53931	52682	39535	54672	43985	83276	99565	147021	92240	52456	18315	12950	5835	4969	4453	4555	676	1224	4494	2513	2035	2858
345.359	42416	54159	52542	39564	54764	43542	83347	99537	146566	92205	52384	18389	12838	5821	4913	4597	4650	537	1123	4532	2641	1896	2616
346.304	42382	54805	52871	39437	54872	43775	82918	99125	146005	91354	53183	18045	12895	5876	4834	4462	4589	674	1121	4645	2682	1994	2576
347.249	43744	55632	53410	40373	55290	44039	83147	99332	147249	93015	53394	18100	12756	5850	4975	4519	4596	578	1110	4354	2498	1793	2633
348.193	44220	56423	54206	40153	55600	44448	83034	99832	147361	93334	53024	18313	12474	5808	5061	4598	4445	679	1009	4281	2529	1851	2693
349.137	44907	57489	54599	41037	55959	44524	83652	100356	148268	94069	53420	18217	12309	5848	4894	4618	4522	483	1079	4284	2419	2054	2566
350.081	44987	57455	55221	41237	56780	44473	84633	101006	148716	94142	53177	18445	12969	5886	5096	4474	4130	582	1058	4173	2290	1754	2588
351.025	45260	58987	55574	41392	56590	45088	85258	101529	149216	94636	53315	18985	13106	5841	4950	4446	4407	626	1028	4161	2394	2025	2773
351.969	45488	58229	55410	41620	56688	44644	85362	101315	149151	93862	53467	18638	12848	5823	4819	4510	4070	592	953	4287	2407	1803	2555
352.913	45302	58014	55302	41143	56813	44651	84940	102079	149392	93986	53808	18686	12826	5837	4955	4277	4280	543	1013	4194	2279	1792	2485
353.856	44843	57562	54581	41442	56444	44290	84621	101614	149462	93996	53435	18298	12974	5929	4902	4396	4224	581	1014	3970	2293	1817	2444
354.8	44094	56393	54404	40747	56155	44149	84134	102134	148817	93152	53865	18466	12845	5889	4746	4449	4328	574	947	4066	2206	1884	2470
355.743	42694	55484	53566	40626	56054	43933	84887	101226	148960	93550	53415	18455	12771	5701	4840	4198	4048	658	986	4103	2311	1787	2594
356.686	41537	53887	52425	39880	55273	43678	83813	101164	149140	92681	52988	18288	12811	5592	4885	4374	4212	594	1011	4006	2247	1814	2427
357.628	40858	53175	51429	39997	55631	44007	83702	101184	148318	92391	53368	18482	13080	5710	5013	4392	4201	580	993	4259	2316	1840	2403
358.571	39926	52186	50822	39665	55306	43801	83820	100718	149063	93288	53691	18528	12951	5900	4989	4491	4369	562	966	4015	2269	1813	2559
359.513	39518	52474	50107	39030	55297	44469	83967	101644	150068	93990	53447	18634	13000	5870	4818	4432	4184	563	1092	3973	2284	1897	2527
360.456	39557	52271	49901	39004	54974	44680	84222	101717	151148	93714	53878	18871	13163	5774	4868	4236	4233	552	1006	3815	2229	1880	2584
361.398	39301	52371	50448	39205	55189	44375	84647	101478	151278	94710	54371	19010	13113	5832	4897	4557	4170	583	1133	3957	2214	1796	2400
362.34	39349	51906	50478	39222	55578	45022	84844	102274	152744	95029	54671	19029	13323	5930	5120	4292	4055	669	1065	3912	2320	1659	2629
363.282	39131	51661	49902	38905	55049	44836	84820	100933	151454	94414	54010	19087	13080	5710	4956	4312	4317	509	956	3942	2250	1837	2527
364.224	38817	52150	50357	39029	54956	44175	84580	101288	150666	93767	53546	18999	13069	5627	4809	4262	4231	435	1000	3937	2083	1735	2446
365.165	38644	51779	49800	38314	54316	44439	84417	100911	149660	93078	53429	18639	12953	5772	4760	4433	4193	524	991	3895	2191	1683	2600
366.107	39063	51649	49698	38622	54074	43948	84407	100820	149723	94394	53625	18595	13137	5791	4909	4348	4233	573	1087	4046	2204	1821	2393
367.048	38657	51062	49430	38764	54398	43808	83755	100303	149506	92618	53329	18409	12924	5625	4868	4235	4132	619	940	3940	2002	1768	2358
367.989	38611	51670	49963	38499	54381	43491	83686	100556	150236	93410	53452	18671	12850	5831	4751	4431	4036	644	994	4010	2206	1786	2444
368.93	38484	51006	48969	38020	54458	43933	83771	100866	150118	93253	53172	19009	12876	5584	4903	4422	4109	635	1020	4006	2258	1702	2432
369.871	38862	51484	49647	38493	54338	44440	84317	101069	150811	94330	54360	18764	12836	5646	4880	4224	4090	509	996	4106	2165	1809	2592
370.811	39268	51171	48899	38650	55088	44203	83721	101301	150561	93917	54309	18743	12837	5751	4899	4359	4240	592	1008	3834	2261	1852	2552
371.752	38956	51118	48861	38891	54518	44588	84006	102115	149955	94235	53932	18639	13007	5597	4747	4416	4142	645	1140	3995	2185	1514	2547
372.692	39173	51441	49395	38831	54611	44721	84116	101108	149521	94059	54529	18613	12676	5768	5092	4131	4145	605	931	4115	2159	1776	2530
373.632	39066	51220	48980	38501	54523	44425	84044	100913	149624	94354	53587	18456	12776	5645	4736	4346	4266	681	1132	3894	2273	1750	2552
374.572	38825	50810	48602	38417	54393	44704	83564	101112	149935	93486	53673	18486	12692	5522	4825	4403	4248	489	909	3888	2153	1769	2347
375.512	38210	51267	48398	38691	54627	44290	84156	101235	148943	93168	53360	18229	12550	5753	4743	4239	3940	584	1148	3926	2241	1816	2350
376.452	37944	50576	47762	38376	53712	44161	83153	100125	146890	92547	52755	18375	12764	5724	4833	4151	4010	483	1075	3973	2107	1806	2370
377.391	38581	50566	48513	38479	54111	43983	83203	100439	148535	93142	53224	18250	12885	5503	4884	4227	4196	604	1039	4005	2226	1634	2436
378.33	38199	50388	48201	37924	53472	43513	83019	100013	147746	92370	52334	18382	12536	5678	4749	4313	4174	554	995	3902	2152	1702	2595
379.269	37628	50141	48008	37994	53223	43647	82874	98880	146899	91874	52930	18075	12542	5780	4705	4174	4073	547	988	4008	2059	1762	2312
380.208	37382	49906	47608	37765	53492	43879	82363	98851	146308	91645	52610	17936	12531	5346	4681	4211	4022	548	945	3967	2180	1695	2481
381.147	37652	50029	48296	37836	53362	43491	83155	99599	146375	91878	52794	18162	12697	5602	4814	4374	4126	562	939	3772	2233	1577	2427
382.086	37881	50377	47798	37733	53080	43445	83090	98718	146691	92743	52418	18104	12561	5606	4615	4260	4131	546	831	3978	2201	1950	2210
383.025	37799	50015	47966	37806	53682	43531	82968	99183	146291	92785	53209	18073	12537	5681	4672	4243	3942	441	968	3823	2143	1720	2409
383.963	37671	49406	48079	37638	53461	43056	82255	98416	145404	92128	52740	18367	12609	5610	4673	4161	4093	651	976	4032	2072	1713	2318
384.901	37699	49690	47188	37937	52978	43211	81919	98574	145181	91836	52353	17843	12566	5645	4661	4381	4167	566	1024	4062	2209	1802	2487
385.839	37517	49844	47538	37662	52996	43033	81678	98454	144629	91824	52609	17979	12744	5359	4710	4089	4009	489	888	3889	2096	1667	2343
386.777	38156	49757	47048	38055	53254	42778	81549	98094	144890	91802	52374	18258	12627	5537	4593	4254	3852	547	1031	3950	2171	1637	2449
387.715	37780	49668	47477	37955	52981	42766	81890	97525	145316	91786	52689	17787	12373	5558	4615	4126	4143	567	986	3820	2068	1713	2378
388.652	37915	49448	47129	37445	52523	43048	81703	97925	143910	91314	52514	18060	12363	5341	4562	4136	3972	780	1133	3965	2142	1931	2492
389.59	37180	49613	47269	37556	52763	42689	81848	97517	145141	90880	52635	18063	12470	5114	4664	4052	4175	567	1000	4141	2338	1702	2366
390.527	37714	49757	46855	37535	52832	42453	81430	97207	144064	90720	52071	17881	12274	5368	4661	4172	4010	545	888	3977	2138	1799	2434
391.464	37398	49664	47059	37673	52630	42242	80941	96430	144223	90429	51912	17789	12307	5466	4693	4113	4091	518	910	4040	2242	1663	2469
392.401	36908	49631	46518	37498	52564	42504	80766	97577	144089	90568	51484	17979	12437	5425	4740	4212	4023	596	1035	4040	2136	1770	2387
393.338	37010	49222	46674	37232	52367	42493	80976	96773	143341	90071	51453	17791	12167	5376	4523	3998	3960	542	1004	4100	2139	1750	2541
394.274	37233	49032	46338	37279	52520	42785	81441	97285	144533	90783	52027	17870	12361	5268	4784	4166	4027	617	1011	4252	2208	1779	2461
395.211	36911	48654	46403	37342	52281	42250	80716	97308	144761	90144	51708	17152	12092	5187	4545	4123	4036	547	1168	4171	2210	1805	2610
396.147	37170	48879	45964	37106	52732	42435	81082	97686	144425	89924	51930	17942	12281	5515	4562	4146	4079	527	1005	4252	2237	1753	2599
397.083	37035	48861	45931	36916	52405	42542	80751	97061	143930	90037	51929	17840	12164	5634	4525	4159	4001	544	963	4347	2303	2035	2698
398.019	37231	49091	46490	37086	52334	42507	80149	97566	142893	89226	50962	17871	12494	5391	4614	4107	4033	583	1105	4457	2392	2178	2574
398.955	37248	49049	46465	37173	52740	42279	79609	96407	143458	90020	51545	17539	12308	5350	4568	4234	4031	546	1002	4675	2401	1862	2547
399.891	37460	49684	46501	37060	52829	42164	79764	96763	142765	90050	51634	17741	12378	5289	4540	4226	4219	547	980	4722	2660	1967	2827
400.827	37273	48970	46451	36706	52864	41759	79534	96794	142186	90033	51856	17701	12357	5438	4568	4302	4145	609	1145	4841	2460	2019	2899
401.762	37702	49034	46828	36704	52844	42089	80131	97016	142113	89702	51549	17945	12208	5440	4585	4257	4202	699	1177	4939	2771	1957	3036
402.697	37255	48993	46925	36915	52315	42356	80312	97341	142810	90324	51655	17613	12453	5502	4704	4220	4304	620	1073	5376	2793	2033	3077
403.632	37372	49265	46509	36900	52428	42068	81064	97283	142877	90485	51657	18172	12309	5374	4644	4369	4302	623	1161	5281	2656	2192	3154
404.567	37499	49470	46834	37074	53086	42435	80431	97738	142961	90766	51566	17867	12365	5457	4565	4400	4214	656	1259	5512	2887	2272	3270
405.502	37191	49480	46801	36927	52761	42739	80576	96782	142008	90585	51991	17905	12437	5476	4759	4520	4538	644	1259	5790	2976	2214	2999
406.436	37404	49458	46802	37074	52988	42462	80514	97227	142161	90647	52097	17878	12376	5459	4746	4332	4656	655	1195	5754	2975	2183	3058
407.371	37264	50202	46928	37098	53317	42191	80957	97268	142659	90302	52178	18255	12871	5363	4652	4575	4481	692	1279	5712	2911	2097	3042
408.305	37302	49504	47370	36988	53280	42256	80222	97160	141977	91128	52046	17915	12395	5478	4819	4412	4547	604	1260	5612	2804	2031	2817
409.239	36896	49442	46828	36831	53110	42218	80584	97329	142530	90395	52658	17843	12553	5394	4580	4255	4298	615	1288	5489	2729	2010	2717
410.173	37019	49498	47044	37536	53024	42745	81171	97624	142784	90954	52250	18245	12453	5534	4668	4546	4460	588	1062	5205	2462	1897	2730
411.107	37437	49593	47478	37563	53406	42962	81910	97693	144110	92051	52457	18255	12841	5587	4678	4317	4214	613	1184	4852	2428	1768	2698
412.041	37348	49195	47998	37657	53910	43135	81141	97413	144357	91570	52528	18350	12675	5395	4642	4579	4281	708	1129	4667	2411	1900	2557
412.974	37860	50376	47841	37940	53334	43648	82071	97456	144510	91701	53077	18480	12529	5530	4594	4186	4072	550	932	4493	2340	1802	2463
413.907	38205	50668	48066	38333	54180	43864	82399	98477	144482	91068	52386	18185	12788	5415	4705	4285	4292	695	1151	4490	2338	1776	2455
414.84	39270	51026	48298	38589	53961	44403	82161	98208	145398	91497	52770	18259	12582	5242	4522	4200	4275	571	916	4429	2164	1751	2378
415.774	39268	51628	48760	38553	54152	44067	82202	98654	145441	91854	52678	18305	12789	5500	4664	4087	4112	501	904	4400	2215	1801	2420
416.706	39319	51168	49166	39056	54295	43708	81897	98589	146195	91472	52223	18361	12596	5295	4733	4140	3936	685	1064	4417	2226	1683	2508
417.639	39360	51177	48737	38750	54050	43707	81511	98754	144821	90956	52441	17862	12465	5407	4601	4184	4071	593	993	4147	2260	1658	2341
418.571	39485	50887	48487	38954	53760	43832	81315	99063	145079	91066	52807	18211	12526	5654	4657	4153	3986	579	1020	4333	2228	1696	2435
419.504	38874	50482	47995	38026	53941	43461	80815	98410	145254	91640	53036	17934	12550	5369	4545	4146	3855	617	978	4310	2248	1653	2337
420.436	38242	50440	47609	38546	53663	43736	81376	98305	144843	92706	52934	18122	12534	5464	4512	4047	3883	586	954	4348	2216	1717	2464
421.368	37973	50115	47625	37784	53434	43661	80469	98740	145272	92587	53117	18362	12513	5398	4683	4217	4251	716	1083	4196	2114	1772	2317
422.3	37673	50057	47328	37941	52972	42916	80234	98499	145431	93195	53362	18027	12381	5341	4561	4222	4112	592	1010	4043	1942	1728	2387
423.232	37743	50061	47155	38502	53505	43390	81385	98872	145713	92727	52932	18395	12711	5243	4503	4046	4043	608	957	4306	2161	1714	2454
424.163	38014	50393	47213	38788	53901	43725	81728	99391	144848	93580	53219	18340	12501	5541	4498	4158	4103	581	969	4327	2123	1715	2350
425.095	38168	50154	47201	37882	53643	43211	81580	98060	144975	92376	52645	18250	12720	5362	4615	4205	4043	577	965	4228	2312	1637	2374
426.026	38268	49669	46849	38178	53473	42792	81615	98987	145848	92715	52810	18317	12570	5250	4626	4044	3994	676	1089	4175	2161	1722	2378
426.957	38164	49927	47689	37656	53406	43032	80930	98579	145825	92115	53365	18371	12388	5529	4664	4103	3975	382	815	4079	2165	1760	2427
427.888	37749	49966	47426	37875	53316	43353	81034	98847	146343	93001	53810	18387	12692	5412	4404	4289	4098	771	1010	4130	2145	1624	2409
428.819	37958	50123	47934	38637	53952	43596	80603	98887	146339	93321	53489	18149	12628	5368	4467	4114	3946	508	905	4153	2023	1611	2419
429.75	38224	50057	47090	38454	53830	44103	81534	98963	146313	93222	53298	18427	12580	5216	4421	4118	4128	652	1029	4129	2079	1790	2267
430.68	38243	50011	48020	38510	54750	43999	81112	99774	148227	92796	53874	18167	12557	5308	4495	4110	3935	506	839	4172	2058	1593	2488
431.611	38445	50067	47287	38461	54220	44014	81059	100397	147258	93501	53642	18324	12571	5359	4729	4064	3992	577	965	4208	2276	1800	2321
432.541	38511	50149	47574	38306	54444	43762	80993	100193	147514	93347	53830	18356	12543	5577	4662	4022	3933	555	951	4185	2110	1758	2231
433.471	38340	49704	47419	38111	53720	43879	81625	100230	147358	93223	53509	18062	12457	5328	4693	4189	4009	493	978	4351	2282	1712	2418
434.401	38323	49444	47025	37967	54473	43820	81869	99920	146719	92954	53790	18357	12633	5437	4536	4120	3939	697	1025	4243	2064	1725	2353
435.33	38333	49598	46960	38020	53537	44215	82115	98798	145916	92670	53305	18220	12685	5561	4688	4110	4094	602	1007	4087	2115	1675	2471
436.26	37584	49367	46943	37840	53097	43812	81349	98633	145387	92378	52903	18148	12287	5482	4765	4041	3863	538	902	4173	2090	1760	2347
437.189	37588	49480	47051	37871	53032	43540	81088	98175	145926	92243	53075	18011	12276	5342	4520	3991	3948	674	1040	4224	2316	1617	2349
438.119	37940	49528	47150	37553	53500	43272	81498	98363	145666	91734	52754	18100	12265	5363	4360	4041	3991	662	1053	4207	2031	1704	2297
439.048	37669	50067	47086	37653	54037	43468	81252	98386	146451	92264	53064	18063	12358	5294	4440	4063	4052	559	1068	4226	2246	1795	2359
439.976	38033	50162	47742	37843	53752	43491	81463	99712	146564	92885	53386	18392	12552	5426	4530	3731	3977	583	841	4442	2135	1721	2395
440.905	37860	50653	47784	38121	53847	43884	81835	99716	147852	93760	53060	18363	12560	5428	4655	4036	3919	800	1041	4428	2247	1522	2351
441.834	38186	50855	47854	38264	54152	43595	81646	99398	147763	93618	53403	18546	12347	5339	4384	4057	3990	621	1020	4210	2103	1699	2348
442.763	38657	50895	47751	38132	54136	44825	81342	98972	147503	92331	52607	18037	12258	4978	4237	4063	3848	572	946	4186	2039	1733	2325
443.691	38247	50604	47510	38276	53970	46811	81748	99359	146648	92269	53467	18154	12368	5099	4300	4093	3885	671	847	4152	2193	1923	2318
444.619	38290	50269	47284	38405	53716	46400	81197	98182	145668	91572	52764	17869	12391	4987	4001	4194	4224	605	1043	4322	2172	1635	2373
445.547	38007	49879	46617	37738	53493	45470	80728	98733	143950	92104	52393	17759	12221	5000	4100	4028	3741	648	924	4165	2207	1588	2378
446.475	37672	49111	46139	37818	52664	45193	80311	97660	142089	90824	52282	18024	12103	5105	4226	3982	3900	508	902	4106	2104	1640	2383
447.402	37553	48993	46680	37789	52500	44639	80375	97663	142941	91419	52048	17985	12262	5225	4383	3960	3783	533	841	4293	2190	1616	2398
448.33	37232	48928	46387	37928	53123	46280	79395	97551	142673	90593	51944	17854	11889	5271	4449	4048	3690	701	1028	4319	2149	1638	2413
449.257	37688	48617	46119	37843	53011	44285	79781	97405	141837	91107	52147	17883	12495	5175	4363	4022	3915	581	1137	4119	2114	1642	2395
450.184	37455	49435	46549	38045	53103	45265	79989	97938	142882	91426	52482	17947	12225	5143	4373	3867	3648	681	1049	4189	2095	1609	2318
451.112	37188	48582	46088	37831	52951	45118	79812	97697	143018	91457	52688	17999	12316	5205	4353	4000	3837	596	878	4136	2112	1671	2363
452.038	37317	49160	45778	38290	53341	43638	80117	98119	143634	92191	52761	17880	12161	5279	4449	4067	3999	400	869	4166	2113	1681	2535
452.965	36900	48361	46159	38150	53599	43317	80163	97841	142828	91903	52814	17953	12488	5160	4394	3941	3830	602	987	4317	2142	1685	2256
453.892	37427	48601	45715	37658	53202	42699	79617	97616	142913	91711	52704	17736	12327	5245	4260	4033	3781	631	978	4256	2104	1640	2327
454.818	36834	48358	45998	37596	52991	42530	78967	96427	141485	91167	52056	18005	12131	5116	4403	3999	3869	632	833	4200	2124	1570	2223
455.744	36708	47894	45367	37333	52413	42548	79032	96633	142142	90818	51503	17465	12254	5173	4325	3941	3717	633	948	4188	2082	1633	2394
456.671	37117	47914	45408	37475	53023	42410	79245	96107	142066	90230	51859	17698	11818	5287	4390	4020	3881	593	851	4302	2175	1808	2289
457.597	36861	47568	45582	37319	52162	42825	78825	95689	141222	90280	51669	17542	12027	5028	4307	3924	3581	550	904	4139	2141	1867	2289
458.522	36723	47933	45707	37021	52579	42162	78619	95608	141074	89770	51397	17396	11785	5145	4374	3831	3726	652	863	3936	1942	1833	2156
459.448	37125	48109	45304	36879	52659	42300	78465	95293	141523	90456	51442	17461	12055	5118	4331	3811	3679	504	884	4298	2166	1792	2239
460.374	36784	47852	45399	37148	52703	42388	77946	95530	140843	90101	51462	17409	12010	4887	4256	3997	3790	586	1011	4374	2276	1507	2357
461.299	37224	48105	45109	37186	52685	43077	77867	96419	140830	89668	51492	17680	11675	5253	4329	3775	3946	702	1030	4058	2038	1669	2238
462.224	36933	47876	44868	37104	52315	42287	78077	95393	141041	90632	51265	17653	11842	4996	4153	3664	3601	752	952	4051	2030	1639	2325
463.149	36889	48531	45093	36979	51752	42882	77964	95563	140223	90620	51860	17792	11783	5244	4323	3729	3615	630	1040	4262	2087	1586	2264
464.074	36393	48108	44985	37078	51596	42582	77889	94876	139976	89793	51266	17404	11946	5059	4120	3900	3654	729	1092	4250	2083	1585	2355
464.999	36398	47818	44869	36651	51352	42058	77623	94510	139588	89297	50910	17383	11551	5125	4221	3753	3643	558	982	4094	2020	1658	2268
465.923	36223	47811	45170	36826	51968	41900	78164	95232	139796	89763	51192	17512	11870	5137	4303	3665	3761	644	989	4175	1967	1497	2202
466.847	36408	47632	44765	36953	51895	42062	78266	94974	139295	89157	51183	17272	11865	5045	4191	3681	3739	553	885	4016	1984	1608	2261
467.772	36765	47029	44390	36726	51567	41702	77725	93993	138951	89493	51258	17349	11666	5035	4172	3537	3690	616	874	4158	1863	1585	2254
468.696	36889	47451	44447	36530	51144	42334	77648	94322	139391	89112	51404	17342	11988	5118	4387	3871	3655	640	1090	4054	1872	1553	2289
469.62	36577	46833	44259	36569	51581	41816	77740	94140	139765	90044	51083	17280	12050	5135	4260	3728	3690	536	880	4228	2102	1540	2337
470.544	36408	46263	44179	36286	50853	42327	77076	95148	139098	89569	51350	17462	11839	4944	4196	3853	3573	649	920	4191	1983	1759	2231
471.467	36660	46636	44391	36534	51503	41686	77948	95150	138584	90340	51643	17309	11860	4846	4094	3643	3552	578	872	4296	1996	1449	2393
472.391	36420	46577	44558	36457	50966	42007	76994	94293	139593	89679	51287	17380	11549	4880	4038	3748	3658	713	986	4277	2072	1712	2175
473.314	36722	47192	44806	36508	51192	42100	77486	94747	140097	89571	51230	17501	11838	4956	4239	3961	3718	623	1087	4183	1996	1601	2461
474.237	36876	46834	45124	36108	51573	41851	76774	94681	139285	89794	51290	17347	11719	4926	4112	3824	3602	578	1004	4205	1993	1608	2201
475.16	36803	46724	45021	36520	50940	41796	76873	94455	139001	89643	51655	17542	11855	4969	4268	3818	3614	594	930	4252	1888	1657	2146
476.083	36857	47290	45013	36915	51449	42168	77078	94506	139421	89560	51024	17241	11642	4940	4194	3833	3572	683	945	4234	2053	1646	2212
477.006	36784	47873	44716	36152	51033	41956	77286	94010	139523	89034	51146	17356	11699	4963	4059	3843	3601	669	1025	4267	1997	1639	2114
477.928	36824	47877	44835	36618	51322	41819	77638	94721	139302	89249	51229	17195	11569	4955	4056	3704	3683	571	974	4200	1974	1630	2249
478.851	36951	47997	44871	36908	51628	41868	77664	94750	138698	89575	51259	17371	11869	4779	4310	3669	3645	589	897	4220	2185	1580	2233
479.773	36842	48250	45183	37060	51555	41941	77697	95295	139224	90188	51422	17716	11837	4988	4129	3767	3639	660	918	4292	2008	1570	2182
480.695	36614	48214	45250	36916	51631	42266	77535	95113	138257	89673	51026	17438	11837	4863	4161	3883	3588	617	930	4239	2145	1596	2305
481.617	36737	48430	45286	37393	52330	42274	77509	94855	140104	91494	51378	17648	12008	4976	4127	3804	3637	758	1035	4274	2161	1565	2269
482.539	36260	47602	44991	37139	51350	42382	77887	94164	138511	90503	51502	17398	11485	5059	4177	3804	3454	571	971	4239	2025	1669	2211
483.46	36137	47649	44904	37606	52802	42512	78108	95387	139811	90710	51554	17632	12118	4898	4185	3801	3656	589	1082	4269	2184	1657	2309
484.382	36180	47871	45116	37357	52108	42322	77904	94494	139862	90342	51565	17922	12129	4943	4230	3677	3658	660	911	4298	2018	1667	2330
485.303	36321	48389	45043	37723	52574	42606	78058	95451	139960	90927	52073	17737	12128	5005	4378	3850	3608	737	1099	4432	2093	1582	2300
486.224	36468	47822	44948	37109	51950	42031	77622	95484	139709	90508	51798	17933	11976	5046	4244	3709	3485	582	916	4407	2129	1603	2240
487.145	36426	48179	45172	37364	52061	42121	77001	95513	140273	90354	51966	17905	12010	4969	4241	3681	3597	525	947	4252	2025	1662	2287
488.066	36540	48243	44907	37255	52050	42233	78209	95921	140366	90384	52176	17564	11838	5092	4157	3875	3655	624	994	4291	2012	1675	2328
488.987	36676	48106	44408	36964	51474	42294	77579	95440	140247	91020	51824	17795	11846	4973	4237	3546	3551	520	956	4390	2076	1816	2201
489.907	37075	48052	44410	37260	52031	41906	77285	94577	140778	89830	51463	17346	11946	4868	4190	3643	3656	723	1029	4375	2019	1591	2316
490.828	37206	48406	44965	37480	51762	42010	77334	95365	140346	90772	52091	17415	12021	4990	4286	3916	3815	785	1111	4329	2020	1707	2303
491.748	37110	47900	44936	37640	52020	42779	77305	94713	140191	90623	52031	17720	11734	4888	4320	3822	3645	661	1050	4396	2108	1659	2290
492.668	37090	48293	45277	37405	52043	42185	77446	95956	141333	91399	52117	17882	11935	5080	4231	3898	3656	531	985	4370	2100	1704	2418
493.588	36881	47910	45379	37600	52189	41927	77695	95430	140961	91400	52378	17586	12116	5001	4383	3630	3665	604	857	4451	2252	1633	2263
494.508	37000	48137	45498	37343	51936	42676	77248	95454	141984	91332	52176	17837	12006	5000	4300	3829	3614	612	932	4502	2102	1630	2194
495.427	37378	48570	45765	37224	51813	42293	77491	95351	141549	91175	52534	17725	11907	5031	4400	3658	3554	542	864	4344	2091	1657	2397
496.347	37151	48371	45427	37382	52655	42813	78136	95973	141684	91756	52108	18008	11963	5102	4406	3773	3575	556	1080	4416	2169	1756	2409
497.266	37517	48275	45594	37588	52335	42608	78510	96681	140934	90978	52134	17830	11957	5016	4211	3786	3620	677	967	4434	1986	1690	2123
498.185	37173	47672	44873	37573	52362	42741	78085	96833	141659	91000	52387	17829	11863	5168	4311	3684	3602	668	997	4431	1980	1640	2306
499.104	37200	48195	45426	38137	53080	42987	78335	97328	141324	91673	52818	17745	12021	5046	4257	3820	3802	658	1040	4512	2112	1734	2511
500.023	37478	48838	45695	37776	53034	43133	77802	96764	141590	92571	52700	17885	12079	4905	4266	3903	3743	537	992	4574	2253	1664	2203
500.942	36975	48853	45299	37678	52501	43326	77805	96248	141218	92151	52352	17814	11928	5050	4208	3938	3602	764	1004	4291	2135	1643	2326
501.86	36837	48641	45506	37175	52623	42317	77646	95983	140887	92221	52276	17677	12081	4836	3895	4001	3588	558	929	4446	2075	1614	2389
502.779	37187	48364	45648	37651	52397	43135	78943	96440	141543	92185	52108	17794	12063	4962	4121	3846	3637	614	1013	4362	2129	1587	2163
503.697	37354	48422	45674	37291	52439	43411	77633	96579	140980	91793	52533	17807	11881	4940	4324	3792	3674	620	1014	4311	2118	1525	2341
504.615	37298	48189	45494	37466	52281	42971	77389	95765	140519	91793	52377	17864	11943	4976	4120	3710	3569	612	923	4418	1915	1635	2283
505.533	36822	48330	45044	37848	52654	42788	77676	95764	141252	92232	52537	17777	11814	5016	4291	3797	3661	741	1040	4402	2151	1581	2244
506.45	37052	48365	45128	37884	52291	42900	77384	96552	140820	92491	52471	17564	11844	4935	4297	3801	3709	577	1017	4468	2053	1744	2251
507.368	37378	48515	45101	37847	52608	43059	77821	96436	141443	91650	53035	17718	12015	4978	4073	3612	3716	743	1019	4370	1996	1735	2406
508.286	37427	48323	45482	38046	52761	42577	78259	96532	144123	92774	52548	17901	12128	4888	4000	3878	3716	559	1102	4552	2082	1621	2375
509.203	37043	48320	45605	37728	52180	43315	78282	97023	143927	92579	53344	17789	12259	4723	4019	3937	3874	620	1015	4449	2076	1657	2352
510.12	37043	47751	45446	37999	52626	42937	78121	96921	142618	93035	52911	17887	11910	4967	4208	3962	3778	620	952	4237	1936	1703	2429
511.037	37109	48165	45263	38064	52286	43134	78493	96882	142402	92082	53098	17985	12122	4914	4140	3715	3576	585	981	4436	2026	1673	2339
511.954	37396	48804	45230	37883	52665	43154	78859	97615	142017	92750	53325	18047	12028	5036	4343	3719	3562	661	912	4408	2007	1730	2262
512.87	37533	48463	45120	37872	52711	42592	78294	96289	142160	92624	52761	18077	12160	4898	4216	3677	3664	671	1055	4296	2027	1680	2410
513.787	37543	48450	44783	37275	52732	42548	78142	96486	141420	91361	52317	17913	11948	4996	4156	3733	3629	686	933	4365	2072	1549	2352
514.703	37182	48761	44820	37352	52494	42326	77565	96023	139922	90783	52089	17603	11930	4966	4304	3666	3688	705	846	4419	1982	1676	2338
515.619	37089	49230	45082	37753	52529	42542	77499	96245	140617	91940	52554	17713	11991	5035	4212	3560	3574	525	973	4239	1952	1542	2144
516.536	36811	48618	44807	37279	51527	42779	76863	94998	140263	91431	51595	17736	11756	5003	4299	3670	3690	697	946	4498	2229	1546	2254
517.452	36770	48596	44572	37604	52014	42650	77012	94672	139418	90904	51861	17693	11711	4782	4003	3707	3435	645	950	4380	2052	1654	2275
518.367	36819	48664	44799	37326	51873	42788	77170	95449	140501	91031	52073	17700	11789	4914	4099	3616	3659	597	849	4353	2155	1811	2150
519.283	37364	48778	45069	37775	52212	42861	77434	96014	141596	91563	52835	17976	11946	5017	4242	3692	3554	831	1034	4199	1992	1565	2348
520.198	36987	48009	45209	37978	52236	43116	77479	95954	140885	92014	52564	17765	12019	4984	4255	3917	3748	658	992	4390	1969	1679	2255
521.114	37160	48261	45250	37449	52351	43311	77832	96063	141192	91780	52231	17653	11944	5030	4219	3747	3630	549	1006	4406	2018	1659	2256
522.029	37229	47926	45296	37701	52505	42708	77963	96090	141475	92061	52519	17838	12063	4994	4309	3684	3593	622	968	4569	2076	1718	2398
522.944	36916	47927	44909	37474	52488	42106	77140	95468	139846	91265	52686	17627	11817	4871	4126	3733	3505	621	966	4316	1910	1618	2207
523.858	36700	47801	44929	37216	52432	42278	76393	94845	139066	91125	52137	17712	11754	4947	4196	3819	3599	532	852	4310	2113	1682	2190
524.773	36813	48088	45053	37130	51903	42230	77338	94168	139134	90944	52448	17602	11647	4931	4152	3738	3605	651	984	4336	2152	1580	2239
525.688	36635	47562	44208	36932	51257	42191	76767	94327	138450	89951	51649	17615	11794	4967	3942	3601	3315	595	1049	4441	1904	1627	2213
526.602	36343	47361	44022	36752	51249	42112	75119	93870	137873	89321	51351	17207	11560	4792	4044	3689	3433	623	906	4371	1927	1667	2200
527.517	36320	47017	43663	36663	50871	41745	75644	93597	137682	89527	50821	17280	11670	4795	3995	3707	3594	712	1017	4282	1998	1550	2150
528.43	36378	46796	43931	36733	51362	41893	75668	93900	138063	89388	51155	17457	11783	4919	4047	3578	3416	611	982	4427	2066	1558	2214
529.344	35456	46820	43587	36303	51536	41858	75610	94538	137920	89906	50993	17655	11628	4799	3963	3589	3563	638	856	4359	2103	1565	2256
530.258	36068	47355	43700	36287	50947	42301	76118	94320	138231	89806	50829	17567	11683	4976	4015	3634	3566	610	942	4230	1974	1495	2241
531.172	36218	46644	43765	36447	51263	41759	76343	94646	138149	89835	51656	17688	11878	4905	4252	3565	3437	618	833	4440	2069	1583	2242
532.085	36050	46829	43871	36898	51103	42327	75804	94715	138798	89753	51678	17726	11816	4842	4173	3804	3649	364	663	4352	1949	1578	2314
532.998	36080	46685	43626	36905	51329	41762	75745	94554	137810	90467	51870	17860	11877	5002	4101	3745	3698	500	1049	4301	1953	1725	2053
533.912	36124	46377	43705	36410	50940	41696	75356	93493	136878	89926	51280	17661	11651	4707	3979	3622	3468	611	906	4479	1953	1533	2312
534.824	35272	46698	43487	36252	50741	41690	74966	93650	137150	89450	51144	17574	11862	4865	4073	3572	3580	638	1017	4238	1916	1662	2128
535.737	35740	46111	43263	36788	50602	41291	75482	93496	137027	89714	50978	17529	11626	4846	4129	3703	3540	610	982	4360	2101	1513	2185
536.65	34828	45783	43157	36478	50448	40971	74888	92163	136362	89313	50905	17269	11685	4893	4078	3656	3444	618	856	4396	2123	1684	2072
537.563	35350	46302	43609	36251	50528	41553	75227	92557	136558	89035	50934	17663	11877	4905	4342	3717	3519	595	942	4310	1982	1596	2214
538.475	35308	47019	43502	36472	50747	40997	75056	92333	136141	89890	51168	17278	11446	4949	4121	3546	3346	623	1049	4284	1908	1580	2173
539.387	35358	46761	43132	36359	50733	41149	74274	93573	135435	89688	50964	17639	11613	4908	3953	3516	3611	712	906	4402	2004	1459	2309
540.299	35150	47131	43472	36858	51033	41409	75469	92678	135517	90447	51425	17314	11740	4765	4096	3712	3553	611	1017	4226	1884	1589	2216
541.211	35469	47009	43516	36218	51200	41091	75367	93134	135198	89375	51229	17597	11817	4824	4355	3594	3490	647	982	4328	1998	1528	2171
542.123	35007	46892	43011	36699	50356	41240	75590	93057	136060	89910	50976	17246	11556	4627	4230	3657	3478	683	856	4245	1793	1621	2242
543.035	35480	46805	43588	37147	50857	41717	75264	93019	136433	90158	51666	17347	11627	4921	4189	3568	3418	679	942	4474	2116	1560	2274
543.946	35382	46267	43357	36704	50375	41233	74810	92718	136197	89964	50874	17586	11501	4848	4129	3688	3516	548	984	4488	1964	1567	2251
544.857	35506	45485	42750	36697	50860	41467	74173	92172	135005	89011	50747	17341	11724	4785	3974	3534	3432	647	863	4412	1945	1690	2225
545.769	35177	45485	42875	36388	50370	41388	73927	92075	135276	89032	50800	17356	11600	4744	3874	3528	3488	683	912	4294	1931	1586	2072
546.68	35335	46231	42438	36167	49913	41155	74144	91980	135112	88782	50575	17392	11656	4677	4158	3465	3409	679	1024	4341	1973	1588	2153
547.591	35136	46125	42861	36136	50008	41307	74136	92768	134667	88934	50711	17013	11510	4776	3923	3554	3418	548	927	4599	2027	1547	2301
548.501	35100	46097	42943	36079	49773	40957	74500	92183	133886	88525	50243	17228	11452	4725	3918	3444	3457	662	984	4355	1907	1571	2182
549.412	35617	46324	43165	35866	50354	41371	74650	92249	134015	88259	51031	17281	11593	4853	4068	3615	3443	612	937	4232	1939	1487	2260
550.322	35865	46169	42677	36188	50618	41789	75006	92981	134971	88698	51402	17429	11549	4713	4086	3572	3519	733	1065	4371	1886	1594	2155
551.232	35520	46492	42557	35893	50777	41715	74830	92948	134751	88287	51182	17469	11681	4947	3998	3692	3474	575	920	4424	1898	1452	2085
552.143	35557	46933	42552	36248	51025	42189	75121	93225	136029	88973	51646	17713	11742	4977	4143	3611	3298	688	1050	4404	1890	1572	2206
553.052	35636	46484	43133	36172	50812	41783	74910	93053	135343	89419	50868	17406	11609	4809	4157	3502	3433	602	959	4526	2083	1524	2289
553.962	35906	46538	43075	36220	50544	42059	74923	93360	136150	89758	51456	17542	11852	4890	4156	3724	3428	733	1016	4558	1971	1617	2089
554.872	35424	46557	43133	35915	50395	41071	74407	92228	135143	89474	50999	17627	11679	4745	4209	3623	3559	580	789	4496	2002	1570	2125
555.781	35867	46306	42958	36090	50455	41371	74512	90973	135063	89474	51464	17361	11900	4673	4000	3589	3243	602	942	4459	2099	1582	2255
556.691	35504	45901	42638	36431	50634	41527	74271	92157	133988	89322	51453	17449	11764	4798	4101	3635	3329	627	936	4370	1858	1620	2301
557.6	35097	46131	42691	36230	50720	41505	74068	92378	134206	89500	51206	17326	11590	4800	4257	3562	3348	625	1000	4203	2031	1569	2189
558.509	35522	46062	42666	36431	49974	41671	73991	92564	133446	89611	51476	17267	11783	4889	3926	3581	3580	672	1007	4570	1963	1561	2167
559.418	35500	46319	42946	36819	50344	41410	74415	92541	135267	89318	51203	17351	11623	4804	4112	3485	3444	596	955	4457	1990	1510	2211
560.326	35581	46526	43122	36675	50610	41614	74921	92144	135434	89276	51290	17546	11664	4812	4161	3603	3302	764	979	4432	2050	1611	2351
561.235	35816	47175	43331	36823	51527	41695	74499	93158	136086	89692	51860	17847	12074	4931	4207	3758	3555	576	890	4533	1847	1639	2117
562.144	35845	47173	43029	36304	51221	41682	75198	93144	136423	89747	51481	17567	11639	4885	4253	3748	3493	719	943	4514	1920	1450	2175
563.052	35723	47125	42881	36283	50998	41451	74715	92996	136164	89787	51542	17676	11720	4850	4101	3510	3379	617	1073	4439	2068	1401	2167
563.96	35418	47172	43653	36635	50798	42126	75839	93731	136449	90919	51904	18000	11934	4725	4064	3704	3583	488	800	4461	1882	1545	2029
564.868	35802	47275	43186	36553	51202	41844	74899	93454	136646	90722	52025	17786	11841	4701	4329	3698	3398	633	1035	4582	2086	1574	2089
565.775	35957	46710	43085	36691	51277	42079	75112	93630	136206	90467	52154	17715	11801	4958	4079	3612	3548	612	981	4470	2029	1506	2152
566.683	35401	47164	43473	36316	51995	42006	75748	93827	136176	90444	52280	17861	11740	4913	4162	3551	3406	511	757	4402	1861	1518	2235
567.591	35544	46713	43591	36787	51987	41953	74893	93109	137501	90194	51857	17514	11898	4816	4136	3732	3476	625	976	4550	2057	1533	2083
568.498	35616	46970	43191	36909	52253	41882	74692	93530	137088	90261	51211	17627	12082	4814	4190	3745	3503	701	979	4592	2069	1527	2104
569.405	35924	46588	43274	37404	51621	41964	74589	93382	137546	90259	51974	17675	12044	4841	4076	3733	3458	608	915	4561	1910	1590	2258
570.312	36501	46667	43172	36941	52000	42036	74907	93806	137551	90654	52435	17676	11960	4935	4311	3780	3647	647	1046	4431	1951	1637	2234
571.219	36166	46832	43020	36981	51743	42058	74597	93723	137252	90557	51611	17865	11783	4874	4239	3629	3516	645	1042	4486	1914	1575	2288
572.126	36333	46785	43089	37086	51734	42320	75222	94243	137456	91096	52272	17616	11916	4918	4210	3733	3490	629	976	4605	1773	1649	2088
573.032	36357	46951	43377	37230	51559	42430	75253	94363	137502	91149	52049	17827	12037	4937	4221	3544	3536	676	860	4578	2137	1615	2116
573.939	36564	47196	43548	37627	51683	42802	74785	93621	137167	90912	51869	17694	11830	4957	4146	3605	3564	535	903	4550	1940	1549	2223
574.845	37058	47366	43692	37211	51278	42654	75011	94716	137387	91480	52154	17742	12116	4902	4152	3683	3525	623	922	4727	2057	1518	2232
575.751	37208	47841	43720	37426	51687	42129	74987	94535	138092	92096	52156	17767	12052	5036	4197	3494	3518	736	946	4587	2032	1521	2264
576.657	36818	47794	43757	37540	52195	43015	75908	95111	138318	92575	52609	17920	11894	4985	4304	3760	3448	787	1012	4781	1952	1572	2099
577.563	37278	48115	43952	37479	52057	42402	75904	94698	137474	91392	52987	18024	12122	4923	4173	3938	3680	644	1015	4686	1840	1544	2182
578.469	37386	48005	44622	37304	52258	42873	75867	95516	138673	92286	52827	17950	11911	4818	4188	3590	3654	574	1021	4462	2021	1635	2211
579.374	37047	48100	43744	37191	52006	42942	75724	94826	137238	92402	52891	17701	12047	4967	4190	3611	3394	560	868	4504	2040	1562	2255
580.28	37489	48423	44392	37513	52287	42768	76230	95515	138084	92367	52981	17707	11934	4898	4213	3588	3437	686	983	4629	2147	1561	2143
581.185	37149	47786	43759	37010	51481	42218	76292	94654	137603	91897	52262	17828	12011	5001	4274	3769	3576	724	904	4677	1947	1678	2343
582.09	37151	47598	44167	37391	51580	42874	75242	94096	137787	91755	52693	17974	11862	4832	4174	3608	3614	528	844	4634	2047	1546	2076
582.995	36563	47741	43767	37785	51554	42643	75565	93541	138400	91540	52416	17788	12039	5055	4307	3664	3671	539	886	4687	1920	1437	2001
583.9	36778	47100	43493	37515	51848	42664	75508	94055	138091	91862	52357	18081	12235	5060	4287	3609	3618	670	1016	4507	1889	1435	2190
584.805	36354	47240	43280	37393	51589	42412	75906	94367	137900	91782	52537	17834	12002	4751	4202	3813	3444	629	861	4647	2029	1615	2223
585.709	36576	47562	43526	37823	51335	42664	76204	94232	138407	91804	52812	17764	11989	5128	4053	3508	3410	593	1013	4642	2057	1572	2334
586.613	36232	47443	43392	37284	52117	42635	75811	94369	138131	92054	52767	17922	11910	4984	4299	3587	3443	555	814	4551	1826	1562	2340
587.517	36492	47682	43288	36908	51855	42486	75333	94313	137520	91091	52742	18077	12117	4943	4187	3562	3571	613	1067	4580	1844	1574	2307
588.421	36318	47495	43093	37114	51313	42538	75610	93872	136909	91056	52502	17455	11871	4811	4074	3590	3461	775	1098	4654	2007	1612	2205
589.325	36478	47232	43448	37327	51957	42720	75161	94298	137213	91383	53016	17786	11888	5008	4088	3603	3438	714	1040	4592	2017	1492	2290
590.229	35877	47564	42800	37636	51941	42691	76129	94699	138659	92126	52964	17879	11930	5022	4156	3747	3600	747	945	4706	1846	1646	2266
591.132	36805	47366	42010	37561	52068	42324	75775	94249	139714	92112	52465	17832	11833	5043	4147	3637	3634	660	857	4711	1968	1589	2230
592.036	35860	47206	43337	37406	51798	42234	75284	93849	139048	91182	52401	17781	11974	4985	4033	3741	3509	600	841	4529	1933	1591	2222
592.939	36090	46972	43135	37372	51761	42180	75398	94205	138202	91343	52627	17766	12086	5028	4299	3657	3431	773	1042	4644	1936	1643	2117
593.842	36420	47095	43095	37228	51624	42267	74783	93485	137729	90895	52850	17910	11963	4889	4152	3703	3665	511	863	4663	1888	1617	2221
594.745	36534	46947	43339	37376	52001	42027	74332	92923	137660	91673	52375	18007	11892	4861	4208	3615	3532	717	949	4625	2015	1510	2159
595.648	36329	46568	42675	37135	51281	42208	74315	92761	136227	90138	52075	17744	11935	4805	3991	3538	3343	689	895	4552	2051	1608	2143
596.551	36051	46942	42633	37028	50813	41735	73783	92473	135436	90194	52203	17768	11857	4700	4196	3731	3554	641	894	4501	2002	1602	2270
597.453	35901	46519	42931	36639	50537	42273	73823	92537	135221	89352	51696	17562	11785	4765	4057	3662	3534	682	992	4504	1884	1522	2110
598.355	36082	46618	43344	37211	50922	42247	74275	92679	136505	90402	52023	17878	11868	4973	4183	3601	3298	617	756	4762	1952	1583	2223
599.258	35990	46411	42991	36833	51142	41986	74680	92270	135693	90006	52252	18095	11785	4700	3873	3753	3460	586	889	4415	1903	1559	2154
600.16	35695	47000	43234	37805	51348	42308	74192	92742	136555	90349	51841	17655	12164	4749	4154	3466	3419	630	909	4576	1949	1575	2134
601.062	35372	47427	42640	37180	51083	42136	74754	92605	134632	90036	51761	17842	11769	4905	4030	3659	3513	660	945	4391	1905	1531	2243
601.963	35836	46159	42835	37254	51399	42556	74683	92264	135382	90502	52127	17424	11821	4936	4089	3615	3418	715	1024	4614	2000	1606	2156
602.865	35322	45850	42989	37263	50981	42363	74489	92623	135384	89903	52223	17468	11834	4898	4185	3534	3558	647	1010	4744	2144	1520	2272
603.767	35244	45641	42909	37102	51209	41974	74403	92148	135891	89560	52038	17488	11611	4704	3890	3560	3400	773	908	4531	1741	1648	2143
604.668	35173	45755	42225	36822	50709	41510	73801	91873	134713	90292	51514	17114	11458	4893	4215	3793	3557	717	1032	4565	1861	1586	2254
605.569	35245	46018	42373	36856	50817	41856	73921	92631	134262	89785	52046	17499	11764	4736	3908	3425	3542	478	847	4668	2025	1512	2148
606.47	35263	45553	41617	36413	50092	41152	73610	92138	133554	89263	51466	17014	11677	4898	4265	3487	3265	796	961	4607	1961	1399	2033
607.371	35362	45298	42031	36308	50479	41312	73228	91345	134245	89936	52032	17465	11670	4639	4072	3573	3413	719	960	4619	2028	1531	2179
608.271	35482	45251	41826	36224	50112	41596	72794	92244	132571	89716	51515	17385	11609	4979	4235	3581	3388	642	965	4634	1826	1562	2248
609.172	35354	45456	41852	36736	50057	41141	73089	91583	133824	89722	51629	17730	11529	4775	3933	3550	3570	683	898	4546	1933	1529	2172
610.073	35349	45242	41884	36416	50180	41207	72421	91036	134379	89456	51015	17518	11829	4718	4067	3668	3524	678	889	4528	2035	1635	2227
610.972	35342	45450	41932	36615	50624	41852	73512	92355	134511	90504	51762	17707	11558	4822	4056	3589	3447	678	800	4713	1939	1426	2183
611.873	35533	45230	42092	36808	50308	41175	73066	91475	134364	90177	51588	17599	11690	4726	4081	3673	3436	544	845	4874	1935	1517	2207
612.773	35359	45280	42437	36634	50345	41362	73168	91342	133407	89546	51231	17942	11852	4791	4110	3551	3403	651	985	4535	1848	1542	2202
613.673	33910	45426	42074	36465	50135	41333	73072	90916	134395	89464	51442	17557	11631	4724	4082	3524	3395	777	1050	4586	1952	1609	2279
614.572	34916	45130	41945	36594	50457	41382	73029	90863	133126	89660	51320	17364	11634	4703	3932	3715	3497	630	826	4332	1927	1423	2234
615.472	34677	45208	41896	36241	49857	41444	72256	91062	133109	88015	51308	17479	11535	4815	3933	3626	3454	535	879	4640	1846	1462	2223
616.371	34685	44727	41048	36289	49620	41249	72379	90138	132585	88732	51755	17510	11896	4760	4247	3573	3252	542	898	4417	1831	1505	2193
617.27	34413	44844	40991	36067	49768	41120	71864	90236	132475	88870	50686	17068	11699	4732	4112	3530	3437	582	917	4612	1917	1627	2063
618.169	34443	44984	41490	36564	50370	41184	72105	90829	133737	89383	51485	17522	11888	4762	4034	3659	3527	643	868	4663	1960	1523	2147
619.068	34367	45742	41702	36350	50259	41144	72723	89861	133281	88673	51617	17567	11809	4707	4144	3567	3324	706	852	4613	2030	1479	2029
619.967	34626	45072	41507	36516	50058	40881	72450	90254	133507	89161	51689	17256	11721	4589	3844	3737	3391	750	877	4586	1763	1457	2041
620.866	35288	45721	41535	36977	50494	41274	73218	90691	134119	89169	51879	17570	11637	4861	4140	3583	3398	680	941	4885	1901	1530	2252
621.764	34774	45117	41881	36847	50193	41118	73115	91123	133745	89443	51543	17540	11654	4747	3961	3684	3527	649	851	4694	1788	1502	2168
622.662	34834	45518	41643	36629	50579	40846	73115	90686	133341	88846	51424	17630	11864	4891	4258	3527	3292	656	998	4774	1908	1518	2092
623.56	35033	44908	42066	36474	50072	40824	73021	90439	133836	88370	51516	17159	11808	4615	4082	3522	3292	631	923	4668	1882	1498	2134
624.458	34568	45340	41589	36512	50020	40986	72270	90702	133514	89092	51660	17413	11772	4660	3960	3553	3602	656	929	4646	1867	1637	2327
625.356	34889	44489	41850	36007	49833	40365	72198	89720	133032	88785	50916	17392	11730	4760	4117	3690	3307	654	856	4512	1903	1535	1991
626.254	34457	44371	40968	35813	49636	40191	71866	89767	131160	88569	51149	17486	11544	4750	4000	3608	3383	681	869	4507	1975	1668	2268
627.151	34487	44314	41404	35954	49841	40347	72135	90195	132798	88354	51430	17056	11504	4567	3977	3752	3349	730	927	4558	1803	1487	2173
628.049	34077	43954	41553	35838	49302	40616	72129	89925	132091	88403	50998	17207	11605	4534	3969	3531	3362	671	968	4609	1805	1497	2014
628.946	34639	43960	41340	36190	50187	41134	72269	90444	132777	88746	51239	17131	11658	4768	4149	3539	3242	823	981	4736	1910	1494	2195
629.843	35307	44839	41573	36050	50002	41190	72117	90782	133330	88978	51229	17414	11491	4648	4113	3544	3483	722	941	4642	1765	1588	2117
630.74	35002	44720	41900	36458	50675	40917	72712	91653	134035	89792	51529	17416	11937	4667	3952	3524	3298	663	845	4596	1799	1463	2320
631.637	34865	45516	41875	36860	50458	41311	72769	91269	134418	89702	51352	17673	11799	4915	4134	3393	3528	778	1029	4723	1916	1687	2315
632.533	35008	45214	42123	36629	50856	41328	72903	91136	134391	89811	51941	17458	11828	4814	4104	3465	3456	623	903	4565	1909	1440	2144
633.43	34697	44913	42150	36716	50680	41426	72844	91048	133575	89739	51763	17469	11822	4997	4081	3472	3374	679	903	4783	1806	1417	2075
634.326	34942	45027	42061	36638	50970	41221	73224	91057	132968	89810	51381	17480	11989	4964	4222	3499	3420	669	900	4678	1880	1589	1974
635.222	35083	44801	42064	36843	49908	41505	72695	91239	133410	88497	51781	17713	11597	4718	3943	3552	3424	657	939	4668	2039	1456	2148
636.119	35259	44266	41427	36279	50353	41005	72952	90595	132968	89723	51583	17858	11559	4828	4003	3552	3379	621	931	4474	1849	1585	1985
637.015	34878	44662	41807	36708	49889	41602	72766	90608	132296	88748	51437	17231	11796	4722	4019	3666	3383	677	938	4576	1847	1542	2236
637.91	35190	44613	41581	36149	50172	40979	73320	90503	131552	88468	51392	17695	11700	4874	4095	3595	3454	632	945	4618	1890	1512	2213
638.806	35366	44932	41722	36104	49811	41074	72705	90165	131946	88914	51333	17276	11872	4690	4025	3578	3207	647	884	4601	1962	1438	2045
639.701	35301	45022	41629	36666	50242	41448	73046	90352	132212	89478	51176	17324	11641	4825	4119	3421	3346	605	874	4674	1880	1565	2191
640.596	35122	45434	41965	36504	50137	41303	73024	90936	132808	88715	51731	17545	11842	4692	4054	3452	3261	761	1040	4651	1913	1551	2133
641.492	35210	45167	41902	37073	50460	41807	73656	90833	133692	89302	51440	17449	11769	4790	4051	3554	3502	679	1022	4631	1842	1470	2081
642.387	35403	45756	41846	38007	50740	41891	73613	91569	133730	89722	52012	17958	11641	4794	4190	3473	3388	718	980	4623	1732	1379	2323
643.282	35327	45853	42288	37645	50827	41350	73613	91189	133960	89547	54578	17732	11585	4629	4043	3587	3404	608	878	4664	1931	1482	2130
