Raman_shift(cm-1)	fit_total(a.u.)	offset(a.u.)	peak_0_A1g(M)-LA(M)(a.u.)	peak_1_2LA(M)-3E2g(M)(a.u.)	peak_2_2LA(M)-3E2g(M)_2(a.u.)	peak_3_~310(a.u.)	peak_4_~320(a.u.)	peak_5_2LA(M)(a.u.)	peak_6_E1_2g(a.u.)	peak_7_A1g(a.u.)	peak_8_3LA(M)(a.u.)	peak_9_A1g+LA(M)(a.u.)
210	4.18667	-2.19467	4.86399	0.342639	0.125421	0.0678199	0.25764	0.294944	0.323603	0.0740936	0.0259784	0.00521186
210.41	4.35347	-2.19467	5.01772	0.347975	0.126651	0.0683607	0.259526	0.296747	0.325495	0.0743924	0.0260477	0.00522356
210.821	4.52732	-2.19467	5.1783	0.353434	0.127898	0.068908	0.261433	0.298565	0.327405	0.0746929	0.0261173	0.00523529
211.231	4.7086	-2.19467	5.3461	0.359022	0.129164	0.0694619	0.26336	0.300401	0.329331	0.0749953	0.0261871	0.00524707
211.642	4.89772	-2.19467	5.52153	0.364741	0.13045	0.0700225	0.265309	0.302253	0.331274	0.0752995	0.0262573	0.00525889
212.052	5.0951	-2.19467	5.70499	0.370596	0.131754	0.0705899	0.26728	0.304122	0.333234	0.0756055	0.0263277	0.00527074
212.462	5.30119	-2.19467	5.89694	0.376591	0.133078	0.0711642	0.269272	0.306009	0.335212	0.0759135	0.0263984	0.00528264
212.873	5.51646	-2.19467	6.09784	0.382731	0.134422	0.0717455	0.271287	0.307914	0.337207	0.0762233	0.0264694	0.00529458
213.283	5.74142	-2.19467	6.30818	0.38902	0.135786	0.0723339	0.273325	0.309836	0.33922	0.076535	0.0265407	0.00530656
213.694	5.97659	-2.19467	6.5285	0.395462	0.137171	0.0729297	0.275385	0.311776	0.341252	0.0768486	0.0266123	0.00531858
214.104	6.22253	-2.19467	6.75934	0.402064	0.138578	0.0735328	0.277469	0.313735	0.343301	0.0771642	0.0266842	0.00533063
214.515	6.47983	-2.19467	7.00128	0.40883	0.140006	0.0741433	0.279577	0.315712	0.345369	0.0774817	0.0267563	0.00534274
214.925	6.7491	-2.19467	7.25493	0.415766	0.141456	0.0747616	0.281709	0.317708	0.347456	0.0778011	0.0268288	0.00535488
215.335	7.031	-2.19467	7.52094	0.422876	0.142929	0.0753875	0.283865	0.319723	0.349562	0.0781226	0.0269015	0.00536706
215.746	7.32621	-2.19467	7.79997	0.430168	0.144425	0.0760214	0.286046	0.321757	0.351687	0.078446	0.0269746	0.00537929
216.156	7.63542	-2.19467	8.09273	0.437647	0.145945	0.0766632	0.288252	0.323811	0.353832	0.0787715	0.0270479	0.00539155
216.567	7.95938	-2.19467	8.39994	0.445319	0.147488	0.0773132	0.290484	0.325884	0.355996	0.079099	0.0271215	0.00540386
216.977	8.29885	-2.19467	8.72236	0.453192	0.149057	0.0779715	0.292742	0.327977	0.35818	0.0794285	0.0271955	0.00541621
217.387	8.65461	-2.19467	9.06076	0.461271	0.15065	0.0786382	0.295026	0.33009	0.360384	0.0797601	0.0272697	0.0054286
217.798	9.02749	-2.19467	9.41596	0.469564	0.152269	0.0793135	0.297337	0.332224	0.362609	0.0800938	0.0273443	0.00544104
218.208	9.4183	-2.19467	9.78876	0.47808	0.153914	0.0799975	0.299675	0.334379	0.364854	0.0804296	0.0274191	0.00545352
218.619	9.82787	-2.19467	10.18	0.486824	0.155586	0.0806903	0.302041	0.336554	0.36712	0.0807674	0.0274943	0.00546604
219.029	10.257	-2.19467	10.5905	0.495806	0.157285	0.0813922	0.304434	0.338751	0.369407	0.0811075	0.0275697	0.00547861
219.439	10.7066	-2.19467	11.021	0.505034	0.159012	0.0821033	0.306857	0.34097	0.371716	0.0814496	0.0276455	0.00549121
219.85	11.1775	-2.19467	11.4724	0.514518	0.160768	0.0828237	0.309308	0.34321	0.374047	0.081794	0.0277216	0.00550387
220.26	11.6703	-2.19467	11.9454	0.524265	0.162553	0.0835536	0.311789	0.345473	0.376399	0.0821405	0.027798	0.00551656
220.671	12.1857	-2.19467	12.4407	0.534287	0.164368	0.0842932	0.314299	0.347758	0.378774	0.0824893	0.0278748	0.0055293
221.081	12.7245	-2.19467	12.9589	0.544592	0.166213	0.0850426	0.31684	0.350065	0.381171	0.0828402	0.0279518	0.00554208
221.491	13.2871	-2.19467	13.5005	0.555193	0.168089	0.085802	0.319412	0.352396	0.383591	0.0831934	0.0280292	0.00555491
221.902	13.8738	-2.19467	14.0658	0.566099	0.169997	0.0865716	0.322016	0.35475	0.386034	0.0835489	0.0281068	0.00556779
222.312	14.4849	-2.19467	14.655	0.577322	0.171938	0.0873516	0.324651	0.357127	0.388501	0.0839067	0.0281848	0.0055807
222.723	15.1203	-2.19467	15.2681	0.588875	0.173913	0.0881422	0.327319	0.359529	0.390991	0.0842667	0.0282632	0.00559366
223.133	15.7796	-2.19467	15.9045	0.60077	0.175921	0.0889435	0.330019	0.361955	0.393505	0.0846291	0.0283418	0.00560667
223.544	16.4621	-2.19467	16.5638	0.613021	0.177964	0.0897558	0.332753	0.364405	0.396044	0.0849938	0.0284208	0.00561973
223.954	17.1668	-2.19467	17.2447	0.625641	0.180043	0.0905792	0.335521	0.366881	0.398607	0.0853609	0.0285001	0.00563282
224.364	17.8921	-2.19467	17.9457	0.638646	0.182159	0.091414	0.338324	0.369382	0.401195	0.0857304	0.0285798	0.00564597
224.775	18.6359	-2.19467	18.6646	0.65205	0.184312	0.0922604	0.341162	0.371908	0.403808	0.0861022	0.0286598	0.00565916
225.185	19.3955	-2.19467	19.3989	0.665869	0.186503	0.0931185	0.344036	0.37446	0.406447	0.0864765	0.0287401	0.0056724
225.596	20.1676	-2.19467	20.145	0.680121	0.188733	0.0939886	0.346946	0.377039	0.409112	0.0868533	0.0288207	0.00568568
226.006	20.9481	-2.19467	20.8989	0.694823	0.191004	0.094871	0.349893	0.379645	0.411804	0.0872325	0.0289017	0.00569901
226.416	21.732	-2.19467	21.6556	0.709993	0.193315	0.0957658	0.352878	0.382277	0.414521	0.0876142	0.0289831	0.00571239
226.827	22.5136	-2.19467	22.4094	0.725652	0.195669	0.0966733	0.355901	0.384937	0.417266	0.0879984	0.0290648	0.00572581
227.237	23.2865	-2.19467	23.1538	0.741819	0.198066	0.0975937	0.358963	0.387625	0.420039	0.0883851	0.0291468	0.00573928
227.648	24.0434	-2.19467	23.8815	0.758516	0.200507	0.0985273	0.362065	0.390341	0.422838	0.0887744	0.0292292	0.0057528
228.058	24.7763	-2.19467	24.5846	0.775767	0.202994	0.0994743	0.365207	0.393085	0.425666	0.0891663	0.0293119	0.00576637
228.468	25.4768	-2.19467	25.2544	0.793594	0.205527	0.100435	0.368389	0.395859	0.428523	0.0895608	0.029395	0.00577998
228.879	26.1358	-2.19467	25.882	0.812023	0.208107	0.10141	0.371614	0.398662	0.431408	0.0899578	0.0294784	0.00579365
229.289	26.7442	-2.19467	26.4582	0.83108	0.210736	0.102399	0.374881	0.401495	0.434323	0.0903576	0.0295622	0.00580736
229.7	27.2932	-2.19467	26.9742	0.850794	0.213415	0.103402	0.378191	0.404358	0.437267	0.09076	0.0296463	0.00582112
230.11	27.774	-2.19467	27.4211	0.871192	0.216146	0.10442	0.381545	0.407252	0.440241	0.0911651	0.0297308	0.00583493
230.521	28.1788	-2.19467	27.7912	0.892307	0.218929	0.105453	0.384944	0.410177	0.443245	0.0915729	0.0298157	0.00584879
230.931	28.5009	-2.19467	28.0776	0.914171	0.221766	0.106502	0.388388	0.413134	0.446281	0.0919835	0.0299009	0.0058627
231.341	28.7347	-2.19467	28.2748	0.936819	0.224658	0.107566	0.391879	0.416123	0.449347	0.0923968	0.0299865	0.00587665
231.752	28.8765	-2.19467	28.3788	0.960285	0.227607	0.108646	0.395417	0.419144	0.452446	0.0928129	0.0300725	0.00589066
232.162	28.9241	-2.19467	28.3878	0.98461	0.230615	0.109743	0.399003	0.422198	0.455576	0.0932319	0.0301588	0.00590472
232.573	28.8776	-2.19467	28.3014	1.00983	0.233682	0.110856	0.402638	0.425286	0.458739	0.0936537	0.0302455	0.00591883
232.983	28.7385	-2.19467	28.1214	1.036	0.236811	0.111986	0.406322	0.428407	0.461935	0.0940783	0.0303326	0.00593299
233.393	28.5106	-2.19467	27.8513	1.06314	0.240002	0.113134	0.410057	0.431563	0.465165	0.0945058	0.0304201	0.0059472
233.804	28.199	-2.19467	27.4964	1.09133	0.243259	0.114299	0.413844	0.434755	0.468429	0.0949363	0.0305079	0.00596146
234.214	27.8105	-2.19467	27.0632	1.12059	0.246582	0.115482	0.417683	0.437981	0.471727	0.0953697	0.0305961	0.00597577
234.625	27.3529	-2.19467	26.5595	1.151	0.249973	0.116684	0.421576	0.441244	0.47506	0.0958061	0.0306847	0.00599013
235.035	26.8347	-2.19467	25.9939	1.1826	0.253434	0.117904	0.425524	0.444543	0.478428	0.0962455	0.0307737	0.00600455
235.445	26.2649	-2.19467	25.3752	1.21545	0.256968	0.119144	0.429527	0.447879	0.481832	0.0966879	0.0308631	0.00601902
235.856	25.6527	-2.19467	24.7126	1.24961	0.260576	0.120403	0.433587	0.451253	0.485273	0.0971334	0.0309528	0.00603354
236.266	25.0073	-2.19467	24.0151	1.28516	0.26426	0.121682	0.437704	0.454665	0.488751	0.0975819	0.031043	0.00604811
236.677	24.3373	-2.19467	23.2914	1.32217	0.268022	0.122982	0.44188	0.458116	0.492266	0.0980336	0.0311335	0.00606273
237.087	23.651	-2.19467	22.5495	1.3607	0.271865	0.124302	0.446116	0.461607	0.495819	0.0984884	0.0312245	0.00607741
237.497	22.9558	-2.19467	21.7969	1.40085	0.275791	0.125644	0.450413	0.465137	0.499411	0.0989464	0.0313158	0.00609214
237.908	22.2585	-2.19467	21.0403	1.44268	0.279802	0.127007	0.454772	0.468708	0.503042	0.0994076	0.0314076	0.00610693
238.318	21.5651	-2.19467	20.2855	1.4863	0.283901	0.128393	0.459195	0.47232	0.506713	0.099872	0.0314997	0.00612177
238.729	20.8807	-2.19467	19.5376	1.5318	0.288091	0.129802	0.463682	0.475974	0.510424	0.10034	0.0315923	0.00613666
239.139	20.2098	-2.19467	18.8008	1.57927	0.292374	0.131233	0.468236	0.479671	0.514176	0.100811	0.0316852	0.00615161
239.55	19.5558	-2.19467	18.0788	1.62883	0.296752	0.132689	0.472856	0.483411	0.517969	0.101285	0.0317786	0.00616661
239.96	18.9219	-2.19467	17.3742	1.68058	0.301229	0.134169	0.477545	0.487194	0.521805	0.101763	0.0318724	0.00618167
240.37	18.3103	-2.19467	16.6894	1.73465	0.305808	0.135673	0.482304	0.491022	0.525683	0.102244	0.0319666	0.00619678
240.781	17.7229	-2.19467	16.0261	1.79116	0.310491	0.137203	0.487134	0.494896	0.529604	0.102728	0.0320612	0.00621195
241.191	17.1609	-2.19467	15.3853	1.85025	0.315283	0.138759	0.492037	0.498815	0.53357	0.103216	0.0321562	0.00622718
241.602	16.6253	-2.19467	14.7678	1.91205	0.320186	0.140341	0.497014	0.502781	0.53758	0.103707	0.0322517	0.00624246
242.012	16.1167	-2.19467	14.1742	1.97673	0.325203	0.141951	0.502067	0.506795	0.541636	0.104202	0.0323476	0.00625779
242.422	15.6353	-2.19467	13.6044	2.04443	0.330339	0.143588	0.507197	0.510857	0.545738	0.104701	0.0324439	0.00627319
242.833	15.1812	-2.19467	13.0584	2.11532	0.335597	0.145253	0.512406	0.514967	0.549886	0.105203	0.0325407	0.00628864
243.243	14.7543	-2.19467	12.5358	2.18959	0.340981	0.146948	0.517695	0.519128	0.554082	0.105708	0.0326378	0.00630414
243.654	14.3542	-2.19467	12.0363	2.26741	0.346495	0.148672	0.523066	0.523339	0.558326	0.106218	0.0327354	0.00631971
244.064	13.9807	-2.19467	11.5592	2.34899	0.352144	0.150427	0.528522	0.527601	0.562619	0.106731	0.0328335	0.00633533
244.474	13.6333	-2.19467	11.1038	2.43453	0.35793	0.152213	0.534062	0.531916	0.566961	0.107248	0.032932	0.00635101
244.885	13.3114	-2.19467	10.6694	2.52424	0.36386	0.154031	0.53969	0.536284	0.571355	0.107768	0.0330309	0.00636675
245.295	13.0145	-2.19467	10.2552	2.61836	0.369938	0.155881	0.545407	0.540705	0.575799	0.108292	0.0331303	0.00638255
245.706	12.742	-2.19467	9.86048	2.71711	0.376169	0.157765	0.551215	0.545182	0.580295	0.10882	0.0332302	0.0063984
246.116	12.4934	-2.19467	9.48429	2.82074	0.382557	0.159683	0.557116	0.549714	0.584844	0.109352	0.0333304	0.00641432
246.527	12.2681	-2.19467	9.12586	2.92951	0.389109	0.161636	0.563112	0.554303	0.589447	0.109888	0.0334312	0.00643029
246.937	12.0655	-2.19467	8.78438	3.04368	0.395829	0.163625	0.569205	0.558949	0.594104	0.110428	0.0335324	0.00644633
247.347	11.8852	-2.19467	8.45903	3.1635	0.402725	0.16565	0.575397	0.563655	0.598817	0.110972	0.033634	0.00646242
247.758	11.7266	-2.19467	8.14903	3.28927	0.409801	0.167714	0.58169	0.568419	0.603586	0.11152	0.0337362	0.00647857
248.168	11.5892	-2.19467	7.85363	3.42123	0.417064	0.169816	0.588087	0.573245	0.608412	0.112072	0.0338387	0.00649479
248.579	11.4727	-2.19467	7.57209	3.55968	0.424521	0.171957	0.59459	0.578132	0.613296	0.112628	0.0339418	0.00651107
248.989	11.3765	-2.19467	7.3037	3.70487	0.432178	0.174139	0.6012	0.583081	0.618239	0.113188	0.0340453	0.0065274
249.399	11.3003	-2.19467	7.04779	3.85705	0.440043	0.176363	0.607921	0.588095	0.623242	0.113752	0.0341493	0.0065438
249.81	11.2436	-2.19467	6.8037	4.01648	0.448124	0.17863	0.614755	0.593173	0.628306	0.114321	0.0342538	0.00656026
250.22	11.2062	-2.19467	6.57084	4.18336	0.456428	0.18094	0.621705	0.598317	0.633432	0.114894	0.0343588	0.00657679
250.631	11.1875	-2.19467	6.3486	4.35789	0.464963	0.183295	0.628772	0.603529	0.638621	0.115471	0.0344642	0.00659337
251.041	11.1873	-2.19467	6.13643	4.5402	0.473739	0.185696	0.63596	0.608808	0.643874	0.116053	0.0345701	0.00661002
251.451	11.205	-2.19467	5.9338	4.73038	0.482764	0.188144	0.643272	0.614157	0.649192	0.116639	0.0346765	0.00662673
251.862	11.2402	-2.19467	5.74022	4.92846	0.492047	0.190641	0.65071	0.619577	0.654575	0.117229	0.0347835	0.00664351
252.272	11.2924	-2.19467	5.5552	5.13437	0.501599	0.193188	0.658278	0.625069	0.660027	0.117824	0.0348909	0.00666035
252.683	11.3611	-2.19467	5.3783	5.34795	0.51143	0.195786	0.665977	0.630634	0.665546	0.118423	0.0349988	0.00667725
253.093	11.4454	-2.19467	5.20911	5.56892	0.521551	0.198436	0.673812	0.636274	0.671135	0.119027	0.0351072	0.00669422
253.504	11.5446	-2.19467	5.0472	5.79685	0.531973	0.20114	0.681786	0.641989	0.676795	0.119636	0.0352161	0.00671125
253.914	11.6578	-2.19467	4.89222	6.03114	0.542708	0.203899	0.689901	0.647782	0.682526	0.120249	0.0353255	0.00672834
254.324	11.7838	-2.19467	4.7438	6.27103	0.553769	0.206716	0.698162	0.653653	0.68833	0.120867	0.0354354	0.00674551
254.735	11.9214	-2.19467	4.60161	6.51551	0.565169	0.20959	0.706571	0.659605	0.694209	0.12149	0.0355458	0.00676274
255.145	12.069	-2.19467	4.46533	6.76337	0.576922	0.212525	0.715132	0.665637	0.700163	0.122118	0.0356568	0.00678003
255.556	12.2248	-2.19467	4.33466	7.01313	0.589042	0.215522	0.723849	0.671753	0.706194	0.12275	0.0357683	0.00679739
255.966	12.3869	-2.19467	4.20931	7.26306	0.601545	0.218582	0.732726	0.677954	0.712304	0.123388	0.0358802	0.00681482
256.376	12.553	-2.19467	4.08903	7.51116	0.614447	0.221707	0.741767	0.684241	0.718493	0.12403	0.0359928	0.00683231
256.787	12.7207	-2.19467	3.97355	7.75515	0.627766	0.224899	0.750975	0.690615	0.724763	0.124678	0.0361058	0.00684987
257.197	12.8872	-2.19467	3.86265	7.99254	0.641518	0.228161	0.760355	0.697079	0.731115	0.12533	0.0362194	0.0068675
257.608	13.0495	-2.19467	3.75609	8.22059	0.655723	0.231493	0.76991	0.703633	0.737551	0.125988	0.0363335	0.0068852
258.018	13.2047	-2.19467	3.65368	8.4364	0.670401	0.234899	0.779647	0.710281	0.744072	0.126651	0.0364482	0.00690297
258.428	13.3496	-2.19467	3.5552	8.637	0.685572	0.238379	0.789568	0.717023	0.75068	0.127319	0.0365634	0.0069208
258.839	13.4809	-2.19467	3.46046	8.81935	0.70126	0.241937	0.799679	0.723861	0.757376	0.127992	0.0366792	0.00693871
259.249	13.5956	-2.19467	3.3693	8.98053	0.717487	0.245575	0.809985	0.730797	0.764163	0.128671	0.0367955	0.00695668
259.66	13.6908	-2.19467	3.28154	9.11777	0.734278	0.249295	0.82049	0.737834	0.77104	0.129355	0.0369123	0.00697473
260.07	13.764	-2.19467	3.19702	9.2286	0.751659	0.2531	0.8312	0.744972	0.778011	0.130045	0.0370297	0.00699284
260.48	13.8128	-2.19467	3.1156	9.31093	0.769658	0.256992	0.842119	0.752214	0.785077	0.13074	0.0371477	0.00701103
260.891	13.8357	-2.19467	3.03712	9.36317	0.788305	0.260973	0.853255	0.759562	0.79224	0.131441	0.0372662	0.00702928
261.301	13.8315	-2.19467	2.96146	9.38428	0.807629	0.265047	0.864611	0.767019	0.799501	0.132147	0.0373853	0.00704761
261.712	13.7996	-2.19467	2.88849	9.37383	0.827666	0.269217	0.876195	0.774585	0.806862	0.13286	0.037505	0.00706601
262.122	13.7403	-2.19467	2.81808	9.33205	0.848448	0.273485	0.888012	0.782264	0.814325	0.133577	0.0376253	0.00708448
262.533	13.6542	-2.19467	2.75013	9.25975	0.870013	0.277855	0.900068	0.790057	0.821891	0.134301	0.0377461	0.00710302
262.943	13.5429	-2.19467	2.68452	9.15836	0.892401	0.282329	0.91237	0.797967	0.829564	0.135031	0.0378675	0.00712164
263.353	13.408	-2.19467	2.62116	9.0298	0.915654	0.286912	0.924925	0.805996	0.837345	0.135766	0.0379895	0.00714033
263.764	13.252	-2.19467	2.55994	8.87642	0.939815	0.291606	0.937739	0.814147	0.845235	0.136508	0.0381121	0.00715909
264.174	13.0775	-2.19467	2.50077	8.70091	0.964933	0.296415	0.95082	0.822422	0.853238	0.137256	0.0382353	0.00717793
264.585	12.8874	-2.19467	2.44356	8.50616	0.991057	0.301344	0.964174	0.830823	0.861354	0.13801	0.0383591	0.00719684
264.995	12.6846	-2.19467	2.38824	8.29515	1.01824	0.306395	0.977811	0.839354	0.869587	0.13877	0.0384835	0.00721583
265.405	12.4722	-2.19467	2.33472	8.07092	1.04654	0.311573	0.991737	0.848016	0.877938	0.139536	0.0386085	0.00723489
265.816	12.253	-2.19467	2.28293	7.83638	1.07603	0.316883	1.00596	0.856813	0.88641	0.140309	0.0387341	0.00725403
266.226	12.03	-2.19467	2.23279	7.59433	1.10675	0.322328	1.02049	0.865747	0.895005	0.141088	0.0388603	0.00727325
266.637	11.8057	-2.19467	2.18425	7.34735	1.13879	0.327914	1.03534	0.874821	0.903725	0.141874	0.0389871	0.00729254
267.047	11.5824	-2.19467	2.13722	7.0978	1.17222	0.333644	1.05051	0.884039	0.912573	0.142666	0.0391146	0.0073119
267.457	11.3624	-2.19467	2.09167	6.84777	1.20711	0.339525	1.06601	0.893402	0.921552	0.143465	0.0392427	0.00733135
267.868	11.1475	-2.19467	2.04751	6.59909	1.24356	0.345562	1.08186	0.902915	0.930664	0.144271	0.0393714	0.00735087
268.278	10.9393	-2.19467	2.0047	6.35332	1.28166	0.351759	1.09806	0.912581	0.939911	0.145083	0.0395007	0.00737047
268.689	10.7392	-2.19467	1.96319	6.11176	1.3215	0.358123	1.11462	0.922402	0.949297	0.145902	0.0396307	0.00739015
269.099	10.5483	-2.19467	1.92293	5.87547	1.3632	0.364659	1.13156	0.932382	0.958824	0.146729	0.0397613	0.00740991
269.51	10.3675	-2.19467	1.88386	5.64532	1.40686	0.371374	1.14889	0.942524	0.968495	0.147562	0.0398926	0.00742974
269.92	10.1977	-2.19467	1.84594	5.42194	1.4526	0.378275	1.16662	0.952833	0.978313	0.148402	0.0400245	0.00744966
270.33	10.0394	-2.19467	1.80913	5.20582	1.50057	0.385368	1.18475	0.963311	0.98828	0.14925	0.0401571	0.00746966
270.741	9.89312	-2.19467	1.77339	4.99729	1.5509	0.392659	1.20331	0.973963	0.998401	0.150105	0.0402903	0.00748973
271.151	9.75913	-2.19467	1.73867	4.79654	1.60374	0.400158	1.22231	0.984792	1.00868	0.150967	0.0404242	0.00750989
271.562	9.6377	-2.19467	1.70495	4.60369	1.65927	0.407871	1.24175	0.995803	1.01911	0.151837	0.0405588	0.00753013
271.972	9.52902	-2.19467	1.67217	4.41872	1.71766	0.415806	1.26166	1.007	1.02971	0.152714	0.040694	0.00755045
272.382	9.43321	-2.19467	1.64031	4.24157	1.77911	0.423973	1.28205	1.01838	1.04048	0.153599	0.04083	0.00757086
272.793	9.35035	-2.19467	1.60934	4.07212	1.84383	0.43238	1.30293	1.02996	1.05141	0.154492	0.0409666	0.00759135
273.203	9.28051	-2.19467	1.57921	3.91019	1.91205	0.441037	1.32432	1.04174	1.06252	0.155392	0.0411038	0.00761192
273.614	9.22373	-2.19467	1.54991	3.75558	1.98401	0.449953	1.34624	1.05372	1.0738	0.156301	0.0412418	0.00763257
274.024	9.18005	-2.19467	1.5214	3.60805	2.05999	0.459138	1.36871	1.0659	1.08526	0.157217	0.0413805	0.00765331
274.434	9.14952	-2.19467	1.49366	3.46736	2.14028	0.468605	1.39174	1.0783	1.09691	0.158141	0.0415199	0.00767413
274.845	9.13222	-2.19467	1.46666	3.33323	2.22521	0.478363	1.41534	1.09092	1.10875	0.159074	0.0416599	0.00769504
275.255	9.12825	-2.19467	1.44037	3.20539	2.31511	0.488425	1.43955	1.10376	1.12078	0.160015	0.0418007	0.00771603
275.666	9.13772	-2.19467	1.41476	3.08359	2.41038	0.498803	1.46438	1.11682	1.133	0.160964	0.0419422	0.00773711
276.076	9.16081	-2.19467	1.38982	2.96754	2.51144	0.509511	1.48985	1.13012	1.14543	0.161922	0.0420845	0.00775828
276.486	9.19773	-2.19467	1.36553	2.85697	2.61873	0.520563	1.51599	1.14366	1.15806	0.162888	0.0422274	0.00777953
276.897	9.24874	-2.19467	1.34185	2.75163	2.73276	0.531973	1.54281	1.15744	1.1709	0.163863	0.0423711	0.00780087
277.307	9.31416	-2.19467	1.31878	2.65125	2.85408	0.543757	1.57035	1.17147	1.18396	0.164846	0.0425155	0.0078223
277.718	9.39439	-2.19467	1.29629	2.55559	2.9833	0.555931	1.59862	1.18576	1.19723	0.165839	0.0426606	0.00784382
278.128	9.48988	-2.19467	1.27436	2.46442	3.12106	0.568512	1.62766	1.2003	1.21073	0.16684	0.0428065	0.00786542
278.539	9.60117	-2.19467	1.25297	2.37749	3.26811	0.581517	1.65748	1.21512	1.22446	0.167851	0.0429532	0.00788712
278.949	9.72889	-2.19467	1.23211	2.2946	3.42524	0.594967	1.68813	1.23021	1.23842	0.168871	0.0431006	0.0079089
279.359	9.87374	-2.19467	1.21175	2.21552	3.59334	0.608881	1.71962	1.24559	1.25262	0.1699	0.0432487	0.00793078
279.77	10.0366	-2.19467	1.19189	2.14007	3.77338	0.62328	1.75199	1.26125	1.26707	0.170939	0.0433976	0.00795274
280.18	10.2183	-2.19467	1.17251	2.06806	3.96644	0.638188	1.78528	1.27721	1.28177	0.171987	0.0435473	0.0079748
280.591	10.42	-2.19467	1.15359	1.9993	4.17369	0.653626	1.81951	1.29348	1.29673	0.173045	0.0436978	0.00799695
281.001	10.6428	-2.19467	1.13512	1.93361	4.39645	0.669622	1.85473	1.31005	1.31194	0.174112	0.043849	0.00801919
281.411	10.8882	-2.19467	1.11708	1.87086	4.63616	0.6862	1.89097	1.32695	1.32743	0.17519	0.0440011	0.00804153
281.822	11.1576	-2.19467	1.09947	1.81086	4.8944	0.70339	1.92826	1.34417	1.3432	0.176277	0.0441539	0.00806396
282.232	11.4527	-2.19467	1.08226	1.7535	5.17295	0.72122	1.96666	1.36174	1.35924	0.177375	0.0443075	0.00808648
282.643	11.7753	-2.19467	1.06544	1.69862	5.47371	0.739724	2.00621	1.37964	1.37557	0.178483	0.0444619	0.00810909
283.053	12.1276	-2.19467	1.04901	1.64609	5.79882	0.758933	2.04694	1.3979	1.3922	0.179601	0.0446172	0.00813181
283.463	12.5118	-2.19467	1.03296	1.5958	6.1506	0.778884	2.08891	1.41652	1.40913	0.18073	0.0447732	0.00815461
283.874	12.9305	-2.19467	1.01726	1.54764	6.53159	0.799614	2.13217	1.43552	1.42638	0.18187	0.0449301	0.00817752
284.284	13.3864	-2.19467	1.00192	1.50149	6.94455	0.821164	2.17677	1.4549	1.44394	0.18302	0.0450878	0.00820052
284.695	13.8824	-2.19467	0.986912	1.45724	7.39246	0.843576	2.22276	1.47468	1.46182	0.184182	0.0452463	0.00822361
285.105	14.4219	-2.19467	0.972238	1.41481	7.8785	0.866895	2.27021	1.49486	1.48004	0.185354	0.0454056	0.00824681
285.516	15.0082	-2.19467	0.957886	1.37411	8.40606	0.891171	2.31917	1.51545	1.4986	0.186538	0.0455658	0.0082701
285.926	15.6448	-2.19467	0.943845	1.33504	8.97864	0.916453	2.36971	1.53647	1.51752	0.187733	0.0457269	0.00829349
286.336	16.3354	-2.19467	0.930107	1.29752	9.59984	0.942798	2.42189	1.55793	1.53679	0.188939	0.0458888	0.00831698
286.747	17.0835	-2.19467	0.916664	1.26149	10.2732	0.970264	2.47579	1.57985	1.55643	0.190158	0.0460516	0.00834058
287.157	17.8927	-2.19467	0.903507	1.22686	11.002	0.998914	2.53149	1.60222	1.57645	0.191388	0.0462152	0.00836427
287.568	18.7658	-2.19467	0.890628	1.19357	11.7891	1.02881	2.58905	1.62508	1.59685	0.19263	0.0463797	0.00838806
287.978	19.705	-2.19467	0.87802	1.16156	12.6366	1.06003	2.64857	1.64842	1.61766	0.193884	0.0465451	0.00841195
288.388	20.7114	-2.19467	0.865675	1.13076	13.5455	1.09265	2.71013	1.67227	1.63887	0.19515	0.0467114	0.00843595
288.799	21.7843	-2.19467	0.853586	1.10111	14.5148	1.12675	2.77382	1.69663	1.6605	0.196429	0.0468785	0.00846005
289.209	22.9205	-2.19467	0.841745	1.07257	15.5414	1.16242	2.83975	1.72154	1.68256	0.197721	0.0470466	0.00848425
289.62	24.1138	-2.19467	0.830147	1.04507	16.6187	1.19974	2.90801	1.74699	1.70507	0.199025	0.0472155	0.00850856
290.03	25.354	-2.19467	0.818785	1.01858	17.7364	1.23883	2.97872	1.77301	1.72802	0.200342	0.0473854	0.00853297
290.44	26.6257	-2.19467	0.807652	0.993044	18.8791	1.27979	3.05199	1.79961	1.75145	0.201672	0.0475562	0.00855749
290.851	27.9084	-2.19467	0.796742	0.968421	20.0257	1.32273	3.12795	1.82681	1.77535	0.203016	0.0477279	0.00858211
291.261	29.1754	-2.19467	0.78605	0.944668	21.1496	1.36778	3.20672	1.85463	1.79974	0.204373	0.0479006	0.00860684
291.672	30.3946	-2.19467	0.77557	0.921748	22.2182	1.41508	3.28844	1.88309	1.82464	0.205744	0.0480742	0.00863167
292.082	31.5292	-2.19467	0.765296	0.899623	23.1946	1.46477	3.37326	1.9122	1.85005	0.207128	0.0482487	0.00865662
292.492	32.5402	-2.19467	0.755223	0.878258	24.0394	1.517	3.46133	1.942	1.876	0.208527	0.0484242	0.00868167
292.903	33.3895	-2.19467	0.745345	0.85762	24.7142	1.57194	3.55283	1.97249	1.9025	0.209939	0.0486006	0.00870683
293.313	34.0434	-2.19467	0.735659	0.837678	25.1849	1.62977	3.64791	2.0037	1.92956	0.211367	0.048778	0.0087321
293.724	34.4769	-2.19467	0.726159	0.818402	25.4262	1.69068	3.74678	2.03566	1.95721	0.212808	0.0489564	0.00875748
294.134	34.6769	-2.19467	0.716839	0.799763	25.4245	1.75489	3.84962	2.06838	1.98545	0.214265	0.0491358	0.00878297
294.545	34.644	-2.19467	0.707697	0.781735	25.1799	1.82263	3.95664	2.10189	2.0143	0.215736	0.0493161	0.00880857
294.955	34.3922	-2.19467	0.698727	0.764292	24.7061	1.89412	4.06808	2.13622	2.04378	0.217223	0.0494975	0.00883429
295.365	33.9478	-2.19467	0.689925	0.74741	24.0288	1.96965	4.18417	2.1714	2.07392	0.218725	0.0496798	0.00886012
295.776	33.3453	-2.19467	0.681287	0.731066	23.1818	2.0495	4.30517	2.20745	2.10473	0.220243	0.0498632	0.00888606
296.186	32.6239	-2.19467	0.672809	0.715237	22.2039	2.13396	4.43134	2.24439	2.13622	0.221777	0.0500475	0.00891211
296.597	31.8235	-2.19467	0.664487	0.699904	21.1343	2.22339	4.56297	2.28227	2.16842	0.223327	0.0502329	0.00893828
297.007	30.9818	-2.19467	0.656317	0.685046	20.0099	2.31813	4.70039	2.32111	2.20136	0.224893	0.0504194	0.00896457
297.417	30.1319	-2.19467	0.648296	0.670644	18.8631	2.41858	4.84391	2.36095	2.23505	0.226475	0.0506068	0.00899097
297.828	29.3014	-2.19467	0.640419	0.65668	17.7207	2.52515	4.9939	2.40181	2.26952	0.228074	0.0507953	0.00901749
298.238	28.5119	-2.19467	0.632685	0.643137	16.6034	2.6383	5.15072	2.44373	2.30479	0.229691	0.0509849	0.00904412
298.649	27.7797	-2.19467	0.625088	0.629999	15.5267	2.75852	5.3148	2.48676	2.34088	0.231324	0.0511755	0.00907088
299.059	27.1162	-2.19467	0.617627	0.617251	14.5009	2.88634	5.48657	2.53093	2.37783	0.232975	0.0513672	0.00909775
299.469	26.529	-2.19467	0.610297	0.604877	13.5324	3.02231	5.66649	2.57628	2.41565	0.234644	0.05156	0.00912474
299.88	26.0223	-2.19467	0.603097	0.592862	12.6244	3.16705	5.85507	2.62285	2.45439	0.236331	0.0517538	0.00915185
300.29	25.5982	-2.19467	0.596022	0.581195	11.7777	3.32121	6.05284	2.67069	2.49405	0.238036	0.0519488	0.00917909
300.701	25.2572	-2.19467	0.589069	0.569861	10.9914	3.48548	6.26039	2.71984	2.53469	0.239759	0.0521449	0.00920644
301.111	24.9985	-2.19467	0.582237	0.558849	10.2634	3.66059	6.47834	2.77035	2.57632	0.241501	0.052342	0.00923392
301.522	24.8208	-2.19467	0.575523	0.548147	9.59085	3.84731	6.70736	2.82227	2.61898	0.243262	0.0525403	0.00926152
301.932	24.7224	-2.19467	0.568923	0.537743	8.97035	4.04647	6.94818	2.87565	2.66271	0.245043	0.0527397	0.00928924
302.342	24.7015	-2.19467	0.562435	0.527626	8.39842	4.25892	7.20158	2.93055	2.70754	0.246843	0.0529403	0.00931709
302.753	24.7562	-2.19467	0.556057	0.517787	7.87146	4.48551	7.46839	2.98703	2.7535	0.248663	0.053142	0.00934507
303.163	24.885	-2.19467	0.549786	0.508215	7.38597	4.72714	7.74952	3.04515	2.80064	0.250504	0.0533448	0.00937317
303.574	25.0864	-2.19467	0.54362	0.498902	6.93857	4.98469	8.04595	3.10497	2.849	0.252365	0.0535489	0.0094014
303.984	25.3592	-2.19467	0.537556	0.489837	6.52608	5.259	8.35874	3.16655	2.89862	0.254246	0.0537541	0.00942975
304.394	25.7024	-2.19467	0.531592	0.481013	6.14552	5.55088	8.68902	3.22998	2.94954	0.256149	0.0539604	0.00945824
304.805	26.1155	-2.19467	0.525727	0.472422	5.79412	5.86102	9.03804	3.29531	3.0018	0.258073	0.054168	0.00948685
305.215	26.5978	-2.19467	0.519958	0.464054	5.46937	6.18997	9.40712	3.36263	3.05547	0.260019	0.0543767	0.00951559
305.626	27.1489	-2.19467	0.514282	0.455903	5.16892	6.53807	9.79769	3.43201	3.11058	0.261987	0.0545867	0.00954447
306.036	27.7685	-2.19467	0.508698	0.447961	4.89068	6.90537	10.2113	3.50355	3.16718	0.263977	0.0547979	0.00957347
306.446	28.456	-2.19467	0.503204	0.440222	4.6327	7.29156	10.6497	3.57733	3.22534	0.265991	0.0550103	0.00960261
306.857	29.2109	-2.19467	0.497799	0.432678	4.39324	7.69581	11.1146	3.65344	3.28511	0.268027	0.0552239	0.00963188
307.267	30.0323	-2.19467	0.492479	0.425324	4.1707	8.11673	11.608	3.73199	3.34655	0.270087	0.0554388	0.00966129
307.678	30.919	-2.19467	0.487244	0.418153	3.96366	8.55215	12.1321	3.81308	3.40972	0.27217	0.055655	0.00969083
308.088	31.8689	-2.19467	0.482091	0.411159	3.77079	8.99905	12.6891	3.89682	3.47469	0.274278	0.0558724	0.0097205
308.498	32.8795	-2.19467	0.477019	0.404336	3.59093	9.45344	13.2814	3.98331	3.54153	0.27641	0.0560911	0.00975032
308.909	33.9475	-2.19467	0.472026	0.397679	3.42298	9.9102	13.9116	4.0727	3.6103	0.278568	0.0563111	0.00978027
309.319	35.0687	-2.19467	0.467111	0.391183	3.266	10.3631	14.5827	4.16509	3.68108	0.28075	0.0565323	0.00981035
309.73	36.238	-2.19467	0.462272	0.384842	3.11908	10.8047	15.2976	4.26064	3.75396	0.282958	0.0567549	0.00984058
310.14	37.4496	-2.19467	0.457507	0.378653	2.98144	11.2266	16.0596	4.35947	3.82901	0.285193	0.0569788	0.00987095
310.551	38.6972	-2.19467	0.452815	0.372609	2.85234	11.6196	16.8719	4.46175	3.90633	0.287454	0.057204	0.00990146
310.961	39.9743	-2.19467	0.448194	0.366707	2.73113	11.9739	17.7383	4.56763	3.98599	0.289742	0.0574306	0.00993211
311.371	41.2744	-2.19467	0.443644	0.360943	2.61719	12.2799	18.6624	4.67729	4.06811	0.292057	0.0576585	0.0099629
311.782	42.5922	-2.19467	0.439162	0.355311	2.50999	12.5284	19.6481	4.7909	4.15277	0.294401	0.0578878	0.00999383
312.192	43.9234	-2.19467	0.434747	0.349809	2.40902	12.7115	20.6994	4.90865	4.24009	0.296772	0.0581184	0.0100249
312.603	45.2656	-2.19467	0.430398	0.344431	2.31383	12.8229	21.8202	5.03074	4.33018	0.299173	0.0583504	0.0100561
313.013	46.6189	-2.19467	0.426114	0.339176	2.22399	12.8589	23.0145	5.15739	4.42315	0.301602	0.0585838	0.0100875
313.423	47.9856	-2.19467	0.421893	0.334038	2.13913	12.8181	24.2861	5.28882	4.51914	0.304062	0.0588186	0.010119
313.834	49.3706	-2.19467	0.417734	0.329015	2.0589	12.7019	25.6384	5.42528	4.61826	0.306551	0.0590548	0.0101507
314.244	50.7809	-2.19467	0.413637	0.324103	1.98298	12.5145	27.0741	5.56702	4.72065	0.309071	0.0592925	0.0101825
314.655	52.225	-2.19467	0.409598	0.319298	1.91107	12.2621	28.5955	5.7143	4.82647	0.311622	0.0595315	0.0102145
315.065	53.7123	-2.19467	0.405619	0.314599	1.84291	11.9528	30.2035	5.86744	4.93586	0.314205	0.0597721	0.0102466
315.475	55.2515	-2.19467	0.401697	0.310001	1.77824	11.5957	31.8977	6.02672	5.04899	0.316821	0.0600141	0.0102789
315.886	56.8503	-2.19467	0.397831	0.305503	1.71683	11.2006	33.6757	6.19248	5.16603	0.319469	0.0602575	0.0103113
316.296	58.514	-2.19467	0.39402	0.3011	1.65848	10.7772	35.5327	6.36506	5.28715	0.32215	0.0605025	0.0103438
316.707	60.2443	-2.19467	0.390264	0.296791	1.60299	10.3346	37.4609	6.54486	5.41255	0.324865	0.0607489	0.0103766
317.117	62.0387	-2.19467	0.386561	0.292573	1.55018	9.88128	39.4491	6.73225	5.54244	0.327615	0.0609968	0.0104095
317.528	63.8894	-2.19467	0.38291	0.288443	1.49988	9.42449	41.4815	6.92768	5.67702	0.3304	0.0612463	0.0104425
317.938	65.7828	-2.19467	0.37931	0.284399	1.45195	8.97044	43.5381	7.1316	5.81652	0.33322	0.0614973	0.0104757
318.348	67.6994	-2.19467	0.375761	0.280439	1.40623	8.52416	45.5935	7.34449	5.96119	0.336076	0.0617498	0.010509
318.759	69.6132	-2.19467	0.372261	0.27656	1.3626	8.08958	47.6171	7.56688	6.11128	0.33897	0.0620039	0.0105426
319.169	71.4923	-2.19467	0.36881	0.27276	1.32094	7.66967	49.5737	7.79934	6.26706	0.341901	0.0622596	0.0105762
319.58	73.2999	-2.19467	0.365406	0.269037	1.28112	7.26652	51.4232	8.04247	6.42882	0.34487	0.0625168	0.0106101
319.99	74.9954	-2.19467	0.362048	0.265389	1.24305	6.88152	53.123	8.29692	6.59687	0.347878	0.0627757	0.0106441
320.4	76.5365	-2.19467	0.358737	0.261814	1.20662	6.51542	54.629	8.56338	6.77153	0.350925	0.0630361	0.0106782
320.811	77.8814	-2.19467	0.355471	0.258311	1.17174	6.16854	55.8982	8.84262	6.95316	0.354013	0.0632982	0.0107126
321.221	78.9921	-2.19467	0.352249	0.254876	1.13833	5.8408	56.8915	9.13543	7.14212	0.357141	0.0635619	0.0107471
321.632	79.8367	-2.19467	0.34907	0.251509	1.10631	5.53184	57.5762	9.44269	7.33882	0.360311	0.0638273	0.0107817
322.042	80.3926	-2.19467	0.345934	0.248207	1.07561	5.2411	57.9289	9.76534	7.54367	0.363524	0.0640943	0.0108166
322.452	80.6478	-2.19467	0.34284	0.24497	1.04614	4.96787	57.9372	10.1044	7.75713	0.36678	0.064363	0.0108515
322.863	80.603	-2.19467	0.339787	0.241795	1.01786	4.71136	57.6006	10.461	7.97967	0.370079	0.0646334	0.0108867
323.273	80.2707	-2.19467	0.336774	0.238681	0.990687	4.4707	56.9311	10.8363	8.21183	0.373423	0.0649056	0.0109221
323.684	79.6748	-2.19467	0.333801	0.235626	0.964577	4.24503	55.9518	11.2315	8.45415	0.376813	0.0651794	0.0109576
324.094	78.8487	-2.19467	0.330868	0.232628	0.939473	4.03346	54.6948	11.6482	8.70722	0.380249	0.0654549	0.0109933
324.505	77.8325	-2.19467	0.327972	0.229687	0.915324	3.83511	53.1991	12.0878	8.97169	0.383732	0.0657323	0.0110291
324.915	76.6705	-2.19467	0.325115	0.226802	0.892084	3.64914	51.5075	12.552	9.24824	0.387264	0.0660113	0.0110651
325.325	75.4084	-2.19467	0.322294	0.223969	0.869708	3.47475	49.664	13.0425	9.53761	0.390844	0.0662922	0.0111014
325.736	74.0911	-2.19467	0.31951	0.221189	0.848153	3.31114	47.7117	13.5614	9.84059	0.394474	0.0665748	0.0111378
326.146	72.7608	-2.19467	0.316761	0.21846	0.827382	3.1576	45.6903	14.1107	10.158	0.398155	0.0668593	0.0111743
326.557	71.4557	-2.19467	0.314048	0.215781	0.807356	3.01344	43.6357	14.6929	10.4909	0.401887	0.0671456	0.0112111
326.967	70.2093	-2.19467	0.311369	0.213151	0.788041	2.878	41.5786	15.3104	10.8401	0.405672	0.0674337	0.011248
327.377	69.0505	-2.19467	0.308725	0.210568	0.769403	2.75068	39.5445	15.966	11.2068	0.409511	0.0677237	0.0112851
327.788	68.0034	-2.19467	0.306113	0.208031	0.751413	2.63092	37.5539	16.6629	11.592	0.413405	0.0680155	0.0113224
328.198	67.0878	-2.19467	0.303535	0.205539	0.73404	2.5182	35.6225	17.4043	11.9972	0.417354	0.0683093	0.0113599
328.609	66.3197	-2.19467	0.300989	0.203092	0.717257	2.41203	33.762	18.194	12.4236	0.42136	0.0686049	0.0113976
329.019	65.7121	-2.19467	0.298475	0.200688	0.701038	2.31195	31.9801	19.0359	12.8728	0.425425	0.0689025	0.0114354
329.429	65.2755	-2.19467	0.295992	0.198326	0.685358	2.21756	30.2819	19.9346	13.3463	0.429548	0.069202	0.0114735
329.84	65.0187	-2.19467	0.293539	0.196005	0.670193	2.12846	28.6697	20.8948	13.8459	0.433731	0.0695035	0.0115117
330.25	64.949	-2.19467	0.291117	0.193724	0.655522	2.0443	27.1443	21.9219	14.3735	0.437976	0.0698069	0.0115501
330.661	65.0732	-2.19467	0.288725	0.191482	0.641324	1.96474	25.7045	23.0219	14.9312	0.442283	0.0701123	0.0115888
331.071	65.3977	-2.19467	0.286362	0.189279	0.627578	1.88947	24.3484	24.2013	15.5213	0.446654	0.0704198	0.0116276
331.481	65.929	-2.19467	0.284028	0.187114	0.614265	1.81822	23.073	25.4672	16.1463	0.45109	0.0707292	0.0116666
331.892	66.6741	-2.19467	0.281722	0.184985	0.601369	1.75072	21.8751	26.8276	16.8089	0.455593	0.0710407	0.0117058
332.302	67.6406	-2.19467	0.279444	0.182892	0.588871	1.68672	20.7509	28.2911	17.5121	0.460163	0.0713543	0.0117452
332.713	68.8373	-2.19467	0.277193	0.180835	0.576756	1.62601	19.6964	29.8673	18.2592	0.464802	0.0716699	0.0117848
333.123	70.2741	-2.19467	0.27497	0.178811	0.565008	1.56837	18.7077	31.5669	19.0538	0.469512	0.0719877	0.0118246
333.534	71.9625	-2.19467	0.272773	0.176821	0.553613	1.51361	17.7807	33.4012	19.8999	0.474293	0.0723075	0.0118646
333.944	73.9154	-2.19467	0.270602	0.174864	0.542556	1.46154	16.9117	35.3831	20.802	0.479148	0.0726295	0.0119048
334.354	76.1476	-2.19467	0.268457	0.172939	0.531826	1.41201	16.0969	37.5263	21.7648	0.484078	0.0729537	0.0119452
334.765	78.6757	-2.19467	0.266337	0.171046	0.521408	1.36486	15.3327	39.8459	22.7938	0.489084	0.07328	0.0119859
335.175	81.5184	-2.19467	0.264242	0.169183	0.511291	1.31995	14.6156	42.3581	23.8949	0.494168	0.0736085	0.0120267
335.586	84.6964	-2.19467	0.262172	0.16735	0.501464	1.27713	13.9425	45.0803	25.0748	0.499332	0.0739392	0.0120677
335.996	88.2325	-2.19467	0.260126	0.165547	0.491916	1.2363	13.3103	48.0311	26.3409	0.504577	0.0742721	0.012109
336.406	92.1511	-2.19467	0.258103	0.163772	0.482636	1.19732	12.7163	51.2297	27.7013	0.509905	0.0746073	0.0121504
336.817	96.4787	-2.19467	0.256104	0.162026	0.473615	1.16011	12.1577	54.6962	29.1651	0.515317	0.0749448	0.0121921
337.227	101.243	-2.19467	0.254128	0.160308	0.464843	1.12454	11.6322	58.4504	30.7426	0.520817	0.0752846	0.012234
337.638	106.471	-2.19467	0.252175	0.158616	0.456311	1.09054	11.1373	62.5115	32.4453	0.526404	0.0756267	0.0122761
338.048	112.192	-2.19467	0.250244	0.156951	0.44801	1.05801	10.6711	66.8966	34.2858	0.532082	0.0759711	0.0123184
338.458	118.432	-2.19467	0.248336	0.155312	0.439933	1.02688	10.2315	71.6196	36.2786	0.537853	0.0763178	0.012361
338.869	125.213	-2.19467	0.246448	0.153698	0.43207	0.99706	9.81676	76.6889	38.4396	0.543717	0.076667	0.0124037
339.279	132.551	-2.19467	0.244583	0.152109	0.424416	0.968488	9.42513	82.1047	40.7869	0.549678	0.0770185	0.0124467
339.69	140.454	-2.19467	0.242738	0.150545	0.416961	0.941095	9.05507	87.8559	43.3408	0.555738	0.0773725	0.0124899
340.1	148.917	-2.19467	0.240914	0.149004	0.409701	0.914819	8.70513	93.916	46.124	0.561898	0.0777289	0.0125333
340.511	157.918	-2.19467	0.23911	0.147487	0.402627	0.889602	8.37399	100.239	49.1621	0.568161	0.0780878	0.012577
340.921	167.413	-2.19467	0.237327	0.145992	0.395735	0.865389	8.06039	106.753	52.4838	0.574529	0.0784491	0.0126209
341.331	177.334	-2.19467	0.235563	0.144521	0.389016	0.842128	7.76321	113.36	56.1212	0.581004	0.078813	0.012665
341.742	187.584	-2.19467	0.233819	0.143071	0.382467	0.819772	7.48138	119.929	60.1102	0.58759	0.0791794	0.0127093
342.152	198.039	-2.19467	0.232095	0.141643	0.376081	0.798275	7.21391	126.295	64.4907	0.594288	0.0795484	0.0127539
342.563	208.55	-2.19467	0.230389	0.140236	0.369852	0.777596	6.9599	132.266	69.307	0.601101	0.0799199	0.0127988
342.973	218.951	-2.19467	0.228702	0.13885	0.363777	0.757693	6.7185	137.629	74.6076	0.608032	0.0802941	0.0128438
343.383	229.074	-2.19467	0.227033	0.137484	0.357849	0.73853	6.48894	142.165	80.4452	0.615083	0.0806709	0.0128891
343.794	238.766	-2.19467	0.225382	0.136138	0.352064	0.72007	6.27048	145.664	86.8763	0.622258	0.0810503	0.0129346
344.204	247.91	-2.19467	0.223749	0.134811	0.346418	0.702281	6.06245	147.952	93.9595	0.629558	0.0814324	0.0129804
344.615	256.443	-2.19467	0.222134	0.133504	0.340906	0.685131	5.86423	148.906	101.754	0.636988	0.0818173	0.0130264
345.025	264.369	-2.19467	0.220537	0.132216	0.335523	0.66859	5.67523	148.474	110.317	0.64455	0.0822048	0.0130727
345.435	271.759	-2.19467	0.218956	0.130946	0.330267	0.652631	5.49491	146.681	119.698	0.652247	0.0825951	0.0131192
345.846	278.746	-2.19467	0.217392	0.129694	0.325133	0.637227	5.32277	143.622	129.93	0.660082	0.0829882	0.013166
346.256	285.495	-2.19467	0.215845	0.12846	0.320117	0.622352	5.15833	139.456	141.024	0.66806	0.0833841	0.013213
346.667	292.177	-2.19467	0.214315	0.127244	0.315216	0.607985	5.00117	134.38	152.953	0.676183	0.0837829	0.0132602
347.077	298.929	-2.19467	0.2128	0.126044	0.310426	0.594101	4.85087	128.613	165.634	0.684454	0.0841845	0.0133077
347.487	305.812	-2.19467	0.211302	0.124862	0.305744	0.58068	4.70705	122.372	178.914	0.692878	0.084589	0.0133555
347.898	312.78	-2.19467	0.209819	0.123696	0.301166	0.567701	4.56935	115.86	192.544	0.701459	0.0849964	0.0134035
348.308	319.652	-2.19467	0.208352	0.122546	0.29669	0.555147	4.43745	109.25	206.168	0.710199	0.0854068	0.0134518
348.719	326.1	-2.19467	0.2069	0.121412	0.292313	0.542999	4.31103	102.687	219.314	0.719104	0.0858201	0.0135004
349.129	331.658	-2.19467	0.205463	0.120293	0.288032	0.531239	4.18979	96.282	231.408	0.728177	0.0862365	0.0135492
349.54	335.767	-2.19467	0.204041	0.11919	0.283844	0.519852	4.07348	90.1159	241.807	0.737423	0.0866559	0.0135983
349.95	337.834	-2.19467	0.202634	0.118102	0.279746	0.508822	3.96182	84.2437	249.867	0.746845	0.0870783	0.0136476
350.36	337.333	-2.19467	0.201241	0.117029	0.275736	0.498135	3.85459	78.6989	255.024	0.756449	0.0875038	0.0136972
350.771	333.889	-2.19467	0.199862	0.11597	0.271811	0.487777	3.75156	73.4979	256.891	0.766239	0.0879325	0.0137471
351.181	327.358	-2.19467	0.198498	0.114926	0.267969	0.477735	3.65251	68.6444	255.319	0.776221	0.0883643	0.0137973
351.592	317.86	-2.19467	0.197147	0.113895	0.264208	0.467996	3.55725	64.1327	250.432	0.786398	0.0887993	0.0138477
352.002	305.752	-2.19467	0.195811	0.112878	0.260525	0.458548	3.46559	59.9509	242.603	0.796776	0.0892375	0.0138984
352.412	291.569	-2.19467	0.194487	0.111875	0.256918	0.449379	3.37736	56.0827	232.38	0.807361	0.089679	0.0139494
352.823	275.934	-2.19467	0.193177	0.110885	0.253386	0.44048	3.29239	52.5096	220.406	0.818158	0.0901237	0.0140007
353.233	259.472	-2.19467	0.19188	0.109908	0.249925	0.43184	3.21052	49.2118	207.327	0.829172	0.0905718	0.0140522
353.644	242.745	-2.19467	0.190597	0.108944	0.246535	0.423448	3.13161	46.1695	193.724	0.840411	0.0910232	0.0141041
354.054	226.216	-2.19467	0.189326	0.107992	0.243213	0.415296	3.05553	43.363	180.078	0.851878	0.091478	0.0141562
354.464	210.231	-2.19467	0.188067	0.107053	0.239957	0.407375	2.98213	40.7734	166.758	0.863582	0.0919362	0.0142086
354.875	195.028	-2.19467	0.186821	0.106126	0.236767	0.399676	2.91131	38.3829	154.017	0.875528	0.0923978	0.0142613
355.285	180.754	-2.19467	0.185588	0.105211	0.233639	0.392191	2.84293	36.1748	142.02	0.887723	0.0928629	0.0143143
355.696	167.48	-2.19467	0.184366	0.104307	0.230573	0.384912	2.77689	34.1335	130.852	0.900175	0.0933316	0.0143676
356.106	155.222	-2.19467	0.183157	0.103415	0.227566	0.377832	2.7131	32.2448	120.545	0.91289	0.0938037	0.0144212
356.517	143.96	-2.19467	0.181959	0.102535	0.224618	0.370943	2.65144	30.4957	111.093	0.925875	0.0942795	0.0144751
356.927	133.649	-2.19467	0.180773	0.101666	0.221726	0.364239	2.59183	28.874	102.461	0.93914	0.0947589	0.0145293
357.337	124.23	-2.19467	0.179599	0.100807	0.21889	0.357714	2.53417	27.369	94.6022	0.95269	0.095242	0.0145838
357.748	115.637	-2.19467	0.178436	0.0999596	0.216108	0.351361	2.47839	25.9707	87.46	0.966536	0.0957287	0.0146386
358.158	107.801	-2.19467	0.177284	0.0991226	0.213378	0.345174	2.42441	24.67	80.9752	0.980685	0.0962192	0.0146937
358.569	100.656	-2.19467	0.176143	0.098296	0.210699	0.339148	2.37214	23.4587	75.0886	0.995146	0.0967135	0.0147492
358.979	94.136	-2.19467	0.175013	0.0974797	0.208071	0.333277	2.32153	22.3295	69.7439	1.00993	0.0972116	0.0148049
359.389	88.1824	-2.19467	0.173895	0.0966735	0.205491	0.327555	2.27249	21.2755	64.8878	1.02504	0.0977135	0.014861
359.8	82.7397	-2.19467	0.172786	0.0958773	0.202959	0.321979	2.22498	20.2906	60.4716	1.0405	0.0982194	0.0149173
360.21	77.7578	-2.19467	0.171689	0.0950907	0.200473	0.316542	2.17892	19.3692	56.4505	1.05631	0.0987291	0.014974
360.621	73.1912	-2.19467	0.170601	0.0943138	0.198033	0.311241	2.13425	18.5064	52.7843	1.07247	0.0992429	0.0150311
361.031	68.9991	-2.19467	0.169524	0.0935464	0.195636	0.306071	2.09093	17.6974	49.4367	1.08902	0.0997606	0.0150884
361.441	65.1447	-2.19467	0.168457	0.0927882	0.193283	0.301027	2.0489	16.9382	46.3754	1.10594	0.100282	0.0151461
361.852	61.5953	-2.19467	0.167401	0.0920392	0.190972	0.296107	2.00811	16.2249	43.5712	1.12327	0.100808	0.0152041
362.262	58.3216	-2.19467	0.166354	0.0912992	0.188702	0.291305	1.96851	15.554	40.9985	1.141	0.101338	0.0152625
362.673	55.2973	-2.19467	0.165316	0.090568	0.186472	0.286618	1.93006	14.9224	38.6342	1.15916	0.101873	0.0153211
363.083	52.4991	-2.19467	0.164289	0.0898456	0.184281	0.282042	1.89271	14.3271	36.4579	1.17775	0.102411	0.0153802
363.493	49.906	-2.19467	0.163271	0.0891318	0.182129	0.277575	1.85642	13.7656	34.4513	1.19679	0.102954	0.0154395
363.904	47.4994	-2.19467	0.162262	0.0884264	0.180014	0.273211	1.82116	13.2355	32.5983	1.2163	0.103501	0.0154992
364.314	45.2627	-2.19467	0.161263	0.0877293	0.177935	0.26895	1.78688	12.7345	30.8843	1.23628	0.104052	0.0155593
364.725	43.1808	-2.19467	0.160273	0.0870404	0.175893	0.264786	1.75355	12.2605	29.2964	1.25676	0.104608	0.0156197
365.135	41.2403	-2.19467	0.159292	0.0863595	0.173885	0.260718	1.72113	11.8118	27.8232	1.27776	0.105168	0.0156805
365.546	39.4293	-2.19467	0.15832	0.0856866	0.171911	0.256742	1.6896	11.3867	26.4543	1.29928	0.105733	0.0157416
365.956	37.7368	-2.19467	0.157356	0.0850215	0.169971	0.252856	1.65891	10.9835	25.1804	1.32135	0.106303	0.015803
366.366	36.1532	-2.19467	0.156402	0.0843641	0.168063	0.249057	1.62905	10.6008	23.9934	1.34398	0.106877	0.0158649
366.777	34.6696	-2.19467	0.155456	0.0837143	0.166187	0.245342	1.59998	10.2373	22.8857	1.3672	0.107455	0.0159271
367.187	33.2782	-2.19467	0.154519	0.0830719	0.164342	0.241709	1.57167	9.89172	21.8508	1.39103	0.108038	0.0159896
367.598	31.9717	-2.19467	0.15359	0.0824369	0.162528	0.238156	1.5441	9.56298	20.8825	1.41548	0.108627	0.0160526
368.008	30.7438	-2.19467	0.152669	0.0818091	0.160743	0.23468	1.51725	9.25	19.9754	1.44058	0.109219	0.0161159
368.418	29.5884	-2.19467	0.151757	0.0811884	0.158988	0.23128	1.49108	8.95183	19.1246	1.46635	0.109817	0.0161795
368.829	28.5003	-2.19467	0.150853	0.0805747	0.157261	0.227952	1.46557	8.66756	18.3257	1.49282	0.11042	0.0162436
369.239	27.4746	-2.19467	0.149957	0.079968	0.155563	0.224695	1.44072	8.39635	17.5747	1.52001	0.111027	0.016308
369.65	26.5069	-2.19467	0.149069	0.079368	0.153891	0.221507	1.41648	8.13744	16.8679	1.54794	0.11164	0.0163728
370.06	25.5931	-2.19467	0.148188	0.0787748	0.152246	0.218386	1.39284	7.8901	16.2019	1.57665	0.112258	0.016438
370.47	24.7296	-2.19467	0.147316	0.0781882	0.150628	0.21533	1.36979	7.65368	15.5738	1.60617	0.112881	0.0165036
370.881	23.913	-2.19467	0.146451	0.0776081	0.149035	0.212337	1.3473	7.42754	14.9808	1.63651	0.113509	0.0165696
371.291	23.1402	-2.19467	0.145594	0.0770344	0.147467	0.209406	1.32535	7.21111	14.4204	1.66773	0.114142	0.016636
371.702	22.4084	-2.19467	0.144744	0.076467	0.145924	0.206535	1.30393	7.00386	13.8902	1.69984	0.114781	0.0167028
372.112	21.7149	-2.19467	0.143902	0.0759058	0.144404	0.203723	1.28303	6.80527	13.3883	1.73289	0.115425	0.01677
372.523	21.0576	-2.19467	0.143066	0.0753508	0.142909	0.200967	1.26262	6.61489	12.9126	1.7669	0.116074	0.0168376
372.933	20.434	-2.19467	0.142239	0.0748019	0.141436	0.198266	1.24268	6.43226	12.4614	1.80192	0.116729	0.0169056
373.343	19.8423	-2.19467	0.141418	0.0742589	0.139986	0.195619	1.22322	6.25699	12.0331	1.838	0.117389	0.016974
373.754	19.2805	-2.19467	0.140604	0.0737217	0.138558	0.193025	1.2042	6.08869	11.6262	1.87516	0.118055	0.0170429
374.164	18.7471	-2.19467	0.139798	0.0731904	0.137152	0.190481	1.18562	5.927	11.2392	1.91345	0.118727	0.0171121
374.575	18.2403	-2.19467	0.138998	0.0726648	0.135767	0.187988	1.16747	5.77158	10.871	1.95293	0.119405	0.0171818
374.985	17.7587	-2.19467	0.138205	0.0721448	0.134403	0.185542	1.14972	5.62211	10.5203	1.99363	0.120088	0.0172519
375.395	17.3011	-2.19467	0.137419	0.0716303	0.133059	0.183144	1.13238	5.4783	10.1861	2.03562	0.120777	0.0173224
375.806	16.8661	-2.19467	0.136639	0.0711213	0.131736	0.180792	1.11542	5.33988	9.86736	2.07894	0.121472	0.0173934
376.216	16.4526	-2.19467	0.135867	0.0706177	0.130431	0.178485	1.09884	5.20657	9.56317	2.12366	0.122173	0.0174648
376.627	16.0596	-2.19467	0.1351	0.0701195	0.129147	0.176221	1.08262	5.07814	9.27266	2.16982	0.12288	0.0175366
377.037	15.686	-2.19467	0.13434	0.0696264	0.127881	0.174	1.06675	4.95435	8.99503	2.2175	0.123594	0.0176089
377.447	15.331	-2.19467	0.133587	0.0691386	0.126633	0.17182	1.05123	4.83498	8.72955	2.26676	0.124313	0.0176817
377.858	14.9938	-2.19467	0.13284	0.0686558	0.125404	0.169681	1.03605	4.71983	8.47552	2.31768	0.125039	0.0177548
378.268	14.6735	-2.19467	0.132099	0.0681781	0.124192	0.167582	1.02119	4.6087	8.2323	2.37032	0.125771	0.0178285
378.679	14.3694	-2.19467	0.131364	0.0677053	0.122998	0.165521	1.00664	4.50141	7.99929	2.42477	0.12651	0.0179026
379.089	14.081	-2.19467	0.130635	0.0672374	0.121821	0.163497	0.992404	4.39778	7.77594	2.48111	0.127255	0.0179772
379.499	13.8075	-2.19467	0.129913	0.0667743	0.120661	0.161511	0.978464	4.29766	7.56171	2.53942	0.128007	0.0180522
379.91	13.5485	-2.19467	0.129196	0.066316	0.119518	0.15956	0.964814	4.20089	7.35614	2.5998	0.128765	0.0181277
380.32	13.3033	-2.19467	0.128485	0.0658624	0.11839	0.157644	0.951446	4.10731	7.15876	2.66235	0.12953	0.0182037
380.731	13.0716	-2.19467	0.127781	0.0654134	0.117278	0.155763	0.938353	4.01681	6.96915	2.72717	0.130302	0.0182801
381.141	12.853	-2.19467	0.127081	0.064969	0.116182	0.153914	0.925526	3.92923	6.7869	2.79438	0.131081	0.0183571
381.552	12.6469	-2.19467	0.126388	0.064529	0.115101	0.152099	0.912959	3.84446	6.61165	2.86408	0.131867	0.0184345
381.962	12.4531	-2.19467	0.1257	0.0640935	0.114035	0.150315	0.900645	3.76239	6.44304	2.93642	0.13266	0.0185124
382.372	12.2713	-2.19467	0.125018	0.0636624	0.112984	0.148562	0.888578	3.68289	6.28075	3.01151	0.13346	0.0185908
382.783	12.1012	-2.19467	0.124341	0.0632357	0.111948	0.14684	0.87675	3.60587	6.12447	3.0895	0.134267	0.0186697
383.193	11.9425	-2.19467	0.12367	0.0628132	0.110925	0.145147	0.865155	3.53121	5.9739	3.17054	0.135082	0.0187491
383.604	11.7951	-2.19467	0.123005	0.0623949	0.109916	0.143483	0.853788	3.45884	5.82878	3.25479	0.135904	0.018829
384.014	11.6586	-2.19467	0.122344	0.0619807	0.108921	0.141848	0.842642	3.38865	5.68884	3.34242	0.136734	0.0189095
384.424	11.5331	-2.19467	0.121689	0.0615707	0.10794	0.14024	0.831712	3.32056	5.55385	3.43361	0.137571	0.0189904
384.835	11.4183	-2.19467	0.121039	0.0611647	0.106972	0.138659	0.820993	3.25448	5.42356	3.52857	0.138416	0.0190719
385.245	11.3141	-2.19467	0.120394	0.0607627	0.106016	0.137105	0.810478	3.19035	5.29778	3.62748	0.139268	0.0191539
385.656	11.2206	-2.19467	0.119755	0.0603646	0.105074	0.135577	0.800163	3.12807	5.1763	3.73059	0.140129	0.0192364
386.066	11.1376	-2.19467	0.11912	0.0599705	0.104144	0.134074	0.790043	3.06759	5.05892	3.83812	0.140998	0.0193195
386.476	11.0652	-2.19467	0.118491	0.0595801	0.103226	0.132596	0.780113	3.00884	4.94546	3.95032	0.141874	0.0194031
386.887	11.0035	-2.19467	0.117866	0.0591936	0.10232	0.131142	0.770368	2.95175	4.83575	4.06748	0.142759	0.0194872
387.297	10.9523	-2.19467	0.117247	0.0588108	0.101426	0.129712	0.760803	2.89626	4.72963	4.18989	0.143652	0.0195719
387.708	10.912	-2.19467	0.116632	0.0584317	0.100544	0.128305	0.751415	2.8423	4.62695	4.31786	0.144554	0.0196571
388.118	10.8825	-2.19467	0.116022	0.0580562	0.0996728	0.12692	0.742199	2.78983	4.52755	4.45173	0.145464	0.0197429
388.529	10.8641	-2.19467	0.115417	0.0576844	0.0988132	0.125558	0.733151	2.7388	4.4313	4.59187	0.146383	0.0198293
388.939	10.857	-2.19467	0.114817	0.0573161	0.0979647	0.124218	0.724266	2.68914	4.33808	4.73866	0.14731	0.0199162
389.349	10.8614	-2.19467	0.114221	0.0569513	0.0971271	0.122898	0.715542	2.64081	4.24775	4.89254	0.148246	0.0200037
389.76	10.8776	-2.19467	0.11363	0.05659	0.0963001	0.1216	0.706973	2.59376	4.16019	5.05395	0.149191	0.0200918
390.17	10.906	-2.19467	0.113043	0.0562321	0.0954836	0.120322	0.698557	2.54796	4.0753	5.22341	0.150145	0.0201805
390.581	10.9468	-2.19467	0.112461	0.0558775	0.0946775	0.119064	0.690289	2.50335	3.99297	5.40144	0.151109	0.0202697
390.991	11.0007	-2.19467	0.111884	0.0555263	0.0938815	0.117826	0.682167	2.45989	3.9131	5.58862	0.152081	0.0203596
391.401	11.068	-2.19467	0.111311	0.0551784	0.0930955	0.116607	0.674187	2.41755	3.83558	5.78559	0.153063	0.02045
391.812	11.1492	-2.19467	0.110742	0.0548338	0.0923193	0.115406	0.666346	2.37629	3.76034	5.99303	0.154055	0.0205411
392.222	11.2451	-2.19467	0.110178	0.0544924	0.0915527	0.114224	0.65864	2.33607	3.68728	6.21168	0.155056	0.0206327
392.633	11.3564	-2.19467	0.109617	0.0541541	0.0907957	0.11306	0.651066	2.29686	3.61632	6.44237	0.156067	0.020725
393.043	11.4837	-2.19467	0.109062	0.053819	0.090048	0.111914	0.643622	2.25862	3.54738	6.68597	0.157088	0.0208179
393.453	11.6279	-2.19467	0.10851	0.0534869	0.0893095	0.110785	0.636304	2.22133	3.48038	6.94345	0.158119	0.0209114
393.864	11.7901	-2.19467	0.107963	0.053158	0.08858	0.109673	0.62911	2.18494	3.41525	7.21588	0.15916	0.0210056
394.274	11.9711	-2.19467	0.107419	0.052832	0.0878594	0.108577	0.622037	2.14944	3.35193	7.5044	0.160211	0.0211004
394.685	12.1724	-2.19467	0.10688	0.052509	0.0871476	0.107498	0.615082	2.11479	3.29034	7.81031	0.161273	0.0211958
395.095	12.395	-2.19467	0.106345	0.052189	0.0864444	0.106435	0.608243	2.08097	3.23043	8.13498	0.162345	0.0212919
395.506	12.6405	-2.19467	0.105814	0.0518719	0.0857496	0.105387	0.601516	2.04795	3.17213	8.47997	0.163428	0.0213886
395.916	12.9106	-2.19467	0.105286	0.0515577	0.0850632	0.104355	0.594901	2.01571	3.11539	8.84697	0.164522	0.021486
396.326	13.2069	-2.19467	0.104763	0.0512463	0.0843849	0.103338	0.588393	1.98422	3.06016	9.23786	0.165627	0.0215841
396.737	13.5315	-2.19467	0.104244	0.0509377	0.0837148	0.102335	0.581991	1.95346	3.00637	9.6547	0.166743	0.0216828
397.147	13.8866	-2.19467	0.103728	0.0506319	0.0830526	0.101347	0.575693	1.9234	2.95399	10.0998	0.16787	0.0217822
397.558	14.2747	-2.19467	0.103216	0.0503288	0.0823982	0.100374	0.569496	1.89403	2.90295	10.5757	0.169009	0.0218823
397.968	14.6986	-2.19467	0.102708	0.0500284	0.0817515	0.0994138	0.563399	1.86533	2.85323	11.0853	0.17016	0.0219831
398.378	15.1613	-2.19467	0.102204	0.0497307	0.0811123	0.0984677	0.557398	1.83727	2.80476	11.6317	0.171322	0.0220846
398.789	15.6664	-2.19467	0.101703	0.0494357	0.0804807	0.0975349	0.551493	1.80983	2.75752	12.2184	0.172496	0.0221868
399.199	16.2177	-2.19467	0.101207	0.0491433	0.0798564	0.0966153	0.54568	1.78301	2.71145	12.8494	0.173682	0.0222897
399.61	16.8195	-2.19467	0.100713	0.0488534	0.0792393	0.0957087	0.539959	1.75677	2.66653	13.5291	0.17488	0.0223933
400.02	17.4769	-2.19467	0.100224	0.0485661	0.0786293	0.0948147	0.534327	1.73111	2.62271	14.2626	0.176091	0.0224976
400.43	18.1953	-2.19467	0.0997376	0.0482813	0.0780263	0.0939331	0.528782	1.706	2.57995	15.0554	0.177314	0.0226027
400.841	18.9811	-2.19467	0.099255	0.0479991	0.0774302	0.0930637	0.523323	1.68143	2.53823	15.9138	0.17855	0.0227085
401.251	19.8414	-2.19467	0.0987759	0.0477192	0.076841	0.0922064	0.517948	1.65739	2.49752	16.845	0.179799	0.0228151
401.662	20.7841	-2.19467	0.0983003	0.0474419	0.0762584	0.0913607	0.512655	1.63385	2.45777	17.8572	0.181062	0.0229224
402.072	21.8186	-2.19467	0.0978281	0.0471669	0.0756824	0.0905267	0.507442	1.61082	2.41895	18.9594	0.182337	0.0230304
402.482	22.9551	-2.19467	0.0973593	0.0468943	0.0751129	0.089704	0.502309	1.58826	2.38105	20.1623	0.183626	0.0231393
402.893	24.2056	-2.19467	0.0968938	0.0466241	0.0745499	0.0888924	0.497252	1.56618	2.34403	21.4777	0.184929	0.0232489
403.303	25.5837	-2.19467	0.0964317	0.0463561	0.0739931	0.0880918	0.492271	1.54455	2.30786	22.9192	0.186245	0.0233593
403.714	27.1049	-2.19467	0.0959728	0.0460905	0.0734425	0.0873019	0.487365	1.52336	2.27253	24.5025	0.187576	0.0234704
404.124	28.7872	-2.19467	0.0955172	0.0458272	0.072898	0.0865225	0.482531	1.5026	2.23799	26.2454	0.188921	0.0235824
404.535	30.6508	-2.19467	0.0950649	0.0455661	0.0723596	0.0857535	0.477769	1.48227	2.20423	28.1685	0.19028	0.0236952
404.945	32.7194	-2.19467	0.0946158	0.0453072	0.0718271	0.0849948	0.473077	1.46234	2.17123	30.2952	0.191654	0.0238088
405.355	35.0199	-2.19467	0.0941698	0.0450505	0.0713004	0.084246	0.468453	1.44281	2.13897	32.6526	0.193043	0.0239232
405.766	37.5832	-2.19467	0.093727	0.044796	0.0707796	0.083507	0.463897	1.42367	2.10741	35.2716	0.194447	0.0240384
406.176	40.4446	-2.19467	0.0932872	0.0445437	0.0702644	0.0827777	0.459406	1.40491	2.07655	38.1876	0.195867	0.0241544
406.587	43.6447	-2.19467	0.0928506	0.0442934	0.0697548	0.0820579	0.454981	1.38651	2.04636	41.4409	0.197301	0.0242713
406.997	47.229	-2.19467	0.092417	0.0440453	0.0692507	0.0813474	0.450618	1.36847	2.01682	45.0776	0.198752	0.0243891
407.407	51.2492	-2.19467	0.0919865	0.0437992	0.0687521	0.0806461	0.446318	1.35078	1.98791	49.1489	0.200219	0.0245077
407.818	55.7623	-2.19467	0.0915589	0.0435552	0.0682588	0.0799538	0.442079	1.33343	1.95962	53.7122	0.201702	0.0246272
408.228	60.8306	-2.19467	0.0911344	0.0433132	0.0677708	0.0792704	0.4379	1.31641	1.93192	58.8296	0.203201	0.0247475
408.639	66.5198	-2.19467	0.0907127	0.0430733	0.067288	0.0785957	0.43378	1.29972	1.90481	64.5669	0.204718	0.0248688
409.049	72.8959	-2.19467	0.090294	0.0428353	0.0668103	0.0779295	0.429718	1.28334	1.87827	70.9901	0.206251	0.0249909
409.459	80.02	-2.19467	0.0898782	0.0425993	0.0663378	0.0772717	0.425712	1.26726	1.85227	78.1604	0.207801	0.0251139
409.87	87.9394	-2.19467	0.0894652	0.0423652	0.0658702	0.0766223	0.421762	1.25149	1.82681	86.1251	0.209369	0.0252379
410.28	96.6744	-2.19467	0.0890551	0.042133	0.0654075	0.0759809	0.417867	1.236	1.80187	94.9044	0.210955	0.0253628
410.691	106.199	-2.19467	0.0886477	0.0419028	0.0649497	0.0753476	0.414025	1.2208	1.77743	104.473	0.212559	0.0254885
411.101	116.416	-2.19467	0.0882432	0.0416744	0.0644967	0.0747221	0.410236	1.20588	1.75349	114.732	0.214181	0.0256153
411.512	127.127	-2.19467	0.0878414	0.0414479	0.0640483	0.0741044	0.406498	1.19123	1.73002	125.485	0.215821	0.025743
411.922	138.002	-2.19467	0.0874424	0.0412232	0.0636047	0.0734943	0.402811	1.17685	1.70703	136.401	0.217481	0.0258716
412.332	148.564	-2.19467	0.0870461	0.0410003	0.0631656	0.0728917	0.399174	1.16272	1.68448	147.003	0.21916	0.0260012
412.743	158.188	-2.19467	0.0866524	0.0407793	0.0627311	0.0722964	0.395586	1.14885	1.66238	156.667	0.220858	0.0261318
413.153	166.162	-2.19467	0.0862614	0.04056	0.062301	0.0717084	0.392046	1.13522	1.64072	164.679	0.222575	0.0262633
413.564	171.775	-2.19467	0.0858731	0.0403425	0.0618753	0.0711275	0.388553	1.12183	1.61947	170.33	0.224313	0.0263959
413.974	174.461	-2.19467	0.0854874	0.0401267	0.061454	0.0705537	0.385106	1.10868	1.59863	173.053	0.226072	0.0265294
414.384	173.926	-2.19467	0.0851042	0.0399127	0.061037	0.0699867	0.381705	1.09575	1.57819	172.554	0.227851	0.026664
414.795	170.225	-2.19467	0.0847236	0.0397003	0.0606242	0.0694266	0.378349	1.08305	1.55814	168.889	0.229651	0.0267996
415.205	163.746	-2.19467	0.0843456	0.0394897	0.0602155	0.0688731	0.375037	1.07057	1.53846	162.446	0.231472	0.0269363
415.616	155.116	-2.19467	0.0839701	0.0392807	0.059811	0.0683262	0.371768	1.05831	1.51916	153.85	0.233315	0.027074
416.026	145.058	-2.19467	0.0835971	0.0390733	0.0594105	0.0677858	0.368541	1.04625	1.50022	143.826	0.23518	0.0272127
416.436	134.268	-2.19467	0.0832266	0.0388676	0.0590141	0.0672517	0.365356	1.0344	1.48163	133.068	0.237067	0.0273525
416.847	123.325	-2.19467	0.0828585	0.0386635	0.0586215	0.066724	0.362213	1.02274	1.46338	122.158	0.238978	0.0274934
417.257	112.663	-2.19467	0.0824929	0.0384611	0.0582329	0.0662024	0.359109	1.01129	1.44546	111.528	0.240911	0.0276354
417.668	102.568	-2.19467	0.0821296	0.0382602	0.0578482	0.0656869	0.356045	1.00002	1.42788	101.464	0.242868	0.0277785
418.078	93.2041	-2.19467	0.0817688	0.0380608	0.0574672	0.0651774	0.35302	0.988939	1.41061	92.1309	0.244848	0.0279227
418.488	84.6438	-2.19467	0.0814103	0.0378631	0.05709	0.0646737	0.350034	0.978042	1.39365	83.6008	0.246853	0.028068
418.899	76.8964	-2.19467	0.0810542	0.0376668	0.0567165	0.0641759	0.347085	0.967324	1.37699	75.883	0.248883	0.0282145
419.309	69.9317	-2.19467	0.0807004	0.0374721	0.0563466	0.0636838	0.344173	0.95678	1.36064	68.9473	0.250937	0.0283621
419.72	63.6968	-2.19467	0.0803489	0.0372789	0.0559803	0.0631974	0.341298	0.946408	1.34457	62.7409	0.253017	0.0285109
420.13	58.1284	-2.19467	0.0799998	0.0370871	0.0556176	0.0627164	0.338458	0.936202	1.32878	57.2004	0.255123	0.0286609
420.541	53.16	-2.19467	0.0796528	0.0368969	0.0552584	0.062241	0.335654	0.926161	1.31327	52.2595	0.257255	0.028812
420.951	48.7268	-2.19467	0.0793082	0.0367081	0.0549027	0.0617709	0.332884	0.91628	1.29803	47.8532	0.259414	0.0289643
421.361	44.7679	-2.19467	0.0789657	0.0365207	0.0545504	0.0613061	0.330148	0.906556	1.28305	43.9207	0.2616	0.0291179
421.772	41.2278	-2.19467	0.0786255	0.0363348	0.0542015	0.0608465	0.327446	0.896986	1.26833	40.4066	0.263814	0.0292726
422.182	38.0568	-2.19467	0.0782875	0.0361503	0.0538559	0.0603921	0.324777	0.887566	1.25386	37.2611	0.266056	0.0294286
422.593	35.2108	-2.19467	0.0779516	0.0359672	0.0535136	0.0599427	0.32214	0.878294	1.23964	34.4401	0.268326	0.0295859
423.003	32.6509	-2.19467	0.0776179	0.0357855	0.0531745	0.0594983	0.319535	0.869166	1.22565	31.9047	0.270626	0.0297444
423.413	30.3431	-2.19467	0.0772863	0.0356051	0.0528387	0.0590589	0.316962	0.860179	1.2119	29.6211	0.272955	0.0299042
423.824	28.2577	-2.19467	0.0769569	0.0354261	0.052506	0.0586242	0.314419	0.85133	1.19839	27.5594	0.275314	0.0300653
424.234	26.3689	-2.19467	0.0766295	0.0352485	0.0521765	0.0581944	0.311907	0.842617	1.18509	25.6938	0.277704	0.0302277
424.645	24.6541	-2.19467	0.0763042	0.0350721	0.05185	0.0577692	0.309425	0.834037	1.17202	24.0018	0.280125	0.0303914
425.055	23.0936	-2.19467	0.075981	0.0348971	0.0515266	0.0573487	0.306972	0.825587	1.15916	22.4637	0.282578	0.0305565
425.465	21.6703	-2.19467	0.0756599	0.0347234	0.0512062	0.0569328	0.304548	0.817265	1.14651	21.0623	0.285062	0.0307228
425.876	20.3691	-2.19467	0.0753407	0.034551	0.0508888	0.0565214	0.302153	0.809067	1.13407	19.7827	0.28758	0.0308906
426.286	19.1771	-2.19467	0.0750236	0.0343799	0.0505744	0.0561144	0.299786	0.800993	1.12182	18.6119	0.290131	0.0310597
426.697	18.0827	-2.19467	0.0747085	0.0342101	0.0502628	0.0557117	0.297447	0.793038	1.10978	17.5383	0.292716	0.0312303
427.107	17.0758	-2.19467	0.0743954	0.0340415	0.0499541	0.0553134	0.295135	0.7852	1.09792	16.5518	0.295336	0.0314022
427.518	16.1477	-2.19467	0.0740842	0.0338741	0.0496482	0.0549193	0.292849	0.777479	1.08626	15.6437	0.29799	0.0315755
427.928	15.2904	-2.19467	0.073775	0.033708	0.0493452	0.0545295	0.29059	0.76987	1.07478	14.806	0.300681	0.0317503
428.338	14.4971	-2.19467	0.0734677	0.033543	0.0490449	0.0541437	0.288357	0.762372	1.06348	14.0321	0.303408	0.0319266
428.749	13.7618	-2.19467	0.0731623	0.0333793	0.0487473	0.053762	0.28615	0.754984	1.05236	13.3156	0.306172	0.0321043
429.159	13.0789	-2.19467	0.0728588	0.0332168	0.0484524	0.0533844	0.283968	0.747702	1.04141	12.6513	0.308974	0.0322835
429.57	12.4436	-2.19467	0.0725572	0.0330555	0.0481602	0.0530107	0.28181	0.740524	1.03063	12.0343	0.311814	0.0324642
429.98	11.8518	-2.19467	0.0722574	0.0328953	0.0478707	0.0526409	0.279678	0.733449	1.02002	11.4603	0.314694	0.0326464
430.39	11.2995	-2.19467	0.0719596	0.0327363	0.0475837	0.052275	0.277569	0.726475	1.00957	10.9255	0.317613	0.0328302
430.801	10.7833	-2.19467	0.0716635	0.0325785	0.0472993	0.0519128	0.275484	0.7196	0.99928	10.4266	0.320573	0.0330155
431.211	10.3003	-2.19467	0.0713693	0.0324218	0.0470175	0.0515544	0.273422	0.712822	0.989146	9.96041	0.323574	0.0332024
431.622	9.84752	-2.19467	0.0710769	0.0322662	0.0467381	0.0511997	0.271383	0.706139	0.979165	9.52422	0.326618	0.0333909
432.032	9.42263	-2.19467	0.0707862	0.0321117	0.0464612	0.0508487	0.269367	0.699549	0.969335	9.11555	0.329704	0.033581
432.442	9.02335	-2.19467	0.0704974	0.0319583	0.0461868	0.0505012	0.267374	0.693051	0.959652	8.73219	0.332835	0.0337728
432.853	8.64767	-2.19467	0.0702103	0.0318061	0.0459148	0.0501573	0.265402	0.686643	0.950112	8.37211	0.33601	0.0339661
433.263	8.29377	-2.19467	0.069925	0.0316549	0.0456452	0.0498168	0.263452	0.680324	0.940715	8.03352	0.33923	0.0341612
433.674	7.96	-2.19467	0.0696414	0.0315048	0.045378	0.0494799	0.261523	0.674091	0.931455	7.71474	0.342497	0.0343579
434.084	7.64486	-2.19467	0.0693595	0.0313557	0.0451131	0.0491463	0.259616	0.667943	0.922332	7.4143	0.34581	0.0345563
434.494	7.347	-2.19467	0.0690793	0.0312077	0.0448505	0.0488161	0.257729	0.661879	0.913342	7.13083	0.349172	0.0347565
434.905	7.06516	-2.19467	0.0688008	0.0310608	0.0445902	0.0484892	0.255863	0.655897	0.904482	6.8631	0.352583	0.0349583
435.315	6.79821	-2.19467	0.068524	0.0309148	0.0443322	0.0481655	0.254017	0.649995	0.895751	6.60997	0.356044	0.035162
435.726	6.54513	-2.19467	0.0682489	0.03077	0.0440764	0.0478451	0.252191	0.644173	0.887145	6.37043	0.359556	0.0353674
436.136	6.30497	-2.19467	0.0679754	0.0306261	0.0438228	0.0475279	0.250384	0.638428	0.878663	6.14351	0.36312	0.0355747
436.547	6.07686	-2.19467	0.0677035	0.0304832	0.0435714	0.0472138	0.248597	0.63276	0.870302	5.92837	0.366736	0.0357837
436.957	5.86	-2.19467	0.0674333	0.0303413	0.0433221	0.0469028	0.246828	0.627167	0.862059	5.72422	0.370407	0.0359947
437.367	5.65368	-2.19467	0.0671647	0.0302004	0.043075	0.0465949	0.245079	0.621648	0.853932	5.53031	0.374133	0.0362075
437.778	5.45721	-2.19467	0.0668977	0.0300605	0.04283	0.04629	0.243348	0.616201	0.84592	5.346	0.377915	0.0364221
438.188	5.26999	-2.19467	0.0666323	0.0299216	0.042587	0.0459881	0.241635	0.610825	0.83802	5.17065	0.381755	0.0366387
438.599	5.09143	-2.19467	0.0663684	0.0297836	0.0423461	0.0456891	0.23994	0.605519	0.83023	5.00371	0.385653	0.0368573
439.009	4.92102	-2.19467	0.0661062	0.0296466	0.0421073	0.045393	0.238263	0.600282	0.822548	4.84466	0.38961	0.0370777
439.419	4.75827	-2.19467	0.0658454	0.0295105	0.0418705	0.0450998	0.236604	0.595113	0.814972	4.69299	0.393629	0.0373002
439.83	4.60273	-2.19467	0.0655862	0.0293753	0.0416356	0.0448094	0.234962	0.59001	0.8075	4.54828	0.397709	0.0375247
440.24	4.45398	-2.19467	0.0653286	0.0292411	0.0414028	0.0445218	0.233336	0.584972	0.800131	4.41011	0.401854	0.0377512
440.651	4.31163	-2.19467	0.0650724	0.0291078	0.0411718	0.044237	0.231728	0.579998	0.792861	4.27808	0.406062	0.0379798
441.061	4.17533	-2.19467	0.0648178	0.0289754	0.0409429	0.0439548	0.230136	0.575088	0.785691	4.15185	0.410337	0.0382104
441.471	4.04475	-2.19467	0.0645646	0.0288439	0.0407158	0.0436754	0.22856	0.570239	0.778616	4.03108	0.41468	0.0384432
441.882	3.91957	-2.19467	0.0643129	0.0287133	0.0404906	0.0433986	0.227001	0.565451	0.771637	3.91546	0.419091	0.0386781
442.292	3.79951	-2.19467	0.0640627	0.0285836	0.0402672	0.0431245	0.225457	0.560724	0.764752	3.80472	0.423573	0.0389151
442.703	3.68429	-2.19467	0.063814	0.0284547	0.0400457	0.0428529	0.223929	0.556055	0.757957	3.69857	0.428126	0.0391543
443.113	3.57367	-2.19467	0.0635666	0.0283267	0.039826	0.0425839	0.222417	0.551445	0.751253	3.59677	0.432753	0.0393958
443.524	3.46741	-2.19467	0.0633208	0.0281996	0.0396081	0.0423174	0.22092	0.546891	0.744638	3.49909	0.437455	0.0396395
443.934	3.3653	-2.19467	0.0630763	0.0280734	0.039392	0.0420534	0.219438	0.542393	0.738109	3.40531	0.442234	0.0398854
444.344	3.26712	-2.19467	0.0628333	0.0279479	0.0391777	0.0417918	0.21797	0.537951	0.731666	3.31523	0.44709	0.0401337
444.755	3.17269	-2.19467	0.0625916	0.0278234	0.0389651	0.0415327	0.216518	0.533563	0.725307	3.22865	0.452027	0.0403842
445.165	3.08183	-2.19467	0.0623514	0.0276996	0.0387542	0.041276	0.215079	0.529228	0.71903	3.1454	0.457045	0.0406372
445.576	2.99437	-2.19467	0.0621125	0.0275767	0.0385451	0.0410217	0.213655	0.524946	0.712834	3.06531	0.462147	0.0408925
445.986	2.91015	-2.19467	0.061875	0.0274546	0.0383376	0.0407697	0.212246	0.520716	0.706718	2.98822	0.467334	0.0411502
446.396	2.82903	-2.19467	0.0616389	0.0273332	0.0381318	0.04052	0.21085	0.516537	0.70068	2.91399	0.472609	0.0414103
446.807	2.75086	-2.19467	0.0614041	0.0272127	0.0379277	0.0402726	0.209467	0.512407	0.694719	2.84247	0.477972	0.041673
447.217	2.67552	-2.19467	0.0611706	0.027093	0.0377251	0.0400274	0.208099	0.508327	0.688834	2.77354	0.483427	0.0419381
447.628	2.60288	-2.19467	0.0609385	0.0269741	0.0375242	0.0397845	0.206743	0.504295	0.683023	2.70708	0.488975	0.0422058
448.038	2.53282	-2.19467	0.0607077	0.026856	0.0373249	0.0395438	0.205401	0.500311	0.677286	2.64297	0.494619	0.042476
448.448	2.46525	-2.19467	0.0604782	0.0267386	0.0371272	0.0393052	0.204072	0.496374	0.67162	2.58109	0.50036	0.0427489
448.859	2.40004	-2.19467	0.0602499	0.026622	0.0369311	0.0390688	0.202756	0.492483	0.666025	2.52135	0.506201	0.0430244
449.269	2.33712	-2.19467	0.060023	0.0265062	0.0367365	0.0388346	0.201452	0.488638	0.660499	2.46365	0.512144	0.0433025
449.68	2.27639	-2.19467	0.0597974	0.0263911	0.0365434	0.0386024	0.200161	0.484838	0.655043	2.40791	0.518191	0.0435834
450.09	2.21775	-2.19467	0.059573	0.0262767	0.0363518	0.0383723	0.198882	0.481082	0.649653	2.35402	0.524346	0.043867
450.501	2.16114	-2.19467	0.0593499	0.0261631	0.0361618	0.0381443	0.197615	0.477369	0.644329	2.30191	0.53061	0.0441533
450.911	2.10647	-2.19467	0.0591281	0.0260503	0.0359732	0.0379182	0.196361	0.473699	0.639071	2.25151	0.536986	0.0444425
451.321	2.05368	-2.19467	0.0589074	0.0259381	0.0357861	0.0376942	0.195118	0.470071	0.633877	2.20274	0.543477	0.0447346
451.732	2.00268	-2.19467	0.058688	0.0258267	0.0356005	0.0374722	0.193887	0.466484	0.628745	2.15553	0.550085	0.0450295
452.142	1.95343	-2.19467	0.0584699	0.025716	0.0354163	0.0372521	0.192668	0.462938	0.623676	2.10982	0.556814	0.0453273
452.553	1.90585	-2.19467	0.0582529	0.025606	0.0352335	0.0370339	0.19146	0.459433	0.618668	2.06554	0.563666	0.0456281
452.963	1.85989	-2.19467	0.0580372	0.0254967	0.0350522	0.0368177	0.190264	0.455967	0.613719	2.02263	0.570644	0.0459319
453.373	1.8155	-2.19467	0.0578226	0.0253881	0.0348722	0.0366033	0.189078	0.45254	0.60883	1.98104	0.577752	0.0462388
453.784	1.77262	-2.19467	0.0576093	0.0252803	0.0346936	0.0363908	0.187904	0.449152	0.603999	1.94072	0.584992	0.0465487
454.194	1.7312	-2.19467	0.0573971	0.025173	0.0345164	0.0361802	0.186741	0.445802	0.599226	1.90161	0.592368	0.0468618
454.605	1.69121	-2.19467	0.0571861	0.0250665	0.0343405	0.0359713	0.185588	0.442488	0.594508	1.86366	0.599883	0.047178
455.015	1.65258	-2.19467	0.0569762	0.0249607	0.034166	0.0357643	0.184446	0.439212	0.589846	1.82684	0.607541	0.0474975
455.425	1.61529	-2.19467	0.0567675	0.0248555	0.0339928	0.0355591	0.183314	0.435972	0.585239	1.79109	0.615345	0.0478202
455.836	1.57929	-2.19467	0.0565599	0.0247509	0.0338209	0.0353556	0.182193	0.432767	0.580685	1.75638	0.623299	0.0481461
456.246	1.54455	-2.19467	0.0563535	0.0246471	0.0336504	0.0351538	0.181082	0.429598	0.576184	1.72267	0.631407	0.0484755
456.657	1.51103	-2.19467	0.0561482	0.0245439	0.0334811	0.0349538	0.179981	0.426463	0.571735	1.68991	0.639673	0.0488082
457.067	1.4787	-2.19467	0.055944	0.0244413	0.033313	0.0347555	0.178891	0.423363	0.567338	1.65808	0.648101	0.0491444
457.477	1.44753	-2.19467	0.055741	0.0243394	0.0331463	0.0345588	0.17781	0.420296	0.562991	1.62713	0.656695	0.049484
457.888	1.41748	-2.19467	0.055539	0.0242381	0.0329808	0.0343638	0.176739	0.417262	0.558694	1.59704	0.665459	0.0498272
458.298	1.38853	-2.19467	0.0553381	0.0241374	0.0328165	0.0341705	0.175677	0.414262	0.554446	1.56778	0.674398	0.0501739
458.709	1.36065	-2.19467	0.0551384	0.0240374	0.0326534	0.0339788	0.174625	0.411293	0.550246	1.53931	0.683517	0.0505243
459.119	1.33382	-2.19467	0.0549396	0.0239379	0.0324916	0.0337887	0.173582	0.408356	0.546093	1.51161	0.692821	0.0508784
459.53	1.30802	-2.19467	0.054742	0.0238391	0.0323309	0.0336002	0.172549	0.40545	0.541988	1.48464	0.702313	0.0512362
459.94	1.28322	-2.19467	0.0545454	0.0237409	0.0321715	0.0334132	0.171525	0.402575	0.537928	1.45839	0.712001	0.0515978
460.35	1.2594	-2.19467	0.0543499	0.0236434	0.0320132	0.0332278	0.17051	0.399731	0.533914	1.43282	0.721888	0.0519632
460.761	1.23654	-2.19467	0.0541555	0.0235464	0.0318561	0.033044	0.169504	0.396917	0.529944	1.40793	0.73198	0.0523325
461.171	1.21462	-2.19467	0.053962	0.02345	0.0317001	0.0328616	0.168507	0.394132	0.526019	1.38367	0.742283	0.0527058
461.582	1.19363	-2.19467	0.0537697	0.0233542	0.0315453	0.0326808	0.167518	0.391376	0.522137	1.36003	0.752803	0.053083
461.992	1.17355	-2.19467	0.0535783	0.023259	0.0313916	0.0325015	0.166539	0.38865	0.518298	1.33699	0.763545	0.0534644
462.402	1.15437	-2.19467	0.053388	0.0231643	0.0312391	0.0323236	0.165567	0.385951	0.514501	1.31453	0.774517	0.0538498
462.813	1.13606	-2.19467	0.0531986	0.0230703	0.0310876	0.0321472	0.164605	0.383281	0.510746	1.29263	0.785725	0.0542394
463.223	1.11863	-2.19467	0.0530103	0.0229768	0.0309372	0.0319722	0.16365	0.380638	0.507031	1.27128	0.797174	0.0546333
463.634	1.10205	-2.19467	0.052823	0.0228839	0.030788	0.0317987	0.162704	0.378022	0.503357	1.25044	0.808873	0.0550315
464.044	1.08632	-2.19467	0.0526366	0.0227915	0.0306398	0.0316265	0.161766	0.375434	0.499722	1.23011	0.820828	0.055434
464.454	1.07143	-2.19467	0.0524513	0.0226997	0.0304927	0.0314558	0.160836	0.372871	0.496127	1.21028	0.833048	0.055841
464.865	1.05736	-2.19467	0.0522669	0.0226084	0.0303466	0.0312864	0.159915	0.370335	0.492571	1.19091	0.845538	0.0562525
465.275	1.04412	-2.19467	0.0520835	0.0225177	0.0302016	0.0311184	0.159001	0.367825	0.489052	1.17201	0.858309	0.0566685
465.686	1.03169	-2.19467	0.051901	0.0224276	0.0300576	0.0309517	0.158094	0.36534	0.485571	1.15355	0.871367	0.0570892
466.096	1.02006	-2.19467	0.0517196	0.022338	0.0299146	0.0307864	0.157196	0.36288	0.482127	1.13553	0.884722	0.0575145
466.507	1.00923	-2.19467	0.051539	0.0222489	0.0297727	0.0306224	0.156305	0.360445	0.47872	1.11792	0.898382	0.0579446
466.917	0.999205	-2.19467	0.0513594	0.0221603	0.0296317	0.0304597	0.155422	0.358034	0.475348	1.10072	0.912358	0.0583796
467.327	0.98997	-2.19467	0.0511808	0.0220723	0.0294918	0.0302983	0.154546	0.355647	0.472012	1.08391	0.926657	0.0588195
467.738	0.981525	-2.19467	0.051003	0.0219848	0.0293528	0.0301381	0.153678	0.353284	0.468711	1.06749	0.941291	0.0592644
468.148	0.973869	-2.19467	0.0508262	0.0218978	0.0292149	0.0299793	0.152817	0.350945	0.465445	1.05143	0.956269	0.0597143
468.559	0.967	-2.19467	0.0506503	0.0218114	0.0290779	0.0298217	0.151963	0.348629	0.462212	1.03573	0.971603	0.0601694
468.969	0.960918	-2.19467	0.0504754	0.0217254	0.0289418	0.0296653	0.151116	0.346335	0.459013	1.02038	0.987303	0.0606296
469.379	0.955624	-2.19467	0.0503013	0.02164	0.0288067	0.0295101	0.150276	0.344064	0.455847	1.00537	1.00338	0.0610952
469.79	0.951119	-2.19467	0.0501281	0.021555	0.0286726	0.0293562	0.149443	0.341815	0.452714	0.990686	1.01985	0.0615662
470.2	0.947406	-2.19467	0.0499558	0.0214706	0.0285394	0.0292035	0.148617	0.339589	0.449613	0.976321	1.03672	0.0620426
470.611	0.944488	-2.19467	0.0497844	0.0213866	0.0284071	0.0290519	0.147798	0.337384	0.446544	0.962266	1.05401	0.0625246
471.021	0.942368	-2.19467	0.0496139	0.0213032	0.0282757	0.0289015	0.146986	0.3352	0.443506	0.948511	1.07173	0.0630122
471.431	0.941052	-2.19467	0.0494443	0.0212202	0.0281453	0.0287523	0.14618	0.333037	0.440498	0.935049	1.08989	0.0635055
471.842	0.940545	-2.19467	0.0492755	0.0211377	0.0280157	0.0286043	0.145381	0.330896	0.437522	0.921871	1.10851	0.0640047
472.252	0.940855	-2.19467	0.0491076	0.0210557	0.0278871	0.0284574	0.144589	0.328775	0.434575	0.908969	1.1276	0.0645097
472.663	0.941988	-2.19467	0.0489405	0.0209742	0.0277593	0.0283116	0.143803	0.326674	0.431658	0.896336	1.14718	0.0650208
473.073	0.943953	-2.19467	0.0487743	0.0208931	0.0276324	0.0281669	0.143023	0.324593	0.42877	0.883964	1.16727	0.0655379
473.483	0.94676	-2.19467	0.048609	0.0208125	0.0275063	0.0280233	0.14225	0.322532	0.425911	0.871845	1.18788	0.0660612
473.894	0.950419	-2.19467	0.0484445	0.0207324	0.0273812	0.0278809	0.141483	0.320491	0.423081	0.859974	1.20903	0.0665908
474.304	0.954941	-2.19467	0.0482808	0.0206527	0.0272568	0.0277395	0.140722	0.318469	0.420279	0.848343	1.23074	0.0671268
474.715	0.96034	-2.19467	0.0481179	0.0205735	0.0271334	0.0275992	0.139967	0.316466	0.417504	0.836946	1.25303	0.0676693
475.125	0.966629	-2.19467	0.0479559	0.0204947	0.0270107	0.0274599	0.139218	0.314481	0.414757	0.825777	1.27592	0.0682184
475.536	0.973821	-2.19467	0.0477946	0.0204164	0.0268889	0.0273217	0.138476	0.312516	0.412037	0.81483	1.29944	0.0687742
475.946	0.981935	-2.19467	0.0476342	0.0203386	0.0267679	0.0271845	0.137739	0.310569	0.409343	0.804099	1.32359	0.0693368
476.356	0.990985	-2.19467	0.0474746	0.0202612	0.0266477	0.0270484	0.137008	0.308639	0.406676	0.793578	1.34841	0.0699064
476.767	1.00099	-2.19467	0.0473158	0.0201842	0.0265284	0.0269133	0.136283	0.306728	0.404035	0.783261	1.37393	0.070483
477.177	1.01197	-2.19467	0.0471578	0.0201077	0.0264098	0.0267792	0.135563	0.304835	0.401419	0.773145	1.40016	0.0710667
477.588	1.02395	-2.19467	0.0470006	0.0200316	0.026292	0.0266461	0.134849	0.302959	0.398829	0.763223	1.42713	0.0716577
477.998	1.03694	-2.19467	0.0468442	0.0199559	0.026175	0.0265139	0.134141	0.3011	0.396263	0.75349	1.45487	0.0722561
478.408	1.05098	-2.19467	0.0466885	0.0198807	0.0260588	0.0263828	0.133439	0.299258	0.393723	0.743942	1.48342	0.072862
478.819	1.06608	-2.19467	0.0465336	0.0198058	0.0259434	0.0262526	0.132742	0.297433	0.391206	0.734574	1.51279	0.0734756
479.229	1.08228	-2.19467	0.0463795	0.0197314	0.0258287	0.0261234	0.13205	0.295625	0.388714	0.725382	1.54302	0.074097
479.64	1.0996	-2.19467	0.0462262	0.0196575	0.0257148	0.0259952	0.131364	0.293833	0.386246	0.716361	1.57415	0.0747262
480.05	1.11807	-2.19467	0.0460736	0.0195839	0.0256016	0.0258678	0.130683	0.292057	0.3838	0.707507	1.6062	0.0753635
480.46	1.13773	-2.19467	0.0459217	0.0195108	0.0254892	0.0257415	0.130007	0.290298	0.381378	0.698816	1.63923	0.076009
480.871	1.1586	-2.19467	0.0457707	0.019438	0.0253775	0.025616	0.129337	0.288554	0.378979	0.690283	1.67325	0.0766628
481.281	1.18073	-2.19467	0.0456203	0.0193657	0.0252666	0.0254915	0.128672	0.286826	0.376603	0.681906	1.70832	0.0773251
481.692	1.20415	-2.19467	0.0454707	0.0192937	0.0251563	0.0253678	0.128011	0.285113	0.374248	0.673681	1.74448	0.077996
482.102	1.2289	-2.19467	0.0453218	0.0192222	0.0250468	0.0252451	0.127356	0.283416	0.371916	0.665603	1.78176	0.0786756
482.513	1.25502	-2.19467	0.0451737	0.0191511	0.024938	0.0251232	0.126706	0.281734	0.369605	0.657669	1.82023	0.0793642
482.923	1.28256	-2.19467	0.0450263	0.0190803	0.02483	0.0250022	0.126061	0.280066	0.367316	0.649876	1.85991	0.0800618
483.333	1.31157	-2.19467	0.0448796	0.01901	0.0247226	0.0248821	0.125421	0.278414	0.365048	0.642221	1.90087	0.0807687
483.744	1.34209	-2.19467	0.0447336	0.01894	0.0246159	0.0247629	0.124786	0.276776	0.362801	0.6347	1.94316	0.0814849
484.154	1.37419	-2.19467	0.0445883	0.0188704	0.0245099	0.0246445	0.124155	0.275152	0.360575	0.62731	1.98684	0.0822108
484.565	1.4079	-2.19467	0.0444438	0.0188012	0.0244046	0.024527	0.123529	0.273543	0.358369	0.620048	2.03196	0.0829463
484.975	1.4433	-2.19467	0.0442999	0.0187324	0.0242999	0.0244103	0.122908	0.271947	0.356183	0.612912	2.07858	0.0836917
485.385	1.48044	-2.19467	0.0441568	0.018664	0.024196	0.0242944	0.122292	0.270366	0.354017	0.605898	2.12678	0.0844473
485.796	1.5194	-2.19467	0.0440143	0.0185959	0.0240927	0.0241793	0.12168	0.268798	0.351871	0.599003	2.17662	0.0852131
486.206	1.56024	-2.19467	0.0438725	0.0185282	0.02399	0.0240651	0.121073	0.267244	0.349745	0.592226	2.22817	0.0859893
486.617	1.60303	-2.19467	0.0437314	0.0184609	0.023888	0.0239517	0.120471	0.265704	0.347637	0.585562	2.28151	0.0867762
487.027	1.64785	-2.19467	0.043591	0.0183939	0.0237867	0.023839	0.119872	0.264176	0.345549	0.57901	2.33673	0.087574
487.437	1.69479	-2.19467	0.0434512	0.0183274	0.023686	0.0237272	0.119279	0.262662	0.343479	0.572568	2.39389	0.0883828
487.848	1.74393	-2.19467	0.0433122	0.0182611	0.0235859	0.0236161	0.118689	0.261161	0.341428	0.566232	2.45311	0.0892028
488.258	1.79536	-2.19467	0.0431738	0.0181952	0.0234865	0.0235059	0.118104	0.259673	0.339395	0.560001	2.51446	0.0900343
488.669	1.84918	-2.19467	0.043036	0.0181297	0.0233877	0.0233964	0.117524	0.258197	0.33738	0.553872	2.57805	0.0908774
489.079	1.9055	-2.19467	0.0428989	0.0180646	0.0232895	0.0232876	0.116947	0.256734	0.335383	0.547843	2.64399	0.0917324
489.489	1.96442	-2.19467	0.0427625	0.0179997	0.023192	0.0231796	0.116375	0.255283	0.333404	0.541912	2.71238	0.0925996
489.9	2.02606	-2.19467	0.0426267	0.0179353	0.023095	0.0230724	0.115807	0.253844	0.331442	0.536077	2.78335	0.0934791
490.31	2.09053	-2.19467	0.0424916	0.0178711	0.0229987	0.0229659	0.115243	0.252418	0.329497	0.530335	2.85701	0.0943711
490.721	2.15798	-2.19467	0.0423571	0.0178074	0.022903	0.0228601	0.114684	0.251003	0.32757	0.524684	2.9335	0.095276
491.131	2.22853	-2.19467	0.0422232	0.0177439	0.0228078	0.0227551	0.114128	0.249601	0.325659	0.519124	3.01296	0.0961939
491.542	2.30233	-2.19467	0.04209	0.0176808	0.0227133	0.0226508	0.113576	0.24821	0.323765	0.513651	3.09554	0.0971252
491.952	2.37954	-2.19467	0.0419574	0.0176181	0.0226193	0.0225472	0.113029	0.246831	0.321888	0.508265	3.18139	0.09807
492.362	2.46032	-2.19467	0.0418254	0.0175556	0.0225259	0.0224443	0.112485	0.245463	0.320027	0.502962	3.27067	0.0990287
492.773	2.54483	-2.19467	0.041694	0.0174935	0.0224331	0.0223421	0.111945	0.244106	0.318181	0.497742	3.36356	0.100001
493.183	2.63327	-2.19467	0.0415633	0.0174317	0.0223409	0.0222407	0.111409	0.242761	0.316352	0.492603	3.46024	0.100989
493.594	2.72582	-2.19467	0.0414332	0.0173703	0.0222492	0.0221399	0.110877	0.241427	0.314539	0.487543	3.56092	0.10199
494.004	2.82269	-2.19467	0.0413037	0.0173092	0.0221581	0.0220397	0.110349	0.240103	0.312741	0.482561	3.66579	0.103007
494.414	2.92411	-2.19467	0.0411748	0.0172484	0.0220676	0.0219403	0.109825	0.238791	0.310958	0.477654	3.77508	0.104039
494.825	3.0303	-2.19467	0.0410465	0.0171879	0.0219776	0.0218415	0.109304	0.237489	0.309191	0.472822	3.88902	0.105087
495.235	3.1415	-2.19467	0.0409188	0.0171277	0.0218881	0.0217434	0.108787	0.236198	0.307438	0.468062	4.00785	0.10615
495.646	3.25798	-2.19467	0.0407917	0.0170679	0.0217992	0.021646	0.108273	0.234918	0.305701	0.463374	4.13185	0.10723
496.056	3.38001	-2.19467	0.0406651	0.0170084	0.0217109	0.0215492	0.107764	0.233648	0.303978	0.458756	4.26127	0.108326
496.466	3.50789	-2.19467	0.0405392	0.0169491	0.021623	0.0214531	0.107257	0.232388	0.30227	0.454207	4.39643	0.10944
496.877	3.64192	-2.19467	0.0404139	0.0168902	0.0215357	0.0213576	0.106755	0.231138	0.300576	0.449725	4.53763	0.11057
497.287	3.78243	-2.19467	0.0402891	0.0168316	0.021449	0.0212627	0.106256	0.229898	0.298896	0.445309	4.68519	0.111718
497.698	3.92978	-2.19467	0.0401649	0.0167733	0.0213627	0.0211685	0.10576	0.228668	0.29723	0.440958	4.83948	0.112884
498.108	4.08432	-2.19467	0.0400413	0.0167153	0.021277	0.0210749	0.105268	0.227448	0.295578	0.43667	5.00085	0.114068
498.519	4.24646	-2.19467	0.0399182	0.0166576	0.0211918	0.0209819	0.104779	0.226238	0.29394	0.432444	5.1697	0.115271
498.929	4.41659	-2.19467	0.0397957	0.0166002	0.0211071	0.0208895	0.104294	0.225038	0.292316	0.428279	5.34645	0.116493
499.339	4.59517	-2.19467	0.0396738	0.0165431	0.0210229	0.0207977	0.103812	0.223847	0.290704	0.424174	5.53153	0.117734
499.75	4.78264	-2.19467	0.0395525	0.0164863	0.0209392	0.0207066	0.103333	0.222665	0.289107	0.420128	5.7254	0.118996
500.16	4.97949	-2.19467	0.0394317	0.0164297	0.0208561	0.020616	0.102858	0.221493	0.287522	0.416139	5.92854	0.120278
500.571	5.18624	-2.19467	0.0393114	0.0163735	0.0207734	0.020526	0.102385	0.22033	0.28595	0.412207	6.14148	0.12158
500.981	5.40342	-2.19467	0.0391917	0.0163176	0.0206912	0.0204366	0.101917	0.219176	0.284391	0.40833	6.36474	0.122904
501.391	5.6316	-2.19467	0.0390725	0.0162619	0.0206094	0.0203478	0.101451	0.218031	0.282845	0.404508	6.59889	0.12425
501.802	5.87135	-2.19467	0.0389539	0.0162065	0.0205282	0.0202596	0.100988	0.216895	0.281311	0.400739	6.84452	0.125617
502.212	6.12331	-2.19467	0.0388359	0.0161514	0.0204475	0.0201719	0.100529	0.215768	0.27979	0.397023	7.10225	0.127008
502.623	6.3881	-2.19467	0.0387183	0.0160966	0.0203672	0.0200849	0.100073	0.214649	0.278281	0.393357	7.37272	0.128421
503.033	6.66639	-2.19467	0.0386013	0.0160421	0.0202874	0.0199983	0.0996199	0.21354	0.276785	0.389743	7.65658	0.129859
503.443	6.95886	-2.19467	0.0384848	0.0159878	0.020208	0.0199124	0.0991698	0.212438	0.2753	0.386178	7.95452	0.13132
503.854	7.2662	-2.19467	0.0383689	0.0159339	0.0201292	0.019827	0.0987229	0.211346	0.273827	0.382661	8.26725	0.132806
504.264	7.58914	-2.19467	0.0382534	0.0158801	0.0200507	0.0197421	0.0982789	0.210262	0.272366	0.379192	8.59546	0.134318
504.675	7.92838	-2.19467	0.0381385	0.0158267	0.0199728	0.0196578	0.0978379	0.209186	0.270917	0.375771	8.93988	0.135856
505.085	8.28463	-2.19467	0.0380241	0.0157735	0.0198953	0.019574	0.0973999	0.208118	0.269479	0.372395	9.30122	0.13742
505.495	8.65861	-2.19467	0.0379103	0.0157206	0.0198182	0.0194907	0.0969648	0.207059	0.268053	0.369064	9.68019	0.139011
505.906	9.05098	-2.19467	0.0377969	0.015668	0.0197416	0.019408	0.0965326	0.206007	0.266638	0.365778	10.0774	0.14063
506.316	9.46239	-2.19467	0.037684	0.0156156	0.0196655	0.0193258	0.0961033	0.204964	0.265234	0.362536	10.4936	0.142277
506.727	9.8934	-2.19467	0.0375717	0.0155635	0.0195897	0.0192441	0.0956769	0.203928	0.263841	0.359337	10.9294	0.143953
507.137	10.3445	-2.19467	0.0374598	0.0155117	0.0195145	0.019163	0.0952533	0.2029	0.262459	0.356179	11.3851	0.14566
507.548	10.8162	-2.19467	0.0373485	0.0154601	0.0194396	0.0190823	0.0948325	0.20188	0.261088	0.353063	11.8612	0.147396
507.958	11.3086	-2.19467	0.0372376	0.0154087	0.0193652	0.0190022	0.0944144	0.200868	0.259728	0.349988	12.3581	0.149164
508.368	11.8218	-2.19467	0.0371272	0.0153577	0.0192912	0.0189226	0.0939992	0.199863	0.258378	0.346953	12.8756	0.150964
508.779	12.3557	-2.19467	0.0370174	0.0153068	0.0192176	0.0188434	0.0935866	0.198866	0.257038	0.343957	13.4138	0.152796
509.189	12.91	-2.19467	0.036908	0.0152563	0.0191445	0.0187648	0.0931768	0.197876	0.25571	0.341	13.9722	0.154662
509.6	13.4839	-2.19467	0.0367991	0.0152059	0.0190717	0.0186866	0.0927697	0.196894	0.254391	0.33808	14.5501	0.156562
510.01	14.0764	-2.19467	0.0366906	0.0151559	0.0189994	0.018609	0.0923652	0.195919	0.253082	0.335198	15.1466	0.158498
510.42	14.686	-2.19467	0.0365827	0.015106	0.0189275	0.0185318	0.0919633	0.194951	0.251784	0.332353	15.76	0.160469
510.831	15.3106	-2.19467	0.0364752	0.0150564	0.018856	0.0184551	0.0915641	0.19399	0.250496	0.329543	16.3884	0.162478
511.241	15.9478	-2.19467	0.0363682	0.0150071	0.0187849	0.0183789	0.0911675	0.193037	0.249217	0.32677	17.0292	0.164524
511.652	16.5945	-2.19467	0.0362617	0.014958	0.0187142	0.0183031	0.0907734	0.19209	0.247948	0.32403	17.6795	0.166609
512.062	17.2469	-2.19467	0.0361556	0.0149091	0.0186439	0.0182278	0.0903819	0.19115	0.246689	0.321326	18.3353	0.168734
512.472	17.9005	-2.19467	0.03605	0.0148605	0.018574	0.018153	0.0899929	0.190218	0.24544	0.318655	18.9923	0.1709
512.883	18.5501	-2.19467	0.0359449	0.0148121	0.0185045	0.0180786	0.0896064	0.189291	0.244199	0.316017	19.6452	0.173107
513.293	19.19	-2.19467	0.0358402	0.014764	0.0184353	0.0180047	0.0892224	0.188372	0.242969	0.313411	20.2883	0.175358
513.704	19.8135	-2.19467	0.035736	0.0147161	0.0183666	0.0179313	0.0888409	0.18746	0.241747	0.310838	20.9149	0.177653
514.114	20.4137	-2.19467	0.0356322	0.0146684	0.0182982	0.0178583	0.0884618	0.186554	0.240535	0.308296	21.5181	0.179993
514.525	20.9829	-2.19467	0.0355289	0.014621	0.0182303	0.0177857	0.0880851	0.185654	0.239332	0.305786	22.0902	0.182379
514.935	21.5133	-2.19467	0.035426	0.0145737	0.0181627	0.0177136	0.0877108	0.184761	0.238138	0.303306	22.6234	0.184813
515.345	21.997	-2.19467	0.0353236	0.0145268	0.0180955	0.0176419	0.0873389	0.183875	0.236952	0.300855	23.1098	0.187296
515.756	22.4262	-2.19467	0.0352216	0.01448	0.0180286	0.0175706	0.0869693	0.182995	0.235776	0.298435	23.5416	0.189829
516.166	22.7936	-2.19467	0.0351201	0.0144334	0.0179621	0.0174998	0.0866021	0.182121	0.234608	0.296043	23.9115	0.192414
516.577	23.0926	-2.19467	0.035019	0.0143871	0.017896	0.0174294	0.0862373	0.181253	0.233449	0.29368	24.2128	0.195052
516.987	23.3174	-2.19467	0.0349183	0.014341	0.0178303	0.0173595	0.0858747	0.180392	0.232299	0.291346	24.44	0.197744
517.397	23.4639	-2.19467	0.0348181	0.0142952	0.0177649	0.0172899	0.0855144	0.179536	0.231157	0.289039	24.5886	0.200493
517.808	23.5289	-2.19467	0.0347183	0.0142495	0.0176999	0.0172208	0.0851563	0.178687	0.230023	0.286759	24.6557	0.203299
518.218	23.5111	-2.19467	0.0346189	0.0142041	0.0176352	0.0171521	0.0848005	0.177844	0.228898	0.284506	24.64	0.206164
518.629	23.411	-2.19467	0.03452	0.0141589	0.0175709	0.0170838	0.084447	0.177007	0.227781	0.28228	24.5417	0.20909
519.039	23.2303	-2.19467	0.0344215	0.0141139	0.0175069	0.0170159	0.0840956	0.176175	0.226672	0.280079	24.3628	0.212079
519.449	22.9727	-2.19467	0.0343234	0.0140691	0.0174433	0.0169484	0.0837464	0.17535	0.225571	0.277905	24.1069	0.215132
519.86	22.6431	-2.19467	0.0342257	0.0140245	0.01738	0.0168813	0.0833994	0.17453	0.224478	0.275755	23.7788	0.218251
520.27	22.2474	-2.19467	0.0341284	0.0139802	0.0173171	0.0168146	0.0830545	0.173716	0.223393	0.27363	23.3846	0.221438
520.681	21.7926	-2.19467	0.0340316	0.013936	0.0172545	0.0167483	0.0827118	0.172908	0.222316	0.27153	22.9311	0.224696
521.091	21.2863	-2.19467	0.0339351	0.0138921	0.0171923	0.0166823	0.0823712	0.172105	0.221247	0.269454	22.4261	0.228025
521.502	20.7363	-2.19467	0.0338391	0.0138483	0.0171303	0.0166168	0.0820327	0.171308	0.220185	0.267401	21.8771	0.231429
521.912	20.1505	-2.19467	0.0337435	0.0138048	0.0170688	0.0165517	0.0816963	0.170516	0.219131	0.265372	21.2924	0.23491
522.322	19.5367	-2.19467	0.0336482	0.0137615	0.0170075	0.0164869	0.0813619	0.16973	0.218085	0.263366	20.6794	0.238469
522.733	18.9023	-2.19467	0.0335534	0.0137183	0.0169466	0.0164225	0.0810296	0.168949	0.217046	0.261382	20.0458	0.24211
523.143	18.2541	-2.19467	0.033459	0.0136754	0.016886	0.0163585	0.0806993	0.168174	0.216014	0.259421	19.3982	0.245835
523.554	17.5985	-2.19467	0.033365	0.0136327	0.0168257	0.0162949	0.080371	0.167404	0.21499	0.257482	18.7431	0.249646
523.964	16.941	-2.19467	0.0332714	0.0135902	0.0167658	0.0162317	0.0800447	0.166639	0.213973	0.255564	18.086	0.253546
524.374	16.2865	-2.19467	0.0331781	0.0135479	0.0167062	0.0161688	0.0797204	0.16588	0.212963	0.253668	17.4318	0.257538
524.785	15.6393	-2.19467	0.0330853	0.0135057	0.0166469	0.0161062	0.0793981	0.165125	0.211961	0.251793	16.7847	0.261624
525.195	15.0028	-2.19467	0.0329928	0.0134638	0.0165879	0.0160441	0.0790777	0.164376	0.210965	0.249938	16.1482	0.265809
525.606	14.38	-2.19467	0.0329008	0.0134221	0.0165292	0.0159823	0.0787593	0.163632	0.209976	0.248104	15.5252	0.270094
526.016	13.7731	-2.19467	0.0328091	0.0133805	0.0164708	0.0159208	0.0784428	0.162893	0.208995	0.24629	14.9181	0.274483
526.426	13.184	-2.19467	0.0327178	0.0133392	0.0164128	0.0158597	0.0781281	0.162159	0.20802	0.244496	14.3285	0.27898
526.837	12.6139	-2.19467	0.0326269	0.013298	0.016355	0.015799	0.0778154	0.16143	0.207052	0.242721	13.7579	0.283588
527.247	12.0638	-2.19467	0.0325364	0.0132571	0.0162976	0.0157386	0.0775045	0.160705	0.206091	0.240966	13.2071	0.28831
527.658	11.5343	-2.19467	0.0324462	0.0132163	0.0162404	0.0156785	0.0771955	0.159986	0.205136	0.239229	12.6767	0.293151
528.068	11.0257	-2.19467	0.0323564	0.0131757	0.0161836	0.0156188	0.0768884	0.159272	0.204188	0.237512	12.167	0.298115
528.478	10.5379	-2.19467	0.032267	0.0131353	0.016127	0.0155595	0.0765831	0.158562	0.203247	0.235812	11.6781	0.303205
528.889	10.0709	-2.19467	0.0321779	0.0130951	0.0160708	0.0155004	0.0762795	0.157857	0.202312	0.234131	11.2097	0.308427
529.299	9.62434	-2.19467	0.0320893	0.0130551	0.0160148	0.0154417	0.0759778	0.157156	0.201384	0.232468	10.7616	0.313784
529.71	9.19779	-2.19467	0.032001	0.0130152	0.0159591	0.0153834	0.0756779	0.156461	0.200461	0.230822	10.3334	0.319281
530.12	8.79072	-2.19467	0.031913	0.0129756	0.0159038	0.0153253	0.0753797	0.15577	0.199546	0.229194	9.92446	0.324923
530.531	8.40253	-2.19467	0.0318254	0.0129361	0.0158487	0.0152676	0.0750833	0.155083	0.198636	0.227583	9.53422	0.330716
530.941	8.03257	-2.19467	0.0317382	0.0128968	0.0157939	0.0152102	0.0747887	0.154401	0.197733	0.225989	9.16203	0.336664
531.351	7.68016	-2.19467	0.0316513	0.0128576	0.0157393	0.0151532	0.0744958	0.153723	0.196836	0.224411	8.80719	0.342773
531.762	7.3446	-2.19467	0.0315648	0.0128187	0.0156851	0.0150965	0.0742045	0.15305	0.195945	0.22285	8.46901	0.34905
532.172	7.02518	-2.19467	0.0314787	0.0127799	0.0156311	0.01504	0.073915	0.152382	0.19506	0.221306	8.14676	0.3555
532.583	6.72119	-2.19467	0.0313928	0.0127413	0.0155775	0.0149839	0.0736272	0.151717	0.194181	0.219777	7.83973	0.36213
532.993	6.43192	-2.19467	0.0313074	0.0127029	0.0155241	0.0149281	0.0733411	0.151057	0.193307	0.218264	7.54721	0.368946
533.403	6.15669	-2.19467	0.0312223	0.0126647	0.0154709	0.0148727	0.0730566	0.150402	0.19244	0.216766	7.26851	0.375955
533.814	5.89484	-2.19467	0.0311375	0.0126266	0.0154181	0.0148175	0.0727738	0.14975	0.191579	0.215284	7.00296	0.383165
534.224	5.64572	-2.19467	0.0310531	0.0125887	0.0153655	0.0147626	0.0724926	0.149103	0.190723	0.213817	6.74989	0.390584
534.635	5.40869	-2.19467	0.030969	0.0125509	0.0153132	0.0147081	0.0722131	0.14846	0.189873	0.212365	6.50869	0.398219
535.045	5.18318	-2.19467	0.0308853	0.0125134	0.0152611	0.0146538	0.0719351	0.147821	0.189029	0.210928	6.27874	0.406079
535.455	4.9686	-2.19467	0.0308019	0.012476	0.0152093	0.0145999	0.0716588	0.147187	0.18819	0.209505	6.05946	0.414173
535.866	4.7644	-2.19467	0.0307188	0.0124387	0.0151578	0.0145462	0.071384	0.146556	0.187357	0.208097	5.85031	0.42251
536.276	4.57008	-2.19467	0.0306361	0.0124017	0.0151065	0.0144928	0.0711108	0.145929	0.18653	0.206703	5.65074	0.4311
536.687	4.38514	-2.19467	0.0305537	0.0123648	0.0150555	0.0144398	0.0708392	0.145307	0.185707	0.205323	5.46027	0.439954
537.097	4.20911	-2.19467	0.0304717	0.0123281	0.0150048	0.014387	0.0705692	0.144688	0.184891	0.203956	5.2784	0.449081
537.508	4.04156	-2.19467	0.03039	0.0122915	0.0149543	0.0143345	0.0703006	0.144073	0.184079	0.202603	5.1047	0.458494
537.918	3.88206	-2.19467	0.0303086	0.0122551	0.014904	0.0142823	0.0700336	0.143463	0.183273	0.201264	4.93874	0.468204
538.328	3.73022	-2.19467	0.0302275	0.0122188	0.0148541	0.0142303	0.0697682	0.142856	0.182473	0.199937	4.7801	0.478225
538.739	3.58568	-2.19467	0.0301467	0.0121827	0.0148043	0.0141787	0.0695042	0.142253	0.181677	0.198624	4.62841	0.488568
539.149	3.44808	-2.19467	0.0300663	0.0121468	0.0147548	0.0141273	0.0692417	0.141653	0.180887	0.197324	4.4833	0.499249
539.56	3.3171	-2.19467	0.0299862	0.012111	0.0147056	0.0140763	0.0689807	0.141058	0.180102	0.196036	4.34443	0.510282
539.97	3.19244	-2.19467	0.0299064	0.0120754	0.0146566	0.0140255	0.0687212	0.140466	0.179322	0.194761	4.21149	0.521682
540.38	3.07379	-2.19467	0.029827	0.01204	0.0146079	0.0139749	0.0684632	0.139878	0.178547	0.193499	4.08416	0.533467
540.791	2.9609	-2.19467	0.0297478	0.0120047	0.0145594	0.0139247	0.0682066	0.139294	0.177777	0.192248	3.96215	0.545652
541.201	2.85351	-2.19467	0.029669	0.0119695	0.0145111	0.0138747	0.0679514	0.138713	0.177012	0.19101	3.84521	0.558257
541.612	2.75138	-2.19467	0.0295905	0.0119346	0.0144631	0.013825	0.0676977	0.138136	0.176252	0.189783	3.73306	0.571301
542.022	2.65429	-2.19467	0.0295123	0.0118997	0.0144153	0.0137755	0.0674453	0.137563	0.175497	0.188569	3.62548	0.584804
542.432	2.56203	-2.19467	0.0294344	0.011865	0.0143678	0.0137263	0.0671944	0.136993	0.174746	0.187366	3.52222	0.598788
542.843	2.47442	-2.19467	0.0293568	0.0118305	0.0143204	0.0136774	0.0669449	0.136426	0.174001	0.186174	3.42308	0.613276
543.253	2.39128	-2.19467	0.0292795	0.0117961	0.0142734	0.0136287	0.0666968	0.135863	0.17326	0.184994	3.32786	0.628292
543.664	2.31243	-2.19467	0.0292025	0.0117619	0.0142265	0.0135803	0.06645	0.135304	0.172524	0.183825	3.23636	0.643862
544.074	2.23773	-2.19467	0.0291258	0.0117278	0.0141799	0.0135322	0.0662046	0.134748	0.171792	0.182667	3.1484	0.660013
544.484	2.16703	-2.19467	0.0290494	0.0116939	0.0141335	0.0134843	0.0659606	0.134196	0.171066	0.18152	3.06382	0.676775
544.895	2.1002	-2.19467	0.0289734	0.0116601	0.0140873	0.0134367	0.0657179	0.133646	0.170344	0.180384	2.98244	0.694179
545.305	2.03713	-2.19467	0.0288976	0.0116264	0.0140414	0.0133893	0.0654766	0.133101	0.169626	0.179258	2.90413	0.712256
545.716	1.9777	-2.19467	0.0288221	0.0115929	0.0139957	0.0133421	0.0652366	0.132558	0.168913	0.178143	2.82872	0.731043
546.126	1.92182	-2.19467	0.0287469	0.0115596	0.0139502	0.0132953	0.0649978	0.132019	0.168204	0.177038	2.7561	0.750576
546.537	1.86939	-2.19467	0.028672	0.0115264	0.0139049	0.0132486	0.0647605	0.131483	0.1675	0.175943	2.68612	0.770895
546.947	1.82034	-2.19467	0.0285974	0.0114933	0.0138599	0.0132022	0.0645244	0.130951	0.166801	0.174859	2.61868	0.792042
547.357	1.77459	-2.19467	0.0285231	0.0114604	0.0138151	0.0131561	0.0642895	0.130421	0.166105	0.173784	2.55364	0.814063
547.768	1.73209	-2.19467	0.0284491	0.0114276	0.0137705	0.0131102	0.064056	0.129895	0.165414	0.17272	2.49091	0.837006
548.178	1.69279	-2.19467	0.0283754	0.011395	0.0137261	0.0130645	0.0638237	0.129372	0.164728	0.171665	2.43038	0.860923
548.589	1.65663	-2.19467	0.0283019	0.0113625	0.0136819	0.0130191	0.0635927	0.128852	0.164045	0.17062	2.37196	0.885868
548.999	1.6236	-2.19467	0.0282288	0.0113301	0.0136379	0.0129739	0.063363	0.128336	0.163367	0.169584	2.31554	0.911901
549.409	1.59365	-2.19467	0.0281559	0.0112979	0.0135941	0.0129289	0.0631345	0.127822	0.162693	0.168558	2.26105	0.939085
549.82	1.56678	-2.19467	0.0280833	0.0112658	0.0135506	0.0128842	0.0629072	0.127311	0.162023	0.167541	2.2084	0.967489
550.23	1.54299	-2.19467	0.028011	0.0112338	0.0135073	0.0128397	0.0626812	0.126804	0.161357	0.166533	2.1575	0.997185
550.641	1.52227	-2.19467	0.0279389	0.011202	0.0134641	0.0127954	0.0624563	0.1263	0.160696	0.165534	2.1083	1.02825
551.051	1.50463	-2.19467	0.0278672	0.0111703	0.0134212	0.0127514	0.0622327	0.125798	0.160038	0.164544	2.0607	1.06078
551.461	1.49011	-2.19467	0.0277957	0.0111388	0.0133785	0.0127076	0.0620103	0.1253	0.159385	0.163563	2.01466	1.09484
551.872	1.47874	-2.19467	0.0277245	0.0111074	0.013336	0.012664	0.061789	0.124804	0.158735	0.162591	1.97009	1.13056
552.282	1.47055	-2.19467	0.0276535	0.0110761	0.0132937	0.0126206	0.061569	0.124312	0.158089	0.161627	1.92695	1.16802
552.693	1.46561	-2.19467	0.0275829	0.011045	0.0132515	0.0125775	0.0613501	0.123822	0.157448	0.160672	1.88517	1.20736
553.103	1.46398	-2.19467	0.0275125	0.0110139	0.0132096	0.0125346	0.0611324	0.123335	0.15681	0.159726	1.8447	1.24868
553.514	1.46575	-2.19467	0.0274423	0.0109831	0.0131679	0.0124919	0.0609158	0.122851	0.156176	0.158788	1.80549	1.29212
553.924	1.47102	-2.19467	0.0273725	0.0109523	0.0131264	0.0124494	0.0607004	0.12237	0.155546	0.157857	1.76748	1.33783
554.334	1.47988	-2.19467	0.0273029	0.0109217	0.0130851	0.0124071	0.0604861	0.121892	0.15492	0.156936	1.73062	1.38597
554.745	1.49247	-2.19467	0.0272336	0.0108912	0.0130439	0.0123651	0.060273	0.121416	0.154297	0.156022	1.69489	1.43671
555.155	1.50894	-2.19467	0.0271645	0.0108608	0.013003	0.0123232	0.060061	0.120944	0.153679	0.155116	1.66022	1.49024
555.566	1.52944	-2.19467	0.0270957	0.0108305	0.0129623	0.0122816	0.0598501	0.120474	0.153064	0.154218	1.62658	1.54675
555.976	1.55415	-2.19467	0.0270272	0.0108004	0.0129217	0.0122402	0.0596403	0.120007	0.152452	0.153328	1.59392	1.60648
556.386	1.58328	-2.19467	0.0269589	0.0107704	0.0128814	0.012199	0.0594316	0.119542	0.151845	0.152445	1.56223	1.66966
556.797	1.61707	-2.19467	0.0268909	0.0107406	0.0128412	0.012158	0.059224	0.11908	0.151241	0.15157	1.53144	1.73655
557.207	1.65576	-2.19467	0.0268231	0.0107108	0.0128012	0.0121172	0.0590175	0.118621	0.15064	0.150703	1.50154	1.80746
557.618	1.69964	-2.19467	0.0267556	0.0106812	0.0127614	0.0120766	0.058812	0.118165	0.150043	0.149843	1.47249	1.88269
558.028	1.74904	-2.19467	0.0266883	0.0106517	0.0127218	0.0120362	0.0586077	0.117711	0.14945	0.14899	1.44425	1.9626
558.438	1.8043	-2.19467	0.0266213	0.0106223	0.0126824	0.011996	0.0584044	0.11726	0.14886	0.148144	1.4168	2.04757
558.849	1.86582	-2.19467	0.0265546	0.0105931	0.0126431	0.011956	0.0582021	0.116811	0.148274	0.147306	1.39012	2.13803
559.259	1.93404	-2.19467	0.0264881	0.0105639	0.0126041	0.0119163	0.0580009	0.116365	0.147691	0.146475	1.36416	2.23445
559.67	2.00946	-2.19467	0.0264218	0.0105349	0.0125652	0.0118767	0.0578008	0.115921	0.147111	0.145651	1.33891	2.33733
560.08	2.09261	-2.19467	0.0263558	0.010506	0.0125265	0.0118373	0.0576016	0.11548	0.146535	0.144834	1.31435	2.44726
560.49	2.18412	-2.19467	0.0262901	0.0104772	0.012488	0.0117981	0.0574035	0.115042	0.145963	0.144023	1.29044	2.56487
560.901	2.28465	-2.19467	0.0262246	0.0104486	0.0124496	0.0117591	0.0572065	0.114606	0.145393	0.14322	1.26716	2.69085
561.311	2.39498	-2.19467	0.0261593	0.01042	0.0124114	0.0117203	0.0570104	0.114172	0.144827	0.142423	1.2445	2.826
561.722	2.51594	-2.19467	0.0260943	0.0103916	0.0123735	0.0116817	0.0568153	0.113741	0.144265	0.141633	1.22243	2.97119
562.132	2.6485	-2.19467	0.0260295	0.0103633	0.0123356	0.0116433	0.0566213	0.113313	0.143705	0.140849	1.20094	3.12738
562.543	2.79372	-2.19467	0.025965	0.0103351	0.012298	0.011605	0.0564282	0.112886	0.143149	0.140072	1.17999	3.29566
562.953	2.95279	-2.19467	0.0259007	0.010307	0.0122605	0.011567	0.0562361	0.112463	0.142596	0.139301	1.15958	3.47724
563.363	3.12705	-2.19467	0.0258366	0.0102791	0.0122232	0.0115291	0.056045	0.112041	0.142046	0.138536	1.13969	3.67349
563.774	3.31802	-2.19467	0.0257728	0.0102512	0.0121861	0.0114915	0.0558549	0.111622	0.1415	0.137778	1.12029	3.88593
564.184	3.52738	-2.19467	0.0257092	0.0102235	0.0121491	0.011454	0.0556657	0.111205	0.140956	0.137026	1.10138	4.11627
564.595	3.75704	-2.19467	0.0256459	0.0101958	0.0121123	0.0114167	0.0554775	0.110791	0.140416	0.13628	1.08294	4.36643
565.005	4.00916	-2.19467	0.0255827	0.0101683	0.0120757	0.0113796	0.0552903	0.110379	0.139879	0.135541	1.06495	4.63858
565.415	4.28614	-2.19467	0.0255199	0.0101409	0.0120392	0.0113426	0.055104	0.109969	0.139344	0.134807	1.0474	4.93514
565.826	4.59071	-2.19467	0.0254572	0.0101136	0.0120029	0.0113058	0.0549186	0.109562	0.138813	0.134079	1.03027	5.25886
566.236	4.92594	-2.19467	0.0253948	0.0100864	0.0119668	0.0112693	0.0547342	0.109156	0.138285	0.133357	1.01355	5.6128
566.647	5.29526	-2.19467	0.0253326	0.0100594	0.0119308	0.0112329	0.0545507	0.108753	0.13776	0.132641	0.997234	6.00043
567.057	5.70254	-2.19467	0.0252706	0.0100324	0.011895	0.0111966	0.0543681	0.108352	0.137238	0.131931	0.9813	6.42562
567.467	6.15209	-2.19467	0.0252089	0.0100056	0.0118593	0.0111606	0.0541864	0.107954	0.136719	0.131226	0.96574	6.8927
567.878	6.64872	-2.19467	0.0251474	0.00997881	0.0118239	0.0111247	0.0540057	0.107558	0.136203	0.130527	0.950542	7.40648
568.288	7.19774	-2.19467	0.0250861	0.00995217	0.0117885	0.011089	0.0538258	0.107163	0.13569	0.129833	0.935696	7.97228
568.699	7.80496	-2.19467	0.025025	0.00992563	0.0117533	0.0110534	0.0536468	0.106771	0.135179	0.129145	0.92119	8.59594
569.109	8.47667	-2.19467	0.0249642	0.0098992	0.0117183	0.0110181	0.0534688	0.106381	0.134672	0.128463	0.907015	9.28374
569.52	9.21953	-2.19467	0.0249036	0.00987288	0.0116835	0.0109829	0.0532916	0.105994	0.134167	0.127786	0.893161	10.0424
569.93	10.0404	-2.19467	0.0248432	0.00984666	0.0116488	0.0109478	0.0531153	0.105608	0.133665	0.127114	0.879617	10.8787
570.34	10.9461	-2.19467	0.024783	0.00982055	0.0116142	0.010913	0.0529398	0.105224	0.133166	0.126447	0.866376	11.7995
570.751	11.9428	-2.19467	0.024723	0.00979454	0.0115798	0.0108783	0.0527653	0.104843	0.13267	0.125786	0.853428	12.811
571.161	13.0356	-2.19467	0.0246633	0.00976863	0.0115456	0.0108438	0.0525916	0.104464	0.132177	0.12513	0.840765	13.9183
571.572	14.2271	-2.19467	0.0246037	0.00974282	0.0115115	0.0108094	0.0524187	0.104086	0.131686	0.124479	0.828378	15.124
571.982	15.5166	-2.19467	0.0245444	0.00971712	0.0114775	0.0107752	0.0522467	0.103711	0.131198	0.123833	0.81626	16.4275
572.392	16.8979	-2.19467	0.0244853	0.00969152	0.0114438	0.0107411	0.0520756	0.103338	0.130713	0.123192	0.804403	17.8225
572.803	18.3572	-2.19467	0.0244264	0.00966602	0.0114101	0.0107073	0.0519053	0.102966	0.13023	0.122556	0.792799	19.2952
573.213	19.8712	-2.19467	0.0243678	0.00964062	0.0113766	0.0106735	0.0517358	0.102597	0.12975	0.121925	0.781442	20.8224
573.624	21.4043	-2.19467	0.0243093	0.00961532	0.0113433	0.01064	0.0515671	0.10223	0.129273	0.121299	0.770325	22.3683
574.034	22.9075	-2.19467	0.0242511	0.00959012	0.0113101	0.0106066	0.0513993	0.101865	0.128798	0.120678	0.759441	23.8842
574.444	24.319	-2.19467	0.024193	0.00956502	0.011277	0.0105733	0.0512323	0.101501	0.128326	0.120061	0.748784	25.3081
574.855	25.5667	-2.19467	0.0241352	0.00954001	0.0112441	0.0105402	0.0510661	0.10114	0.127857	0.119449	0.738347	26.5681
575.265	26.5751	-2.19467	0.0240775	0.00951511	0.0112113	0.0105073	0.0509007	0.10078	0.12739	0.118842	0.728124	27.5884
575.676	27.2741	-2.19467	0.0240201	0.0094903	0.0111787	0.0104745	0.0507361	0.100423	0.126926	0.118239	0.718111	28.2991
576.086	27.6099	-2.19467	0.0239629	0.00946559	0.0111462	0.0104419	0.0505723	0.100067	0.126464	0.117641	0.7083	28.6465
576.496	27.5549	-2.19467	0.0239059	0.00944098	0.0111139	0.0104094	0.0504093	0.0997134	0.126005	0.117048	0.698688	28.6029
576.907	27.1127	-2.19467	0.0238491	0.00941646	0.0110817	0.0103771	0.0502471	0.0993614	0.125548	0.116459	0.689267	28.1717
577.317	26.3172	-2.19467	0.0237925	0.00939203	0.0110496	0.0103449	0.0500857	0.0990114	0.125094	0.115874	0.680035	27.3872
577.728	25.2267	-2.19467	0.0237361	0.00936771	0.0110177	0.0103129	0.049925	0.0986632	0.124642	0.115294	0.670984	26.3075
578.138	23.9135	-2.19467	0.0236799	0.00934347	0.0109859	0.010281	0.0497651	0.0983168	0.124192	0.114718	0.662112	25.0047
578.549	22.4529	-2.19467	0.0236239	0.00931933	0.0109543	0.0102493	0.049606	0.0979722	0.123745	0.114146	0.653413	23.5546
578.959	20.9153	-2.19467	0.0235681	0.00929528	0.0109228	0.0102177	0.0494476	0.0976295	0.123301	0.113579	0.644883	22.0271
579.369	19.3598	-2.19467	0.0235124	0.00927133	0.0108914	0.0101863	0.04929	0.0972885	0.122859	0.113016	0.636517	20.4816
579.78	17.8322	-2.19467	0.023457	0.00924747	0.0108602	0.010155	0.0491332	0.0969494	0.122419	0.112457	0.628311	18.9639
580.19	16.3653	-2.19467	0.0234018	0.0092237	0.0108291	0.0101238	0.0489771	0.096612	0.121982	0.111902	0.620262	17.5067
580.601	14.9802	-2.19467	0.0233468	0.00920002	0.0107981	0.0100928	0.0488217	0.0962763	0.121546	0.111352	0.612365	16.1311
581.011	13.6887	-2.19467	0.023292	0.00917644	0.0107672	0.010062	0.0486671	0.0959424	0.121114	0.110805	0.604617	14.8489
581.421	12.4956	-2.19467	0.0232373	0.00915294	0.0107365	0.0100312	0.0485132	0.0956103	0.120683	0.110262	0.597014	13.665
581.832	11.4008	-2.19467	0.0231829	0.00912953	0.010706	0.0100007	0.0483601	0.0952798	0.120255	0.109724	0.589552	12.5792
582.242	10.4009	-2.19467	0.0231286	0.00910622	0.0106755	0.00997022	0.0482076	0.0949511	0.119829	0.109189	0.582228	11.5882
582.653	9.49055	-2.19467	0.0230746	0.00908299	0.0106452	0.00993992	0.0480559	0.0946241	0.119406	0.108658	0.575039	10.6867
583.063	8.66339	-2.19467	0.0230207	0.00905985	0.010615	0.00990975	0.0479049	0.0942987	0.118984	0.108131	0.567981	9.86815
583.473	7.91254	-2.19467	0.022967	0.0090368	0.010585	0.00987972	0.0477546	0.093975	0.118565	0.107608	0.561051	9.12579
583.884	7.23114	-2.19467	0.0229135	0.00901384	0.010555	0.00984983	0.0476051	0.093653	0.118148	0.107089	0.554246	8.45273
584.294	6.61258	-2.19467	0.0228602	0.00899096	0.0105252	0.00982008	0.0474562	0.0933327	0.117733	0.106573	0.547563	7.8424
584.705	6.05068	-2.19467	0.0228071	0.00896817	0.0104955	0.00979045	0.047308	0.093014	0.117321	0.106061	0.541	7.28858
585.115	5.5397	-2.19467	0.0227541	0.00894547	0.010466	0.00976097	0.0471605	0.0926969	0.11691	0.105553	0.534553	6.78557
585.526	5.07444	-2.19467	0.0227014	0.00892286	0.0104366	0.00973161	0.0470137	0.0923814	0.116502	0.105049	0.528219	6.32815
585.936	4.65019	-2.19467	0.0226488	0.00890033	0.0104073	0.00970239	0.0468676	0.0920675	0.116096	0.104548	0.521997	5.91162
586.346	4.26272	-2.19467	0.0225964	0.00887788	0.0103781	0.0096733	0.0467221	0.0917553	0.115692	0.10405	0.515883	5.53176
586.757	3.90825	-2.19467	0.0225442	0.00885552	0.010349	0.00964434	0.0465774	0.0914446	0.11529	0.103557	0.509876	5.18478
587.167	3.58341	-2.19467	0.0224922	0.00883324	0.0103201	0.00961551	0.0464333	0.0911355	0.11489	0.103066	0.503972	4.86732
587.578	3.28521	-2.19467	0.0224403	0.00881105	0.0102913	0.00958681	0.0462899	0.0908279	0.114492	0.102579	0.498169	4.57639
587.988	3.01096	-2.19467	0.0223886	0.00878894	0.0102626	0.00955823	0.0461471	0.090522	0.114097	0.102096	0.492465	4.3093
588.398	2.7583	-2.19467	0.0223371	0.00876692	0.010234	0.00952979	0.046005	0.0902175	0.113703	0.101616	0.486858	4.0637
588.809	2.52512	-2.19467	0.0222858	0.00874498	0.0102055	0.00950147	0.0458635	0.0899146	0.113312	0.101139	0.481346	3.83748
589.219	2.30955	-2.19467	0.0222347	0.00872312	0.0101772	0.00947327	0.0457227	0.0896132	0.112922	0.100666	0.475926	3.62876
589.63	2.10991	-2.19467	0.0221837	0.00870134	0.010149	0.00944521	0.0455826	0.0893133	0.112534	0.100196	0.470596	3.43588
590.04	1.92472	-2.19467	0.0221329	0.00867964	0.0101209	0.00941726	0.0454431	0.089015	0.112149	0.0997295	0.465355	3.25734
590.45	1.75264	-2.19467	0.0220823	0.00865802	0.0100929	0.00938944	0.0453042	0.0887181	0.111765	0.0992661	0.4602	3.09184
590.861	1.5925	-2.19467	0.0220319	0.00863649	0.010065	0.00936175	0.045166	0.0884227	0.111384	0.0988059	0.455131	2.93817
591.271	1.44324	-2.19467	0.0219816	0.00861503	0.0100373	0.00933417	0.0450284	0.0881288	0.111004	0.0983489	0.450143	2.79528
591.682	1.30389	-2.19467	0.0219315	0.00859366	0.0100096	0.00930672	0.0448914	0.0878363	0.110626	0.097895	0.445237	2.66223
592.092	1.17362	-2.19467	0.0218816	0.00857236	0.00998211	0.00927939	0.0447551	0.0875453	0.11025	0.0974443	0.440411	2.53816
592.503	1.05165	-2.19467	0.0218318	0.00855114	0.0099547	0.00925218	0.0446194	0.0872557	0.109876	0.0969967	0.435661	2.42231
592.913	0.937289	-2.19467	0.0217823	0.00853001	0.0099274	0.00922509	0.0444842	0.0869676	0.109504	0.0965522	0.430988	2.314
593.323	0.829926	-2.19467	0.0217328	0.00850895	0.00990021	0.00919811	0.0443497	0.0866809	0.109134	0.0961107	0.426389	2.21259
593.734	0.728995	-2.19467	0.0216836	0.00848796	0.00987314	0.00917126	0.0442159	0.0863956	0.108766	0.0956722	0.421863	2.11754
594.144	0.63399	-2.19467	0.0216345	0.00846706	0.00984617	0.00914452	0.0440826	0.0861117	0.1084	0.0952367	0.417408	2.02833
594.555	0.544451	-2.19467	0.0215856	0.00844623	0.00981932	0.0091179	0.0439499	0.0858292	0.108035	0.0948042	0.413023	1.94451
594.965	0.459962	-2.19467	0.0215368	0.00842548	0.00979257	0.00909139	0.0438178	0.0855481	0.107672	0.0943747	0.408707	1.86566
595.375	0.380144	-2.19467	0.0214883	0.00840481	0.00976594	0.00906501	0.0436863	0.0852684	0.107311	0.093948	0.404457	1.79142
595.786	0.304653	-2.19467	0.0214398	0.00838421	0.00973941	0.00903873	0.0435554	0.08499	0.106952	0.0935242	0.400273	1.72142
596.196	0.233176	-2.19467	0.0213916	0.00836369	0.00971299	0.00901257	0.0434251	0.084713	0.106595	0.0931033	0.396153	1.65537
596.607	0.165427	-2.19467	0.0213435	0.00834324	0.00968668	0.00898652	0.0432954	0.0844374	0.10624	0.0926853	0.392096	1.59298
597.017	0.101144	-2.19467	0.0212956	0.00832286	0.00966047	0.00896059	0.0431662	0.0841631	0.105886	0.09227	0.388101	1.53399
597.427	0.0400889	-2.19467	0.0212478	0.00830257	0.00963437	0.00893477	0.0430376	0.0838901	0.105534	0.0918575	0.384166	1.47815
597.838	-0.0179577	-2.19467	0.0212002	0.00828234	0.00960838	0.00890905	0.0429097	0.0836185	0.105184	0.0914478	0.38029	1.42526
598.248	-0.0731966	-2.19467	0.0211527	0.00826219	0.00958249	0.00888345	0.0427822	0.0833482	0.104835	0.0910408	0.376473	1.37511
598.659	-0.125812	-2.19467	0.0211054	0.00824212	0.00955671	0.00885796	0.0426554	0.0830792	0.104488	0.0906365	0.372712	1.32752
599.069	-0.175975	-2.19467	0.0210583	0.00822211	0.00953103	0.00883258	0.0425291	0.0828114	0.104143	0.0902349	0.369007	1.28232
599.479	-0.223839	-2.19467	0.0210113	0.00820218	0.00950545	0.00880731	0.0424033	0.082545	0.1038	0.089836	0.365357	1.23936
599.89	-0.269551	-2.19467	0.0209645	0.00818232	0.00947997	0.00878215	0.0422781	0.0822799	0.103459	0.0894397	0.361761	1.19849
600.3	-0.313242	-2.19467	0.0209178	0.00816253	0.0094546	0.00875709	0.0421535	0.082016	0.103119	0.0890461	0.358217	1.15958
600.711	-0.355036	-2.19467	0.0208713	0.00814282	0.00942933	0.00873214	0.0420294	0.0817534	0.10278	0.088655	0.354724	1.12251
601.121	-0.395046	-2.19467	0.020825	0.00812318	0.00940416	0.0087073	0.0419059	0.0814921	0.102444	0.0882665	0.351283	1.08717
601.532	-0.433377	-2.19467	0.0207788	0.0081036	0.0093791	0.00868257	0.0417829	0.081232	0.102109	0.0878805	0.34789	1.05345
601.942	-0.470127	-2.19467	0.0207327	0.0080841	0.00935413	0.00865793	0.0416605	0.0809732	0.101776	0.0874971	0.344547	1.02126
602.352	-0.505387	-2.19467	0.0206869	0.00806467	0.00932926	0.00863341	0.0415386	0.0807155	0.101444	0.0871161	0.341251	0.990503
602.763	-0.53924	-2.19467	0.0206411	0.00804531	0.00930449	0.00860899	0.0414172	0.0804592	0.101114	0.0867377	0.338002	0.961099
603.173	-0.571765	-2.19467	0.0205955	0.00802601	0.00927982	0.00858467	0.0412963	0.080204	0.100785	0.0863617	0.334799	0.932971
603.584	-0.603035	-2.19467	0.0205501	0.00800679	0.00925524	0.00856045	0.041176	0.07995	0.100458	0.0859882	0.331641	0.906047
603.994	-0.633118	-2.19467	0.0205048	0.00798764	0.00923077	0.00853634	0.0410562	0.0796973	0.100133	0.085617	0.328528	0.88026
604.404	-0.662076	-2.19467	0.0204597	0.00796855	0.00920639	0.00851232	0.040937	0.0794458	0.0998095	0.0852483	0.325458	0.855547
604.815	-0.68997	-2.19467	0.0204147	0.00794954	0.00918211	0.00848841	0.0408182	0.0791954	0.0994874	0.0848819	0.32243	0.831851
605.225	-0.716854	-2.19467	0.0203698	0.00793059	0.00915792	0.0084646	0.0407	0.0789462	0.0991668	0.0845179	0.319445	0.809116
605.636	-0.74278	-2.19467	0.0203252	0.0079117	0.00913383	0.00844089	0.0405823	0.0786982	0.0988478	0.0841563	0.3165	0.787292
606.046	-0.767797	-2.19467	0.0202806	0.00789289	0.00910983	0.00841728	0.0404651	0.0784514	0.0985303	0.0837969	0.313596	0.766332
606.456	-0.791949	-2.19467	0.0202362	0.00787414	0.00908593	0.00839377	0.0403483	0.0782057	0.0982144	0.0834399	0.310731	0.74619
606.867	-0.815279	-2.19467	0.020192	0.00785546	0.00906213	0.00837036	0.0402321	0.0779612	0.0978999	0.0830851	0.307906	0.726826
607.277	-0.837828	-2.19467	0.0201478	0.00783685	0.00903841	0.00834704	0.0401164	0.0777178	0.097587	0.0827326	0.305118	0.708199
607.688	-0.859632	-2.19467	0.0201039	0.0078183	0.00901479	0.00832382	0.0400012	0.0774755	0.0972756	0.0823823	0.302368	0.690273
608.098	-0.880726	-2.19467	0.0200601	0.00779982	0.00899126	0.0083007	0.0398865	0.0772344	0.0969656	0.0820342	0.299655	0.673015
608.509	-0.901145	-2.19467	0.0200164	0.0077814	0.00896782	0.00827767	0.0397723	0.0769944	0.0966571	0.0816884	0.296978	0.65639
608.919	-0.920918	-2.19467	0.0199728	0.00776305	0.00894448	0.00825474	0.0396586	0.0767555	0.0963501	0.0813447	0.294337	0.64037
609.329	-0.940075	-2.19467	0.0199295	0.00774476	0.00892122	0.00823191	0.0395454	0.0765178	0.0960446	0.0810032	0.291731	0.624924
609.74	-0.958645	-2.19467	0.0198862	0.00772654	0.00889806	0.00820917	0.0394326	0.0762811	0.0957405	0.0806638	0.289159	0.610027
610.15	-0.976652	-2.19467	0.0198431	0.00770838	0.00887499	0.00818652	0.0393203	0.0760456	0.0954379	0.0803266	0.286621	0.595653
610.561	-0.994122	-2.19467	0.0198001	0.00769029	0.008852	0.00816397	0.0392085	0.0758111	0.0951367	0.0799914	0.284115	0.581777
610.971	-1.01108	-2.19467	0.0197573	0.00767226	0.00882911	0.00814151	0.0390972	0.0755777	0.0948369	0.0796584	0.281643	0.568377
611.381	-1.02754	-2.19467	0.0197146	0.00765429	0.0088063	0.00811914	0.0389864	0.0753454	0.0945385	0.0793274	0.279202	0.555432
611.792	-1.04353	-2.19467	0.019672	0.00763639	0.00878358	0.00809687	0.038876	0.0751141	0.0942415	0.0789985	0.276793	0.542922
612.202	-1.05908	-2.19467	0.0196296	0.00761855	0.00876095	0.00807468	0.0387661	0.0748839	0.093946	0.0786717	0.274415	0.530827
612.613	-1.07418	-2.19467	0.0195873	0.00760077	0.00873841	0.00805259	0.0386567	0.0746548	0.0936518	0.0783468	0.272067	0.519129
613.023	-1.08888	-2.19467	0.0195452	0.00758305	0.00871596	0.00803059	0.0385477	0.0744267	0.093359	0.078024	0.26975	0.507811
613.433	-1.10317	-2.19467	0.0195032	0.00756539	0.00869359	0.00800868	0.0384392	0.0741997	0.0930675	0.0777031	0.267461	0.496858
613.844	-1.11708	-2.19467	0.0194613	0.0075478	0.0086713	0.00798686	0.0383311	0.0739737	0.0927775	0.0773843	0.265202	0.486253
614.254	-1.13062	-2.19467	0.0194196	0.00753027	0.00864911	0.00796512	0.0382235	0.0737487	0.0924888	0.0770674	0.26297	0.475982
614.665	-1.14381	-2.19467	0.019378	0.0075128	0.00862699	0.00794348	0.0381164	0.0735248	0.0922014	0.0767524	0.260767	0.466031
615.075	-1.15667	-2.19467	0.0193365	0.00749539	0.00860496	0.00792192	0.0380097	0.0733019	0.0919153	0.0764394	0.258591	0.456387
615.485	-1.16919	-2.19467	0.0192952	0.00747804	0.00858302	0.00790045	0.0379034	0.0730799	0.0916306	0.0761282	0.256443	0.447038
615.896	-1.1814	-2.19467	0.019254	0.00746075	0.00856116	0.00787907	0.0377976	0.072859	0.0913473	0.075819	0.254321	0.437973
616.306	-1.1933	-2.19467	0.0192129	0.00744352	0.00853938	0.00785778	0.0376922	0.0726391	0.0910652	0.0755117	0.252225	0.429178
616.717	-1.20492	-2.19467	0.0191719	0.00742635	0.00851769	0.00783657	0.0375873	0.0724202	0.0907844	0.0752062	0.250154	0.420645
617.127	-1.21625	-2.19467	0.0191311	0.00740924	0.00849608	0.00781544	0.0374828	0.0722023	0.0905049	0.0749025	0.248109	0.412362
617.538	-1.22732	-2.19467	0.0190905	0.00739218	0.00847455	0.00779441	0.0373788	0.0719853	0.0902268	0.0746007	0.246089	0.404321
617.948	-1.23812	-2.19467	0.0190499	0.00737519	0.0084531	0.00777345	0.0372751	0.0717694	0.0899499	0.0743007	0.244094	0.396511
618.358	-1.24867	-2.19467	0.0190095	0.00735826	0.00843174	0.00775258	0.0371719	0.0715544	0.0896742	0.0740026	0.242122	0.388925
618.769	-1.25897	-2.19467	0.0189692	0.00734138	0.00841045	0.0077318	0.0370692	0.0713403	0.0893999	0.0737062	0.240174	0.381553
619.179	-1.26904	-2.19467	0.018929	0.00732456	0.00838925	0.0077111	0.0369668	0.0711273	0.0891268	0.0734116	0.23825	0.374388
619.59	-1.27889	-2.19467	0.018889	0.0073078	0.00836812	0.00769048	0.0368649	0.0709152	0.0888549	0.0731187	0.236348	0.367422
620	-1.28851	-2.19467	0.0188491	0.0072911	0.00834708	0.00766994	0.0367634	0.070704	0.0885843	0.0728276	0.23447	0.360648
