Raman_shift(cm-1)	298.15K	323.15K	373.15K	423.15K	473.15K	523.15K	573.15K	623.15K	673.15K	723.15K	773.15K	823.15K	873.15K	923.15K	973.15K	1023.15K	1073.15K	1123.15K	1173.15K	1223.15K	1273.15K
-701.911	-5.83	-4.23	-4.52	-5	-3.22	-3.6	-2.41	-3.84	-1.19	-3.28	-2.58	-1.34	-1.83	-4.85	-2.97	-0.407224	-0.484116	-1.76781	-2.0064	0.0495778	-0.36498
-700.784	-2.2	-4.16	-5.16	-1.6	-0.52	-1.62	-0.4	-0.88	-0.27	-1.42	-0.6	-1.54	-0.53	-0.64	-0.49	-0.982945	0.892219	2.35731	2.02065	0.332512	0.251973
-699.659	-2.39	-5.07	-1.99	-2.87	1.4	-0.24	0.33	-0.8	0.45	2.02	2.24	0.51	0.99	-1.13	0.24	5.63793	3.45423	3.10743	3.06254	0.299074	2.14455
-698.533	-5.93	-6.09	-5.23	-2.86	-2.2	-1.74	-3.09	-2.66	-1.82	-0.92	-0.37	-2.35	-2.95	-2.2	-2.57	0.645526	0.982055	0.362724	-0.510544	-2.63051	0.402905
-697.408	-6.41	-4.85	-3.68	-5.32	-3.44	-4.36	-1.72	-2.45	-2.79	-3.12	-1.94	-2.83	-3.34	-3.76	-4.39	0.789956	-1.37414	-0.876637	-3.65841	-1.22602	-0.952809
-696.283	-3.5	-3.29	-2.99	-2.81	-2.76	-2.48	-2	-1.32	-0.47	0.43	0.83	0.39	0.75	-1.34	-2.02	3.73134	2.71579	0.829523	0.649107	0.262761	0.71756
-695.158	-6.86	-7.28	-7.3	-6.23	-3.61	-4.03	-3.27	-2.36	-0.87	-1.72	-1.63	-0.74	-1.11	-4.43	-4.43	0.749802	-1.058	0.331382	-0.987802	-0.193933	-1.41583
-694.033	-6.26	-5.42	-5.49	-2.95	-3.91	-3.09	-4.37	-0.77	-0.7	-1.29	-0.91	1.31	1.1	-4.21	-2.82	2.17546	1.37464	-1.11089	-1.23896	-1.80588	-0.732835
-692.908	-7.64	-7.24	-5.07	-7.23	-4.37	-4.33	-2.96	-3.09	-2.21	-2.58	-1.73	-1.43	-1.85	-4.03	-5.03	-0.961575	-1.11614	-0.377107	-2.21418	-2.33286	-1.84329
-691.784	-5.46	-6.32	-4.8	-3.97	-0.99	-3.07	-2.11	-1.83	-0.52	-1.78	-0.09	-0.29	-0.29	-2.01	-1.56	3.12883	2.48982	0.472897	1.6267	-0.274654	-0.237054
-690.659	-3.9	-4.41	-4.2	-3.07	-0.57	-2.79	0.22	-1.43	-0.12	-1.73	1.56	1.38	0.75	0.93	0.31	3.05678	2.20266	1.4093	0.233884	-0.141029	-0.643963
-689.536	-6.39	-6.15	-5.9	-6.09	-4.4	-4.36	-3.49	-2.34	-0.96	-1.07	-1.39	-0.02	-0.57	-2.38	-1.61	2.5824	2.71253	0.782278	-0.622461	-0.421768	-0.723868
-688.412	-3.66	-5.2	-2.63	-1.89	-1.51	-1.47	-0.72	-1.62	0.4	1.33	2.18	1.25	1.64	-0.17	0.53	3.16581	3.7196	2.13201	2.89785	-0.386645	1.97338
-687.288	-6.97	-5.92	-5.04	-4.72	-2.46	-3.5	-3.17	-1.94	-1.4	0.78	-1.07	-0.19	-1.84	-1.56	-1.96	2.03714	1.044	1.07866	-0.105009	0.134563	0.567948
-686.165	-4.94	-6.64	-4.9	-4.95	-1.13	-2.64	-0.4	-0.48	0.51	0.73	1.04	0.25	1.78	-1.65	-1.02	3.59649	3.3459	1.70241	0.53915	0.272078	0.749976
-685.041	-3.98	-5.47	-5.38	-4.09	-2.35	-3.8	-2.84	-1.93	-1.43	-0.66	0.04	1.52	0.18	-1.65	-3.1	5.01399	2.90544	0.503442	0.940505	-1.37388	2.01962
-683.918	-3.75	-4.4	-3.71	-2.78	-0.71	-1.83	-1.61	-0.85	0.32	0.48	1.7	1.71	1.97	-0.11	0.37	4.46975	3.30278	2.83192	1.48924	1.25693	0.73704
-682.796	-6.26	-5.22	-5.85	-4.3	-2.23	-4.7	-3.51	-2.52	-0.37	-0.36	0.58	0.29	0.73	-1.07	-0.01	3.15391	2.12806	1.40803	0.685524	-0.0152959	-2.38762
-681.673	-6.95	-5.34	-5.89	-3.85	-3.46	-2.16	-2.74	-2.61	-1.04	-0.06	1.11	1	1.57	-1.59	-0.8	2.94657	3.30145	1.74194	0.719549	-0.800316	-0.524199
-680.55	-5.85	-3.96	-4.44	-4.51	-1.74	-3.77	-3.12	-0.36	-0.64	0.64	1.71	0.94	2.55	-0.93	-1.6	3.59785	2.98308	0.90383	0.621493	0.872088	-2.42255
-679.429	-5.74	-6.27	-5.21	-5.58	-2.06	-3.15	-2.55	-1.84	0.39	-3.11	-1.04	-0.66	-1.07	-1.41	-1.55	2.63788	3.11311	1.46387	1.34153	-0.71786	-0.282512
-678.306	-5.14	-4.14	-3.23	-2.34	-1.81	-4.39	-2.69	-1.28	0.03	-0.82	0.98	1.46	0.21	-0.09	-0.31	5.74677	3.1817	2.86224	2.53986	0.700064	1.02606
-677.184	-7.39	-6.05	-6.21	-5.17	-4.14	-5.3	-5.33	-2.77	-2.12	-1.88	0.06	-0.33	-0.33	-1.37	-0.93	2.16464	1.239	0.899113	0.396637	0.366081	-1.11667
-676.063	-5.22	-4.54	-3.83	-2.77	-3.12	-5.36	-3.65	-2.49	-1.6	-0.9	-1.05	-2.37	-2.2	-2.1	-1.42	2.98162	3.11515	2.95467	0.822058	1.60042	0.279437
-674.941	-5.07	-4.54	-3.43	-2.23	-0.66	-3.38	-1.78	-0.58	-1.84	-0.04	1.79	2.34	1.73	-0.24	0.03	6.54781	3.91031	3.63907	4.6163	2.19329	2.74455
-673.82	-3.14	-5.42	-4.23	-4.07	-2.91	-3.51	-3.74	-3.05	-1.34	-0.47	0.39	0.66	0.98	0.14	0.18	3.73335	4.01463	2.15251	2.14954	2.01493	1.26881
-672.699	-4.87	-4.58	-3.46	-4.23	-3.52	-4.29	-2.73	-3.47	-1.77	-1.63	-0.5	-0.24	0.36	-2.21	0.42	4.09317	3.85985	2.59166	1.19956	0.992062	1.6943
-671.578	-4.85	-5.36	-4.99	-4.98	-3.01	-2.83	-1.93	-2.9	-3.34	-2.64	-1.53	-2.02	-0.23	-0.99	0.22	2.07611	2.8927	1.45715	-0.0965633	1.15264	-0.0833724
-670.458	-5.76	-5.31	-5.28	-4.76	-3.4	-4.64	-4.03	-4.51	-5.13	-1.51	-0.2	-1.48	-1.42	-2.83	-1.02	2.66969	2.38274	1.95004	1.07259	-0.369229	0.505468
-669.337	-5.37	-7.01	-6.03	-5.87	-4.26	-5.09	-4.78	-4.1	-2.71	-3.91	-1.32	-2.76	-0.77	-2.83	-1.96	1.04866	0.59327	0.92441	-0.85439	-1.65734	-0.884439
-668.217	-5.36	-5.98	-5.73	-6.04	-4.77	-5.41	-4.59	-4.02	-4.29	-2.7	-2.96	-3.15	-3.05	-4.86	-4.83	1.03657	0.522446	0.367217	-0.382973	-0.837442	-2.13571
-667.097	-4.21	-3.99	-3.6	-3.69	-2	-2.77	-2.16	-4.42	-2.47	-2.74	-1.86	-1.62	-2	-0.87	-0.45	4.04964	2.38818	1.84761	0.266252	-1.05788	0.14965
-665.977	-5.67	-7.36	-5.9	-6.24	-6.42	-5.62	-4.69	-6.01	-5.54	-4.67	-1.98	-2.32	-2.61	-3.29	-2.5	2.33817	1.25993	0.388985	-0.690269	-1.66698	-1.81793
-664.857	-5.3	-6.9	-7.1	-3.66	-4.33	-6.36	-5.05	-3.6	-3.7	-2.42	-2.26	-2.68	-3.68	-4.01	-2.94	1.05402	0.992816	0.587005	0.978871	-0.738566	0.0753213
-663.738	-4.92	-5.71	-4.06	-4.42	-3.08	-5.08	-3.68	-2.98	-2	-2.37	-0.18	-0.67	-1.22	-0.95	-0.59	2.78676	2.73624	1.34281	1.81956	1.14258	0.630324
-662.619	-3.34	-3.54	-4.31	-4.2	-3.77	-4.02	-3.2	-1.79	-0.8	-3.44	-1.41	0.16	0.79	-2.87	-2.61	3.0265	2.06502	1.7336	1.7486	0.59718	0.608541
-661.5	-6.36	-5.88	-3.36	-4.74	-4.43	-3.49	-3.06	-3.96	-2.69	-4.29	-1.9	-2.35	-1.73	-3.38	-2.58	2.91158	0.845097	1.0146	0.961994	-0.629663	-0.910617
-660.381	-4.6	-3.77	-2.63	-3.28	-0.88	-1.66	-1.93	0.43	-0.94	-0.09	0.3	1.65	1.58	0.03	0.17	1.79667	2.95791	3.42034	2.65055	3.14225	2.14311
-659.262	-6.55	-5.05	-3.97	-4.64	-2.89	-3.65	-3.43	-3.78	-3.16	-2.73	-1.97	-1.2	-2.5	-2.7	-2.71	1.67249	0.529874	1.53949	0.219083	-0.294299	0.0348709
-658.144	-5.58	-4.06	-2.6	-5.22	-3.76	-3.67	-3.74	-3.86	-1.73	-2.04	-1.8	-3.07	-1.16	-1.76	-2.05	1.39832	2.28913	1.24394	1.35249	0.900436	0.683787
-657.026	-7.57	-6.57	-7.02	-6.48	-3.99	-6.65	-5.97	-5.13	-4.5	-4.36	-3.96	-4.12	-3.77	-3.4	-4.05	0.117266	0.0805043	-1.74291	-1.62397	-2.67281	-2.21471
-655.908	-5.07	-4.5	-4.24	-2.8	-2.61	-3.82	-4.13	-2.7	-1.94	-3.77	-1.42	-2.8	-1.94	-2.76	-0.86	2.31326	1.16907	0.0329505	-0.370885	0.367294	-0.877044
-654.79	-4.75	-4.99	-2.82	-4.06	-0.85	-2.06	-1.68	-2.27	-1.89	-1.12	-1.15	-2.24	-1.56	-2.16	-2.12	4.23802	2.76785	3.28466	2.29146	1.06494	0.321942
-653.672	-5.09	-3.87	-3.33	-4	-0.65	-3.47	-3.61	-2.81	-1.93	-3.04	-1.18	-2.47	-2.47	-1.18	-1.28	1.73978	1.19643	0.905503	0.604983	0.0506289	-0.558612
-652.555	-3.26	-5.39	-2.96	-2.92	-1.9	-3.56	-2.4	-3.83	-1.53	-3.66	-1.48	-2.97	-2.26	-2.22	-2.62	2.61131	2.03382	2.27717	1.51758	2.12095	1.49908
-651.437	-5.77	-5.52	-4.92	-5.29	-2.78	-1.93	-2.1	-3.21	-3.26	-3.77	-4.05	-2.61	-2.7	-2.58	-2.67	1.55489	0.541041	1.85892	1.26468	-0.177592	-0.181974
-650.32	-4.86	-3.56	-3.86	-4.18	-3.29	-3.69	-2.58	-3.41	-2.52	-2.54	-1.81	-0.99	-1.01	-4	-2.59	3.48634	3.78012	0.978129	1.05829	0.0924297	0.568519
-649.203	-4.31	-5.93	-5.18	-4.34	-3.68	-5.57	-5.01	-3.43	-1.82	-3.76	-4.5	-2.78	-2.87	-4.54	-3.71	1.4721	1.62744	0.7766	0.487009	1.53322	0.385927
-648.087	-4.27	-4.17	-3.21	-2.9	-2.38	-4.02	-2.38	-3.75	-1.64	-2.53	-0.76	-1.89	-2.62	-2.12	-2.49	1.61641	2.87837	2.86235	2.89381	0.658741	1.46719
-646.97	-4.63	-2.51	-3.14	-3.4	-2.76	-2.55	-2.51	-2.84	-2.68	-1.3	-0.81	-0.99	-1.63	-1.99	-1.46	1.86085	2.44946	1.80829	2.01082	2.06452	-0.311373
-645.854	-4	-5.28	-4.37	-3.71	-2.09	-3.52	-3.19	-3.09	-1.98	-2.53	-1	-3.38	-3.01	-2.09	-1.75	3.29295	2.02036	1.77373	1.43288	2.13862	0.778437
-644.738	-3.84	48.1	-4.1	-3.93	-3.09	-3.02	-2.86	-3.18	-1.63	-1.87	-0.97	0.18	0.42	-3.64	-1.17	2.88938	2.24492	0.959643	1.5669	1.15701	1.00239
-643.622	-6.97	-5.28	-4.87	-5.86	-3.71	-5.52	-2.99	-5.81	-3.94	-2.63	-2.55	-3.41	-3.32	-4.25	-4.36	0.620052	-0.757833	-0.0529019	-0.257779	-0.865377	-0.991055
-642.506	-3.72	-4.76	-4.16	-4.32	-2.97	-4.89	-3.79	-2.49	-2.04	-3.99	-2.6	-3.57	-2.08	-3.47	-3.48	2.08554	1.39459	1.98458	1.6008	0.172353	-1.24828
-641.391	-5.98	-5.77	-5.7	-5.98	-4.13	-5.57	-5.36	-5.22	-4.24	-5.8	-3.7	-4.67	-3.57	-4.33	-3.04	0.631135	-0.0728415	-0.587772	-0.800436	-0.719699	-0.49535
-640.276	-7	-4.93	-4.96	-4.56	-4.6	-5.01	-5.22	-5.23	-4.23	-3.68	-2.19	-4.16	-4.01	-3.46	-3.19	1.19987	0.982828	-1.85434	-1.70749	-1.0508	-2.25984
-639.161	-5.78	-6.67	-6.88	-4.77	-3.74	-5.98	-4.6	-4.05	-3.21	-3.43	-3.68	-2.62	-3.67	-4.77	-3.6	0.56992	-0.553497	0.139271	0.608287	-0.537055	-0.625464
-638.046	-5.47	-5.76	-4.71	-4.21	-2.61	-4.1	-4.39	-3.56	-2.2	-2.56	-1.47	-2.94	-3.53	-3.42	-2.15	0.731658	0.306883	1.19595	1.18634	-0.0676094	0.465359
-636.931	-5.53	-4.59	-3.52	-4.53	-3.14	-3.12	-3.79	-4.54	-2.83	-2.81	-1.73	-2.01	-2.04	-2.42	-3.45	1.55644	1.98203	1.41594	1.46957	0.19246	0.0515482
-635.816	-1.88	-2.33	-1.52	-0.91	-0.44	-1.92	-1.74	-0.48	-0.17	0.59	-0.18	0.27	0.09	-1.44	-1.15	3.90245	4.29878	3.88595	2.55811	2.9988	2.63783
-634.702	-6	-5.84	-6.05	-6.56	-4.84	-5.8	-5.58	-5.32	-4.37	-3.7	-3.85	-5.47	-4.82	-4.8	-5.37	0.510069	-0.0651391	-0.516387	-0.906065	-2.14059	-2.76669
-633.588	-3.15	-4.96	-3.46	-3.39	-2.36	-4.05	-3.17	-1.9	-0.46	-2.58	-1.04	-1.6	-0.89	-2.27	-1.52	2.42281	3.06017	2.49351	0.952655	1.13835	0.598247
-632.474	-3.25	-2.48	-2.86	-1.23	-0.98	-1.08	-2.3	-0.91	-0.27	-1.68	-0.25	-0.42	-0.78	-0.67	-1.15	4.4501	3.80946	2.33425	3.16371	2.21202	0.927635
-631.36	-6.07	-6.2	-4.47	-5.03	-4.38	-5.88	-4.88	-5.03	-2.22	-4.2	-2.52	-1.95	-1.9	-3.5	-3.31	1.49914	0.907341	1.714	0.841681	-0.084709	0.304944
-630.247	-6	-5.01	-5.67	-5.42	-3.07	-4.25	-3.22	-5.47	-3.69	-3.66	-3.78	-3.78	-2.76	-5.47	-3.79	2.59547	0.85357	0.757441	0.00669711	-1.40665	-1.38832
-629.133	-4.6	-4.6	-4.9	-4.91	-3.1	-3.36	-3.96	-3.51	-2.14	-4.41	-3.16	-1.42	-1.07	-3.56	-2.14	0.857014	1.52464	0.770875	-0.0515351	0.651312	0.172211
-628.02	-5.25	-5.72	-5.61	-5.29	-3.02	-5.83	-6.24	-5.14	-2.85	-4.2	-2.86	-3.13	-2.81	-5.01	-4.11	-0.425577	-1.28688	-0.685277	-1.39433	-1.1037	-1.51822
-626.907	-3.5	-3.64	-2.94	-1.62	-1.99	-3.08	-1.68	-1.62	-1.12	-2.27	-0.83	0.05	1.26	-2.21	-2.02	3.21285	2.82474	2.51595	1.04899	2.55701	0.89407
-625.794	-5.64	-4.97	-5.04	-5.03	-2.6	-4.08	-3.92	-3.74	-3.02	-3.86	-3.18	-2.94	-3.84	-3.43	-2.65	1.08867	-0.530584	0.2898	1.03266	-0.330828	-0.301311
-624.682	-3.23	-4.15	-3.41	-3.13	-0.93	-2.94	-1.92	-3.54	-2.29	-3.62	-2.31	-2.47	-2.47	-3.05	-2.28	2.03659	1.40222	3.08616	0.139793	1.25274	-0.558261
-623.57	-3.66	-4.71	-4.28	-2.61	-2.54	-3.85	-2.42	-3.19	-2.59	-1.97	-1.44	-1.95	-1.99	-2.55	-2.57	2.43937	3.24486	2.45142	1.63344	1.02303	1.75387
-622.458	-3.28	-3.19	-2.89	-3.3	-0.95	-3.31	-3.36	-0.95	-0.67	-0.91	-1.6	-1.73	-0.81	-2.32	-3.35	2.30863	2.53664	2.47503	1.94746	2.21037	3.11577
-621.346	-4.18	-3.75	-3.19	-2.67	-2.89	-4.61	-2.65	-2.21	-2.15	-2.59	-1.91	-2.54	-1.45	-2.1	-2.75	2.55629	1.76911	1.49101	0.394202	1.20345	0.658493
-620.234	-5.69	-5.21	-5.22	-5.16	-3.59	-3.38	-3.46	-4.63	-3.62	-3.26	-1.93	-2.32	-2.46	-3.36	-2.28	1.74661	2.49679	1.27677	0.319538	-0.0946895	-0.763963
-619.122	-4.96	-4.15	-3.76	-4.73	-3.94	-3.86	-3.41	-2.52	-2.56	-2.64	-1.25	-2.38	-3.16	-3.09	-3.65	1.35487	1.22458	0.634206	-0.00309851	0.132048	0.473797
-618.011	-5.36	-5.5	-5.81	-4.9	-3.95	-5.3	-3.93	-3.69	-3.15	-4.04	-4.13	-5.33	-3.15	-4.59	-5.49	1.08575	0.500263	0.476098	0.217965	-0.493747	-1.38079
-616.9	-5.25	-5.19	-4.41	-4.97	-3.43	-4.09	-3.13	-3.51	-2.66	-3.83	-2.08	-1.74	-1.77	-2.66	-3.86	1.8884	2.35818	0.530576	0.511692	-0.166249	-1.25311
-615.789	-4.71	-5.46	-4.21	-5.31	-3.24	-4.87	-5.18	-3.95	-3.47	-4.05	-2.79	-5.09	-3.4	-3.9	-3.45	0.836745	1.20063	0.718724	-0.341098	0.503188	-1.05096
-614.678	-3.69	-4.93	-4.75	-3.9	-3.22	-5.34	-3.29	-2.33	-2.05	-3.56	-3.67	-2.36	-3.97	-4.28	-5.07	0.644369	1.31489	1.19052	0.700164	-1.26999	0.623121
-613.567	-4.68	-4.2	-3.63	-3.39	-1.34	-3.01	-2.17	-2.67	-1.26	-1.74	-0.98	-0.65	-0.97	-3.08	-1.99	4.37149	4.18395	2.421	1.99095	1.24335	1.66229
-612.457	-4.14	-3.64	-3.99	-3.72	-2.13	-3.46	-3.61	-3.91	-2.83	-3.61	-2.32	-3.25	-2.5	-4.78	-3.01	2.68018	1.27228	2.48907	1.62896	-0.409111	-1.21941
-611.347	-4.33	-3.99	-3.98	-4.43	-2.15	-3.12	-3.25	-2.15	-0.6	-2.4	-0.93	-2.92	-2.78	-2.12	-2.27	3.06559	3.21823	1.96998	3.93314	0.982142	-0.00240453
-610.237	-2.53	-3	-3.16	-1.84	-2.21	-2.12	-2.73	-2.69	-2.18	-2.5	-1	0.04	-1.78	-0.89	-1.05	3.38402	3.05712	1.5965	1.82133	1.89412	1.58702
-609.127	-4.76	-4.68	-4.05	-3.77	-2.03	-3.16	-3.18	-3.93	-1.16	-1.8	-0.86	-1.33	-1.57	-2.67	-3.01	1.63805	1.31314	0.391261	1.60799	1.44659	1.68366
-608.017	-4.98	-5.54	-5.15	-5.35	-3.19	-5.56	-3.97	-5.43	-3.91	-4.55	-3.69	-3.39	-3.99	-5.11	-4.15	-1.1541	-0.0123216	-0.746608	-0.480403	-0.37617	-1.34197
-606.908	-6.1	-5.54	-4.05	-5.11	-3.86	-5.39	-5.63	-5.82	-4.04	-4.63	-4.63	-2.88	-3.72	-3.9	-4.32	0.601403	-0.12166	-0.606765	-0.93292	-0.678248	-1.57207
-605.799	-5.69	-5.19	-5.24	-6.09	-4.09	-6	-5.32	-4.67	-3.04	-4.68	-3.76	-4.08	-4.2	-5.26	-4.95	0.229892	-0.0999696	-0.48545	-0.909504	-0.407429	-0.919703
-604.69	-4.98	-4.61	-5.49	-4.69	-3.19	-5.02	-5.04	-4.37	-2.85	-3.53	-3.09	-2.58	-3.74	-5.12	-3.87	1.6675	1.59244	0.300453	0.907161	0.735557	-1.18705
-603.581	-4.39	-4.01	-3.6	-4.28	-2.39	-5.06	-4.09	-4.95	-2.55	-3.71	-2.95	-2.91	-3.71	-3.48	-3.71	1.20807	1.60044	0.906582	-0.877118	-0.342106	-0.33918
-602.473	-2.6	-3.82	-3.7	-2.03	-2.33	-3.82	-3.54	-1.97	-2.34	-2.98	-0.62	-1.86	0.35	-2.41	-2.89	1.3961	1.17976	1.56955	1.25447	1.368	1.23969
-601.364	-4.95	-5.89	-5.29	-5.39	-4.24	-5.72	-5.28	-6.14	-4.73	-4.34	-3.01	-3.89	-3.41	-4.07	-3.36	0.483955	-0.0693553	-0.350059	-2.84307	-1.02236	-1.15875
-600.256	-5.11	-4.49	-4.84	-4.81	-3.68	-3.92	-4.05	-3.38	-3.14	-2.97	-3.28	-3.15	-1.82	-4	-4.11	0.416439	0.0738051	0.833594	0.000689679	0.0322931	0.854443
-599.148	-4.68	-3.63	-3.93	-2.3	-0.76	-3.2	-2.15	-3.23	-1.73	-2.53	-3.19	-2.76	-2.81	-3.87	-2.84	1.79337	1.0108	1.26792	0.326613	1.48147	0.97195
-598.04	-2.9	-2.73	-2.99	-3.17	-2.52	-2.9	-3.94	-2.55	-2.52	-2.94	-1.18	-1.25	-1.96	-2.12	-2.63	3.40153	2.51662	1.63933	1.08925	1.18421	-0.0418322
-596.932	-1.99	-4.11	-3.58	-3.57	-3.36	-4.41	-4.06	-3.16	-2.79	-2.58	-1	-2.88	-2.25	-3.53	-3.61	3.15993	1.46364	2.48992	0.932802	1.79232	0.0361406
-595.825	-3.78	-4.62	-5.09	-4.8	-2.61	-4.38	-4.27	-3.69	-3.15	-4.14	-2.15	-2.19	-1.74	-4.05	-3.93	1.78884	3.24497	0.493026	0.84629	1.169	-0.262401
-594.718	-3.77	-3.71	-3.58	-3.51	-3.41	-3.08	-4.09	-4.41	-3.65	-3.48	-3.21	-2.81	-2.28	-3.03	-1.71	0.665366	1.05784	1.60321	0.445895	0.573774	0.000273347
-593.611	-2.92	-2.73	-3.57	-2.49	-2.41	-3.83	-2.8	-3.72	-1.98	-2.92	-1.74	-2.26	-1.31	-1.69	-2.23	1.81983	2.28173	2.52212	1.92153	0.582292	1.00311
-592.504	-3.95	-4.24	-3.11	-2.8	-3.13	-5.85	-6.21	-3.13	-3	-3.37	-1.48	-3.12	-1.8	-3.81	-3.56	0.984809	0.639899	-0.284681	0.243644	-0.0745704	-0.269067
-591.397	-3.17	-2.57	-1.96	-3.31	-1.17	-4.21	-4.55	-3.62	-2.58	-1.83	-2.11	-0.82	-2.2	-3.07	-3.08	1.63245	2.4869	1.55186	1.85008	-0.478981	1.3979
-590.291	-4.1	-4.2	-3.52	-4.8	-6.03	-4.66	-4.83	-4.85	-3.11	-5.36	-3.96	-5.07	-4.6	-5.2	-4.95	-0.87631	0.977585	-0.425156	-0.818613	-1.63159	-1.09196
-589.185	-3.36	-2.4	-2.41	-2.17	-1.86	-3.23	-1.97	-2.81	-1.92	-3.14	-2.47	-2.07	-2.06	-3.6	-2.75	0.796511	1.23207	-0.852177	1.02622	0.598619	0.183123
-588.078	-3.77	-4.85	-4.89	-3.49	-3.81	-5.31	-5.12	-4	-2.21	-3.72	-3.6	-3.75	-3.54	-3.12	-2.42	0.81481	1.9399	-0.0946782	-0.536354	-0.254567	0.530935
-586.972	-4.6	-5.03	-4.64	-3.53	-4.1	-5.64	-5.26	-5.82	-4.62	-3.78	-3.52	-3.71	-3.52	-4.42	-4.27	0.568709	0.120307	1.10047	-1.27017	0.270195	-0.978326
-585.867	-3.46	-2.87	-3.14	-4.14	-1.82	-3.66	-3.92	-2.63	-3.33	-3.48	-3.09	-3.15	-2.39	-4.53	-4.23	0.39635	1.08003	1.68171	1.7314	-0.945494	-0.768498
-584.761	-1.85	-4.71	-4.44	-1.65	-2.62	-4.41	-2.92	-4.3	-3.87	-4.21	-2.61	-4.42	-3.89	-5.45	-3.66	-0.299615	0.00699319	2.50352	1.68209	0.625873	-0.741895
-583.656	-1.35	-2.94	-3.2	-3.03	-3.68	-5.09	-4.07	-3.64	-2.36	-3.37	-4.24	-2.45	-2.29	-2.83	-3.43	0.821265	0.809004	1.00364	0.793981	1.34244	0.650686
-582.551	-2.39	-2.27	-3.32	-3.18	-1.71	-3.88	-2.86	-4.8	-3.51	-4.29	-2.38	-3.27	-2.11	-5.66	-4.35	1.93525	1.01135	-0.4552	-0.345123	0.941178	0.422951
-581.446	1.27	0.09	-0.9	-1.27	0.34	-2.17	-1.53	-2.21	-1.86	-1.45	-0.74	-1.72	-0.38	-2.71	-2.97	2.82373	1.70036	2.32961	2.70659	2.00722	1.82096
-580.341	-1.61	-2.07	-2.19	-2.56	-3.32	-3.64	-2.46	-3.08	-3.46	-3.53	-2.24	-2.62	-2.39	-4.41	-2.87	1.07819	1.17242	0.762637	0.897642	-0.608071	-1.08761
-579.237	-3.56	-3.71	-3.29	-4.06	-1.73	-4.93	-4.83	-1.87	-2.59	-4.47	-2.94	-2.99	-3.3	-4.88	-4.64	0.320447	0.131677	-0.457587	-1.16465	-0.1075	-0.229026
-578.132	-0.25	-2.71	-2.08	-3.81	-1.4	-4.01	-2.88	-4.02	-2.64	-2.1	-2.51	-1.85	-1.44	-3.54	-4.19	0.93218	-0.225226	0.343793	1.02854	-1.03933	-1.15535
-577.028	-0.96	-1.42	-2.12	-2.87	-2.73	-2.63	-1.5	-2.75	-2.64	-2.95	-1.84	-2.74	-2.02	-4.04	-4.01	2.61852	1.81556	0.757818	-0.22673	0.261262	0.685664
-575.924	-1.69	-1.87	-2.01	-1.54	-1.19	-3.3	-3.08	-3.87	-2.64	-3.26	-2.18	-2.26	-1.71	-4.09	-3.1	1.02265	-0.34919	0.403892	-0.420477	-0.331003	0.0809758
-574.821	-0.58	-2.24	-2.05	-3.68	-2.8	-4.55	-3.19	-3.55	-3.7	-5.34	-3.98	-3.2	-2.61	-4.21	-3.9	-0.233043	0.94991	-0.716229	-1.00824	-1.42928	-1.37917
-573.717	-1.67	-1.68	-1.23	-1.64	0.16	-1.49	-1.12	-3.05	-1.86	-2.67	-1.16	-1.25	-3.47	-3.36	-4.09	1.75736	1.31226	2.30025	0.63695	1.7953	0.13277
-572.614	-1.09	-2.89	-1.65	-3.37	-2.57	-4.13	-3.05	-2.09	-1.75	-3.31	-2.45	-0.24	-1.14	-4.46	-4.49	0.50664	0.319506	1.2133	-0.0287245	0.500129	-0.299574
-571.51	-1.74	-2.31	-2.3	-2.04	-2	-3.89	-4.03	-3.38	-1.3	-3	-1.53	-2.53	-4.01	-4.57	-3.12	-0.14319	0.970614	0.452386	0.682097	-0.204631	-0.747906
-570.407	-2.64	-3.18	-1.83	-2.88	-1.2	-2.1	-0.99	-1.45	-1.08	-2.92	-1.18	-2.53	-2.57	-2.31	-2.63	1.29093	0.40041	-0.52097	0.638053	0.655625	1.18167
-569.305	-1.65	-2.11	-0.63	-1.15	-1.04	-1.96	-1.72	-0.78	-0.6	-1.05	-0.84	-0.91	-1.03	-3.32	-2.95	3.799	1.61979	0.222073	0.569713	1.61583	2.0806
-568.202	-2.7	-2.26	-1.91	-2.51	-1.21	-2.82	-0.85	-3.06	-0.81	-3.41	-2.49	-2.89	-2.61	-2.59	-2.78	0.118273	1.09247	0.264537	0.704311	0.248108	-0.696025
-567.1	-2.5	-1.99	-2.42	-2.66	-1.18	-2.31	-2.04	-1.35	-0.73	-1.29	-1.05	0.36	-0.77	-2.58	-2.03	1.52741	1.93048	1.98443	1.65244	2.35157	0.741413
-565.998	-3.76	-3.29	-1.7	-2.22	-0.78	-3.01	-2.66	-2.34	-1.47	-1.25	-0.54	-2.41	-1.97	-1.57	-2.22	2.03647	1.88835	1.24601	0.617001	0.740918	0.0202417
-564.896	-1.95	-4.27	-2.13	-2.48	-1.7	-3.22	-2.54	-1.67	-1.61	-3.09	-2.32	-1.8	-1.93	-2.86	-2.05	1.3234	-0.0210003	1.08208	1.17208	-0.892286	0.100572
-563.794	-3.36	-3.55	-3.21	-2.92	-2.8	-3.94	-4.4	-3.56	-2.9	-3.55	-2.05	-2.38	-2.16	-3.06	-3.04	1.29621	0.532571	-0.143792	-0.293674	-0.217029	-0.335817
-562.692	-2.9	-2.49	-3.2	-2.84	-1.15	-3.38	-2.67	-2.04	-0.96	-2.58	-2.12	-1.24	-1.38	-3.34	-1.56	1.93794	1.64206	0.684054	0.123814	0.057493	-0.816447
-561.591	-1.67	-1.55	-0.71	-1.01	-0.48	-2.5	-1.51	-1.48	-0.64	-3.03	-2.48	-0.12	-0.94	-1.67	-1.4	1.42816	3.03505	0.94908	1.23928	2.26663	0.866694
-560.49	-4.55	-5	-5.42	-5.11	-3.79	-4.9	-5.03	-4.19	-3.81	-3.08	-2.18	-3.24	-3.58	-5.04	-4.14	-0.895669	1.16201	0.299324	-0.111939	-0.326735	-1.23682
-559.389	-2.62	-2.6	-4.26	-2.21	-2.87	-4.53	-3.03	-3.24	-2.81	-1.45	-0.34	-0.9	-1.9	-2.98	-2.21	1.31374	0.918541	0.353749	-0.887972	0.503431	-0.24044
-558.288	-3.54	-2.87	-3.47	-4.11	-1.99	-4.42	-3.05	-2.91	-1.62	-2.03	-2.6	-1.58	-1.92	-3.28	-4.16	2.96625	2.78718	1.31686	0.00611183	-0.474405	0.818515
-557.187	-2.99	-3.53	-3.35	-3.18	-3.79	-3.29	-3.95	-4.25	-3.12	-2.59	-1.44	-3.5	-2.39	-4.21	-3.67	0.74301	0.171224	1.15621	1.06662	0.22571	0.83293
-556.086	-2.24	-2.18	-1.9	-4.17	-3.4	-3.17	-2.16	-3.28	-1.55	-2.98	-0.89	-1.76	-1.29	-3.11	-4.24	2.41058	1.18357	1.28205	1.04322	0.79861	1.15552
-554.986	-3.04	-3.06	-3.27	-1.94	-1.55	-3.45	-2.62	-1.71	-2.86	-1.62	-2.13	-1.05	-0.64	-2.07	-1.62	2.86771	2.31176	1.40371	1.00346	1.30705	0.21325
-553.887	-4.05	-2.89	-4.84	-4.06	-2.61	-4.06	-3.19	-2.01	-1.6	-3.93	-2.22	-2.73	-2.65	-4.75	-3.7	1.88678	1.61786	0.0376408	0.0469173	-0.293409	-1.0408
-552.787	-1.12	-2.86	-2.51	-4.3	-3.5	-2.39	-1.77	-2.64	-2.01	-3.29	-2.19	-2.08	-1.86	-2.88	-1.86	2.13642	0.694672	0.712397	-0.108776	0.0971779	0.385868
-551.687	-5.47	-3.71	-4.53	-4.6	-4.07	-5.34	-4.29	-4.9	-3.08	-4.01	-3.12	-4.79	-4.12	-5.19	-4.12	-0.333632	0.617328	-1.34297	-1.27371	-1.27419	-2.90134
-550.587	-2.13	-3.63	-3.73	-3.03	-1.62	-3.39	-2.68	-2.74	-2.31	-3.56	-2.65	-2.5	-2.2	-3	-2.61	2.46512	2.77574	0.505193	0.784397	-0.576526	0.337059
-549.488	-4.31	-2.34	-2.92	-4.27	-3.57	-3.42	-3.48	-6.19	-3.34	-4.09	-2.77	-2.64	-2.6	-5.05	-3.88	0.929747	0.239796	0.62612	-0.0831752	-0.261671	-0.358403
-548.389	-3.18	-4.3	-5.45	-4.11	-3.66	-5.27	-4.39	-4.34	-3.21	-4.06	-3.78	-2.02	-3.3	-3.76	-4.87	-0.149241	0.48836	0.872901	-0.766784	0.101494	-1.57996
-547.29	-2.34	-3.4	-2.69	-3.6	-1.97	-4.93	-3.61	-3.27	-1.32	-2.74	-2.61	-2.46	-3.18	-3.66	-4.02	1.73022	-0.0396066	0.966811	0.0275358	-0.590791	1.3122
-546.192	-3.99	-1.35	-1.49	-2.82	-2.85	-3.68	-2.49	-3.36	-1.6	-2.77	-1.65	-1.78	-2.1	-3.03	-2.18	1.71258	1.42157	0.60441	0.0965371	1.24983	-0.516172
-545.093	-2.22	-3.46	-3.76	-4.31	-2.66	-4.63	-2.78	-3.3	-3.5	-3.31	-1.59	-2.34	-3.35	-5.1	-3.3	1.98678	2.30052	1.05412	0.488593	0.361334	-0.426464
-543.995	-1.22	-1.77	-1.23	-1.43	-0.85	-1.15	-0.37	-2.03	-1.43	-2.7	-0.8	-0.47	-1.28	-2.35	-2.39	2.04159	2.2257	3.87415	1.21187	1.91146	2.27976
-542.897	-2.04	-3.54	-2.13	-3.1	-2.81	-2.18	-3.3	-1.87	-2	-2.78	-1.5	-3.56	-3.83	-3.02	-2.92	1.3299	2.03173	1.62579	1.26473	-0.24551	0.326181
-541.798	-3.25	-3.42	-4.85	-3.87	-3.19	-4.81	-4.08	-3.11	-3.49	-3.92	-3.53	-4.12	-2.73	-5.35	-4.02	0.841515	0.491944	-0.897715	-0.987404	-0.846302	-1.46316
-540.701	-1.92	-1.22	-2.3	-4.04	-2.6	-4.16	-3.05	-3.87	-2.01	-3.28	-2.54	-1.98	-1.5	-3.37	-3.63	1.29826	1.97963	2.08337	1.61224	-0.478593	2.01406
-539.603	-3.3	-4.7	-3.75	-4.88	-2.07	-4.09	-4.07	-4.81	-3.79	-3.66	-3.49	-3.43	-2.69	-4.12	-3.89	1.2853	0.0640322	0.0631396	-0.0568186	-1.21795	-2.32116
-538.506	-0.38	-1.93	-2.37	-0.99	-1.16	-1.48	-1.06	-1.85	-1.58	-0.97	-0.39	-1.35	-1.25	-2.04	-2.61	2.14583	2.07471	2.87393	1.99399	0.393055	2.68953
-537.409	-1.39	-1.05	-2.32	-1.73	-0.33	-1.8	-1.61	-1.37	-1.1	-1.72	-1.33	-0.87	0.06	-1.34	-1.15	3.38589	2.97478	2.77401	2.80408	1.30316	0.0696029
-536.312	0.57	-1.98	-2.8	-2.63	-1.83	-2.17	-2.22	-2.5	-0.34	-1.42	-1.45	-1.17	-1.71	-3.88	-2.32	3.07401	1.73968	2.44655	1.3961	0.29092	-0.0356689
-535.215	-2.05	-1.7	-1.68	-1.27	-0.98	-2.97	-2.03	-1.45	-0.9	-1.75	-1.11	-1.22	-2.38	-1.13	-0.73	2.74951	1.0785	2.27051	1.999	1.39503	1.31281
-534.118	-3.48	-3.13	-3.85	-4.49	-3.5	-4.9	-4.88	-4.94	-3.47	-2.91	-3.06	-3.69	-2.43	-4.66	-5.2	0.203933	0.569574	-1.46357	-0.904024	-1.11923	-0.185774
-533.022	-1.97	-2.21	-3.13	-3.6	-3.28	-4.67	-4.12	-2.81	-2.22	-2.75	-1.69	-1.64	-2.18	-5.38	-4.33	1.68446	-0.0743061	1.34662	0.20706	-0.970781	-1.11937
-531.926	-0.75	-1.67	-1.58	-1.42	-1.16	-1.53	-1.03	-0.45	0.32	-1.3	-0.92	-0.47	-0.06	-1.18	-0.6	4.23231	4.44751	2.24405	1.16352	2.96773	0.152144
-530.83	-2.69	-1.8	-2.98	-3.51	-2.66	-2.97	-2.36	-3.04	-2.5	-3.05	-1.63	-1.09	-0.92	-3.47	-2.2	2.41181	1.48687	1.8433	0.11276	-1.56321	-0.00850554
-529.734	-0.37	-1.37	-1.81	-2.64	-1.24	-0.1	-1.67	-1.66	-1.22	-1.91	-1.76	-1.02	-2.02	-3.33	-2.11	3.15629	1.7853	2.76461	2.46469	2.16392	0.200127
-528.639	-1.4	-2.18	-2.64	-3.61	-1.23	-3.38	-2.62	-3.82	-2.76	-2.56	-1.33	-1.28	-0.9	-2.65	-2.86	2.29279	1.58084	-0.440546	-0.420612	-0.892642	-0.35438
-527.543	-1.08	-3.42	-3.5	-2.93	-2.85	-3.6	-3.27	-3.9	-2.39	-2.7	-2.04	-1.88	-1.67	-3.68	-3.1	2.24749	2.1141	1.04166	0.321361	-1.29257	-1.4512
-526.448	-1.65	-0.73	-1.6	-2.81	-1.87	-3.56	-2.36	-2.14	-2.04	-2.14	-1.43	-2.11	-1.66	-3.68	-2.65	1.0192	0.308993	0.168874	0.569085	0.329354	-0.856142
-525.353	0.71	-0.12	-0.94	-1.64	0.87	-2.33	-1.63	-0.46	-1.18	-1.38	-0.68	0.23	0.09	-1.44	-1.46	3.28682	4.29324	2.65067	2.50034	0.99617	0.847937
-524.258	-1.01	-0.55	-2.25	-2.09	-1.94	-1.39	-3.23	-1.67	-0.62	-1.54	-0.82	-1.05	-1.4	-2.5	-2.53	4.13727	3.49654	1.97604	2.09616	0.225739	-1.03862
-523.163	-0.89	-1.08	-1.22	-2.69	-1.28	-3.12	-3.71	-2.23	-2.05	-2.32	-1.53	-1.41	-0.52	-3.04	-4.91	3.47408	2.44976	1.44664	0.3562	-1.33896	-0.915583
-522.069	-0.92	0.21	-1.26	-1.14	-0.59	-2.05	-1.42	-3.08	-0.48	-2.57	-1.21	0.65	-0.09	-0.87	-1.9	3.75146	2.70098	1.48337	0.991948	0.598672	-0.604681
-520.975	-0.53	-1.94	-1.71	-3.07	-1.44	-3.91	-2.15	-4.02	-1.47	-0.69	-0.28	-1.74	-2.57	-3.32	-3.59	3.1445	2.56213	0.643141	0.981416	-1.31436	-0.843628
-519.88	-1.43	-0.42	-1.2	-1.21	-1.33	-2.35	-1.5	-2.25	0.08	-0.35	0.6	-0.13	-0.48	-1.62	-1.1	3.12522	2.19032	1.96948	0.367355	-0.68175	-0.685573
-518.787	0.3	-1.59	-0.64	-0.91	0.31	-3.54	-1.57	-1.64	-0.73	-0.67	-0.55	-0.47	-1.23	-0.9	-1.25	3.53387	2.2586	2.1375	0.905313	0.295723	-1.50731
-517.693	0.69	2.33	1.03	0.4	2.31	0.38	0.68	0.56	0.9	1.71	2.48	2.78	1.71	-0.41	-0.12	6.27274	4.72172	3.33643	2.33333	2.01615	0.835518
-516.599	0.61	-1.71	-1.16	-2.5	-0.82	-2.34	-1.12	0.73	-0.57	0.9	2.45	1.8	-0.83	-1.28	-1.54	5.07238	3.40127	1.7959	2.23278	1.19548	1.53506
-515.506	0.13	-1.17	-1	-2.23	0.96	-1.7	-0.68	-1.48	0.77	1.08	2.37	0.65	-1.26	-0.58	-1.72	4.40896	3.43691	1.62087	1.3376	-0.87093	-1.00935
-514.413	-0.29	-0.93	-0.28	0.05	0.82	-0.34	-0.67	0.49	1.26	0.42	1.93	1.67	1.52	-0.56	-0.69	5.25561	4.87992	2.07123	2.04739	0.544065	1.16348
-513.32	-2.14	-1.5	-1.06	-1.92	-1.25	-0.89	-0.96	-0.78	-0.13	0.43	1.11	0.58	1.03	-1.18	-0.98	4.31384	2.77951	2.75451	0.329287	0.354563	-0.307379
-512.228	-0.65	-1.56	-0.93	-0.13	0.36	-1.05	-1.52	-0.27	1.02	2.59	3.67	3.47	2.61	0.71	-0.58	5.45828	4.80971	4.40162	2.75573	0.265423	0.89261
-511.135	-1.04	-2.03	-1.75	-1.09	-0.78	-3.62	-1.96	-0.15	1.28	0.77	1.33	1.6	1.07	-1.82	-2.16	5.3547	2.37971	2.08694	0.240021	-0.988753	-2.06773
-510.042	-2.89	-1.49	-1.85	-2.64	-1.73	-1.53	-1.34	-1.42	0.99	0.66	1.66	2.64	1.95	0.38	-1.01	4.90374	4.40577	2.06083	1.30344	-0.739264	-1.08181
-508.95	0.83	0.57	0.03	-0.17	1.7	-0.9	0.45	1.59	3.39	4.34	5.21	4.12	4.02	1.68	2.09	8.48577	7.43563	4.96911	4.06137	1.40581	1.02793
-507.859	-0.68	-0.32	-1.45	-2.38	0.3	-1.1	0.2	0.5	1.18	0.67	3.38	3.94	2.86	3.02	2.09	6.88002	5.72376	3.88006	3.15295	1.13249	-0.333738
-506.767	-2.23	-1.43	-2.55	-1.99	-0.18	-2.15	-2.05	-2.37	-0.29	0.4	2.35	1.63	1.92	-0.9	-1.69	6.20709	4.05547	2.13516	1.94878	-0.615547	-1.34179
-505.675	-0.52	0.27	-0.69	-1.54	-0.64	-2.53	0.11	0.47	1.32	2.06	2.42	2.71	3.17	2.75	1.47	7.97342	5.60808	5.16506	3.13809	1.80886	0.950633
-504.584	-0.24	-2.19	-2.14	-2.48	-1.93	-2.35	-1.17	-0.25	0.91	0.5	1.44	2.9	2.64	-0.73	0.37	6.01123	5.01801	3.86654	2.49991	1.04348	-0.299327
-503.493	-0.55	-1.02	-1.84	-1.92	-0.75	-1.98	-1.29	-0.89	0.07	1.45	2.55	2.69	1.4	0.97	0.36	6.19775	4.64632	4.11614	2.65979	0.155707	0.0390699
-502.401	-1.07	-1.7	-1.58	-2.5	-0.24	-2.15	-1.72	-1.13	1.47	0.39	2.58	-0.85	1.56	1.64	1.1	6.31219	7.10196	5.64266	2.7365	1.38401	1.15477
-501.31	-2.25	-3.14	-2.23	-2.92	-1.8	-2.71	-2.35	-3.37	-1.33	0.14	-0.73	1.19	2.34	-0.12	1	5.34705	3.47814	3.15981	1.75386	-0.0768913	-2.26898
-500.22	0.07	-1.38	-0.49	-1.09	-1.53	-2.46	-1.93	-1.28	0.36	-0.71	1.9	2.22	2.3	0.9	0.21	6.83214	4.9719	4.88259	4.41643	1.25392	2.12471
-499.13	0.87	-0.45	-0.61	-1.9	0.94	-1.58	0.74	1	1.91	0.32	1.19	1.73	2.32	1.97	4.12	7.76717	6.01285	5.40057	4.15377	2.51588	2.28545
-498.039	-0.95	-0.75	-0.56	-1.69	-0.73	-1.38	-1.18	-1.1	1.19	-0.16	0.16	2.13	1.7	0.1	0.6	6.04167	5.8313	4.9819	3.25572	2.43304	-1.11589
-496.949	-2.66	-1.51	-1.47	-1.69	-2.09	-2.24	-2.54	-1.66	-0.86	-1.79	-0.84	0.6	0.48	-0.5	-0.26	5.35791	3.78924	4.87108	2.17517	2.67472	0.882129
-495.859	-0.73	-2.59	-2.01	-1.84	-2.52	-3.69	-2.89	-2.97	-1.16	-0.93	-0.4	1.38	-0.13	-1.23	-2.18	4.44134	4.37632	3.19083	2.1455	0.359876	-0.640598
-494.77	-0.93	-1.05	-1.36	-3.46	-2.34	-1.85	-2.72	-3.75	-0.38	-1.85	-0.81	-1.42	-1.3	-1.09	-1.61	3.99955	2.69405	2.7682	1.6528	-2.03347	-0.762893
-493.68	-0.83	-0.92	-1.13	-1.66	-0.75	-1.58	-0.84	-1.94	-1.97	-0.86	1.09	-0.05	1.66	-0.97	-0.97	5.57935	4.3838	4.62791	2.7125	2.47616	1.02685
-492.591	-0.03	-0.49	-1.48	-1.64	-0.91	-2.42	-1.53	-1.25	0.74	-0.36	1.8	-0.86	-1.16	-0.97	-0.12	4.49318	4.70683	3.69766	2.73371	1.10951	-0.189644
-491.502	0.77	-0.81	0.08	-1.14	-0.29	-2.2	-2.17	-1.79	-0.38	0.39	1.22	0.95	0.81	0.29	0.01	6.58237	5.16308	4.12176	3.85734	2.12927	1.20646
-490.413	-0.13	-0.35	-0.21	-1.48	-1.04	-1.93	-1.43	-0.44	0.82	-1.77	-0.53	-1.08	-1.09	-1.58	-0.51	4.3789	3.39139	2.93137	3.08723	0.581506	0.834858
-489.324	-1.82	-0.4	-0.8	-2.68	-1.15	-3.01	-3.39	-2.34	-1.88	-2.51	-1.87	-1.35	-1.39	-2.42	-2.24	2.87983	2.50258	2.92273	0.888641	0.653247	-0.443947
-488.236	-0.62	-0.48	-0.32	-1.51	-0.86	-2.56	-1.59	-1.87	-0.56	-0.19	0.31	0.38	0.39	-0.38	-0.85	4.31345	3.38174	2.65864	2.25384	0.672567	0.594985
-487.147	0.44	-0.76	-1.05	-1.99	0.73	-1.85	-1.76	0.22	-0.14	-1.95	0.63	0.99	0.18	-0.38	-0.41	4.84612	3.98697	5.10845	5.36246	1.91138	1.41983
-486.059	0.6	-1.4	-0.94	-0.02	0.41	-0.25	-0.27	-0.69	-0.06	-0.79	2.21	-0.19	1.27	-0.62	-0.07	4.60517	4.10575	3.02705	3.03102	2.12959	1.4886
-484.971	-0.8	-1.47	-1.39	-1.49	-1.71	-1.62	-2.22	-1.86	-0.49	-2.05	-0.52	-0.58	-0.41	-0.36	-0.19	4.75886	2.12956	2.79365	1.45605	0.67159	-0.148093
-483.884	-0.95	-1.9	-1.57	-2.47	-1.74	-2.43	-2.01	-2.21	-0.95	-1.97	-0.35	-1.61	-1.28	-2.24	-2.29	4.83253	1.7924	3.23317	1.91703	-0.0753455	-0.0547854
-482.796	0.76	-0.03	-0.79	-2.02	-0.3	-2.13	-1.7	-1.35	0.47	0.05	0.33	0.36	-0.42	-0.96	-0.02	6.08779	2.88002	2.35794	0.738996	0.633386	1.02194
-481.709	-1	-0.89	-2.89	-2.29	-2.01	-2.69	-3.16	-1.58	-1.98	-1.5	-2.22	-0.35	-0.37	-1.4	-1.18	3.76946	3.30215	0.170404	1.47153	0.526519	-1.20591
-480.622	-1.25	-1.91	-2.37	-2.9	-1.03	-3.72	-2.5	-1.94	-1.38	-1.84	-1.16	-1.02	-0.73	-0.93	-1.45	3.81685	2.52884	0.466574	-0.462414	-0.388359	-0.649262
-479.535	0.86	0.51	-1.05	-1.01	-1.11	-2.69	-1.92	-1.32	-1.45	-1.05	-0.05	0.33	1.84	-0.03	-0.17	3.97301	2.68305	3.47208	2.10119	-0.130489	1.15434
-478.448	1.88	-0.3	-1.1	0.65	1.02	0.87	-0.51	-1.04	-0.04	-0.52	1.24	1.19	0.86	0.75	-0.24	4.65305	3.84039	3.87744	3.99613	1.57087	2.17154
-477.361	-1.47	-2.25	-2.45	-2.98	-2.19	-4.4	-2.8	-1.17	-1.5	-2.7	-1.95	0.35	-0.12	-1.77	-1.07	2.69804	3.07946	1.43949	0.408822	-0.841052	-1.03918
-476.275	-1.26	-1.16	-3.26	-3.64	-1.7	-3.41	-1.94	-3.69	-1.44	-2.56	-0.5	-1.89	-0.8	-3.28	-3.58	2.81858	1.51198	0.566159	0.00421406	-0.0862353	-0.837078
-475.189	-0.42	0.16	-0.56	-1.2	0.46	-1.28	-2.22	-1.29	-0.22	-0.38	1.72	-0.97	-0.08	-1.5	-1.62	4.03999	2.64105	3.17353	1.22121	0.597679	0.571875
-474.103	1.63	-0.88	-0.63	-1.72	-2.03	-3.66	-1.54	-1.08	-0.66	-1.93	-0.98	-0.69	-1.46	-0.27	-0.91	2.96804	2.93585	2.02595	1.04312	-0.274702	-1.01349
-473.017	1.59	-1.26	0.29	-0.87	-1.79	-1.3	-0.3	-1.77	-0.35	-0.19	-0.23	1.39	1.61	-0.9	-1.14	5.28202	3.36274	2.74768	1.77372	0.786555	0.113033
-471.931	1.54	0.88	-1.22	-0.56	0.07	-0.37	-1.33	-0.64	1.48	0.45	0.54	-0.29	0.94	0.12	0.95	5.12361	5.32476	4.36002	1.68613	0.489539	1.52508
-470.846	1.24	1.35	-0.18	-0.13	-0.02	-1.52	-0.91	-0.98	0.03	1.24	2.17	0.47	0.59	-0.38	-1.28	6.41983	4.21995	2.41445	0.900396	0.402448	1.20021
-469.76	1.27	0.48	0.22	-0.22	0.25	-1.47	-3.22	-1.67	-1.05	-0.59	0.17	-0.7	0.35	-2.04	-1.48	4.15482	2.90358	2.93709	1.14281	0.473068	0.473771
-468.675	-0.33	-1.54	-1.76	-1.91	-2.28	-3.26	-3.02	-2.2	-1.39	-2.69	-0.07	-0.68	-1.15	-2.46	-0.52	2.7122	2.44025	0.683244	0.468856	-1.99183	-0.689591
-467.59	-1.03	-3.18	-2.88	-3.08	-0.98	-4.14	-2.99	-3.42	-2.47	-2.53	-1.91	-1.77	-1.63	-2.85	-3.63	3.09157	2.26672	0.557609	-0.207239	-1.79174	-2.69326
-466.505	1.48	0.72	-0.96	-1.27	-0.68	-2.85	-3.04	-2.11	-1.46	-0.47	-0.45	0.88	-0.23	-2.31	-2.21	3.8834	2.48905	1.9603	1.08553	-0.948313	0.389088
-465.421	0.03	-1.54	-1.09	-1.22	-0.87	-1.58	-2.36	-2.62	-0.92	-0.42	0.23	1.11	1.74	-1.5	-1.06	3.62971	2.17708	1.60958	0.995087	0.333509	-0.332793
-464.337	-1.67	-1.61	-2.06	-2.49	-0.65	-4.46	-2.86	-1.37	-1.39	-1.48	-1.43	-0.34	-1.29	-2.76	-3.01	3.26982	2.12994	1.22444	0.680385	-1.79757	-1.2698
-463.253	0.3	-1.32	-1.4	-1.82	-0.45	-2.9	-2.06	-2.38	-0.03	-0.5	1.49	1.3	0.94	-1.39	-0.56	3.98155	2.26759	1.67641	0.203291	-0.0868599	-1.57184
-462.169	-0.6	-1.08	-1.87	-1.95	-2.2	-3.46	-1.86	-2.68	-0.12	-1.16	-0.92	-0.86	-0.11	-2.11	-2.04	3.86641	1.43105	1.09885	0.34551	-2.44648	-0.318453
-461.085	-0.25	-0.69	-0.89	-2.25	-0.92	-0.72	-0.59	-1.02	-0.88	-0.11	0.17	-0.16	-0.51	-0.48	-0.11	4.03926	2.79195	2.37832	0.884676	-0.479888	-1.18766
-460.002	1.17	-0.64	-1.04	-1.47	-0.13	-2.03	-3.4	-2.33	-0.49	-0.47	0.29	-0.11	-0.85	-1.88	-1.01	2.83491	2.33369	0.417225	0.162955	-1.81676	-0.126109
-458.918	1.21	1.48	-0.11	-2.68	-1.4	-0.69	-1.04	-0.78	-1.47	-1.52	-0.05	-0.49	0.95	-1.04	-0.79	4.09856	3.84017	1.67847	0.723054	-0.0661167	-0.650005
-457.835	-1	-2.53	-2.23	-5.24	-2.85	-4.62	-2.88	-3.67	-1.79	-3.64	-1.47	-1.34	-0.67	-5.1	-3.92	1.51448	-0.425019	0.252472	-0.523116	-1.78375	-2.11525
-456.752	-1.31	-0.74	-0.75	-1.16	-2.47	-3.3	-3.85	-2.71	-1.94	-0.27	-0.34	0.87	-0.04	-2.11	-2.06	4.09779	1.89646	0.812622	-0.323256	-1.60629	-1.45386
-455.669	0.02	0.78	-0.42	0.31	0.38	-1.25	-1.1	-1.48	-0.13	-0.83	0.59	0.9	0.75	-0.77	-0.18	3.44097	2.78595	0.456716	0.851842	0.0471247	-1.18404
-454.587	-0.71	-2.39	-2.23	-4.12	-1.47	-3.15	-3.23	-4.28	-2.46	-1.61	-0.71	-1.81	-1.84	-3.11	-1.72	2.80478	1.63625	0.051737	-0.222106	-1.29828	-0.833418
-453.504	0.8	-1.16	-1.32	-0.38	-0.34	-1.48	-2.07	-2.29	-1.2	-1.45	-0.01	0.17	0.76	-2.2	-1.36	3.88871	3.80124	0.447514	0.903842	0.449081	0.681635
-452.422	0.81	0.91	0.34	0.81	1.51	-1.82	-1.05	-1.46	-0.7	0.09	0.26	-0.11	-0.55	-0.31	-0.68	3.83736	2.85225	1.98024	0.526942	2.67529	0.512763
-451.34	0.98	-0.83	-1.48	-0.9	-1.39	-2.69	-3.04	-2.7	-1.41	-1.69	-1.16	-1.03	-0.14	-2.37	-1.66	1.90188	2.22529	2.31219	1.01865	1.01503	-0.43428
-450.258	1.64	1.15	0.54	-2.6	-0.61	-2.37	-1.71	-2.42	-0.55	-1.56	-0.26	-0.27	0.44	-1.58	-1.84	3.44026	3.11595	0.52451	1.15134	-0.469275	-0.653502
-449.176	1.96	1.61	0.79	-0.89	-0.08	-1.78	-0.91	-0.77	0.5	-0.55	0.51	0.81	0.48	-0.5	-0.57	4.1527	1.75177	0.842804	1.62017	0.324021	0.212497
-448.095	1.53	0.54	0.23	-0.67	2.06	-0.81	-1.06	-0.27	0.61	0.05	0.85	-0.85	0.39	-0.55	-0.87	4.84463	4.8715	2.61093	1.73795	0.858906	1.19212
-447.013	1.16	1.38	1.96	-0.88	-1.11	-1.66	-0.31	-0.36	0.75	-1.1	0.77	0.44	0.76	-0.19	-0.42	4.61739	3.13684	3.17087	1.7067	1.93788	1.42707
-445.932	1.66	1.2	0.61	-1.16	0.09	-1.79	-0.5	-2.04	-0.39	-0.77	1.29	0.68	0.27	-1.04	-0.66	4.159	2.26978	3.16206	2.1597	-0.314188	1.20059
-444.852	1.67	0.97	0.01	0.38	-0.38	-1.31	-0.6	-0.18	-0.6	-0.51	-0.13	0.41	0.02	-0.78	-0.53	3.98142	2.49742	2.11621	2.27309	0.692892	-0.452014
-443.771	0.89	-0.15	-0.54	-1.41	-0.39	-2.68	-1.47	-0.46	1.06	-0.91	-0.98	0.3	-1.03	-1.42	-0.54	3.03358	2.872	1.12526	1.38094	0.430744	0.842175
-442.69	2.17	0.97	0.37	0.84	1.92	0.41	-0.23	-0.11	0.69	-0.12	0.63	1.89	1.21	-0.58	-0.18	4.44685	3.47888	3.73478	3.67103	1.8456	1.71925
-441.61	1.84	0.37	0.51	-1.51	0.28	-2.45	-0.81	-0.99	0.2	-1.42	-0.28	-0.05	0.17	-1.04	-0.76	4.12551	2.31718	1.18281	1.389	-0.656909	-1.01248
-440.53	1.82	0.98	1.78	0.08	0.52	-1.09	-0.47	-1.48	0.54	0.47	0.8	-1.45	0.62	0.21	-0.44	4.34774	3.31819	1.07022	0.127805	1.91347	0.848982
-439.45	2.96	2.39	2.92	0.54	1.58	-1.73	-1.24	0.18	1.1	1.03	1.12	1.48	1.47	-1.08	-1.24	3.56589	2.75855	2.62219	2.70013	1.89872	0.339455
-438.37	1.71	1.92	-0.46	1.11	1.98	-0.96	-0.6	-0.68	0.24	-0.03	0.74	0.52	1.08	-0.43	-0.5	3.10656	2.63668	2.10848	1.47601	1.00125	2.10746
-437.29	2.65	2.23	1.14	-0.09	0.45	-2.06	-1.13	0.22	1.49	0.72	-0.03	1.22	1.22	-1.21	0.38	3.98558	2.70271	3.52233	1.99939	-0.329316	1.28334
-436.211	2.41	1.6	0.32	-0.72	-0.01	-0.59	0.54	-0.26	1.03	-0.71	0.33	0.62	-0.13	-1.42	-0.6	4.07919	3.17187	1.42823	2.07458	1.52999	1.06226
-435.132	3.21	2.36	2.36	1.74	1.86	0.9	0.97	1.2	3.04	-0.3	1.83	3.3	2.05	-0.21	0.46	5.39158	3.20401	4.35291	2.22763	1.48954	0.593882
-434.053	1.78	1.78	0.77	0.17	2.12	1	1.82	1.29	1.17	1.71	0.57	1.7	1.08	-1.41	-0.68	4.39252	4.06248	2.12958	1.75391	1.47257	1.91222
-432.974	0.38	1.77	0.27	-1.17	0.59	-1.41	-2.03	-1.23	0.04	-2.01	-0.1	-0.44	0.46	-1.06	-0.97	4.22881	2.12776	2.02412	0.19829	-1.22438	-0.852548
-431.895	1.96	2.06	1.78	0.67	1.88	-0.01	0.15	-1.04	0.03	0.53	2.59	2.21	2.24	-0.91	-0.11	3.33258	2.7935	2.48672	1.02802	0.111581	-0.617728
-430.817	1.83	2.37	1.41	-1.24	1.69	-1.27	-1.07	0.64	0.35	-1.01	1.07	0.84	0.81	-2.48	-0.81	2.75727	0.791304	2.2295	0.559702	-0.295822	-0.200281
-429.739	4.83	4.51	3.64	3.26	1.89	2.3	2.46	2.22	3.52	2.83	4.42	3.19	2.9	2.04	1.19	5.96323	5.38072	3.61414	1.4333	2.16915	1.50879
-428.661	3.37	0.53	0.32	2.12	2.08	-0.69	1.14	-0.39	0.82	2.75	0.65	1.11	1.03	-0.95	-0.76	4.54141	2.25751	0.73264	-0.220013	-1.06918	-2.05499
-427.583	5.49	5.61	4.92	3.31	3.73	1.58	3.58	3.88	5.55	4.01	4.98	3.83	2.3	2.22	1.87	5.57954	4.39152	4.65635	3.19145	0.413672	1.10829
-426.505	7.12	4.87	5.63	3.59	3.37	3.15	4.07	3.74	3.79	3.72	4.33	3.96	5.13	2.3	0.75	7.18245	5.41249	4.23591	2.95071	2.29038	0.749163
-425.427	4.41	4.35	2.87	2.9	3.61	1.75	2.25	4.29	3.1	2.34	3	4.81	3.62	0.82	0.75	5.81904	3.93999	2.59678	0.710129	-0.422188	-1.4338
-424.35	7.02	6.32	5.95	4.2	6.02	2.97	3.26	2.24	3.82	5.51	5.48	5.62	5.12	2.81	2.17	8.1899	5.05747	2.94451	2.69572	-0.164232	-0.0870117
-423.273	10.81	7.29	6.86	6.92	5.45	4.52	6.53	6.96	7.95	7.37	7.01	6.1	5.98	3.52	3.86	8.68601	6.13162	3.43995	2.30927	0.733556	1.06653
-422.196	9.28	8.67	8.76	5.98	6.43	5.37	5.75	5.72	6.38	6.22	7.62	7.9	5.77	2.71	1.98	8.26414	5.72925	3.4472	2.00643	0.660054	-1.52587
-421.119	12.06	11.78	8.79	7.46	9.59	6.76	7.62	6.96	6.92	6.79	9.25	7.16	5.88	4.87	3.44	9.0149	6.58022	3.81832	1.98759	0.651484	0.0851079
-420.043	16.37	16.47	14.98	13.77	13.92	10.35	11.77	10.73	10.81	10.08	12.27	13.07	9.42	5.65	5.25	11.3041	8.08919	5.75713	3.78636	-0.100033	0.0240663
-418.966	19.42	15.21	15.28	14.8	14.15	12.64	11.6	8.05	9.49	10.5	10.37	10.49	8.66	5.71	5.88	9.90562	8.47113	4.17938	2.11867	-0.0471754	-1.81397
-417.89	28.9	27.07	22.74	19.27	20.22	15.32	15.52	14.36	12.85	13.83	15.03	13.93	10.95	6.93	5.67	12.7026	9.50735	5.895	3.30417	-2.08274	-0.707795
-416.814	39.09	37.5	33.22	29.06	18.4	23.66	21.52	19.91	17.95	17.37	16.48	17.58	14.39	8.6	8.13	13.9089	8.86447	6.03544	4.51315	0.474135	-0.801142
-415.739	58.06	53.91	46.4	43.15	22.08	33.3	29.07	26.22	25.07	24.43	22.35	21.24	15.17	11.73	11.02	17.2573	12.5651	7.57777	5.94584	-0.420158	0.849644
-414.663	65.25	64.42	60.19	58.54	40.95	47.5	38.58	36.4	35.18	32.86	29.5	28.01	21.86	16.09	13.26	18.5756	13.7975	10.6258	6.63296	0.789162	-0.858292
-413.587	64.06	65.69	69.71	74.42	82.13	68.47	58.24	52.76	45.01	42.5	37.88	34.46	24.43	19.24	15.19	21.8644	15.636	12.144	6.55112	1.42689	-1.60985
-412.512	51.87	59.73	69.25	81.43	100.46	90.69	79.61	73.02	65.25	59.16	50.98	43.8	33.66	23.95	18.94	26.9969	19.0992	13.5378	9.17498	2.25166	-0.336574
-411.437	40.38	47.51	58.65	77.26	107.44	105.71	99.93	97.26	82.39	78.63	67.6	57.88	40.11	30.87	21.71	32.9159	22.5242	15.0527	8.90765	2.376	-0.322265
-410.362	31.06	36.22	45.91	62.77	94.92	110.68	119.38	120.34	110.06	103.22	89.68	74.72	55.78	37.87	31.42	37.4423	27.0243	17.4081	10.672	3.49193	0.0874684
-409.288	22.82	26.02	34.68	48.83	77.08	100.54	119.62	133.81	129.92	125.71	116.37	95.32	74.84	48.87	40.07	44.6896	31.2181	19.9094	13.5528	3.3181	0.191102
-408.213	16.37	19.42	26.13	34.93	57.91	83.6	109.52	128.48	133.59	141.32	132.31	114.38	86.92	61.05	47.97	57.0534	39.7556	25.8396	16.2836	4.07391	0.268827
-407.139	13.11	14.76	18.39	27.6	41.34	61.99	86.8	109.39	124.48	133.29	137.76	127.72	101.52	75.57	60.9	66.3461	46.3336	30.1942	18.7274	7.20148	0.976559
-406.065	9.28	8.79	12.78	18.01	28.99	43.68	65.78	83.69	102.57	117.22	125.04	126.06	106.38	82.51	67.4	75.5891	53.412	33.6292	21.8317	5.60968	-2.21528
-404.991	7.5	9.46	12.39	12.46	22.79	32.03	49.78	63.51	77.54	94.06	105.57	112.51	104.56	86.42	74.68	80.7483	57.8683	37.6934	24.7254	10.7295	-1.20913
-403.917	5.76	6.68	7.76	11.38	15.3	22.29	34.72	44.51	58.77	67.33	82.37	89.37	90.05	79.27	71.1	79.4292	60.1894	40.0046	26.7067	9.05106	-0.728066
-402.843	5.56	4.44	5.2	7.27	14.08	16.42	25.59	31.69	41.9	47.69	61.76	72.83	74.24	68.8	65.07	76.6692	59.8794	40.9846	31.2967	11.1711	0.311977
-401.77	4.47	3.4	4.98	7.31	9.8	11.43	16.61	23.35	30.68	36.08	44.35	55.71	57.95	54.88	54.51	66.9593	52.0314	38.1806	30.0114	10.4251	-0.0764774
-400.697	5.12	4.8	5.1	4.23	6.52	8.11	13.99	15.06	18.86	22.6	31.69	37.55	42.99	39.72	41.6	54.8684	45.0748	33.3499	25.8998	10.676	0.876624
-399.624	5.04	2.84	2.75	4.43	6.52	9.16	10.13	12.41	15.34	16.77	25.85	28.84	29.15	29.67	30.28	42.0192	36.7676	28.837	23.0956	11.4813	1.38909
-398.551	2.33	1.74	2.27	1.12	2.8	2.14	4.99	8.05	11.5	10.38	13.22	19.24	20.85	18.76	20.47	30.689	26.2465	22.3178	17.5047	7.47598	0.537364
-397.478	2.35	1.15	0.76	-0.03	1.4	1.04	3.05	3.6	6.8	7.47	12.55	14.53	13.75	13.33	14.87	24.2932	20.8236	17.4398	12.7756	6.34758	-1.85587
-396.406	1.64	1.08	0.34	2.15	2.33	0.66	2.93	4.83	6.84	8.46	9.39	11.9	13.25	9.48	9.71	19.0823	16.6144	14.7145	12.7989	5.41982	1.62446
-395.334	2.68	2.42	2.63	0.01	3.29	3.42	3.5	4.72	5.69	7.97	8.54	9.28	10.54	10.46	10.81	16.2816	15.2107	14.0086	11.1926	5.14968	0.900628
-394.262	1.93	0.3	0.53	-0.12	1.53	0.52	2.01	2.61	3.84	3.15	6.03	5.19	7.78	6.23	6.16	11.6202	10.5808	9.92254	8.49514	4.45096	-0.539691
-393.19	0.43	0.18	-0.74	-0.82	0.39	0.19	1.36	-0.96	-0.03	0.99	3.24	5.8	4.75	3.73	4.62	8.43947	6.38896	5.77262	4.46346	1.57466	-1.12209
-392.118	1.26	1.12	1.57	0.54	-0.09	-0.66	0.96	0.11	2.25	2.47	3.45	4.1	3.4	2.4	4.1	7.06352	7.13049	6.66503	5.45388	2.92859	1.3488
-391.047	1.49	0.79	1.38	-1.05	0.73	0.17	0.59	0.43	1.86	2.47	4.42	4.35	3.89	3.63	2.69	7.71089	7.03353	6.46763	5.71419	3.24001	0.701103
-389.975	-0.27	0.77	0.1	-0.21	0.69	-2.13	-0.16	-1.06	0.49	-1.05	1.34	0.63	1.15	1.67	2.03	4.20543	3.77297	4.41606	3.22023	1.47614	0.239773
-388.904	0.46	0.27	0.19	-1.08	-1.83	-1.09	-0.1	-0.68	-0.72	0.02	0.18	1.65	2.22	1.11	1.36	3.76507	3.45618	3.30729	2.06884	3.10308	0.452133
-387.833	1.62	0.24	0.3	-0.39	0.24	-0.44	0.49	-0.32	0.29	0.65	0.87	0.91	1.57	1.93	0.03	5.00877	4.41456	3.74449	2.32361	2.95765	1.23973
-386.763	3.21	0.65	1.45	0.22	1.18	0.27	0.98	0.7	1.6	1.91	3.32	2.91	3.17	1.14	1.88	6.1863	4.95597	3.83145	3.41959	1.11556	2.85083
-385.692	0.58	0.32	-0.48	-0.12	0.18	-1.03	-1.49	-0.07	1.65	-0.43	0.16	0.8	0.53	-0.34	-0.59	5.18378	4.1637	2.61478	1.22978	1.70972	0.717543
-384.622	2.94	1.27	1.26	-0.71	0.98	-1.71	-1.16	0.32	0.87	1.47	1.41	2.35	2.39	0.69	1.13	4.43483	4.6887	3.97808	2.20053	0.629313	1.08172
-383.551	1.79	1.58	-0.08	-0.62	-0.95	-0.39	-0.69	-1.51	-0.37	-0.87	0.39	0.55	0.45	0.06	-0.34	4.07823	3.08396	1.53013	1.00968	1.38457	-0.263944
-382.481	1.62	1.56	0.92	-0.59	0.41	-0.04	0.08	-0.69	2.24	0.78	0.94	2.22	0.97	0.49	0.14	5.08905	4.5114	2.6478	1.78523	0.452461	0.752805
-381.412	1.89	-0.38	-2.11	-2.06	-2.15	-3.13	-2.64	-0.7	-1.71	-1.4	-1.28	0	-0.18	-1.25	-1.53	2.40347	0.766128	0.245466	0.261352	-0.404188	-1.37296
-380.342	2.49	1.82	1.42	-0.43	0.09	-0.75	0.73	-0.19	0.78	-1.61	-0.46	-0.85	-0.66	0.29	0.39	1.71128	0.58701	1.494	0.867197	-0.780663	-0.252951
-379.272	5.11	2.82	2.05	-0.18	1.29	0.07	0.96	1.77	2.01	1.53	2.55	1.61	2.16	0.28	-0.41	4.7267	4.04841	3.74434	2.81167	2.31805	1.52978
-378.203	1.61	1.24	1.26	-1.24	0.23	-0.85	-0.57	-0.5	0.28	-1.24	0.23	1.04	0.67	-2.01	-1.67	1.5806	1.58882	0.719497	0.267859	-0.387175	-2.89948
-377.134	7.35	3.91	2.63	2.63	3.66	1.25	1.47	2.52	2.39	1.56	2.52	2.04	2.96	1.3	1.38	4.69782	4.49072	2.94482	2.70393	1.64507	0.832669
-376.065	5.58	4.19	1.79	0.18	0.75	0.04	2.16	-0.03	0.95	1.09	2.67	2.44	0.98	1.23	1.52	4.64979	2.65506	3.5636	2.25149	-1.18743	-0.543382
-374.997	5.6	3.53	2.01	-0.78	0.41	-1.97	-1.02	-0.54	0.82	0.5	2.07	1.53	1.46	-0.89	-0.41	3.36465	0.944011	0.613657	-1.07257	-1.23564	-2.23576
-373.928	8.1	5.24	2.26	0.85	1.56	-0.54	-0.24	-0.85	1.51	0.4	2.43	1.55	1.91	-0.02	0.69	4.34247	2.20491	-0.827781	-0.546703	-2.65208	-2.11573
-372.86	7.28	5.33	2.99	1.8	2.35	0.66	1.73	1.75	1.84	1.49	2.58	3.78	4.06	1.85	1.73	5.73929	4.05636	2.90517	0.892212	-1.28661	-0.645584
-371.792	6.51	5.07	2.16	0.04	1.09	-0.94	-0.1	1.62	1.45	-0.33	1.65	4.24	3.25	0.53	-0.2	2.34533	1.63681	2.74697	0.0499443	-2.64261	-2.63644
-370.724	5.54	4.11	2.29	-0.87	0.29	-1.3	-0.91	-0.09	1.56	1.36	1.84	1.26	1.17	-0.46	0.48	1.9634	0.400743	-0.349402	-0.898681	-2.96987	-2.31324
-369.656	2.68	2.42	0.16	0.21	-1.04	-1.19	-1.9	-2.64	-0.52	-1.99	0.83	-0.2	-0.7	-0.09	-1.56	1.27961	0.91048	-1.07439	-1.7747	-3.50442	-0.723832
-368.589	4.15	1.92	0.17	-0.2	1.09	-0.54	0.22	-0.64	0.17	0.36	0.48	-0.15	0.62	0	0.48	1.95138	1.37367	0.045262	-0.838003	-0.392218	-0.271594
-367.521	2.58	1.01	0.37	-0.82	0.55	-2.16	-0.24	-0.99	-1.67	-0.33	0.9	1.34	2.17	0.36	0.46	0.893569	1.16468	0.510821	1.35419	-0.137957	0.128323
-366.454	0.41	1.47	0.37	0.35	0.63	-0.92	-0.6	-0.84	0.51	0.05	0.67	0.08	0.5	-0.27	0.49	1.38502	0.505636	2.11413	0.165826	0.779848	1.56875
-365.387	1.87	0.97	0.08	0.1	-0.5	-0.43	0.61	-0.6	-0.67	-0.07	-0.62	-1.3	-0.63	-1.45	-0.6	-0.416613	0.478107	0.982308	0.903065	0.0693214	0.380915
-364.32	2.33	1.26	1.64	-0.08	0.25	-0.65	0.18	1.52	1.07	0.57	0.28	1.3	1.23	0.45	0.33	1.46965	1.30884	1.91444	2.31113	2.61374	1.20034
-363.253	0.5	0.74	0.03	-0.44	-0.52	-1.4	-0.37	-0.27	-0.03	-2.18	1.1	0.06	0.53	-1.11	-0.24	1.87823	1.76437	1.89586	1.1373	0.48633	0.0841699
-362.187	1.57	-0.05	0.84	1	0.49	0.19	1.01	1.2	1.84	1.42	0.93	0.87	0.93	1.08	0.2	1.60152	1.09405	2.63833	1.93601	3.30392	3.77264
-361.121	-0.78	-0.31	-0.84	-2.12	-1.68	-1.72	-0.67	-1.45	-0.71	-0.81	-1.01	-1.47	-1.16	-1.74	-0.05	-0.238631	1.16752	1.15987	0.884945	1.30127	0.835276
-360.054	-0.26	0.27	0.93	-1.21	-0.95	-0.68	-0.14	-0.15	-0.09	-0.16	-0.4	-0.53	-0.23	-0.81	-1.56	1.71511	1.9605	1.57771	1.78948	1.79843	1.61719
-358.989	-1.3	-1.21	-1.88	-1.13	-0.87	-1.93	-0.69	-0.48	-1.41	-1.63	-0.03	-1.74	-1.24	-1.21	-1.75	0.618618	-0.224044	0.518135	-0.447739	-0.202137	-0.209821
-357.923	-0.99	-2.23	-1.9	-1.76	-2.59	-3.16	-1.6	-1.88	-0.57	-1.08	-1.48	-1.19	-1.47	-0.53	0.01	-0.426845	0.479056	-0.251683	0.0474417	-0.298397	-1.96833
-356.857	0.58	-0.18	0.51	-0.63	1.03	-0.84	-0.06	1.19	0.46	-0.35	-0.61	0.17	0.68	-0.04	0.07	0.0354318	0.494726	1.14459	-0.310518	0.678568	-0.374028
-355.792	-0.29	-1.89	-1.08	-0.38	-1.5	-1.29	-0.93	-2.12	-1.98	-0.48	-0.64	-1.31	-0.95	-2.43	-1.64	-0.814447	0.211267	0.591232	0.763962	1.37515	-0.388183
-354.727	0.08	-0.02	-0.65	-1.09	0.18	0.12	-0.06	0.07	0.23	-0.63	-0.15	-1.14	-0.73	-0.59	0.37	-0.416548	0.63498	1.4046	0.125077	1.09756	1.6048
-353.662	0.12	0.37	0.2	-0.9	-1.21	-0.22	0.82	-0.5	-0.31	-0.21	1.46	-0.22	-0.93	-0.34	0.35	-0.449813	0.98449	1.40156	0.38929	1.32907	0.26343
-352.597	-0.8	-0.05	-0.23	-1.55	-1.45	-0.21	-0.57	-0.86	-0.42	-1.55	-1.69	0.08	-0.38	-0.06	1	0.477775	0.0823622	-0.754944	-0.350348	0.843438	-0.57971
-351.532	-0.2	-0.02	-1.06	-0.11	-1.39	-1.36	-1.4	-1.1	-0.38	-0.42	-0.53	-0.99	-0.71	-0.82	-0.75	-0.785194	-0.61681	0.849492	-0.00167246	0.914388	0.999261
-350.468	2.2	0.53	1.17	-0.8	0.1	0.89	1.8	1.2	1.65	1.96	0.34	0.27	0.59	0.31	1.47	1.43467	3.2103	1.95459	1.72298	0.595406	1.77623
-349.404	1.78	0.2	0.2	-0.5	0.15	0.77	0.09	0.03	0.42	-0.35	-0.47	1.3	0.04	0	0.71	1.02855	1.088	0.833215	0.687448	0.775371	0.262591
-348.34	-1.67	-1.29	-1.26	-2.69	-0.95	-1.16	-1.65	-1.93	-1	-2.6	-1.33	-2.38	-2.04	-0.43	-0.45	-1.14374	-0.381248	-1.0184	-0.536866	-0.8013	-1.81753
-347.276	-0.07	-0.93	-0.64	-2.54	-0.92	-0.43	-1.1	-0.98	-0.54	-1.22	-0.68	-1.3	-0.76	-1.9	-2.61	-0.702084	-1.68914	-1.20596	-0.524355	-1.04819	-0.895397
-346.212	-0.42	0.11	0.06	-0.99	-0.76	-2.03	-2.36	-0.32	-1.2	-0.82	0.34	-1.38	-0.72	-0.76	-0.54	0.244332	0.857192	-0.702403	0.14078	-0.159989	-1.29856
-345.149	-0.38	-3.32	-2.39	-1.85	-0.72	-0.69	-0.39	-1.53	-0.32	-2.15	-1.22	-0.57	-0.33	-1.7	-0.24	0.093236	-0.336925	0.0812776	-0.33602	-0.100771	-0.72283
-344.086	-0.03	-0.75	-0.12	-1.47	-0.28	-0.6	-1.11	-1.06	-0.53	-1.49	-0.75	0.58	1.23	-0.99	-1.41	-0.431442	-0.226541	-0.107358	-0.552258	0.892846	0.598326
-343.022	0.63	-0.51	1.03	-0.95	-0.61	-0.82	0.06	-0.5	-0.12	-1.24	-1.24	-0.86	-1.63	-1.27	-0.59	-0.913841	-0.783257	0.467359	0.774954	-0.0692674	-0.577585
-341.959	1.71	-1.51	-1.41	-1.5	0.58	-0.21	-1.75	-1.13	0.05	0.52	0.76	0.23	0.01	0.6	0.93	0.127748	0.97421	0.939111	1.14764	0.431168	1.03018
-340.897	-0.37	-0.83	-0.3	-2.1	-0.94	-0.67	-0.5	-0.7	-0.68	-1.04	-0.46	-0.95	0.9	-2.3	-1.72	-0.313375	0.313673	0.0462902	-0.583496	0.763986	0.280188
-339.834	0.52	0.29	1.07	-0.51	-1.61	-1.2	0.03	-0.68	-0.43	0.36	0.17	-0.59	-1.23	-0.83	-0.2	-0.588459	-0.700073	0.92352	0.273947	0.313193	0.656511
-338.772	-0.77	-0.35	-0.11	-0.79	-0.38	-1.65	-1.22	0.24	0.64	-0.75	-0.23	0.66	0.25	-0.03	-0.43	0.861482	0.579852	1.24343	1.36386	1.71308	0.746436
-337.71	-0.82	-1.28	-1.51	-1.61	-1.3	-1.11	-0.53	-1.74	-1.67	-1.22	-0.57	-1.77	-1.13	-0.98	-0.97	-0.534693	-1.04711	0.563181	-0.334929	-0.363565	0.169942
-336.648	-1.56	0.67	-0.72	-1.41	-2.16	-1.74	-1.34	-0.21	0.01	-2.99	-1.09	-0.87	-2.15	-1.22	-0.96	-1.82315	-0.936986	-0.630431	-0.757175	0.215511	-1.64949
-335.586	-1.33	-1.63	-1.58	-1.45	-1.74	-1.1	-1.3	-2.08	-0.6	-1.49	-0.29	-1.3	-1.19	-1.36	-0.51	-0.49755	0.265588	0.177225	0.24159	-0.896535	-0.766558
-334.524	0.21	1.19	1.24	-1.32	-1.4	-0.62	-0.07	0.1	-0.37	-1.57	-0.06	0.34	0.22	-1.35	-0.49	0.0343264	0.581639	0.471739	0.603587	-0.5054	0.528681
-333.463	1.08	-0.06	0.05	-1.5	-0.53	-0.11	-0.36	0.61	0.57	0.06	-0.11	-0.19	0.27	-0.49	0.27	0.376536	0.871728	-0.189718	0.161792	0.940009	0.858661
-332.401	-0.85	-1.96	-1.8	-2.18	-1.67	-3.09	-2.64	-1.14	-0.44	-2.28	-1.6	-1.54	-2.22	-2.71	-3.19	-1.4007	-1.20837	-0.159192	-0.279729	-1.05847	-1.7321
-331.34	-1.91	-1.11	-0.27	-0.87	-1.76	-1.69	-0.17	-1.64	0.19	0.17	-1.28	-0.08	-0.3	-1.27	-0.78	-0.127581	0.0137661	-0.570482	-0.669584	-0.0264337	-1.0895
-330.28	-0.68	-0.25	0.69	-0.54	-0.68	-1.04	-0.5	-0.49	-1.18	-0.3	-0.44	0.25	-0.74	0.93	0.88	-0.529811	-1.42273	1.00448	1.75789	1.04177	0.194809
-329.219	0.54	-0.74	-0.76	-0.91	0.23	-0.62	0.37	0.54	0.82	0.41	-0.63	-0.15	1.05	0.05	0.63	2.35305	1.52091	1.21869	1.17222	0.467128	1.13849
-328.158	0.59	0.67	0.8	-0.64	0.62	0.7	0.25	-0.2	0.71	-0.24	0.55	-1.03	-0.7	0.98	0.56	-0.154516	1.28945	1.49169	0.766184	1.49915	2.43734
-327.098	-0.16	-0.29	-0.11	-2.04	-1.15	-0.88	-0.84	0.61	-0.24	-0.55	0.16	-0.53	-0.36	-1.35	-0.99	0.391826	0.582071	0.821599	-0.164496	-0.146434	-0.110224
-326.038	0.62	0.19	1.65	0.91	-0.8	-0.14	0.92	0.15	1.07	0.31	0.61	0.11	0.14	-0.33	-0.3	0.610828	1.55536	0.520717	0.853712	1.35424	0.392768
-324.978	-1.61	-2.26	-1.14	-2.63	-2.45	-1.93	-2.36	-2.03	-1.36	-1.71	-0.86	-1.55	-1.7	-1.55	-0.37	-0.732665	-0.635475	-0.900883	-1.32587	0.151344	-0.587413
-323.918	0.1	-1.58	-0.88	-1.32	0.24	-2.11	-0.88	-0.63	-0.05	-1.77	-1.5	-1.07	-1.18	-1.7	-0.81	0.240203	1.37639	0.485675	1.21734	0.396877	-0.186623
-322.859	-2.06	-1.55	-1.87	-0.64	-1.05	-1.86	-1.65	0.74	-0.55	-0.81	-0.82	-0.91	-0.89	-0.67	-0.29	-0.655553	-0.254544	0.263671	-0.0770754	0.472446	-0.798338
-321.799	-1.37	-0.67	-0.22	-2.65	-0.63	-2.09	-1.07	-1.97	-1.28	-1.94	-1.79	-1.11	-0.63	-2.16	-0.77	-0.178424	-1.07909	-0.159381	-1.31199	0.442149	-1.07348
-320.74	-0.76	-0.74	0.3	-0.9	0.01	-1.85	-1.07	0.37	0.59	-0.94	-0.28	-1.11	0.08	-0.27	0.27	0.220348	0.977519	0.562936	0.461579	0.106039	-0.436472
-319.681	-0.76	0.07	-0.35	-1.61	0.43	-1.58	-1.12	-0.25	0.32	-1.09	-1.37	-0.43	0.01	-0.48	0.18	-0.149256	-0.614701	0.90881	0.977036	0.94805	0.651174
-318.622	-0.56	-0.16	-0.25	-0.63	0.23	-1.09	-0.7	-0.1	0.26	-0.48	-0.36	-0.67	-0.02	-1.65	-0.89	-0.788077	0.964967	0.404667	-0.365756	0.196448	-0.248722
-317.563	0.41	0.67	0.72	-0.8	-0.96	-0.73	0.14	-1.25	-0.28	-0.66	0.45	0.6	0.49	-1.23	-1.22	-0.510011	-0.124771	1.24653	1.25646	0.741555	0.231652
-316.505	-0.9	-0.68	-1.2	-1.61	-1.49	-1.09	-0.78	-0.68	-1	-1.61	-2.11	-1.12	-1.08	-0.88	0.2	-1.47272	-1.06639	0.528418	-0.763073	0.340286	-0.0304233
-315.447	-1.36	-0.18	-0.5	-2.02	-1.19	-1.01	-1.4	-1.35	-0.62	-1.32	-1.51	-0.56	-0.38	-1.14	-0.61	-0.11247	-0.893344	0.0234983	-0.607548	0.39949	-0.587235
-314.389	-0.64	-0.36	-0.1	0.23	-0.49	-1.05	-0.77	-0.07	-0.17	-0.26	0.18	-1.88	-0.89	-0.24	-0.23	-0.473082	-1.19229	-0.301525	0.436103	-0.407846	0.273391
-313.331	-1.4	-0.69	-0.62	-2.58	-1.75	-2.39	-1.39	-1.07	-1.5	-1.35	-0.02	-1.21	-0.74	-0.83	-0.74	-1.23123	-1.28266	0.796492	0.373766	-1.60311	-1.06709
-312.273	0	-0.59	-0.74	-0.41	0.01	-0.54	-1.67	-0.76	0.31	-0.37	-0.33	-0.74	-0.84	-0.85	-0.76	-1.25281	0.101719	0.92063	-0.26433	0.110284	-0.0434332
-311.215	-1.19	-1.95	-1.99	-1.79	-2.29	-1.88	-2.14	-3.15	-1.96	-0.95	-1.19	-1.34	-1.63	-1.49	-1.61	-1.58663	-0.888582	-0.764397	-1.16039	-0.264323	0.225934
-310.158	0.38	0.33	0.71	-0.76	-0.58	-1.2	0.03	-0.05	1.2	-1.35	-0.41	0.04	-0.15	-1.26	0.41	1.5872	0.703559	0.776517	0.690258	1.36411	1.12799
-309.1	-1.14	-1.43	-1.23	-2.53	-0.8	-2.17	-1.94	-2.38	-1.08	-1.3	-1.42	-1.37	-1.91	-2.35	-1.4	-1.66615	-1.03253	-1.52429	-1.44939	-0.425976	-0.0277322
-308.044	0.44	-0.08	0.16	0.49	-0.26	-1.17	-1.3	0.02	0.04	-0.82	-0.57	0.1	-0.48	-0.31	0.78	0.54352	-0.204782	0.839356	0.915536	1.5296	0.380434
-306.987	-1.13	0.15	-0.29	-1.33	-1.06	-0.67	0.05	-0.29	-0.51	-0.11	0.56	-0.13	-0.49	-0.54	0.22	0.412645	-0.184063	1.45395	1.60879	0.0217718	0.000721221
-305.93	-1.83	-2.73	-2.07	-2.19	-1.97	-1.34	-2.44	-1.46	-1.39	-1.55	-1.11	-1.38	-1.1	-1.79	-2.08	-1.54492	-2.48458	-1.32602	-1.59323	-1.71732	-0.880463
-304.874	0.53	0.46	0.92	1.01	0.1	0.92	1.76	1	1.44	0.51	0.06	-0.36	0.47	0	-0.49	0.413427	1.22238	1.11451	2.52025	1.8107	1.17745
-303.817	0.22	-0.15	-0.36	-0.51	0.65	-0.27	-0.32	-0.36	-0.47	0.42	0.67	-0.04	-0.05	0.72	0.76	0.640713	1.45165	0.915226	0.781285	0.834342	0.516822
-302.761	-0.09	-1.49	-1.48	-1.83	-2	-1.48	-1.01	-0.53	-0.24	-2.11	-1.03	-2.17	-2.06	-1.83	-1.49	-0.714645	-0.287003	0.231469	0.298595	-0.549504	-0.431482
-301.705	0.01	-0.14	0.56	-1	-0.55	-0.92	-0.12	-0.38	-0.36	-0.52	-0.36	-0.04	0.54	0.03	-0.22	-0.480192	-0.159504	1.3939	1.14992	1.29265	0.275659
-300.649	-1.29	-0.6	-0.43	-1.14	-1.09	-1.45	-1.83	-1.78	-1.22	-0.95	-1.03	-0.78	-1.63	-1.09	-1.12	0.674648	0.144872	-0.496645	-0.303881	-0.828126	0.838986
-299.594	-2.07	-0.41	-0.45	-1.56	-2.59	-1.74	-1.09	-1.53	-1.92	-1.05	-0.3	-0.25	-0.3	-0.99	-0.52	-1.70075	-1.62656	-0.505175	-1.14178	-0.660783	-0.542237
-298.539	1.57	-0.06	0.28	0.31	2	1.16	1.22	1.14	0.69	0.84	1.53	-0.16	0.21	-0.28	0.64	0.439483	0.811023	1.31047	1.42344	1.40093	1.7052
-297.483	-1.37	-1.42	0	-1.79	-0.97	-1.95	-1.42	-1.37	-0.24	-1.01	-1.24	-0.39	0	-1.83	-1.48	0.104952	-0.604742	-0.966199	-0.553422	0.112443	-1.92062
-296.429	0.27	-0.93	-1.54	-0.06	-0.81	-1.12	-0.73	-0.36	-0.35	0.57	0.21	-0.96	-1.09	-0.79	-0.41	-0.135195	-0.256761	1.21771	0.841778	0.588358	-0.0522252
-295.374	0.05	-1.43	-1.66	-1.91	-0.74	-0.49	-0.76	-1.24	-0.06	-2.54	-1.25	-1.33	-0.98	-1.51	-0.18	-1.6063	-1.54728	0.0649129	-0.0993318	-0.778792	-0.652197
-294.319	1.35	0.43	-0.06	-0.16	0.01	-0.15	0.88	0.36	1.58	1.01	2.16	0.72	0.8	1.08	1.54	0.222531	0.902127	1.08202	1.79946	0.363937	0.407748
-293.265	-1.28	-0.39	-1.52	-2.82	-1.73	-2.72	-1.99	-1.72	-0.96	-1.16	-0.29	-0.94	0.77	-2.53	-1.29	-0.585165	-0.949496	-0.245173	-0.896769	0.075713	-0.543563
-292.21	-0.77	-0.53	0.01	-1.45	-1.92	-0.72	-1.56	-0.15	-0.38	-2.03	-1.51	-1.9	-1.67	-1.31	-1.4	-0.707974	-0.635792	-0.374011	-0.546163	-0.608278	0.599961
-291.156	-1	-1.2	-1.04	-1.68	-2.39	-2.15	-1.71	-2.25	-1.33	-0.8	-1.59	-1.2	-0.97	-1.43	-0.51	-1.28643	-1.44383	-0.121748	-0.823832	0.0846051	0.0819413
-290.102	0.07	-1.54	-1.23	-2.14	-0.6	-1.07	-1.47	0.1	0.28	-0.51	0.37	-1.17	-1.16	-2.08	-0.95	-1.22056	-0.639084	-0.467817	-0.28008	-0.573124	-0.483367
-289.048	-1.11	-1.32	-1.13	-1.14	-2.09	-1.03	-0.04	-1.53	-0.31	-1.29	-1.32	-1.2	-0.2	-0.92	-0.22	0.0269588	-0.266794	-0.442049	-0.0835536	0.689691	0.139168
-287.995	-0.53	0.26	0.02	-1.92	-0.16	-0.29	-0.57	0	0.16	-1.06	-0.97	-1.44	-1.07	-1.72	-0.56	-1.19397	0.287476	-0.633994	0.0853281	0.965419	0.0137038
-286.942	-0.29	-0.5	-0.37	-0.62	-0.53	-0.41	0.59	0.53	1.11	-0.26	-0.21	-0.77	-0.71	0.28	0.31	1.54629	0.792359	0.436971	-0.0845621	1.56844	0.318311
-285.889	-1.42	-1.58	-1.42	-1.86	-1.92	-1.4	-1.53	-1.84	-1.45	-1.42	-1.63	-1.49	-1.42	-2.62	-2.15	-1.68123	-1.74359	-0.240549	0.479758	-0.41199	-1.15705
-284.836	-0.54	0.67	0.49	-1.24	-0.28	-0.43	0.27	-0.51	-0.45	-0.25	-0.64	0	-0.77	-0.34	-0.62	0.36068	0.836999	0.016376	0.878065	0.147769	0.21399
-283.783	-1.28	-1.31	-0.89	-0.47	-1.01	-1.56	-1.22	-1.69	-0.93	-2.11	-1.47	-1.02	-0.98	0.76	-0.24	-0.564517	0.125833	0.838148	-0.0995217	0.815496	0.523031
-282.73	0.99	-0.68	-0.46	-0.33	-1.61	-0.96	-1.08	0.26	-0.06	-0.82	-0.57	-0.48	-0.82	0.39	-0.36	0.596598	0.779083	0.225665	0.836744	0.261394	-0.0741221
-281.678	-1.34	-0.75	-0.08	-1.35	-0.38	-1.67	-0.5	-0.65	-0.7	-0.51	-0.72	0.13	0.6	-1.45	-0.05	0.905971	0.171009	-0.240549	0.520936	-0.0410495	0.697934
-280.626	-0.71	-0.99	-0.88	-2.65	-1.19	-1.25	-1.81	-1	0.17	-1.78	-1.06	-1.74	-0.8	0.2	0.45	-0.451055	0.204792	0.343825	0.0854387	-0.40548	-0.638241
-279.573	-0.26	-0.45	0.22	-1.06	-2.01	-0.21	0.04	0.48	1.1	-0.34	-0.19	-0.66	-0.67	-1.21	-1.5	0.809249	-0.0920986	0.688979	1.45104	-0.556181	-1.08499
-278.522	-0.26	0.65	0.15	0.95	0.21	-0.32	0.33	-0.41	0.55	-0.5	-0.03	0.12	0.21	0.26	0.63	0.79158	1.44904	1.97653	2.77999	1.28438	1.3966
-277.47	-1.73	-1.3	-1.65	-2.65	-1.28	-1.42	-1.34	-0.63	-0.68	-0.92	-1.19	-1.1	-1.64	-1.36	-1.15	-1.47072	-1.52934	-0.0662706	0.316224	-0.177396	-0.972088
-276.418	0.78	0.6	0.84	0.13	-0.7	-1.05	-0.74	-0.15	-0.09	-0.93	0.12	-0.33	0.8	-0.43	-0.25	0.547821	1.24881	1.55159	1.37402	0.649875	0.836038
-275.367	-0.78	-0.36	-0.86	-1.69	-2.13	-0.4	-0.3	0.19	-0.95	-1.09	-0.93	-2.14	-1.53	0.05	-0.27	-0.771367	-1.06471	1.2022	0.83553	-0.351144	-0.267193
-274.316	-0.46	-1.72	-1.78	-2.58	-1.34	-2.5	-2.2	-1.42	-1.82	-1.43	-2.31	-2.01	-1.72	-3.02	-2.67	-0.64759	0.290091	-1.50225	-1.98875	-0.64407	-0.992335
-273.265	-0.51	0.02	0.03	0.12	0.35	-0.69	-0.35	-0.07	0.5	0.49	0.72	0.25	-0.46	0.79	0.77	-0.273621	1.1997	1.17417	0.676976	1.3559	0.507046
-272.214	-0.31	-1.02	-0.29	-0.19	-0.5	-0.92	-0.79	0.22	0.89	-0.7	-0.76	0.85	0.29	-0.44	-0.96	0.599167	0.978688	0.817688	1.21148	0.888585	0.0463557
-271.163	-0.74	0.15	-0.68	-1.63	-0.77	-1.46	-0.8	-1.23	-1.02	-1.16	-1.53	-1.34	-2.25	-1.88	-1.09	-0.853119	-0.759666	-0.165088	-0.612264	-0.0931558	-0.942309
-270.113	-0.27	-1.45	-0.35	-0.57	0.02	0.18	0.1	-0.48	1.07	-1.19	-0.68	-0.28	-0.6	-0.55	-0.04	-0.879494	-0.0514397	0.733781	0.558929	1.10728	1.01667
-269.063	0.15	0.26	0.48	-1.39	-0.09	-1.14	-0.57	-0.12	-0.57	-1.26	-1	-0.28	-0.58	-0.66	0.02	0.33112	1.39934	1.02468	1.44986	0.488433	0.927455
-268.013	-0.72	-0.15	-0.17	-0.15	0.66	-1.73	-0.7	-0.81	-0.27	-1.28	-1.08	-2.1	-1.38	0.15	0.14	-0.0114858	0.156026	1.13085	0.845912	0.923553	0.634104
-266.963	-1.12	-0.99	-0.66	-1.94	-1.45	-0.91	-1.37	-1.06	-1.21	-0.88	-0.75	-0.6	-0.5	-1.84	-0.88	-0.555401	0.301044	0.0950923	0.0499836	1.11622	0.419067
-265.913	-1.68	-1.1	-0.5	-2.14	-0.52	-1.4	-1.89	0.08	-0.45	-1.09	-1.26	-1.77	-1.7	-1.26	-2.2	-0.8095	-0.305061	-0.169765	-0.316784	0.683623	-0.0576536
-264.864	-0.84	-0.74	-0.62	-1.49	-1.54	-0.7	-0.92	-0.95	-0.08	-1.32	-0.76	-0.83	-0.89	-0.61	-0.7	0.368493	0.591495	-1.16155	-0.900386	-0.815055	-0.471684
-263.814	-0.7	-1.47	-0.45	-2.52	-0.8	-1.44	-2.11	-1.98	-0.98	-1.98	-2.51	-1.46	-1.36	-1.45	-0.8	-0.529718	-0.67623	-0.148917	-1.11768	-0.481706	-0.359384
-262.765	-1.19	-1	-1.02	-2.11	-2.31	-1.63	-2.37	-0.97	-1.09	-3.12	-2.21	-0.83	-0.99	-2.2	-1.75	-0.380817	-0.593074	-0.319949	-0.489624	-0.601225	0.333478
-261.716	-0.44	-1.41	-0.64	-1.04	-0.93	-0.48	-0.23	-0.09	0.4	-1.13	-1.36	-1.29	-1.09	0.57	0.73	-0.708952	0.182022	0.737502	0.708341	1.121	-0.221261
-260.667	-1.39	-1.27	-1.48	-2.34	-1.17	-1.42	-1.91	-2.05	-1.33	-2.11	-0.39	-0.44	-0.84	-2.97	-1.65	-0.665464	-1.00626	-0.412075	-0.0815187	-0.911198	-1.20964
-259.619	-0.59	-1.51	-1.05	-1.16	-0.81	-1.45	-0.35	-0.76	-0.98	-1.93	-0.33	-1.17	-0.68	-1.27	-0.23	-1.3834	0.470914	0.731542	0.811321	-0.974797	-0.0527099
-258.57	0.85	-0.74	-0.46	0.26	0.47	-0.01	0.3	-0.3	0.66	-0.29	-0.93	0.02	1	0.72	0.18	0.561532	1.18264	1.66821	0.819074	1.83191	0.549362
-257.522	0.05	-0.43	0.11	-0.38	-0.47	-0.3	-0.24	-1.75	-1.49	-0.11	-0.88	-0.32	-0.6	-0.47	-0.45	-0.513717	-0.439486	0.801079	0.160845	0.254614	0.166886
-256.474	-0.81	-0.91	-1.13	-1.15	-1.27	-1.24	-1.15	0.04	0.31	-0.97	-0.73	-0.93	-0.02	-0.69	-0.85	-0.803676	-0.379433	0.39114	0.250908	1.04469	-0.733061
-255.426	-0.73	-0.36	-0.06	-2.21	-1.37	-1.67	-1.43	-1.6	-1.07	-0.71	-0.58	-1.48	-1.84	0.14	-0.07	0.376288	-0.41037	-0.347744	-0.37971	0.729704	-0.264557
-254.378	-0.48	0.26	-0.29	-1.85	-1.79	-0.66	-0.25	-0.53	0.33	-0.44	0.03	-0.5	-0.57	-0.75	-0.95	-0.455331	-0.092429	0.989876	0.0778394	0.546673	-0.146639
-253.331	-0.34	0.27	0	-0.81	-1.29	-0.74	0.8	-0.42	0.35	0.94	0.21	0.22	0.17	-0.19	-0.15	0.0169841	0.217793	0.798573	0.946203	0.502278	-0.126524
-252.284	0.75	0.36	0.75	-0.15	-0.54	-0.63	0.22	0.79	2.13	0.23	-0.41	-0.58	0	-0.71	-0.3	0.418642	0.765348	0.660426	0.558995	1.37284	-0.00866674
-251.236	0.5	0.38	-0.47	-1.17	-0.29	-1.37	-0.24	0.33	0.8	-0.28	-0.23	0.17	0.03	-0.3	-0.3	-0.138028	0.00413894	0.0759086	0.213755	0.82162	-0.410109
-250.19	-0.79	-1.45	-1.61	-2.09	-0.84	-2.01	-2.38	-1.82	-2.38	-1.55	-2.41	-1.91	-1.32	-1.11	-0.87	-0.79839	-0.428153	-0.240501	-0.0813707	-0.772868	0.038013
-249.143	-0.38	-0.44	-0.7	0.53	-0.41	-0.79	-0.75	-0.32	0.29	-0.07	-0.03	0.99	0.93	-1.6	-0.07	-0.95009	-0.778485	0.782876	1.19063	-0.0422423	0.047239
-248.096	-0.26	0.49	1.06	-0.03	-0.1	-0.17	0.5	-0.6	0.4	0.32	0.21	0.26	-0.45	0.54	0.45	0.0650109	1.11073	2.02509	1.3535	0.926042	0.106663
-247.05	-0.51	-0.85	-0.99	-0.85	-0.9	-0.46	-0.81	-0.75	-0.19	-0.74	-0.01	-1.81	-0.52	-1.68	-1.01	-1.50342	0.463618	-0.663774	-0.553561	0.533904	0.140133
-246.004	1.19	-0.21	0.12	-0.5	-1.02	-0.61	-0.48	0.73	0.86	-0.18	0.77	0.64	-0.16	-0.56	0.11	0.120848	0.6736	1.33309	1.27262	1.50444	0.569895
-244.958	1.17	0.78	0.99	-0.55	0.87	-0.34	-0.16	0.43	0.17	-0.73	-0.31	-0.22	0.46	0.49	0.25	0.89458	1.0529	0.33916	0.187986	0.243965	1.18897
-243.912	-0.18	0.25	0.65	-0.06	-0.25	0.31	0.46	-0.62	0.7	0.47	-0.13	-0.02	-0.51	-0.07	-0.21	0.227126	1.43159	0.292319	0.432121	-0.0538069	1.17797
-242.866	1.01	-0.37	0.14	0.78	-0.23	-1.26	-0.11	0.83	0.57	0.73	0.82	-0.4	-0.25	-0.36	-0.23	0.308686	0.412681	1.83578	1.59392	1.7242	0.678527
-241.821	-0.79	-0.92	-0.99	0.38	-0.09	-0.33	-0.12	-0.56	-0.34	-0.76	-0.53	-1.59	-1.3	-0.3	-0.09	0.346003	0.588377	0.983008	0.649296	0.834252	-0.146372
-240.775	-0.85	-0.26	0.64	-2.41	-0.68	-0.84	-0.63	-0.12	0.16	-0.78	-0.36	0.14	0.09	-1.24	-0.71	-0.96852	-0.788269	0.277525	-0.998116	-0.00914111	0.82636
-239.73	-1.47	-2.54	-1.76	-2.51	-1.41	-1.67	-0.85	-0.33	-0.64	-1.48	-0.98	-1.71	-2.49	-2.12	-1.29	-1.11847	-1.75182	-1.12594	-0.0737445	-1.0627	-2.06789
-238.685	-1.28	-1.48	-1.18	-1.95	-1.32	-1.19	-1.6	-1.16	-0.59	-0.81	-1.73	-0.67	-0.47	-0.6	-0.54	0.0736906	0.108208	0.862531	1.00439	-0.887379	-1.07797
-237.64	0.15	0.25	-0.37	-0.07	-0.65	-0.45	-0.37	-0.33	-0.57	-1.03	-0.8	-0.98	0.32	-0.93	0.54	-0.530083	0.958852	0.296396	0.828955	-0.416988	0.392901
-236.596	-1.33	-1.28	-1.36	-2.06	-1.55	-2.78	-2.64	-0.72	-0.32	-0.18	-1.03	-1.67	-1.09	-2.01	-1.16	-1.16686	-1.52976	-0.413564	-0.581298	-0.509672	-1.23581
-235.551	0.2	-0.46	-0.44	-1.02	-1.22	-0.59	-0.06	0.05	0.26	-0.95	-0.38	0.44	0.43	-1.27	-0.06	0.241296	0.722439	0.304302	0.265621	-0.450594	0.756088
-234.507	-0.09	-1.69	-1.26	-1.27	0.73	-0.96	-0.8	-0.79	-0.54	0.1	0.21	-0.92	-0.01	0.28	-0.85	0.287145	0.0771579	0.588197	0.609337	-0.878369	-0.0592514
-233.463	0.36	-0.66	0.06	0.29	-0.86	-0.67	-0.43	0.71	0.02	-1.57	0.02	0.02	-0.52	0.04	-0.65	0.401622	-0.258979	0.138903	0.491536	0.996205	-0.114907
-232.419	0.35	0.15	-0.4	-1.34	-0.43	0.36	-0.43	-0.09	0.19	-0.1	-0.19	-1.46	-1.68	-0.64	-0.52	-0.443077	0.355043	0.591992	-0.865579	0.237404	0.189049
-231.375	-1.28	-0.24	0.32	-0.09	-0.95	-0.66	-1.62	0.12	0.12	0.1	0.24	-0.16	-0.32	-0.26	-0.45	-0.341164	0.0947539	0.450098	0.752177	-0.267743	-0.801353
-230.332	0.36	-0.22	-0.23	-1.33	-1.79	-0.53	0.28	0.47	0.34	1.22	0.5	0.03	-0.1	-0.87	-0.44	0.24119	0.977749	0.18356	1.03574	0.436666	0.681675
-229.288	-1.05	-1.14	-2.34	-2.18	-2.17	-2.67	-1.4	-2.22	-1.07	-1.86	-1.49	-1.09	-2.11	-2.68	-1.6	-2.27288	-1.48198	-1.02301	-0.880134	-1.60349	-1.62783
-228.245	-0.55	0.91	0.54	0.28	-0.4	-0.08	0.85	0.88	0.91	0.01	-0.08	0.13	0.57	-0.77	0.45	0.774255	1.39526	1.72161	1.24609	1.44606	0.869929
-227.202	-0.77	-2.01	-1.05	-1.34	-0.52	-1.08	-1.08	-2	-1.27	-0.55	-0.48	-0.38	-0.25	-1.13	-1.12	-0.440281	-0.987786	-0.420357	-0.775641	-0.523709	-0.683042
-226.16	-0.5	-0.8	0.44	-1.24	-0.57	-0.3	-0.38	0.34	-0.22	-0.82	-0.41	-1.9	0.03	-1.15	-0.23	0.32833	0.167724	-0.067108	0.387115	0.664959	-0.107692
-225.117	-0.35	-0.63	-0.38	-0.64	0.2	-1.62	-1.38	-1.19	-0.77	-1.23	-1.53	0.31	0.25	-1.68	-0.83	0.079321	0.970817	-0.219773	-0.316806	-0.549374	0.724996
-224.075	1.17	0.37	0.9	0.06	-0.49	1.73	1.68	0.37	1.97	0.13	1.31	-0.44	-0.11	-1.1	0.71	1.54578	2.40904	1.61973	1.83298	0.782727	0.593306
-223.032	0.01	-1.7	-1.24	-1.46	-0.88	-0.79	-0.9	-2.19	-1.04	-0.51	-0.3	-0.45	-1.32	-0.37	-0.15	0.127199	0.102671	0.35769	0.0796985	-0.180809	-0.283458
-221.99	-0.61	1.09	0.71	0.13	-0.51	0.81	0.72	0.17	0.1	0.23	-0.36	-0.41	-0.16	0.08	0.21	0.321355	0.10796	1.3338	0.545992	0.466976	0.741888
-220.948	-0.15	0.34	0.68	0.2	0.59	-0.82	-0.14	0.36	0.31	-1.11	-0.91	-0.32	-0.56	-0.35	-0.19	0.157849	0.266221	1.48335	1.01582	0.429139	1.24024
-219.907	-0.1	-0.45	-0.1	-0.87	-0.56	-1.59	-0.84	-0.12	-0.28	-0.18	-0.72	-0.11	-0.18	-1.16	-0.13	0.067473	-0.226089	0.606924	1.54068	0.324625	0.388344
-218.865	-1.41	0.33	0.68	-1.36	-1.02	-1.52	-1.67	-1.58	-0.03	-1.11	-0.37	-1.94	-0.4	-0.63	-0.64	0.413018	-0.897202	-1.05904	-0.746349	-0.281179	-0.103111
-217.824	0.79	-0.15	-0.24	0.61	0.44	-1.29	-0.25	1.51	1.5	-0.75	0.57	-1.13	-0.74	0.97	0.65	-0.0269267	0.378313	1.11045	0.564015	0.576384	0.582685
-216.783	-0.13	-0.91	0.35	-1.61	-1.79	0.49	-0.77	-0.98	-0.48	-0.66	-0.36	-0.83	-0.86	-1.55	-0.91	-0.73385	-0.641386	0.531441	1.07297	-1.0615	-0.247669
-215.742	-0.62	-0.28	0.52	-0.89	-1.34	-0.54	-0.57	-0.04	-0.97	-1.14	0.11	-0.66	-0.43	-0.61	-0.35	-0.995817	-0.286611	-0.13616	-0.925149	-0.0539178	-0.453062
-214.701	-1.49	0.52	0.79	-1.57	0.21	-1.45	-1.23	-0.67	-0.26	-1.44	-1.51	-0.94	-0.01	-0.94	-0.87	-0.456462	-0.147432	-0.957108	0.193875	0.874875	-0.823891
-213.66	-1.67	-2.17	-0.51	-2.93	-2.04	-1.62	-1.64	-0.82	-1.34	-1.41	-1.54	-0.76	-1.64	-1.46	-1.49	-2.33337	-1.79623	-0.927276	-1.62659	-1.08807	-1.41278
-212.62	0.16	-1.13	-0.47	-0.94	-0.68	-0.9	-0.29	0.44	0.86	-0.57	-0.09	-0.61	0.6	-0.86	-0.51	-0.0699043	0.396357	1.02195	-0.075915	0.954617	-0.0697319
-211.579	-0.96	-0.7	-0.71	0.01	-0.32	-1.14	-0.26	-0.01	0.93	-0.04	-0.32	-0.96	0.73	-0.74	-0.02	0.0716319	0.213757	0.343626	-0.513308	0.394954	0.647969
-210.539	0.66	-0.68	-1.09	-1.17	-1.4	-0.62	-0.27	-1.43	0.21	-0.22	-1.13	-0.79	-0.74	-1.34	-0.29	-0.390573	-0.984494	0.260968	0.273073	0.233365	-0.330592
-209.5	-0.19	-1.62	-0.42	-1.21	-0.53	-0.23	0.63	-0.94	-0.34	-1.08	0.6	0.81	-0.06	-0.26	0.18	-1.13467	-0.611541	0.929062	0.512288	-0.468123	-0.307277
-208.46	0	0.04	-0.74	-0.94	-2.14	-1.35	-0.67	-1.41	-1.32	-1.64	-2.12	-1.28	-1.05	-0.92	-0.56	-0.687489	-2.00057	-1.0345	-0.982257	-0.120858	-0.176625
-207.42	-0.83	-1.49	-1.3	-1.48	-0.66	-1.78	-1.35	0.57	0.02	-1.08	-0.98	-0.35	-0.44	-0.58	-0.48	-1.28303	-0.987613	-0.432638	-0.52064	-0.221228	0.396254
-206.381	0.7	0.4	-0.49	0.42	0.14	-0.68	0.04	-0.47	0.56	-1.18	0.74	-0.4	-0.19	0.41	1.36	-0.148029	0.430575	0.0805868	-0.938498	0.71194	-0.285907
-205.342	-0.74	-0.38	0.41	-1.62	-0.29	-0.95	-0.24	-0.11	0.6	-0.12	0.35	-0.4	-0.85	-1.42	-0.42	-0.624228	1.27997	-0.143237	0.326976	-0.6784	0.143258
-204.303	0.43	0.85	0.67	-1.61	0.1	-0.83	-0.59	-0.9	-0.44	-0.34	0.22	-0.2	0.69	0.52	0.66	2.25762	0.993206	1.38831	1.20034	0.749978	0.417082
-203.264	-0.8	-0.19	-0.23	-1.49	-1.07	-0.71	-0.71	-0.49	0.16	-2.24	-1.42	-1.47	-1.11	-1.64	-1.73	-1.81279	-1.53549	-0.406419	0.36429	-0.666982	0.0479666
-202.225	0.27	0.54	0.47	-0.05	0.44	-0.39	0.29	0.38	0.63	-0.35	0.86	-0.12	0.29	-0.06	0.66	1.24404	1.69955	1.02188	1.10549	1.4982	1.62393
-201.187	-0.5	0.53	0.7	-0.24	-0.06	-1.35	-0.42	-0.72	-0.11	-0.61	-0.84	-1.29	-0.54	-0.58	-0.06	-0.115256	0.617716	1.2982	0.961404	0.720783	0.481971
-200.148	0.16	-1.9	-1.89	-1.89	-2.19	-1.77	-1.05	-0.39	0.38	-1.32	-0.59	-1.85	-2.31	-2.06	-2.07	-1.43682	-1.75883	-0.044682	-0.650682	-0.644686	-0.244315
-199.11	0.35	-1.5	-1.84	0.13	-1.56	-1.03	-0.73	-1.12	-0.06	-1.39	-2.56	-2.23	-1.6	-1.23	-1.1	-0.89471	0.124747	0.137251	-0.706925	-0.555814	-1.06015
-198.072	-0.47	0.29	-0.03	-1.5	-1.23	-0.94	-0.69	-0.69	-0.46	-1.18	-0.24	-0.63	-0.17	-1.22	-2.17	-1.54635	0.497219	0.115429	0.160316	-0.53634	-0.127982
-197.035	-1.12	-1.69	-1.83	-1.12	-2.18	-1.82	-2.35	-2.42	-1.49	-0.96	-1.51	-1.9	-0.73	-1.92	-1.77	-1.45156	-1.04214	-1.20695	-1.66272	-0.284833	-1.50755
-195.997	-0.86	-0.83	0.81	-0.86	-0.14	-1.56	-0.31	-1.24	-1.17	0.06	-0.22	-0.85	0.43	-1.03	-0.35	0.79982	0.365065	0.914499	0.719653	0.485211	-0.20005
-194.96	-1.05	-0.4	-0.11	-0.81	-1.18	-2.38	-1.91	0.21	-0.28	-0.91	0.41	-0.05	0.32	-0.38	-0.26	-0.233801	0.357735	0.544465	0.379029	1.4497	-0.12757
-193.923	-0.44	0.56	0.88	-0.99	-0.17	-1.08	-0.33	0.25	0.84	-0.02	-0.29	0.85	1.09	-0.5	-0.21	1.83668	0.828351	1.11518	0.619763	1.21061	0.923053
-192.886	-1.36	-2.07	-1.88	-3.17	-1.17	-2.48	-1.7	-1.86	-2.42	-2.8	-2.07	-1.81	-1.5	-1.46	-0.84	-1.38625	-1.63355	-0.523259	0.2099	-1.14108	-1.00931
-191.849	0.86	0.67	0.8	0.18	0.99	-0.52	0.06	-0.28	1.03	1.57	0.81	-0.6	-0.92	-0.31	0.79	1.32819	2.18027	0.917394	0.262044	1.49343	1.83499
-190.812	-1.85	-1.79	-1.17	-2.18	-0.64	-2.02	-0.82	-1.7	-1.13	-1.94	-1.07	-1.76	-0.36	-1.39	-1.19	-0.785543	-1.1872	-0.802804	-0.908748	0.347706	-0.852673
-189.775	-1.61	-1.48	-0.77	-1.97	-0.9	-0.71	-0.85	-0.82	-1.21	-1.39	-1.22	-0.83	-0.82	-0.37	0.7	-1.11794	-0.637526	0.528383	0.702768	0.401952	0.33711
-188.739	0.19	-0.15	0.02	-1.26	-1.4	-0.48	0.46	-0.92	-0.49	0.11	0.09	-1.03	-0.03	-0.88	-0.68	-0.876588	-0.118533	0.165659	0.289669	0.255748	0.135983
-187.703	-0.89	1.28	1.08	-0.35	-0.18	-0.79	-0.19	0.02	-0.48	-0.94	-0.57	0.81	0.65	-0.48	-0.01	-1.03258	0.444728	-0.414331	-0.208848	0.0994361	1.11972
-186.667	-0.33	0	-0.08	-0.81	-1.55	-0.63	-0.8	-0.97	-0.39	0.11	1.07	-1.38	-0.32	-0.6	0.08	0.521818	0.478498	-0.143732	0.563241	0.883873	0.0839695
-185.631	1.14	0.03	0.33	-0.61	-0.69	0.46	0.56	0.91	1.48	0.49	0.43	-0.47	-0.43	-0.21	0.26	0.0183342	0.416788	2.18585	1.76311	0.896077	0.28235
-184.596	-0.02	0.1	0	-0.11	-1.58	-1.12	-0.75	-1.39	-1.25	-1.74	-0.92	-0.13	0.22	-0.56	0.04	-0.951209	-0.488076	-0.172893	-0.206484	-0.200528	-0.292787
-183.56	-0.45	0.66	0.21	-0.67	-1.34	-1.1	-1.07	-0.5	0.22	-0.59	0.26	0.75	-0.88	-1.34	-1.06	-0.395585	0.374525	-1.07521	-0.217687	-0.722534	0.0901716
-182.525	-1.58	-1.05	-0.46	-2.26	-1.46	-1.51	-1.28	-1.56	-1.35	-1.23	-1.64	-0.38	-0.84	-0.12	-0.41	-0.568115	-1.50325	-1.11951	-0.741235	-0.319812	-0.0673576
-181.49	-0.75	-0.69	-0.59	-1.12	-1.09	-0.88	-0.37	0.05	0.29	-1.94	-0.67	-0.19	-0.35	-1	0.11	0.0983196	0.21766	0.83466	-0.386352	0.790969	-0.0762191
-180.455	-1.56	-0.98	-0.62	-2.11	-0.65	-1.04	-1.67	-1.24	-1.08	-1.28	-1.28	-0.7	-0.92	-1.96	-0.54	-0.792722	-0.00821913	-0.00745685	-0.637648	-1.39352	-1.17183
-179.42	-0.74	-0.77	-0.99	-0.9	-1.04	-1.97	-1.32	-1.93	-0.84	-1.95	-2.03	-0.85	-0.74	-0.63	-0.5	-0.10632	-0.520074	-0.0780416	-0.357955	-1.42153	-0.6736
-178.386	0.45	-0.61	0.71	0.48	-0.03	-0.95	-0.76	0.4	0.65	-0.78	0.51	0.38	-0.38	0.17	0.09	-0.610094	-0.802153	1.26112	2.50147	1.21013	0.814409
-177.352	-2.16	-1.51	-1.55	-2.99	-1.58	-0.71	-1.11	-0.4	-0.64	-0.8	-1.76	-1.71	-1.42	-2.13	-1.63	-1.11651	-0.007589	-1.46361	-0.463097	-1.46315	-0.900977
-176.318	-0.3	-0.51	-0.16	-0.68	-1.32	-0.09	-0.41	-1.24	-0.13	-1.74	-0.8	-0.48	-0.37	-0.32	0.07	-0.167628	0.45643	1.32416	0.825487	1.10221	0.913305
-175.283	-0.57	-0.09	0.93	-1.4	-1.25	-1.36	-1.3	0.23	-0.06	-0.65	-0.65	-1.43	-1.18	-1.21	0.39	-1.61384	-0.696923	1.0156	0.0057955	-0.00689112	-0.0204137
-174.25	-0.34	-0.93	-0.21	-1.87	0.01	-1.36	-1.72	-0.74	-0.24	-1.16	-0.41	-0.43	-0.48	-0.09	-0.44	-0.0570653	-1.27375	0.00615489	-0.424224	1.62834	-0.457421
-173.216	0.57	-0.3	-0.79	-1.14	1.09	0.87	0.03	0.43	0.31	-0.36	-0.77	-0.45	0.07	0.08	0.19	0.552578	0.630356	1.51622	1.42495	0.310216	1.0864
-172.183	-0.75	-0.85	-0.73	-2.23	-0.82	-0.84	0.13	-0.88	-0.27	-1.29	-1.75	-1.37	-0.54	-0.69	-1.64	-0.96644	0.0243277	-0.257633	0.311582	0.420785	-0.749479
-171.149	-0.74	-1.15	-1.09	-1.3	-1.41	0.51	-0.78	-0.99	-0.53	-1.64	-0.58	-1.53	-1.69	-0.93	-1.61	0.0756141	-0.755782	-0.519319	-0.230449	-0.704098	-0.649699
-170.116	-1.36	-1.62	-1.1	-1.3	-2.47	-1.94	-1.32	-3.2	-3.12	-0.31	-0.41	-0.62	-1.71	-2.08	-2.29	-0.316547	-0.890363	-0.178375	-0.528298	0.108045	0.106109
-169.083	-0.47	0.49	-0.29	-1.2	0.41	0.45	-0.08	-1.42	0.2	-0.4	0.18	-0.87	-0.09	-0.06	-0.64	0.304235	0.261522	0.811604	0.963448	0.164428	-0.341437
-168.051	0.2	-0.84	-0.24	-1.91	-1.51	-1.82	-1.03	-1.67	-1.44	-0.24	-1.55	-0.87	-0.75	-1.2	-1.37	-0.875116	0.62507	0.527267	-1.03043	-0.525627	1.02226
-167.018	-2.18	-2.06	-1.73	-2.01	-2.28	-2.23	-1.02	-0.65	-1.53	-1	-0.86	-1.64	-1.59	-1.61	-1.37	-1.81537	-0.455254	-0.853109	-0.460816	-0.636105	-1.19807
-165.986	0.17	-1.47	-1.55	-1.06	-0.05	-0.72	-1.19	-0.93	0.33	-0.37	0	-1.25	-0.16	-1.27	0.02	-0.230921	0.625854	-0.0571478	-0.0937951	-0.190309	1.34338
-164.954	-0.05	-0.67	0.38	-1.13	-0.33	-2.31	-1.95	-1.17	-0.56	-0.27	-0.37	-0.73	-0.59	-1.35	-0.2	-1.21629	-0.486429	0.045533	-0.362214	1.03217	0.040744
-163.922	0.47	-0.5	0.66	-1.41	0.05	-0.12	1.31	0.27	-0.22	-1.38	-0.69	0.74	0.32	-0.63	0.14	0.852907	0.531615	0.157313	1.42256	0.541781	0.349754
-162.89	-1.15	-1.66	-0.73	-1.16	-0.12	-2.42	-1.34	-1	-0.12	-0.51	-0.74	-0.55	-0.99	-2.59	-1.35	-0.321517	0.0732627	0.106097	-0.0292764	-0.605236	-0.678799
-161.858	1	-0.12	-0.27	-0.51	0.4	-0.45	0.46	1.44	1.53	0.37	0.72	-0.66	0	0.07	0.06	0.987816	1.48152	2.44629	1.21915	1.8086	0.628894
-160.826	-1.04	-0.11	-0.25	-1.2	-1.39	-1.25	0.12	-0.66	-0.83	-0.67	-0.22	-1.09	-1.13	-0.55	0.48	0.943119	0.810103	0.739963	0.0117583	0.642338	-0.132872
-159.795	-0.17	-0.82	-1.02	-0.95	-1.02	-0.91	-1.29	-1.18	-0.75	-0.98	-0.27	-0.53	0.01	-1.33	-0.76	-0.717301	-0.305877	0.239931	1.16084	0.884092	-0.259137
-158.764	-1.46	-0.44	-0.81	-1.85	-1.94	-1.66	-0.81	-2.11	-1.72	-0.79	-0.01	-0.8	-1.21	-1.26	-1.82	-1.16303	-0.470445	-0.733789	-1.01269	-0.147911	-0.743645
-157.733	0.17	-0.9	-0.19	-1.22	-0.28	-0.23	-0.26	-0.28	-0.09	-0.22	0.65	-0.5	-0.35	-0.62	-0.38	-0.29436	0.285142	-0.320451	0.600153	0.37087	0.251783
-156.702	-0.56	-0.74	-0.65	-1.4	-0.53	-1.48	-1.26	-1.64	-1.01	-0.95	-1.63	-1.04	-0.93	-2.1	-0.77	0.178742	0.0218117	0.218819	-0.0900089	-0.714589	-0.141364
-155.672	-0.21	-0.28	0.13	-0.76	-0.24	-0.43	-0.17	-0.89	0.18	-0.79	-0.43	-0.13	-0.27	-1.15	0.51	-0.316703	0.123052	-0.485067	0.307169	0.871402	-0.0597807
-154.641	-1.03	1.49	1.31	0.45	-0.66	0.38	0.86	0.61	1.54	-0.13	0.39	-0.33	0.02	0.73	0.03	0.482556	0.817555	0.673258	0.186328	1.24747	0.744991
-153.611	-1.36	-2.44	-2.19	-2.19	-1.25	-1.4	-1.23	-1.91	-0.88	-1.76	-0.44	-1.07	-1.12	-1.87	-1.56	-1.39857	-1.04482	0.0845574	0.0506111	-0.603523	-0.316419
-152.581	-0.84	-1.6	-1.22	-0.59	-0.06	-1.93	-1.25	-1.27	-0.46	-0.2	-0.49	-0.63	-1.09	-0.85	-0.73	-1.22102	0.282061	0.290948	0.606895	1.09188	0.0804244
-151.551	0.49	0.18	0.02	-0.56	-1.59	0.06	-0.41	-0.45	-0.31	-0.86	-0.79	-0.53	-0.04	0.24	0.11	0.0185912	0.0415689	1.62038	0.64631	1.21116	0.269927
-150.521	0.12	-0.51	-0.9	-1.61	-0.13	-0.8	0.5	-1.73	-1.18	-1.23	-0.7	-0.88	0.03	-1.49	-0.25	-0.477111	0.502483	0.876116	0.0130995	0.356667	0.781181
-149.492	-0.82	-0.27	0.62	-0.69	-0.67	-0.96	-1.21	-0.44	-0.33	-0.57	-1.08	-0.62	-0.2	-1.2	-0.36	-0.360803	0.275062	0.575978	0.832368	1.40102	0.573568
-148.463	0.17	-0.8	-1.38	-0.46	-0.2	-1.39	-1.16	0.42	1.22	-0.59	0.23	-2.41	-2.34	-1.07	-1.08	-0.573341	0.892725	0.201076	1.10909	0.481188	0.341754
-147.434	-2.31	-1.22	-1.82	-3.66	-2.62	-2.31	-2.57	-2.53	-2.34	-1.49	-1.86	-2.11	-2.73	-2.03	-0.99	-2.16993	-1.11565	-0.43861	-1.46088	-0.331147	-0.756717
-146.404	0.06	-0.61	-0.27	-0.85	-1.84	-1.6	-2.12	-0.74	-0.6	-1.24	-0.37	-1.42	-0.74	0.01	-0.07	-0.761337	0.282552	0.539316	0.746982	0.936212	-0.52853
-145.376	-1.13	-1.54	-0.53	-1.41	-2.06	-2.19	-2.09	-1.64	-1.78	-2.05	-2.31	-0.84	-1.1	-2.38	-2.06	-2.15407	-1.46093	0.295294	0.202842	0.42109	-0.642048
-144.347	0.5	-0.32	-1.79	-2.13	-0.96	-1.86	-1.05	-0.99	-0.99	-1.5	-1.87	-1.13	-1.13	-1.55	-0.88	-1.6679	0.0396473	-0.0609214	0.777327	-0.10862	-0.721247
-143.319	0.02	-0.03	0.58	-1.49	-1.14	-0.78	-1.06	-0.72	-0.27	0.24	-0.13	-1.37	-0.54	-0.7	-0.27	-0.277545	0.457376	0.064893	-1.24728	0.203314	0.956347
-142.29	-0.94	-1.29	-0.52	-0.9	-0.6	-0.66	-1.08	0.21	-0.09	-0.94	-0.63	-0.21	-0.79	-1.56	-0.42	0.373356	0.593968	1.16563	0.984369	1.32246	-0.21677
-141.262	-0.28	-0.19	-0.47	-1.07	-1.13	-0.66	-1.24	0.45	1.18	-1.17	-0.66	-0.24	-0.13	-0.32	0.83	-0.834319	-0.0939656	0.330222	1.68733	-0.178104	0.394771
-140.235	-1.26	-1.72	-1.36	-1.06	-1.14	-1.96	-1.16	-0.81	-0.3	-0.69	-1	-1.41	-0.5	-2.21	-1.09	-0.134214	0.0534453	0.565669	0.312344	0.253363	-0.437956
-139.207	-1.16	-0.68	-0.65	-1.91	-2.32	-1.01	-1.27	-1.49	-0.69	-1.95	-1.11	-1.29	-1.02	-0.76	-0.94	-0.773534	-0.561135	-0.0227465	-0.946908	0.687176	0.237193
-138.179	-0.53	1.04	1.3	-0.41	1.31	0.15	0.72	1.33	0.55	-0.48	-1.05	-0.11	0.21	1.1	1.43	0.835227	1.55912	1.00131	1.18579	0.678666	1.98701
-137.152	-0.83	-1.41	-1.28	-1.44	-1.4	-1.64	-1.12	-0.37	-0.12	-0.29	-0.71	-1.1	-1.39	-1.99	-1.49	0.228117	-0.159925	-0.229148	0.265029	-0.404651	-0.362132
-136.125	-2.37	-3.07	-1.69	-3.43	-2.03	-2.33	-2.33	-2.06	-1.85	-2.75	-2.1	-2.11	-2.96	-2.11	-1.13	-1.25457	-1.67151	-1.35722	-1.82446	-2.26587	-1.88417
-135.097	0.2	0.44	0.5	-0.62	0.12	-0.37	0.23	-0.41	-0.24	-0.7	-0.09	-0.01	-0.27	-0.79	-0.77	0.281039	-0.427098	-0.75368	-0.361109	0.825903	-0.299822
-134.07	-1.43	-1.46	-2.06	-2.38	-1.51	-2.18	-1.14	-1.23	-1.42	-1.32	-2.23	-1.18	-1.01	-2.66	-1.99	-1.03118	-0.802642	-0.65165	-1.14961	-0.646981	-1.18554
-133.044	-1	-0.69	-1.27	-0.68	-1.39	-2.23	-0.74	-0.89	-0.6	-1.14	-0.3	-0.57	-0.45	0	-0.25	-1.2073	-0.94588	0.139928	0.250838	-0.165912	0.0308602
-132.017	1	-2.31	-2.25	-1.56	-1.23	-1.58	-1.01	-1.01	-1.17	-1.98	-1.61	-1.89	-1.51	-2.26	-1.22	-1.59621	-0.469039	-1.47904	-1.06722	-1.0064	-1.222
-130.991	2	-1.05	0.1	-1.69	-0.11	-1.18	-1.25	-0.03	0.53	-0.14	0.54	-0.01	-0.34	0.14	0.91	0.239712	0.33849	2.84966	1.45174	0.00468629	0.145608
-129.965	3	-0.93	-0.29	0.41	-0.19	0.22	0.43	-1.17	-0.28	-0.98	0.01	0.08	-0.13	-1.31	-0.51	0.65036	0.456592	0.565906	1.38758	1.64717	0.593579
-128.939	0.01	0.03	-0.12	0.09	-0.52	-1.31	-1.08	-0.34	0.72	0	-0.67	0.09	0.84	-1.67	-0.81	-0.476936	0.290033	0.529883	0.371676	0.272236	0.487058
-127.913	-0.47	0.38	0.82	-0.05	0.63	0.04	1.06	1.04	0.66	0.07	1.28	0.84	0.29	0.89	0.76	0.909	2.07669	1.89978	1.4001	0.908434	1.62324
-126.887	-1.42	-2.22	-2.59	-2.46	-2.28	-2.38	-2.27	-1.12	-1.1	-1.97	-2.11	-1.52	-1.58	-1.63	-1.68	-0.171607	0.0231986	-0.635818	-0.805961	-1.28143	-1.1004
-125.862	-0.6	-0.52	-0.69	-1.16	-0.76	-1.37	-0.78	-0.33	0.7	-0.74	0.34	-0.74	-0.78	-0.29	-0.84	0.648446	0.315098	0.790137	-0.361303	-0.147525	0.42108
-124.837	-0.77	-0.05	0.2	-1.34	-0.11	-1.05	-0.76	-0.91	-0.8	-1.12	-1.27	-1.92	-0.96	-0.92	-0.33	-1.10176	-1.01334	0.0357078	-0.0670408	0.405895	-0.197775
-123.812	0.11	-0.89	0.4	-1.13	-0.68	-0.33	-0.48	0.94	1.58	-0.07	0.4	0.21	-0.12	0.11	0.3	0.447884	0.152602	0.251651	0.826721	1.02158	-0.102541
-122.787	0.14	0.44	0.27	0.42	0.21	-0.69	-0.56	0.58	0.46	0.54	0.66	-0.1	1.15	0.82	-0.22	1.7175	1.75394	0.75696	1.24071	1.51467	1.47838
-121.762	-1.5	-0.28	-0.59	-3.17	-2.37	-1.62	-2.34	-2.03	-2.21	-1.28	-1.34	-0.58	-1.02	-2.1	-1.81	-1.66495	-1.43645	-0.561928	-0.667847	-1.62118	-0.761907
-120.737	0.67	-0.71	0.19	-0.09	0.49	0.52	1.76	0.62	1.16	-0.46	0.11	0.58	1.71	1.31	1.65	-0.0406936	0.541689	1.56904	2.39373	1.39552	1.22643
-119.713	-0.6	-1.14	-1.53	-1.31	-2.17	-0.99	-0.99	-1.94	-1.05	-0.9	-1.35	-1.06	-0.58	-0.96	-1.13	-1.92146	-1.73657	-0.77739	-0.812291	-0.907194	-0.501702
-118.689	0.23	-1.28	-1.15	-2.01	-0.51	-1.69	-0.9	-2.17	-1.43	-1.13	-1.41	-0.75	-0.13	-1.99	-1.24	-0.356524	-0.357561	0.0545831	-0.519671	-0.519212	0.357514
-117.665	-1.02	-1.16	-0.27	-1.02	-0.9	-1.04	0.04	-0.18	0.19	-1.76	-0.44	-1.88	-1.74	-1.11	-0.76	-1.09968	-0.721576	0.699941	0.67555	-0.555123	-0.0265449
-116.641	0.75	-0.34	-0.15	-1.38	-1.65	-0.81	-0.76	-0.42	0.23	-1.26	-0.88	-0.3	-0.06	-1.54	-0.71	-0.117224	-0.395728	-0.701738	-0.53559	0.378208	0.919477
-115.617	-0.83	-0.65	-0.95	-0.9	-0.49	-2.54	-0.91	-0.72	-0.15	-0.24	-0.47	-1.54	-1.36	0.01	0	-1.18747	-0.635151	-0.733271	-0.6254	0.322665	-0.069391
-114.594	-0.53	-0.12	0.88	-2.14	-1.09	-0.85	-0.72	-1.61	-0.43	-1.01	-0.67	-1.62	-1.4	-0.74	0.03	-0.694249	-0.0856076	0.800882	0.879758	0.0961584	-1.17952
-113.571	0.16	-1.26	-0.9	-0.17	-1.08	-0.77	-1.41	-1.42	-1.09	-1.42	-1.35	-1.68	-0.85	-1.96	-0.56	0.780709	0.3807	0.178174	-1.15273	0.0854449	0.916854
-112.547	0.15	-0.72	0.03	-0.38	-1.09	-0.85	-0.76	0.93	0.95	-0.1	0.13	-0.39	-0.56	-0.74	-0.28	0.308269	0.544874	0.369878	0.60843	1.29214	-0.729146
-111.525	-1.01	-0.08	-0.42	-1.03	-2.52	-1.91	-1.28	-1.59	-1.11	-0.56	-0.73	-1.49	-1.2	-1.19	-1.22	-0.756182	-0.837126	-1.51491	-1.15915	-0.868571	0.487955
-110.502	-1.27	-2.11	-1.71	-2.28	-1.57	-1.73	-1.32	-1.38	-2.22	-1.72	-1.53	-1.49	-1.26	-0.87	-0.5	-1.62252	-1.41702	-0.730116	-0.20333	-0.324256	-1.75161
-109.479	1.11	0.41	-0.37	-0.43	0.61	-0.02	0.55	0.12	1.15	0.32	0.54	0.42	0.8	0.46	1.24	0.0998845	0.498761	1.69813	1.07545	0.418981	0.774344
-108.457	-0.61	-1.63	0.31	-1.79	-1.38	-1.61	-1.54	-1.26	-0.68	-1.22	-0.85	-0.15	-0.27	-1.6	-0.56	-0.476851	0.368359	-0.357653	-0.0193225	-0.227446	-0.135733
-107.434	-0.69	-0.69	-0.51	-1.95	-1.18	-0.63	-1.31	-1.13	-1.17	-1.81	-1.94	-1.12	-1.24	-1.38	-0.19	-0.176046	-0.757002	0.67707	-0.0123988	-0.852287	-0.900384
-106.413	0.01	0.12	-0.41	-0.41	-0.93	-0.63	0.11	0.49	0.2	-0.98	0.37	0.45	-0.1	-0.32	-0.1	-0.850596	-0.508238	0.280961	0.110429	0.0717296	0.518037
-105.39	1.19	0.71	0.62	-0.5	-0.32	0.28	1.74	0.99	1.29	0.93	0.7	0.3	1.02	-0.23	0.53	1.77898	1.53756	1.36858	2.48063	1.90331	1.05467
-104.369	-1.07	-0.45	-0.5	-0.93	-0.81	-1.04	-0.58	-0.94	-0.79	0.12	-0.36	-1.21	-1.43	-1.15	-0.12	0.71951	0.83551	1.59465	0.606293	0.115578	0.0824853
-103.347	-0.6	-1.49	-1.07	-0.66	-1.29	-0.81	0.24	0.15	0.55	-0.7	-0.08	-0.53	-1.48	0.54	-0.93	-0.3752	-0.763204	-0.336979	0.314023	0.0380273	0.683566
-102.326	-0.97	-1.68	-1.59	-2.78	0.5	-1.05	-1.72	-1.79	-1.6	-1.29	-0.7	-1.79	-1.35	-1.7	-1.22	-0.455414	-0.368922	-0.216709	-1.48658	-0.669834	-0.0524344
-101.305	0.48	0.15	0.43	-0.66	0.33	-0.25	0.8	0.71	1.32	-0.13	0.13	0.94	0.87	-0.76	-1.05	0.384863	0.0932625	1.73958	1.35841	1.74449	-0.220665
-100.283	-0.56	-1.03	-1.87	-2.97	-1.35	-1.85	-1.38	-1.11	-1.3	-2.16	-2.09	-2.08	-1.45	-0.67	-1.04	-1.03947	-0.6368	-0.767376	-0.777859	-0.336154	-0.790509
-99.2627	-0.67	-0.4	-0.45	-1.26	-0.86	-1.5	-1.4	-1.04	-0.44	-1.08	-0.72	-1.34	-1.54	-1.03	-0.51	-1.64115	0.142891	-0.563974	-0.16583	0.0845046	-0.79126
-98.2421	-0.43	-1.64	-0.71	-1.34	-1.46	-2.34	-1.49	-1.4	-0.25	-1.18	-1.08	-1.52	-0.74	-1.32	-1.17	-1.49418	-2.13641	0.532157	0.549304	-0.0886267	-1.33088
-97.2216	0.06	-1.17	-1.18	-1.91	-0.56	-2.01	-1.7	-1.35	-0.58	-0.69	-1.08	-0.68	-0.62	-1.6	-0.52	-0.822154	-1.07383	-1.01487	-0.557633	-0.194838	-0.708278
-96.2013	0.16	1.19	1.18	0.05	1.28	-0.04	-0.23	-0.1	0.43	0.36	0.7	-0.16	-0.13	0.84	2.01	0.0415961	1.34822	0.845941	0.772905	0.103457	0.763684
-95.181	-1.15	-0.49	0.28	-2.22	-1.61	-0.83	-0.93	-0.89	-0.33	-1.35	-1.29	-0.66	-1.05	-1.29	-0.43	0.226463	-0.125593	0.543099	0.830273	1.45257	0.00994324
-94.1612	0.48	-0.61	-1.29	-1.85	-0.82	-1.23	-1.79	-2.07	-1.07	-1.78	-1.72	-0.33	-0.5	-2.97	-1.52	-2.02861	-1.00749	-0.873772	-0.527683	-0.434383	-0.152302
-93.1412	-0.28	-1.27	-0.67	-2.15	-0.58	-0.05	0.45	-0.59	-1.06	-1.67	-1.59	-0.17	-0.66	0.24	0.04	0.647402	0.925602	0.59448	0.381695	0.63433	-0.128849
-92.1216	-0.37	-2.03	-2.06	-2.22	-0.94	-1.25	-0.67	-0.47	-0.5	-1.07	-0.22	-1.45	-1.25	-1.15	-0.58	-0.678965	-0.357944	0.635701	0.131774	-0.0550541	-1.34276
-91.1021	0.13	0.82	0.94	-1.86	-0.51	-0.6	-0.38	-0.24	0.28	-0.36	-0.37	-0.49	0.07	-0.54	0.33	0.205458	-0.250484	-0.0619164	0.533049	0.907041	0.97434
-90.0828	-0.58	-1.06	-0.77	-1.66	-0.2	-1.79	-0.49	-1.58	-0.9	-0.49	0.39	-1.22	-0.58	-0.61	-0.36	-1.23542	-0.742491	0.197964	0.571158	-0.629521	1.19176
-89.0639	-0.03	-0.64	-0.17	-1.06	-0.04	-1.38	-1.65	-0.04	0.46	-1.67	-1.28	-1.1	-1.86	-0.15	-1.7	-0.596502	-0.288423	0.355786	0.6798	-0.69409	1.41609
-88.0448	-1.69	-1.33	-1.65	-2.18	-1.41	-1.71	-0.98	-2.17	-1.5	-1.22	-1.43	-1.72	-0.82	-1.18	-1.4	-1.06157	-0.562146	-0.726958	-0.93273	-1.22485	-0.0875604
-87.0261	-1.47	-0.09	-0.15	-1.31	-0.9	-2.11	-1.5	0.51	0.04	-1.19	-0.82	-0.41	-0.87	-0.18	-0.39	-0.500135	-0.253045	-0.879557	-0.625701	0.459106	-0.228579
-86.0075	-0.34	-0.38	0.64	-0.03	-0.5	-1.51	-0.64	-0.04	0.04	-1.31	-0.59	-0.07	-0.1	0.07	0.62	-0.513926	-0.0397009	1.25899	0.423981	0.128194	-0.544869
-84.9891	0.3	0.49	0.17	-0.73	0.01	-0.13	0.71	-0.27	-0.13	0.48	-0.35	0.96	1.07	0.39	0.46	0.782736	0.671498	0.353495	0.829209	0.759402	1.19656
-83.9711	-0.47	-0.56	0.3	-1.83	-1.75	-2.03	-1.99	-0.94	-0.9	-0.48	0.17	-1.15	-1.45	-1.91	-1.82	-0.347389	0.534952	-0.693151	-0.0252773	0.262817	-0.919287
-82.9529	-0.57	-1.12	-0.09	-1.52	-0.68	-0.78	-0.3	-0.5	-0.49	-0.99	-0.53	-1.57	-0.69	0.14	0.56	-0.422589	-0.101664	0.0192007	0.13685	-0.176922	0.894025
-81.9352	0.89	-0.04	0.78	-0.48	-0.63	-0.02	-0.66	0.48	0.56	1.29	1.18	0.27	0.15	-0.54	1.18	0.530606	0.395123	0.608607	1.50683	0.187791	1.271
-80.9175	-1.48	-0.23	-0.53	-1.36	0.14	-0.56	-0.62	0.41	0.73	-0.72	-1.27	-0.38	-0.04	-1.58	-0.47	-1.16035	-0.765201	-0.733968	-0.644056	0.370922	-0.838783
-79.9	-0.98	0.8	0.54	-0.2	-0.32	-0.1	0.03	-0.26	-0.28	0.28	0.04	0.21	0.38	0.88	0.4	0.808338	0.32313	1.5041	1.15396	1.43846	1.42953
-78.8826	-0.92	-0.75	0.55	-0.46	-0.65	-1.12	0.19	-0.08	0.57	-1.18	0.34	1.2	1.42	-0.49	-0.07	0.805472	-0.268685	1.09576	0.0641951	1.48691	-0.332744
-77.8653	0.37	-0.83	-0.42	-1.89	-0.26	-1.59	-1.39	-0.33	0.32	-0.25	-0.02	-1.46	-0.16	-1.99	-0.47	0.444672	0.795743	0.134003	-0.676734	-0.817132	-0.118048
-76.8484	-1.47	-0.76	-0.43	-1.54	-0.29	-1.06	-0.29	-1.19	-0.37	-0.47	-0.09	-1.12	-1.01	-1.07	-1.13	-0.446335	0.0817378	0.217813	0.0265993	0.13225	-0.502207
-75.8317	-0.31	-0.48	-0.39	-0.79	-1.63	-1.11	-0.83	-0.2	0.63	-0.45	-0.81	-0.89	0.64	0.54	0.17	-0.649835	-0.451824	0.561496	-0.098137	0.880615	0.454741
-74.8151	-0.23	-0.71	0	-0.7	0.33	-0.52	-0.62	-1.44	-0.68	-1.16	-0.58	0.45	0.21	-0.24	0.22	-0.552116	-0.140171	-0.201273	-0.141871	-0.0511164	-0.283917
-73.7986	-1.46	-1.23	-0.86	-2.59	-1.75	-1.43	-1.33	-0.63	-0.77	-1	-0.72	-0.86	-0.96	-1.65	-1.15	-2.02584	-1.52946	-0.0673345	-0.567227	-0.0406305	-1.00298
-72.7822	-0.22	-1.06	-0.47	-1.34	-0.72	-0.41	-0.57	-0.86	-0.27	-1.04	-0.86	-1.08	0.18	-1.59	-1.04	-0.866246	0.553633	0.735604	0.93786	0.0222565	-1.38919
-71.7662	-0.3	-0.88	-0.64	-1.91	-1.5	-1	-0.48	-1.56	-0.89	-2.05	-1.48	-1.22	-0.12	-0.83	-0.41	-0.603901	-0.61977	-0.267409	-0.782885	0.0202991	-0.291865
-70.75	0.8	0.38	0.06	-0.28	1.05	-0.63	0.03	-0.3	1.12	0.55	0.37	-0.87	-0.05	-0.18	0.12	1.0442	1.6187	1.16863	1.7748	1.65166	1.21714
-69.7343	-1.13	-1.21	-1.35	-2.49	-1.44	-2.45	-1.89	-1.58	-1.1	-1.28	-1.66	-2.03	-0.76	-0.45	-0.26	-0.455338	-0.417985	0.924016	0.600643	-0.328743	-0.409402
-68.7187	-1.26	-0.66	-0.88	-1.84	-1.58	-1.17	-1.65	-0.69	-0.18	-0.64	-0.2	-0.6	-0.38	0.1	-0.26	1.3749	0.621433	-1.13446	-0.839554	0.766791	0.20946
-67.7036	-0.28	-0.13	-0.4	0.29	-1.39	-0.31	-0.56	-0.45	-0.6	-0.26	1.14	-1.26	-1.44	-0.36	0.25	0.116206	-0.301466	0.0668717	0.342699	-0.38331	0.88686
-66.6882	-0.59	-0.29	0.18	-2.27	-1.53	-1.74	-1.49	-0.18	0.25	-0.97	-1.27	0.22	-0.7	-1.62	-1.56	-0.0475137	-0.133476	0.136108	0.142208	0.608452	-0.555063
-65.6733	-0.69	0.07	-1.11	-1.62	-1.47	-1.59	-1.58	-2.25	-0.66	0.23	0.81	-0.67	-0.29	-1.68	-0.41	-0.464311	0.168768	-0.415058	-0.257521	-0.399359	-1.00236
-64.6581	-0.5	-0.37	-0.4	-0.79	-0.73	-0.84	-0.44	-0.96	-0.18	-0.82	0.65	-0.36	-1.44	-0.19	0.02	-0.41812	0.848475	0.389923	0.73643	-0.403954	-0.882981
-63.6434	-0.65	-1.4	-0.08	-0.41	-0.39	0.12	-0.14	-0.29	-0.15	-0.35	0.25	-0.43	-0.26	-0.37	-0.26	0.171549	0.372609	1.38002	1.73565	-0.0220337	0.720869
-62.6288	-1.59	-1.26	-1.69	-1.86	-1.36	-1.22	-1.34	-1.41	-1.05	-1.29	-0.81	0	-1.08	-0.85	-1.87	-0.619917	-0.680146	-1.50096	-0.737134	0.380302	-1.26247
-61.6147	-0.28	-0.35	-0.46	-0.2	-0.53	0.49	0.55	0.06	0.95	-0.21	-0.79	2	0.23	-0.33	0.64	-0.0148528	1.00902	0.531192	1.33567	0.618516	0.11691
-60.6003	-1.02	-2.22	-1.18	-2.08	-0.65	-1.98	-2.67	-1.2	-0.6	-2.33	-0.48	1	-0.72	-1.34	-1.15	-0.639393	-0.342203	0.535098	-0.341483	0.082552	0.00534551
-59.5865	0.11	-0.14	-0.41	-0.79	-1.34	-0.27	-0.45	0.21	-0.14	0.29	-1.15	1	-1.4	-1.37	-0.06	-0.977125	-0.463872	1.30785	1.03223	0.71426	1.00399
-58.5727	-0.09	-0.2	-0.65	-0.72	-0.21	-1.36	-0.33	-0.31	0.64	0.28	0.34	-0.21	-0.08	0.25	0.34	1.1096	1.05924	0.808331	0.59214	0.719404	0.166918
-57.559	0.26	-0.61	-0.54	-1.31	-0.37	-1.13	-0.69	0.07	0.18	-0.46	-0.76	-0.52	0.45	-0.85	0.08	-0.341612	-0.492304	0.896542	0.310298	0.167126	0.215354
-56.5454	-1.31	-2.2	-1.79	-2.22	-2.06	-1.57	-1.83	-1.25	-1.1	-0.33	-0.72	-1.95	-1.92	-0.84	0.05	0.268159	0.456515	-0.762623	0.17939	0.0717789	0.123611
-55.5319	-1.26	-0.6	-0.65	-2.18	-1.44	-2.26	-0.83	-2.52	-1.26	-1.11	-1.36	-1.59	-0.9	-1.68	-1.61	-0.439655	0.160237	0.217638	0.176714	0.324762	0.276386
-54.5189	-0.38	-1.42	-1.33	-1.28	-0.97	-2.7	-1.5	-1.4	-1.9	-1.36	-1.3	-0.39	-1.32	-2.37	-1.94	-1.11959	-0.0142342	0.37715	-1.53291	-1.38765	-0.0178053
-53.5061	-0.58	-1.14	-0.76	-1.81	-2.01	-2.2	-1.66	-2.39	-2.47	-1.4	-2.23	-1.98	-2.31	-1.81	-1.11	-2.20453	-1.56413	-0.213655	-1.40609	0.439441	-0.938472
-52.4933	-0.31	-0.97	-0.39	-1.49	-0.97	-1.58	-1.16	-0.73	0.58	-0.51	-0.34	-0.51	-0.62	-0.68	-0.32	-1.41286	-0.499282	-0.246485	0.371585	0.671306	0.466543
-51.4806	-0.37	-1.74	0.15	-0.84	-0.14	-1.28	-0.72	-1.64	-1.09	-0.12	-0.16	-1.17	-0.42	-1.87	-1.2	-0.663544	-0.805601	-0.0769109	0.160263	0.47256	-0.130065
-50.468	0.99	1.84	1.02	0.4	-0.18	0.28	-0.08	0.98	1.73	-0.47	0.06	0.88	-0.42	0.79	1.18	0.206383	0.459751	0.652397	0.800434	0.489883	1.47557
-49.456	-1.7	-1.85	-1.49	-2.12	-0.36	-1.92	-2.31	-0.51	-0.06	-1.96	-1.17	-1.65	-1.57	-1.2	-0.71	-0.886436	-0.314726	-0.33058	-0.444397	0.359683	-1.24951
-48.4436	0.34	-0.19	-0.08	-0.19	-0.41	-0.43	0.37	-0.45	0.32	-1.08	-1.16	-0.73	-0.54	-1.41	-0.05	-0.807168	-0.571103	0.628928	0.804213	-0.509149	-0.406176
-47.4317	-1.25	0.64	0.83	-1.39	-0.07	-1.33	-1.83	-0.11	-0.78	-0.74	-0.92	-0.76	-0.64	-0.23	-0.48	0.203946	0.488482	0.654689	0.931321	0.399127	1.07384
-46.42	1.76	1.21	1.25	-0.76	0.52	0.53	0.39	0.13	1.04	0.64	0.7	0.36	0.48	0.99	1.11	1.55976	1.55315	1.39853	2.58498	1.72128	0.668453
-45.4087	0.35	-0.59	-0.59	-0.66	-0.83	-1.65	-0.55	-0.79	-0.07	-0.33	-0.27	-0.7	-0.61	-1.13	-1.28	0.689291	0.819838	0.433136	0.109133	1.16168	0.594994
-44.3971	0.76	-0.27	-0.18	-0.42	-0.03	0.05	1.29	0.39	0.52	0.06	0.4	0.36	0.47	0.87	0.73	0.341522	0.0617854	0.477587	0.231949	1.60094	0.996415
-43.3861	-1.62	-1.78	-2.05	-3.11	-1.46	-2.29	-1.33	-1.62	-1.37	-1.94	-1.99	-1.95	-0.83	-1.59	-1.45	-0.767414	-1.37414	-1.45614	-1.6613	-2.03834	-1.93936
-42.3747	-0.12	0.03	0.12	-0.95	-0.73	-1	-1.3	-0.41	0.16	-0.65	0.36	-0.08	-0.44	-0.92	-0.48	-0.0637094	0.405129	-0.160107	-0.315973	0.74114	0.439685
-41.3639	-1.17	-0.57	-1.2	-0.86	-0.64	-1.6	-1.18	-1.43	-1.74	-0.71	0.15	-0.8	-0.96	-1	0.19	-1.45808	-0.968597	-0.760655	-0.708009	-1.47323	-0.244521
-40.3531	-0.56	-0.6	-0.07	-1.17	-0.61	-0.7	-1.02	0.95	0.44	-0.27	-0.52	0.15	0.34	-0.91	-1.33	-0.734642	-0.250612	-0.042064	-0.267103	-1.28315	-0.35579
-39.3428	-0.23	-0.31	-0.27	-0.91	-0.11	-0.93	-0.22	-1.05	-0.47	-1.29	-0.21	-1.82	-1.82	-0.84	-0.68	-0.668894	-0.385131	0.610513	1.13702	0.613809	-0.549809
-38.3323	-0.1	-1.42	-0.16	-0.09	-0.65	-0.57	-1.28	-0.99	-0.82	0	0.32	0.39	0.3	-1.04	-0.05	0.533591	0.208921	0.982997	1.44135	1.69338	0.124836
-37.3222	-1.17	-1.26	-1.32	-0.62	0.54	-1.27	-0.9	-0.67	-0.56	-0.59	-1	-0.4	-0.57	-0.81	-0.36	-0.996053	-0.562457	-0.0523557	-0.132691	0.51024	-0.286118
-36.3123	0.86	-0.1	1.4	-0.93	-0.14	-0.48	-0.52	-0.45	0.28	-0.22	-0.16	0.29	0.47	-0.25	0.23	0.622735	0.330505	1.74823	1.43174	0.746539	1.00808
-35.3024	-2.33	-0.02	-0.74	-1.9	-1.73	-2.75	-1.93	-2.01	-1.98	-0.91	-1.54	-1.82	-1.27	-2.82	-1.01	-0.929626	-0.778835	0.166511	-0.872679	-0.350263	-0.932128
-34.2927	-0.67	-0.68	-0.79	-1.61	-0.06	-1.06	0.28	-0.95	-0.29	-1.16	-0.6	0.18	0.48	-1.1	-0.52	-0.646271	0.22182	-0.112092	-0.143303	0.432371	0.627876
-33.283	-0.6	0.4	0.74	-0.85	-1.34	-1.37	-0.33	0.59	0.3	0.03	-0.72	1.17	0.52	0.05	0.76	0.634926	0.847897	0.270253	0.608228	1.09715	1.03369
-32.2739	-0.51	-0.27	-0.5	-0.79	0.02	-1.17	-0.76	0.23	0.03	-0.58	-0.01	-0.33	0.25	-1.4	-0.75	-0.737093	-0.218285	0.553747	1.27947	-0.180278	-0.583217
-31.2648	0.12	-1.88	-0.9	-2.82	-2.12	-2.01	-1.14	-0.27	-0.91	-1.49	-1.48	-0.89	-0.95	-1.03	-1.92	-1.20654	-1.26942	-0.531321	-0.894277	0.326943	-0.503922
-30.2559	-1.51	-1.38	-0.52	-0.54	-1.37	-1.42	-1.04	-1.05	0.63	-0.99	-0.17	-0.48	0.1	-1.27	-0.71	0.269224	0.536088	-0.608718	-0.0401238	0.503934	-1.22792
-29.247	-0.09	-1.18	0.04	-0.73	-0.56	0.34	0.21	-1.46	-0.99	-1.2	0.11	0.89	0.01	-0.89	-0.65	0.0601844	-0.233581	-0.136135	1.16077	0.210813	0.391868
-28.2383	-1.06	-0.03	0.86	-0.52	-0.5	-1.01	-0.16	-0.42	0.31	-0.74	-0.05	-0.5	0.1	-0.09	0.24	-0.0814648	0.617044	0.956147	0.823411	0.876454	-0.517391
-27.23	1.19	0.34	0.14	-0.26	-0.82	-0.34	-0.3	-0.24	1.08	-0.93	-0.83	-1.56	-0.76	-1.94	-2.18	0.369095	0.537757	1.49697	0.624259	0.727503	0.853329
-26.2215	-1.5	-1.76	-1.15	-2.19	-1.73	-1.59	-1.28	-2.36	-1.69	-1.16	-1.4	-2.22	-1.92	-1.28	0.16	-0.972279	-1.02399	-0.605051	-0.287822	-0.745072	-0.318439
-25.2134	-0.78	-0.86	-1.09	-0.47	-1	-0.46	-1.7	0.16	-0.43	-0.24	-0.15	-1.46	-1.11	-1	-0.57	-0.413148	-0.994206	0.162502	0.271426	1.06822	1.19189
-24.2055	0.08	-0.61	-0.23	-1.3	-1.91	-1	-0.32	1.14	0.76	-0.34	-0.33	-0.32	0.08	-0.73	0.17	-0.673652	0.0569837	1.69764	1.45524	0.851087	-0.597342
-23.1976	0.28	-0.58	-0.31	-0.01	-0.46	-0.86	-0.81	0.12	0.19	-0.32	-1.24	-1.09	-0.46	-0.27	0.13	0.969686	0.519348	-0.451548	0.232264	0.559558	-0.212976
-22.1903	-0.03	0.93	0.16	-0.66	0.18	-0.66	-1.09	0.39	0.91	0.23	0.55	0.46	0.95	-0.62	0.26	1.0469	1.30035	1.14493	0.78776	0.706874	1.24771
-21.1827	0.08	-0.01	0.28	-1.36	0.32	-1	0.17	0.54	0.18	0.29	-0.7	-0.04	-0.44	-0.81	-0.88	-0.169831	-0.100878	1.04855	0.0658839	0.489513	-1.13529
-20.1755	-1.75	-1.08	-0.75	-0.87	-0.74	-2.31	-1.35	-1.82	-2.23	-1.4	-2.09	-1.07	-0.65	-1.44	-1.55	0.220659	0.0243011	-1.75014	-1.13365	-0.257028	-0.760384
-19.1685	-2.45	-1.27	-0.54	-1	-1.17	-1.23	-1.61	-0.82	-0.78	-1.33	-0.95	-1.25	-0.8	-1.46	-0.81	-1.55541	-1.81432	-0.347908	-1.58341	-1.03332	-0.599646
-18.1615	0.58	0.22	0.14	-0.43	-0.35	-0.32	0.36	0.93	0.21	0.66	0.98	0.84	0.41	-0.3	0.36	0.277039	1.07519	1.64216	2.2746	1.33762	-0.160801
-17.1551	-0.36	-0.38	-0.91	-1.07	-0.3	-1.97	0.07	-1.33	-1.57	-0.59	-1.08	-1.03	-0.28	-0.62	-0.21	-0.888692	0.0269579	0.0866867	0.101905	-0.102003	-0.698137
-16.1483	-0.38	0.48	-0.28	-0.32	-1.95	-0.71	-0.07	-0.93	0.33	-0.67	-0.12	-0.9	-0.86	-2.08	-0.71	-1.5609	-0.437683	0.967562	0.593985	0.100052	-0.842389
-15.1421	1.82	1.68	1.67	1.32	1.19	1.74	1.23	-0.59	1.11	0.45	0.8	0.84	-0.05	-0.53	2.21	-0.700172	2.41597	2.56334	1.71023	2.13014	1.66141
-14.1359	2.9	0.53	0.46	-0.32	-0.32	3.26	1.93	0.64	-1.08	0.29	1.57	-2.05	-1.66	0.69	1.8	-0.270273	1.33401	1.60731	1.9155	1.91614	0.469866
-13.1299	1.66	-0.04	1.36	1.08	1.51	-0.19	0.42	-1.06	0.35	-0.32	0.66	-2.82	-1.49	-0.71	-1.31	-1.02677	-1.0961	2.17188	0.801077	-0.62984	0.840092
-12.124	4.82	3.46	4.13	0.46	3.88	2.08	2.98	2.56	5.46	1.59	2.99	3.33	3.29	-1.88	-0.65	0.758049	2.36004	2.37897	3.28838	2.99919	2.1663
-11.1181	0.83	-1.69	0.35	-5.32	2.35	-3.41	-1.33	-0.98	2.97	-4.31	-5.21	-3.85	-4.68	-3.83	-5.65	1.08524	-0.427205	1.14308	-2.81504	-1.7837	3.25985
-10.1128	-4.73	-6.62	-4.97	-7.28	-4.48	-8.84	-5.01	-7.28	-5.27	-4.37	-4.67	-4.05	-6.52	-7.3	-3.3	-4.80732	-1.99318	-5.72539	-2.73405	-1.11721	-2.0863
-9.10753	-3.45	-3.11	-4.27	-7.24	-6.55	-7.97	-5.38	-8.59	-6.97	-3.66	-4.96	-3.94	-5.14	-5.64	-4.53	-5.73237	-1.07871	-4.50398	-4.59113	0.50825	-1.91134
-8.10239	-5.75	-0.18	-0.05	-4.07	-0.75	-6.24	-5	-5.34	-5.23	-2.75	-4.69	-5.71	-2.73	-3.75	-0.42	-2.66964	-3.66068	-0.879381	-2.93727	-0.724093	0.0864462
-7.09735	-2.29	-3.18	-1	-0.88	-2.23	-0.84	-2.77	-4.45	-4.15	-2.77	-1.1	-0.4	-3.48	-4.62	0.44	-5.7664	-3.19018	-1.85816	-3.19808	-1.74169	-2.42371
-6.09241	1.34	0.14	1.29	-0.13	-3.67	-0.27	-0.03	-1.38	-2.47	-3.6	-0.11	-1.62	-1.14	-2.54	-1.2	-2.60106	-2.21883	0.14028	-1.94027	-0.339138	1.06744
-5.08758	0.54	1.18	2.62	0.02	1.18	-0.65	0.89	-1.8	0.63	-2.37	-0.49	-0.63	-0.24	-3.32	0.1	-2.71967	1.45839	0.301741	-0.597884	2.75093	1.52496
-4.08323	1.41	1.16	0.81	-1.68	-4.35	-2.03	-3.38	-1.55	-1.21	-3.26	-1.24	-2.59	-3.39	1.13	-2.15	-1.94687	-1.10988	-0.260016	-0.39822	-1.13764	-1.45285
-3.07899	1.71	-1.42	-1.68	2.28	0.55	-2.98	-0.79	-1.08	-1.1	-1.05	-1.4	-0.75	-1.26	-1.85	-0.36	-1.41881	-0.4778	0.647708	0.718553	1.21126	0.128919
-2.07485	0.12	-3.93	-1.04	-3.6	-2.12	-3.97	-2.91	-3.01	-2.46	-1.62	-1.7	-2.13	-2.41	-2.47	-3.05	-3.71916	-4.1728	-4.50339	-3.36169	0.298067	-1.26581
-1.07081	3	1.26	-0.51	2.42	-1.6	1.3	1.84	1.96	2.2	2.72	0.17	-1.18	3.89	0.2	1.61	0.29322	-2.32521	-0.649303	0.11163	5.16507	-0.188467
-0.0672527	0.54	1.74	-0.66	1.17	0.31	1.62	4.04	2.3	3.37	1.66	3.47	2.32	5.77	1.7	1.63	-4.84878	-3.74503	-4.06753	-2.09625	5.32006	1.13183
0.936578	6.03	-1.91	-1.59	-0.85	2.77	5.25	6.03	6.94	8.74	7.18	7.26	2.97	6.88	0.95	-1.9	-4.77697	-1.11634	-2.79841	-1.81921	6.3298	-0.170155
1.93993	11.77	7.28	8.13	5.58	8.91	6.14	6	5.46	8.33	6.5	10.09	3.51	5.89	0.72	5.19	0.448383	7.45591	6.37887	5.09917	7.47728	5.29245
2.94317	0.42	0.36	-1.36	-5.13	-0.61	0.53	-0.87	-5.58	0.11	-4.24	-0.89	-6.9	-3.4	-6.87	-1.96	-3.38486	-0.338221	1.3241	-4.12575	3.4912	-0.841726
3.94631	-5.51	-4.63	-6.45	-9.36	-5.43	-8.03	-6.58	-7.88	-4.42	-6.97	-4.93	-8.4	-8.16	-6.03	-4.41	-5.78791	-2.68483	-5.58509	-5.54551	-1.55325	-4.42851
4.94935	-6.89	-6.39	-7.23	-5.39	-5.86	-4.24	-5.17	-5.71	-3.4	-4.88	-3.72	-4.44	-4.28	-2.06	-1.86	-2.37153	-1.15398	-3.17099	-3.1007	-0.272555	-0.437436
5.95191	-5.12	-6.04	-5.29	-5.35	-7.38	-4.37	-7.31	-5.63	-3.77	-4	-5	-3.5	-2.96	-4.83	-2.07	-4.27853	-2.26288	-3.39129	-3.0613	-1.05566	-1.73644
6.95474	-1.46	-3.4	-2.47	-2.64	-2.59	-4.19	-3.83	-3.12	-2.31	-5.08	-6.18	-1.9	-1.57	-1.89	-0.86	-2.35947	-0.768636	-3.21326	-1.09244	-1.76997	-1.44193
7.95709	-0.78	0.07	0.66	-0.04	-1.14	1.08	0.57	-0.77	-0.87	-1.25	-0.68	-2.3	-2.17	-0.79	-0.7	-0.582891	-0.502989	0.78171	0.342378	1.52362	0.333673
8.95934	1.01	0.73	1.74	-0.01	0.45	0.89	0.91	1.19	1.77	0.23	0.91	0.73	0.68	-0.5	0.26	1.39283	0.539733	1.49954	1.05132	1.36179	1.22675
9.96111	-1.18	-0.05	0.18	-0.57	-0.88	-1.24	-0.98	0.45	-1.13	0.2	0.84	-0.98	-1.2	0.97	0.69	-0.674781	0.27911	0.311297	-0.0942185	0.97865	0.107002
10.9631	0.59	-0.73	-0.62	-1	-0.89	-0.44	0.41	0.16	-0.32	-1.32	-1.54	-1.04	-0.19	-0.22	-0.16	-0.249478	0.369521	1.58085	0.952967	0.416204	0.74665
11.9647	-0.76	-1.07	-1.44	-1	-0.79	-0.71	-0.69	-0.27	-0.13	-0.82	-0.3	-0.23	-1.06	-0.74	-0.22	0.812429	0.589225	-0.00105059	-0.409286	-0.708953	0.246241
12.9665	-1.66	0.02	-0.9	-2.8	-2.33	-1.61	-1.21	-0.87	-1.25	-1.3	-1.3	-0.52	-0.8	-0.87	-0.34	-0.562037	-0.62918	-0.0323279	-0.43119	0.26395	0.0276331
13.9679	0.02	1.28	0.07	-0.06	-0.17	-0.58	-0.81	0.2	0.38	-0.23	-0.57	-0.53	0.24	-0.79	0.37	0.472172	0.289839	-0.0943822	0.0743392	0.879455	1.97587
14.9691	1.42	-0.96	-1.17	-0.88	-0.65	1.18	-0.62	-0.96	-1.04	-0.29	-0.82	-0.5	-0.64	-0.7	-0.59	-1.07131	-0.0490896	1.03814	-0.0871922	0.254372	0.28564
15.9699	-0.42	-0.27	0.92	-0.62	-0.34	-0.34	-0.08	-0.55	0.49	0.51	0.31	-0.48	-0.72	-0.24	0.19	-0.707606	0.321063	-0.267008	0.908691	0.908762	0.626123
16.971	0.25	0.82	1.2	-0.26	0.64	0.03	-0.19	0.66	0.99	-0.05	0.62	-0.52	0	0.7	0.86	-0.242815	-0.382842	1.37004	0.245944	0.897735	0.0122851
17.9715	-1.13	-1.71	-1.96	-2.09	-1.31	-1.75	-0.43	-0.65	-0.57	-2.29	-1.85	-1.67	-1.4	-1.06	-1.08	-1.0699	-0.639134	-1.70568	-1.83964	-1.15681	-0.733966
18.972	-0.44	-0.79	-0.92	-2.31	-1.03	-1.52	-1.78	-0.12	-0.76	-1.03	-1.2	-1.39	-0.42	-2.04	-1.01	-0.478405	-1.01545	-0.595815	-0.596252	0.295834	-0.869144
19.9723	-0.86	0.18	0.6	-0.95	-2.31	-1.74	-1.09	-0.49	-0.39	-1.1	-0.56	-0.72	-1.08	-0.39	-0.87	-1.40209	-0.580133	-0.301229	0.998174	0.22894	0.626122
20.9726	-0.07	-1.5	-1.27	-1.28	-0.61	-0.03	-1.02	-0.65	-0.66	-1.2	-0.8	-1.49	-1.46	-1.32	-0.54	-0.450165	0.243252	0.338643	-0.764903	0.331428	0.188556
21.9727	-0.81	-0.99	-0.42	-1.72	-0.19	-1.72	-0.89	-1.17	-1.56	-1.6	-0.24	-0.32	-0.45	-1.14	-0.52	0.23057	1.52874	0.14031	-0.22407	-1.23465	-0.666223
22.9724	-0.23	0.79	0.68	-0.67	-0.7	-0.26	-0.26	-0.66	0.91	-1.29	-0.12	-0.74	-0.31	-0.14	0.08	-0.460728	0.873477	0.684863	0.96826	1.48926	0.127796
23.972	-0.65	-0.71	0.12	-0.49	-0.04	-0.61	0.32	-0.13	-0.63	-0.12	-1.27	0.31	-0.17	-0.07	-0.66	0.320068	-0.167342	0.810156	0.104888	0.746945	-0.0125933
24.9714	-0.71	-1.18	-0.79	-0.34	-0.95	-1.18	-0.83	-1.74	-0.7	-0.77	-0.89	-0.35	-0.34	-0.88	-0.41	0.0215337	-0.714587	1.43114	-0.122331	0.68461	0.0707409
25.9708	-1.92	-1.2	-1.58	-1.53	-1.83	-1.01	-0.95	-0.48	-0.46	-0.77	-0.78	-0.81	-1.28	-0.33	-0.77	-0.962464	0.438495	0.459385	0.927039	0.213312	-0.865814
26.9701	0.15	0.64	0.79	-1.03	0.43	-0.88	0.23	-1.51	-0.79	-0.73	-0.28	-0.82	-0.87	-1.3	-0.59	-0.405915	-0.18045	-0.0262758	0.972095	0.0843082	0.665472
27.9692	-1.18	-1.41	-1.09	-1.41	-1.05	-1.59	-1	-0.68	-0.2	-0.25	0.29	0.06	-0.31	-0.2	0.28	-0.803838	-0.137756	-0.215003	-0.651307	-2.19783	-0.583342
28.9679	-0.82	-1.14	-0.74	-0.9	-1.28	-2.2	-0.99	0.21	-0.47	-1.22	-1.98	-1.88	-1.68	-1.17	-0.82	-1.58788	-0.984728	-0.696822	0.247999	-0.199206	0.620049
29.9665	1.28	0.3	0.44	-0.82	-1.18	-1.18	-0.32	-0.06	0.41	-0.81	-0.97	-0.67	-0.45	-0.56	-0.45	0.834968	-0.256604	0.489731	0.728573	-0.0853078	-0.13053
30.9649	-2.5	-1.62	-0.37	-1.77	-1.79	-2	-1.81	-0.67	0.76	-2.14	-2.15	-1.44	-1.01	-3.37	-2.45	-1.01293	-0.841202	-0.922465	-0.803098	-0.512634	-1.02496
31.9633	0.2	-1.16	-0.83	-0.9	-1.1	-0.32	-1.12	-0.67	-0.32	-0.3	-0.18	-1.37	-1.76	0.04	-0.17	0.199854	-0.0940509	1.36516	0.966815	-0.583777	0.192929
32.9612	0.7	-0.33	-0.82	-0.96	-0.27	-1.04	-0.98	-1.43	-0.11	-0.14	-0.41	-0.04	-0.75	0.26	0.16	-0.153115	0.225785	0.294332	0.648023	-0.445689	-0.306579
33.9594	-1.11	-0.97	-2.6	-2.11	-0.71	-3	-2.54	-1.97	-0.8	-1.15	-0.85	-0.59	-1.16	-1.96	-1.23	-1.26442	-1.13771	-0.263469	-1.13854	-0.0519491	0.290325
34.9571	0.12	0.67	0.47	-0.8	-0.03	0.46	-0.15	0.4	0.54	-0.93	-0.28	0.56	-0.22	-0.39	-0.21	0.570132	1.90992	0.829109	0.38294	1.54039	1.6976
35.9546	-0.23	-2.26	-2.02	-2.66	-2.47	-3.72	-2.83	-1.76	-0.84	-1.56	-1.05	-2.08	-1.34	-1.84	-1.08	-2.3808	-1.38583	-1.98285	-1.4582	-0.3239	-0.757882
36.9521	-0.81	-1.22	-1.32	-0.69	-2.17	-1.21	-1.07	-1.37	-0.5	-1.27	-0.88	-1.24	-0.98	-1.15	-0.88	0.64141	0.665155	0.694526	-0.0394217	0.0564368	0.203553
37.9495	0.82	-0.24	-0.35	-0.27	0.03	-0.27	-0.07	-0.28	0.55	-0.37	-0.86	-0.89	-0.39	0.42	-0.79	0.7057	0.280613	0.310834	0.507073	0.794471	0.41907
38.9464	-0.52	-0.58	-0.23	-1.62	-1.06	-1.1	-1	-0.89	-0.4	-1.52	-1.09	-0.77	-0.16	-1.94	-1.85	-0.227069	-0.200187	0.17147	0.0980216	0.658015	0.268372
39.9436	-0.01	-0.53	-0.07	-1.01	-1.22	-1.02	-1.38	-1.17	-0.03	-1.8	-1.01	0.66	-0.72	-0.81	-0.93	-0.560298	-0.365186	0.327891	-0.34743	1.55705	0.132769
40.9402	-1.41	-1.14	-0.93	-1.28	-0.6	-1.04	-1.57	-1.51	-1.33	-1.08	-1.09	-0.9	-0.74	-2.58	-1.71	-0.910592	-0.57556	-0.162542	0.212124	-1.6135	0.0323906
41.9368	-1.68	-1.77	-1.25	-2.49	-2.33	-1.38	-1.19	-1.38	-0.97	-1.38	-2.19	-1.33	-1.63	-0.45	-0.98	-0.853275	-1.1117	0.418805	-0.987078	-0.157258	-1.20392
42.9333	-0.97	-1.12	-1.31	-0.7	-1.7	-1.74	-0.95	-1.5	-0.32	-0.79	0.13	-0.21	-0.31	-1.34	-1.45	0.119721	-0.116052	0.559089	0.462036	0.512164	0.421345
43.9293	0.31	0.07	-0.32	-1.59	0.14	-0.56	-0.42	-0.32	1.15	-0.6	-0.41	-1.29	-0.91	0.71	0.39	0.201958	-0.13593	0.61767	0.620281	0.0876227	1.31136
44.9256	1.06	0.69	0.75	-1.3	-1.23	-0.53	0.3	0.5	1.16	-0.64	-0.96	-0.7	-1.08	-0.72	0.16	0.194569	0.78467	1.1968	0.899095	0.923784	1.18186
45.9214	-0.26	-1.58	-1.65	-2.47	-2.73	-1.57	-1.85	-0.85	-1.03	-1.76	-1.52	-2.18	-1.87	-1.6	-1.28	0.536308	0.77416	-1.28535	-0.563413	-0.881689	-0.95877
46.9171	-3.04	-3.07	-2.93	-3.85	-4.09	-3.9	-4.07	-3.87	-3.03	-2.85	-2.18	-3.17	-3.15	-4.18	-3.83	-3.18047	-3.01991	-3.15473	-2.99396	-2.25184	-2.20321
47.9127	-2.36	-3.06	-3.4	-3.49	-3.34	-3.09	-2.76	-2.85	-2.98	-3.24	-2.66	-2.59	-2.24	-3.95	-3.52	-1.47473	-1.57443	-1.95216	-1.92984	-1.9849	-2.54724
48.9078	-1.56	-2.97	-1.27	-2.12	-2.62	-2.01	-1.45	-2.35	-1.7	-2.65	-1.91	-1.12	-1.8	-1.78	-1.61	-0.774492	-0.609581	-0.231231	-0.429766	-1.72192	-0.852662
49.9032	-0.59	-0.08	0.02	-0.65	-1.54	-1.1	-0.89	-1.17	0.43	0.17	-0.24	-0.2	-1.22	-0.97	-0.28	-0.457306	-0.0831608	0.584631	-0.244026	0.432812	0.543719
50.8982	0.78	0.82	1.31	0.48	0.39	-0.09	0.09	1.56	1.67	0.08	1.02	-0.23	0.68	-0.2	0.24	0.943165	0.99927	1.3312	1.05127	1.2175	1.43574
51.8934	-0.61	-1.24	-1.01	-1.24	-0.65	-1.22	-0.62	-0.56	0.29	-1.14	-1.7	-1.2	-0.45	-0.93	-0.53	-1.35658	-1.39858	-0.562551	-0.713776	-0.368214	-0.00252553
52.8877	-0.18	-1.29	-0.2	-0.3	0.13	-0.3	-0.29	0.34	0.01	-0.95	-0.15	-1.07	-1.3	-0.73	-0.64	-0.657943	-1.29758	0.400157	0.509306	0.48797	0.598588
53.8823	-0.62	-0.77	-0.31	-1.1	-0.14	-0.29	0.05	-0.44	0	-0.58	-0.4	-0.28	-0.38	-0.34	0.21	0.180929	1.03554	0.669083	2.00732	0.438398	0.911413
54.8768	-1.14	-0.71	-0.71	-1.62	-1.58	-1.17	-1.15	-0.16	-0.53	-1.77	-1.15	-1.52	-1	-1.02	-0.36	-1.05698	-1.25814	-0.196086	-1.22036	0.0999361	-0.21307
55.8708	-0.84	-0.35	-0.75	-1.52	-0.51	-1	-0.42	-0.96	0.35	-1.3	-0.85	-0.19	-0.39	-0.83	-0.45	-0.32575	0.483424	-1.02428	-0.948499	0.242237	-0.25149
56.8651	-0.73	-0.41	-0.43	-1.38	-1.39	-1.16	-0.98	-0.53	-0.35	-0.27	-0.43	-0.67	-0.65	-1.31	-0.54	-1.88984	-0.326328	0.799129	0.435597	-0.497954	0.0389804
57.859	0.03	-0.02	0.05	-1.31	-1.43	-0.78	-1.05	-1.32	-0.39	-0.99	-0.11	-1.61	-2.01	-1.26	0.07	0.0894608	-0.00539195	-0.51603	0.0491088	-0.225463	-0.310512
58.8527	-1.38	-0.65	-0.14	-0.1	0.4	-0.04	-0.54	-0.81	-0.1	-0.33	0.14	-0.76	0.2	0.36	0.09	-0.285095	-0.43302	-0.428607	-0.0923667	0.782194	0.622215
59.846	-0.47	-0.47	-0.26	0.13	-0.13	-2.85	-1.59	-0.07	-0.18	-0.98	-0.24	-1.13	-1.47	-0.71	-0.98	-0.834679	0.523896	0.0284673	0.06256	-0.490675	-0.811561
60.8395	0.2	-0.94	-0.91	-2.09	-1.08	-1.04	-1.68	-0.43	-0.36	-1.65	-1.44	-0.12	0.38	-2.36	-1.14	-1.0444	-0.897529	-1.01878	-0.858142	-1.49999	-0.1241
61.8325	-0.16	0.72	-0.45	-0.11	-0.15	-1.51	-1.76	-0.57	0.73	0.85	0.81	0.45	-0.19	-1.21	0.16	0.216784	0.209421	0.142373	0.44393	1.86968	1.41315
62.8255	0.02	-2.04	-0.54	-1.92	-1.04	-1.93	-1.5	-1.51	-0.2	-0.45	-0.57	-1.18	-1.88	-1.06	-1.53	-0.667139	-0.22557	-0.663396	-0.352009	0.172337	-0.0518997
63.8183	-0.04	0.28	0.34	-0.55	0.28	-0.01	-0.16	0.06	1.3	1.22	0.79	0.24	0.64	0.43	0.83	0.418554	1.06167	1.22498	0.83661	0.943	-0.0845771
64.811	0.55	-0.56	-0.26	-1.46	-0.9	-0.99	-0.94	-1.25	-0.77	-1.77	-1.53	-0.69	-1.43	-1.31	0.32	0.0580908	0.296529	0.0237103	0.12619	-0.330408	-0.0294483
65.8037	-0.9	0.26	-0.86	-0.72	-0.44	-1.52	-0.62	0.21	0.03	-0.33	-1.65	-0.32	-0.71	-0.99	-0.84	0.219339	0.0953942	0.270838	-0.127061	0.6532	0.589295
66.7958	-0.05	-1.47	-0.5	-1.38	-0.58	-1.35	-1.64	-0.85	0.34	-1.41	-0.71	-0.76	-0.78	-0.61	-0.75	-1.02893	-0.912405	-1.19662	-1.21444	-0.55356	0.63152
67.7879	-0.04	-0.27	-1.34	-1.52	-1.18	-1.35	-1.28	-0.33	-0.52	-2.04	-1.8	-2.1	-1.13	-2.03	-0.46	-0.804977	0.020794	-0.786679	-0.743032	-0.569964	-0.434807
68.7799	-1.29	-0.52	-0.4	-1.81	-2.71	-1.34	-1.64	-1.36	-0.13	-0.13	0.06	-0.32	0.03	-2.16	-1.09	-0.6537	-0.490304	0.210492	-0.29624	-0.916302	-0.466027
69.7717	-0.71	-1.01	-1.06	-2.31	-0.39	-1.86	-0.49	-1.33	-1.88	-0.86	-0.64	-0.24	-0.72	-1.1	-1.06	-1.53701	-1.18179	-0.519664	-0.686106	-0.133766	-0.937418
70.7635	-0.89	-0.77	-0.57	-0.88	-0.49	-1.25	-1.24	0	0.31	-0.97	-1.75	-0.5	-0.45	-1.87	-0.83	-1.1045	-1.22949	-0.574806	-0.702872	-0.833989	0.434358
71.7551	-0.23	-0.23	-0.83	-0.84	-0.69	-1.46	-1.29	-1.6	-1.18	-0.09	0.04	-1.68	-1.88	-0.76	-0.1	-0.208897	-0.615084	-0.821274	-1.26953	-0.822225	-0.621298
72.7463	0	-0.39	0.49	-0.85	-0.29	-0.51	-0.59	0	-0.06	-0.05	0.42	0.77	1.15	-1.03	-0.95	0.452321	0.950079	-0.075945	-0.181982	-0.0662945	1.42458
73.7374	-1.34	0.29	0.35	0.29	0.69	-0.44	-0.2	0.07	-0.36	0.05	-0.82	-0.14	-0.03	-0.23	0.44	-0.628523	-0.0473818	1.69635	1.34244	1.25577	0.0578053
74.7283	-0.83	-0.63	0.18	-0.13	-1.15	-0.74	-0.45	-1.43	0.22	0.34	0.49	-1.23	-0.19	-0.86	0.01	-0.613123	0.865824	0.462537	0.881463	0.418267	0.821925
75.7192	-0.44	-0.86	-0.23	-1.87	-0.66	-1.21	-1.06	-0.72	0.09	-1.62	-1.18	-0.63	-0.92	-1.07	0.19	-1.53315	-0.570602	0.276029	0.917119	0.731858	-0.183804
76.7096	-2.16	-1.56	-1.06	-2.09	-1.96	-1.8	-1.43	-2.03	-1.87	-1.22	-1.71	-2.52	-2.27	-0.77	-1.38	-0.249305	-0.71115	-0.777724	-1.19733	-0.458392	-1.43458
77.7003	1.77	0.72	0.81	-0.07	0.31	1.04	1.14	-0.13	0.56	0.75	0.54	0.5	0.34	-0.13	0.08	1.14909	1.54953	1.74462	1.88538	1.46733	1.75622
78.6905	-1.25	-0.88	-0.17	-1.24	-0.24	-2.41	-1.45	-0.64	-1.19	-2.32	-2.06	0.1	-0.29	-1.65	-1.41	0.00427861	0.478855	-0.0630385	0.00837341	-0.35422	-0.514243
79.6806	-1.27	-2.18	-1.24	-2.42	-2.23	-1.69	-2.14	-0.89	-0.57	-1.68	-1.53	-1.52	-1.75	-0.31	-0.99	-1.36591	-1.57139	-0.333318	-0.521914	-0.984575	-1.10449
80.6706	-0.99	-1.51	-1.76	-2.23	0.41	-1.41	-0.69	-1.47	0.06	-0.69	-0.73	-1.65	-0.7	-2.48	-0.65	-0.537207	-0.24759	0.404191	0.706405	1.00046	0.619571
81.6604	-0.81	-1.02	0.04	-0.93	-0.83	-0.39	0.15	-0.75	0.27	-0.97	0.24	-0.4	-0.38	-0.99	-0.68	-0.388591	0.373372	0.206863	0.449451	0.856595	0.310653
82.6499	-1.2	-1.7	-1.85	-2.29	-1.3	-2.18	-1.86	-1.57	-1.85	-1.03	-1.19	-1.31	-0.36	-1.18	-0.7	-1.50474	-0.616284	-0.498059	0.455561	-0.388734	-0.708671
83.6395	0.47	0.9	0.51	-0.76	-0.13	-0.02	0.65	0.07	-0.46	-0.76	0.8	-0.38	-1.52	-0.83	-0.24	0.392575	1.36119	0.276823	0.20206	0.811158	1.19933
84.6288	-0.84	-0.58	-0.61	-1.04	-1.75	-0.87	-1.72	-1.14	-0.87	-0.81	-0.66	-0.3	-1.23	-0.76	-0.37	0.0262666	0.364057	0.576376	0.403072	1.17426	-1.59734
85.6179	-1.92	-2.4	-1.51	-2.74	-1.75	-2.24	-1.72	-0.65	-1.42	-2.04	-0.86	-2.55	-2.08	-2.85	-2.45	-2.09118	-0.917253	0.0495413	-0.162785	-0.673501	-1.64833
86.6069	-0.06	-1.35	-0.33	-1.32	-0.82	-1.62	-0.76	-0.19	-0.53	-0.62	0.21	-1.29	-0.8	-0.71	0.68	-1.00898	-0.254452	0.64278	0.920549	1.38062	0.154499
87.5954	-0.75	-0.45	-0.26	-2.76	-2.56	-1.61	-0.67	-0.64	-0.96	-2.15	-2.13	-1.83	-1.58	-1.19	-0.98	-1.09882	0.0257472	0.13301	0.120785	-1.11908	-0.1453
88.5842	0.19	0.06	-0.1	-0.5	-0.21	-0.84	-0.58	-0.04	0.78	-0.28	-1.26	-0.88	-0.48	0.64	0.78	0.962376	0.897275	1.02478	-0.187397	1.30316	0.506244
89.5725	-0.06	0.79	1.36	-0.09	-1.51	0.24	0.8	-0.3	1.04	1.05	1.92	1.3	1.02	-0.24	1.25	0.657323	1.34812	1.67264	1.58981	2.06497	1.07688
90.5608	-0.66	-0.88	-0.58	-2.57	-1.44	-1.59	-2.15	-0.57	0.91	-0.03	-0.13	-1.39	-0.4	-0.03	0	0.306302	1.26499	0.455258	0.353688	0.499248	-0.145843
91.5489	-0.41	-0.79	-0.76	-0.51	-0.47	-0.86	-0.26	-0.68	-0.18	-0.28	-0.97	-1.28	-1.38	-1.76	-0.66	-0.341344	0.0325417	-0.260696	0.216971	0.156197	0.13146
92.5369	-0.07	0.09	-0.67	-1.72	-0.52	-1.47	-0.3	-0.42	0.18	-0.24	-0.31	-0.41	-0.8	-1.15	-0.05	-0.24142	0.314277	0.16507	-0.818566	0.649866	0.122775
93.5245	-0.36	-0.35	-0.18	-0.96	-0.63	-2	-1.66	-0.39	-0.26	-1.47	-1.05	-1.13	-1.38	0.05	-0.27	-0.143832	-1.10696	-0.532599	-0.62764	-0.340841	-0.268914
94.5123	-0.65	0.28	-0.66	-0.1	-0.93	-1.28	-0.64	0.13	0.08	-0.19	-0.17	0.01	0.59	-1.2	-0.79	-0.7293	0.960638	1.20994	1.2638	0.891457	1.51833
95.4997	-0.66	-0.21	0.4	-0.7	0.12	-0.27	0.03	-0.6	-0.37	-0.04	0.37	-0.99	-0.24	-1.05	-0.96	0.884939	0.629645	0.549715	0.485921	1.04305	-0.121908
96.4869	0.27	-0.94	-0.47	-0.62	-0.43	-1.92	-1	0.75	0.91	-0.15	-0.32	-0.92	-1.75	0.57	1.14	-0.203824	0.415773	1.35212	1.72751	0.517903	-0.956042
97.4741	-1.12	-1.71	-1.14	-1.16	-1.26	-1.67	-2.13	-1.51	0.23	-1.35	-1.18	-0.93	-0.76	-1.31	0.09	0.0241117	0.54587	-0.106209	0.779528	0.332767	-0.185834
98.4607	0.78	-1.66	-1.72	-2.61	-1.21	-1.88	-1.98	-0.26	0.12	-0.99	-1.11	-1.98	-1.47	-2.26	-1.86	-1.3341	-0.71547	0.832883	2.12653	0.142465	-1.38785
99.4477	-1.45	-0.8	-0.97	-1.21	-1.26	-0.47	-0.85	-1.37	-0.8	-1.43	-0.77	-0.77	-0.13	-0.96	0.31	-0.235708	0.691594	1.29169	0.793534	0.294534	0.528636
100.434	0.72	0.86	0.76	-0.73	0.3	-0.83	0.27	-0.09	0.4	-0.71	0.21	-0.24	-0.65	-0.26	0.73	0.0295016	0.162778	0.819936	0.971141	0.116833	1.34961
101.421	-0.44	0.47	-0.41	-1.13	-0.48	-1.25	-0.72	0.01	0.58	-0.18	-0.23	-0.14	0.48	-1.68	-1.16	0.72418	0.865117	1.22328	0.812521	0.461946	-0.408681
102.407	-0.01	-0.45	-0.51	-2.26	-1.19	-1.36	-0.26	-0.52	-0.44	-0.9	-0.99	-0.39	-0.89	-0.25	-0.47	-0.195033	0.52884	0.269144	0.178853	0.182149	-0.704807
103.393	-0.19	0.81	0.45	-0.92	-0.18	-1.65	-1.46	-2.32	-1.06	-1.74	-0.54	-1.6	-0.52	-1.17	-1.29	0.45803	0.101846	0.524818	1.28293	0.0229662	0.137683
104.379	-0.62	-0.31	0.25	-0.71	-0.82	-1.06	-0.97	-0.81	-0.04	-0.51	-0.36	-0.2	0.04	0.16	0.72	0.0478885	0.758053	1.12107	0.0170096	1.63905	-0.08681
105.364	-0.52	-0.9	-0.35	-0.81	-0.35	-1.16	-1.39	-0.03	0.55	-1.46	-1.14	-1.1	-0.73	-0.07	0.11	-0.327831	1.05622	-0.547925	-0.241369	-0.544201	-0.218443
106.35	-2.12	-1.66	-1.71	-2.91	-2.12	-1.91	-1.5	-1.61	-1.92	-1	-1.44	-1.69	-1.06	-1.09	-1.5	-1.96445	-1.03493	-0.682371	-0.686536	-1.90533	-0.819822
107.336	0.28	-0.84	-1.85	-1.53	-0.44	-1.02	-0.49	-0.77	-0.1	-0.59	0.09	-2.36	-1.46	-0.55	0.08	-2.68889	-1.22146	0.532275	0.306185	-0.248561	0.0130236
108.32	-0.38	-1.24	-1.24	-1.39	-0.87	-1.55	-0.7	-0.77	-0.18	-1.18	-0.69	-1.49	-1.59	-1.67	-1.46	0.152981	0.803642	-0.300267	-0.745842	0.583672	0.378292
109.306	0.69	-0.3	0.39	-0.05	-0.39	-0.3	0.11	-0.12	1.02	-0.04	0.47	-0.81	0.19	-0.13	0.74	0.928922	0.700309	1.01964	0.902589	0.359879	1.33448
110.291	-0.51	-1.15	0.14	-0.81	-0.86	-1.43	-0.92	-0.24	0.57	-1.24	-0.78	0.14	-0.17	-0.54	-0.24	-0.372982	0.208777	-0.0343302	-0.369731	0.131232	-0.336517
111.275	-0.56	-0.69	-0.32	-2.31	-1.14	-0.76	-1.11	-0.99	-0.11	0.3	0.02	-0.56	-0.53	-1.73	-0.18	-0.808246	-0.125197	0.632636	-0.172559	0.110103	-0.540425
112.26	0.61	0.54	0.59	-0.68	-0.07	-1.29	0.3	-1.08	0.08	-1.32	-0.73	0.62	1.12	-0.23	0.43	0.21657	0.548208	0.925011	0.0795913	1.63039	1.13291
113.244	0.87	0.47	0.16	-0.57	-1.45	-1.05	-1.18	0.51	-0.99	-1.33	-0.48	0.13	1.14	0.65	0.78	0.255864	0.458199	0.652802	0.619084	0.85399	0.0934478
114.228	-1.47	-1.03	-0.12	-1.37	-2.4	-1.76	-1.6	-1.19	-0.57	-1.28	-0.79	-2.05	-1.41	-0.99	-0.82	-2.29742	-1.12415	-0.776149	0.958692	-1.56835	-0.699362
115.212	0.01	0.73	-0.64	0.33	0.01	0.74	0.56	0.72	1.21	0.13	0.54	0.24	0.4	-0.08	0.65	1.93271	1.63785	2.19992	1.41347	0.465704	1.34222
116.196	-0.09	0.57	-0.49	-0.93	0.6	-0.27	0.11	0.42	0.35	-0.01	0.04	-0.03	0.56	-1.26	-0.38	0.383461	0.331529	-0.0542688	-0.160257	0.39584	0.236046
117.18	-0.02	-1.03	-0.41	-0.26	0.03	-0.42	-0.17	0.31	1.21	-0.95	-0.73	0.96	0.72	0.01	-0.38	-0.372402	0.476792	0.411815	-0.0439936	1.12359	-0.0486334
118.164	-0.15	-0.17	0.71	0.09	-1.48	-0.53	-1.03	-0.55	-0.39	-1	-0.97	-0.61	-0.35	-0.99	0.04	-1.20463	0.256675	0.873239	0.517767	0.228137	-1.28864
119.147	-0.24	-0.93	0.29	-1.11	-0.98	-0.95	-0.95	0.28	0.84	-1.12	-0.55	-1.08	0.28	-1.54	-0.25	-0.482397	-0.207756	0.661238	0.106296	0.151057	-1.2529
120.13	-0.32	0.48	0.47	-0.34	0.11	0.64	0.53	-0.16	1.09	0.45	0.74	0.16	0.24	0.21	1.29	-0.393075	-0.315895	1.14495	0.830411	0.658519	1.73909
121.113	0.51	-0.76	-0.09	-0.84	-0.18	-1.81	-0.53	-0.03	0.74	-0.59	-0.05	-0.37	-0.47	-1.14	-1.31	0.64271	0.383296	0.909334	-0.466254	1.37316	0.147942
122.096	-0.37	0.73	0.9	0.35	0.18	0.68	1.3	-0.34	0.49	-0.91	-0.73	-0.36	-0.12	0.82	-0.12	0.0936383	0.382646	-0.305178	0.400575	1.07109	0.407723
123.079	-0.75	-1.19	-0.69	-1.89	-1.29	-0.9	-1.58	-1.21	-0.7	-0.81	-0.9	-0.47	-0.06	-1.46	-1.58	-0.533021	0.174174	0.695028	0.400493	-0.75138	0.119158
124.061	-0.8	-1.45	-1.89	-1.8	-0.99	-0.47	-0.11	-1.2	-0.82	-1.98	0.05	-0.62	-1.11	-0.75	-0.63	-0.427186	0.437042	0.223025	0.0196079	-0.742992	-0.867612
125.044	-1.03	-0.71	-0.09	-1.13	-0.33	-1.33	-1.35	-0.54	-0.79	-0.48	-0.16	-0.54	-0.66	-0.63	-0.57	-0.320333	-0.158794	0.382518	0.250265	0.177303	1.16693
126.026	-0.77	-1.33	-1.05	-1.89	-1.89	-2.7	-1.79	-2.24	-0.92	-0.96	-0.72	-1.14	-1.28	-1.61	-0.61	-2.19154	-1.41306	-0.413971	-0.34671	-1.1637	-1.16749
127.008	-0.08	-1.37	-0.9	-2.14	-0.58	-0.2	-0.12	-0.47	-0.79	-1.44	-1.05	-0.36	0.16	-0.7	-0.29	0.560838	0.495419	-0.211051	-0.332821	0.128227	-0.198704
127.99	-0.23	0.36	0.38	-0.1	0.64	0.26	-1.11	0.21	1.12	0.37	-0.18	-0.9	-0.67	-1.36	1.01	0.521666	0.96464	0.0242883	1.31385	0.875966	1.06095
128.971	-0.52	-1.71	-2.02	-1.73	-1.92	-2.14	-0.16	-2.06	-2.23	-0.31	-1.25	-0.62	-1.03	-0.3	-0.59	-1.81483	-1.18362	-0.225263	-1.34598	1.1538	-1.75741
129.953	0.47	-0.65	1.16	-1.6	0.22	0.02	0.32	0.06	0.77	-0.41	0.81	-0.15	1.19	-0.14	1.27	0.512747	0.448739	1.57059	1.30063	0.826722	0.1752
130.934	-0.48	-1.9	-1.16	-1.58	-0.69	-1.04	-0.79	-0.46	-1.01	-0.37	-0.38	-2.32	-1.6	-1.97	-1.51	-1.25848	-0.411935	-0.0623921	-0.240667	0.249338	0.595068
131.915	1.03	0.03	0.51	0.02	-0.31	-0.36	-0.32	-0.08	-0.17	0.17	0.06	-0.47	-0.11	-0.3	0.4	0.238989	0.910294	0.583305	0.665787	0.192063	-0.872459
132.897	-0.35	-0.03	0.07	-1.35	-0.74	0.05	0.5	-0.84	-0.43	0.13	-0.41	0.85	0.72	-1.09	0.36	-0.702647	-0.209065	1.52561	0.728451	0.427729	0.438299
133.878	1.64	1.42	0.73	-0.9	-0.57	-2.34	-0.48	-0.85	0.49	-0.19	0.09	-0.82	-1.26	0.16	0.68	-0.273195	0.737515	0.790093	0.45248	1.34797	0.374732
134.858	-0.02	-0.9	-0.07	-0.97	-0.34	0.71	-0.29	0.33	0.14	0.5	0.1	0.12	0.34	-0.52	-0.1	0.333039	0.897279	0.685139	0.816497	1.56346	0.674163
135.839	-0.96	-1.39	-2.04	-1.82	-2.5	-1.64	-2.53	-2.28	-1.89	-1.58	-0.93	-2.4	-1.08	-0.55	-1.44	-1.38469	-0.629829	-0.161518	-0.790061	-1.95228	-1.29291
136.819	0.45	0.8	0.45	-0.34	-1.3	-0.74	-0.64	-0.19	0.37	-0.85	0.46	0.15	-0.96	0.01	0.2	0.0523168	1.10725	0.722906	0.995966	0.657025	-0.245317
137.799	0.58	0.09	1.04	-0.5	0.21	-0.16	0.12	0.21	0.28	0.6	1.05	0.8	0.07	-0.74	0.18	0.413187	0.967466	1.63536	1.86672	0.193736	1.38435
138.779	0.25	-0.61	-0.37	-2.15	-0.77	-0.96	-0.75	-0.93	0.14	-1.89	-1.67	-1.04	-0.47	-0.48	-0.65	-0.9807	-0.317479	-0.690361	0.290835	0.236455	-1.15065
139.759	-0.22	-0.5	0.32	-0.82	-1.05	-1.32	-0.73	-0.91	-0.68	-1.21	-1.65	-1.27	-0.18	-0.88	-1.06	-0.542741	0.46537	0.906052	0.478027	-0.0799077	-0.457547
140.739	0.28	-1.67	-0.82	-1.63	-0.15	-1.56	-1.59	-0.95	-1.8	-2.95	-1.22	-0.56	-0.48	-2.32	-2.01	-1.06879	-0.78232	-0.642837	-0.941125	-0.181228	0.0346788
141.718	0.29	0.21	0.34	-1.17	0.31	-1.06	0.88	-0.67	-0.5	0.22	0.08	-1.01	0.13	-0.85	-0.69	-0.443124	0.139437	1.74607	1.59717	0.481916	-0.0337641
142.698	-0.16	0.61	-0.45	-0.22	-1.2	-0.76	-0.88	0.06	1.19	-0.31	-0.51	-0.65	0.08	-0.64	-0.72	-0.918938	-0.0861278	0.323401	0.84294	0.414836	0.0901706
143.677	0.53	0.76	0.34	-0.87	0.16	-0.34	0.37	-0.46	-0.36	-0.96	-0.34	-1.08	-0.23	0.62	0.87	0.0486431	1.80441	1.64338	0.974982	2.32395	-0.0586292
144.656	1.5	1.16	1.7	0.45	0.26	0.34	0.3	-0.11	1.01	0.73	1.6	1.3	1.01	-0.5	0.48	0.840538	0.695878	0.969121	2.18384	1.38861	1.98384
145.635	-0.23	-1.21	-0.28	-1.06	-1.64	-2.32	-1.51	-1.98	-0.66	-1.23	-1.21	-2.34	-1.33	-1.76	-0.15	-0.408125	-0.323313	-0.177744	-0.334704	0.056197	-1.07589
146.613	0.04	-1.01	-0.74	-2.44	-1.37	-1.2	-0.96	-0.34	-0.18	0.26	-0.15	-0.37	-1.26	-1.74	-1.21	-0.669266	-0.152041	-0.784714	-0.31129	0.0927909	0.28551
147.592	-0.35	-0.61	-1.27	-1.11	-1.45	-0.65	-1.01	-1.71	-0.59	-0.78	-1.13	-1.54	-1.45	-1.5	-0.92	-1.05499	-0.407493	0.0727436	-0.37538	-1.82412	-0.870441
148.57	-0.74	-0.49	-0.32	-2.02	-1.35	-2.01	-1.06	-1.21	-1.47	-0.24	-0.35	-1.75	-1.03	-1.75	-1.21	-0.962186	-1.38576	-1.39901	0.0742894	0.657322	-0.938246
149.548	1.07	-0.2	-0.84	-0.41	1.04	-0.58	0.3	0.7	0.41	-1.13	-0.86	0.47	0.3	0.04	0.75	0.497013	0.85778	0.680398	0.582795	0.818362	0.914999
150.526	1.08406	-0.185248	-0.799932	-0.383005	1.05922	-1.35	-0.89	-0.9	-0.22	-1.22	-1.04	-1.78	-1.37	-0.03	-0.24	1.18087	0.191801	0.127246	0.318078	0.240673	0.318515
151.504	1.09812	-0.170498	-0.759868	-0.356012	1.07844	-1.61	-0.79	1.33	0.95	-1.33	-1.09	0.42	0	-0.8	-0.31	-1.36486	-0.804609	1.34764	1.09995	-0.385155	0.252584
152.482	1.11217	-0.155749	-0.719808	-0.329023	1.09765	-0.99	-1.03	-0.77	-0.51	-1.94	-1.58	-2.04	-0.59	-1.48	-1.33	-0.943776	-0.511392	0.165116	0.486179	-0.199305	0.185398
153.46	1.12623	-0.141007	-0.679767	-0.302046	1.11686	-1.84	-1.7	-1.03	0.93	-0.39	-0.47	-1.72	-1.68	-0.92	-0.38	-0.544783	-0.985397	0.528926	0.669512	-0.759923	-0.688761
154.437	1.14028	-0.126261	-0.639715	-0.275062	1.13607	-0.69	-0.55	-0.21	0.38	-0.97	-0.21	-1.19	-0.42	-1.72	-0.66	-0.831765	-0.117943	1.0169	0.0797862	0.859381	0.219433
155.414	1.15433	-0.111523	-0.599683	-0.248091	1.15527	-1.08	-1.57	-0.32	-0.46	-1.18	-0.43	-1.06	-0.46	1.2	0.93	-0.751247	0.159993	0.362957	0.385429	0.731621	1.06724
156.391	1.16837	-0.0967853	-0.559654	-0.221122	1.17447	-0.26	-0.24	-0.4	1.1	0.48	0.83	-0.41	-1.37	-0.72	-0.56	1.23187	0.782131	1.20167	1.75558	0.543654	-0.460163
157.368	1.18241	-0.0820551	-0.519645	-0.194167	1.19366	-1.69	-0.55	-0.69	-1.24	-1.43	-1.7	-0.75	-0.63	-1.37	-1.19	-0.052918	-0.723074	-0.796548	-0.891116	-0.3604	-0.0748762
158.345	1.19645	-0.0673208	-0.479625	-0.167204	1.21286	-0.75	-0.44	0.97	0.23	-0.98	-0.06	0.61	0.36	-0.01	0.12	-0.590416	1.04739	0.582425	1.18753	1.19556	-0.60452
159.321	1.21049	-0.0525936	-0.439623	-0.140254	1.23204	0.27	-0.02	-1.06	-0.34	-0.31	-0.11	-0.59	-0.08	-0.11	-0.27	-0.311717	-0.566991	0.925804	0.100421	0.15439	-0.0990561
160.297	1.22453	-0.0378679	-0.399626	-0.113306	1.25123	-0.49	-0.15	-1.16	-1.05	-0.24	-0.38	-1.04	-0.58	-1.53	-0.55	-1.28381	-0.376042	0.0362613	-0.457046	-0.565883	-0.587438
161.274	1.23856	-0.0231437	-0.359633	-0.0863619	1.27041	0.04	0.06	1.22	2.11	0.25	0	0.14	0.1	-0.57	0.55	0.182822	1.08329	1.55485	0.883561	1.15146	0.692544
162.25	1.25259	-0.00842102	-0.319644	-0.05942	1.28959	-1.15	-1.88	-1.84	-1.96	-2.4	-2.14	-2.92	-2.67	-2.53	-1.56	-0.670498	-1.41005	-0.401206	-0.440904	-0.369839	-0.880278
163.226	1.26662	0.0063002	-0.279659	-0.0324809	1.30877	-0.55	-0.39	-0.97	0.51	-0.94	-0.64	0.04	-1.19	-1.46	-0.72	-0.110743	0.145979	0.12668	0.54957	0.0420834	-0.383419
164.201	1.28065	0.0210143	-0.239694	-0.00555481	1.32794	1.23	1.27	-0.23	0	-0.8	-0.44	0.75	1.01	-0.63	0.26	1.69243	2.17997	1.35313	1.24092	0.754058	-0.18785
165.177	1.29467	0.0357326	-0.199717	0.0213788	1.34712	0.4	1.19	0.64	1.08	-0.7	-0.19	0.55	0.48	0.49	1.42	0.575212	1.19618	1.94371	1.43682	0.584024	1.10007
166.152	1.30869	0.0504437	-0.159759	0.0482995	1.36628	-0.11	-1.06	-0.88	0.67	-0.63	0.45	-1.2	-1.05	-0.72	-1.64	0.214263	1.1522	-0.820609	-0.263206	0.159547	-0.0725232
167.128	1.32271	0.0651534	-0.119806	0.0752175	1.38545	-0.27	-0.27	0.12	0.07	0.4	0.04	0.25	0.79	-1.25	-0.35	0.672217	0.856821	0.283457	0.0751028	-0.216986	-1.38653
168.102	1.33673	0.079856	-0.0798716	0.102122	1.4046	-0.07	0.2	0.59	1.31	-0.15	0.34	0.83	0.65	-0.14	0.45	0.887999	0.275958	0.69962	0.974983	0.623683	0.823804
169.077	1.35074	0.0945626	-0.0399262	0.129035	1.42376	0.81	0.82	0.73	0.57	0.79	0.39	-0.43	0.57	-0.21	0.03	1.71528	1.847	1.87799	1.28713	0.94716	1.90607
170.052	1.36475	0.109262	0	0.155934	1.44291	2.45	2.15	3.11	2.31	2.48	1.89	1.25	0.5	0.37	1.12	1.39573	2.15208	1.30102	1.79408	1.27657	0.282405
171.026	0	0	0	0	0.111993	2.15	1.85	1.85	2.12	2.4	2.64	2.86	2.98	1.63	1.14	2.54052	1.61085	3.96456	2.18303	0.810309	1.10292
172.001	0	0	0	0	0	1.39	0.91	-0.12	1.29	0.52	0.25	-0.35	-0.15	-0.26	0.2	1.5015	0.603881	-0.00633738	-0.884362	-0.568014	-0.602919
172.975	0	0	0	0.257036	0.405794	2.78	1.59	2.86	2.22	2.17	3.03	2.26	4.18	1.62	2.01	3.28653	1.25839	3.26696	2.73522	0.953616	2.30362
173.949	0	0	0	0	0	1.59	0.94	0.97	0.71	0.53	0.54	1.56	0.73	-0.48	-0.39	0.344966	0.957242	1.16527	0.819959	-0.358364	-1.05546
174.923	0	0	0	0	0	3.3	2.96	2.13	3.02	2.57	2.85	1.12	2.26	1.1	0.9	3.97591	2.89656	2.14256	2.11335	-0.514381	0.125823
175.897	0	0	0	0.0661297	0.413919	3.88	2.56	3.32	4.4	2.4	3.39	4.14	3.84	1.46	2.42	2.98277	2.56435	0.645607	0.91973	1.65958	0.784687
176.87	0	0	0	0	0	3.76	1.69	2.77	1.6	1.47	2.62	2.18	1.28	-0.31	0.81	1.83657	2.31641	1.46827	0.656895	-1.476	-1.3818
177.844	0	0	0	0.548245	0.952154	4.6	3.72	3.58	4.29	3.82	3.08	3.86	2.93	1.47	1.41	3.25517	2.72002	2.2674	2.67159	0.214858	0.473602
178.817	0	0	0	0.355526	0.873949	4.81	3.61	2.97	2.2	2.18	2.9	2.07	1.33	0.92	2	3.06649	1.89527	1.38467	0.785854	-1.47298	0.351105
179.79	0	0	0.355133	0.259522	1.02239	4.25	4.3	2	4.22	3.42	3.23	2.43	4.18	1.64	1.75	4.49668	2.10362	1.37086	1.04811	-0.0604082	-0.838581
180.763	0	0.738236	1.62792	0.532427	0	4.48	3.43	3.67	3.61	3	4.09	3.89	2.51	1.09	1.24	3.91474	2.91111	1.40979	-0.138279	-1.99801	1.28041
181.736	1.50531	0.964217	0.743936	1.4747	1.3535	6.5	5.83	2.32	2.55	3.3	4.16	3.14	3.02	1.34	1.11	3.89718	2.21961	0.824572	0.972243	-0.689954	-0.259242
182.708	0	0.654859	1.38474	2.18757	0	4.33	3.79	3.14	3.9	1.87	3.41	2.74	3.43	1.27	0.13	2.51231	1.69336	0.719197	-0.298578	-3.27304	-1.27402
183.68	0.845882	1.08809	1.44029	1.6613	0	5.18	4.78	3.58	2.7	1.69	1.73	2.94	1.58	-0.89	-0.74	1.57399	0.829998	0.384029	-0.469775	-2.83133	-1.9961
184.653	3.23168	3.09972	2.63928	2.25536	1.56179	8.82	5.52	4.1	5.31	4.52	5.89	3.69	4.64	2.22	3.12	3.02699	3.17649	2.21493	0.996459	-1.92095	0.682108
185.624	1.54668	3.04777	0.881791	0	0.722552	5.43	5.13	3.34	3.84	2.2	2.52	2.93	2.73	0.93	0.7	1.70064	1.49926	-0.463786	-0.506038	-2.87189	-1.68312
186.597	1.74179	2.29715	1.49596	0.804426	0.591795	6.05	4.16	3.19	3.98	3.52	3.1	4.14	2.5	1.37	0.83	3.46177	1.53336	0.84436	-0.532645	-2.69502	-1.82732
187.568	2.83083	2.98498	2.19127	2.7684	0.519469	7.94	6.31	4.57	4.54	4.21	4.49	4.39	4.22	1.41	3.22	4.90122	3.1435	1.74416	0.263626	-1.11511	0.684898
188.54	4.21518	5.05634	2.74587	2.50103	3.105	8.77	6.27	5.88	6.22	5.02	4.73	4.69	3.34	3.72	2.95	5.22444	3.94121	2.77244	0.704213	-0.665419	0.323359
189.511	4.3676	3.06729	3.2385	0.971703	0.43803	7.43	5.56	3.6	4.31	3.5	5.26	3.12	4.25	2.17	3.1	4.83233	1.84031	0.536991	1.17214	-2.08954	1.15354
190.482	4.91915	1.6324	1.68681	1.23916	0.64	7.23	4.93	3.29	4.09	3.3	3.67	4.45	3.35	1.3	0.79	4.98084	3.37564	0.911883	-0.828702	-2.24502	0.520253
191.453	4.52344	3.32815	0.779672	0.552843	0.52	6.8	5.61	4.48	4.37	3.35	4.04	5.27	4.48	1.7	1.88	4.38086	2.77744	-0.0104356	0.192446	-2.95515	0.26317
192.424	8.19213	4.18929	3.25472	1.67144	2.15	8	6.15	5.39	6.26	4.81	6.05	3.93	5.04	2.27	3.53	5.76723	4.01366	1.33484	0.214058	-0.801006	-0.228567
193.395	6.4892	3.70237	1.3907	0.874316	1.97	7.53	5.49	4.18	4.5	2.41	4.89	3.91	3.6	1.57	1.19	4.83929	2.35991	1.26141	0.38289	-2.94349	-0.711598
194.365	2.83787	3.75315	2.66578	2.06044	1.83	8.63	7.44	4.18	4.76	4.94	4.35	4.85	4.41	3.61	2.15	5.00811	3.9084	1.91967	-0.0589026	-0.485705	1.32688
195.336	3.23	3.17	1.44766	0	0.99	6.61	5.34	3.93	4.83	2.58	4.01	4.51	3.46	2.5	2.01	3.54106	2.15577	0.37755	-1.70873	-2.13653	-0.185012
196.306	3.29	0.91	1.25485	0.0277176	1.4	7.04	4.79	3.33	3.58	1.27	3.31	2.65	4.28	0.76	1.16	3.94381	2.53105	1.30926	0.386563	-2.17153	-1.08857
197.276	1.15	2.14	0.615822	0	0.27	8.25	5.15	2.61	5.44	3.15	5.11	4.89	3.19	2.1	3.62	4.87911	2.5923	3.58942	0.360856	-1.37303	0.364006
198.246	2.08	0.12	0.288669	-1.32	1.36	6.22	5.97	3.03	2.18	2.85	4.89	3.68	3.63	1.43	0.3	1.4538	0.280094	0.892191	-0.377472	-2.47045	0.0314461
199.216	1.69	2.72	0	0.77	2.13	8.1	5.89	3.74	4.23	3.29	5.88	4.54	5.39	1.51	1.21	5.38594	2.99371	1.04417	-0.18367	-0.991521	1.62565
200.186	0.45	-0.29	-2.98	-2.82	0.92	6.57	3.46	2.24	3.05	1.98	3.53	1.25	2.32	-0.63	-1.25	3.41973	0.784866	-1.22201	-1.91708	-4.61204	-1.6623
201.155	-2.88	-0.7	-3.51	-3.72	-0.89	3.55	3.64	2.86	2.11	0.85	3.7	0.22	1.78	-0.55	-0.72	2.26173	0.495574	-0.554952	-1.73864	-4.23211	-0.851148
202.124	-1.24	-0.57	-1.38	1.58	1.1	8.69	5.28	4.43	3.84	3.79	3.59	3.31	4.7	2.55	1.77	3.96194	3.63035	1.14774	0.297955	-0.713134	0.224893
203.093	0.33	0.39	-1.57	-1.38	1.52	8.3	4.27	3.68	4.9	4.61	5.56	4.05	4.19	2.04	1.29	2.64138	1.28964	1.72691	1.51711	-2.02418	0.804174
204.062	-0.16	-1.25	-0.51	-0.85	0.82	7.84	5.32	3.05	2.66	3.19	3.82	5.26	3.26	1.79	2.35	3.9272	2.43249	0.324881	0.126195	-1.51583	0.857378
205.031	3.04	3.37	-1.53	1.05	4.35	8.81	6.11	3.28	4.82	2.38	3.12	4.26	3.54	1.89	1.62	5.08454	2.43272	2.49451	1.17787	-1.49716	0.658271
205.999	1.13	2.3	-0.24	0.59	1.38	7.36	5.44	3.88	5.82	2.7	4.34	1.82	2.33	1.16	1.31	3.98978	2.42121	-0.601912	-1.54962	-2.46354	0.316419
206.968	3.66	1.15	-0.37	-0.61	2.36	6.93	5.11	1.95	2.59	2.27	2.14	2.75	3.19	-0.59	0.22	2.33075	0.607894	0.798931	-1.06787	-2.86426	-0.506607
207.936	3.79	1.28	0.86	-0.77	2.09	7.57	5.95	1.88	3.52	2.66	1.81	2.55	3.9	0.03	-0.24	2.5236	1.55969	-2.25275	-2.64812	-3.21272	-1.75435
208.904	6.21	3.83	-1.45	1.16	2.01	8.63	8.07	4.81	4.88	4.8	5.08	3.43	3.77	1.62	1.43	4.29157	2.94255	-2.32633	-2.79093	-1.36908	0.0687555
209.872	2.92	5.62	1.4	2.38	3.06	7.75	5.52	4.7	4.48	3.08	4.09	1.34	2.09	0.84	2.25	2.89656	2.22163	0.115729	-0.478219	-2.85099	0.618046
210.84	3.77	4.76	-0.97	0.95	3.34	7.64	5.54	3.7	4.2	3.83	5.56	4.23	4.04	1.93	0.72	3.86169	1.99359	0.92268	-0.200179	-2.80393	1.28036
211.807	8.1	3.75	1.27	3.58	4.57	8.07	6.39	4.27	5.14	4.4	4.22	3.48	4.42	2.51	0.97	5.87078	3.76422	0.909005	0.639571	-1.4158	1.45209
212.775	5.46	4.1	-1.03	0.31	2.07	6.37	4.71	4.32	3.06	2.53	2.89	3.93	3.68	-0.47	0.19	2.61923	0.380413	-0.889154	-3.19736	-3.57251	-2.28132
213.742	4.64	4.23	1.22	0.11	0.87	7.57	4.51	3.13	3	2.44	2.86	-0.23	1.12	-0.35	-0.73	3.2522	0.245085	0.634047	0.117707	-3.50202	-1.27604
214.709	5.47	7.78	1.34	0.8	2.65	6.97	5.73	5.9	4.19	3.79	4.5	4.28	3.36	0.62	2.2	2.69995	2.62222	0.600736	-0.915701	-1.80624	1.06106
215.676	8.09	6.58	0.95	2.33	3.8	8.06	6.48	6.22	5.55	2.5	4.06	3.81	3.81	1.94	1.41	3.10164	2.14981	1.82263	0.637136	-2.22562	-0.621045
216.643	8.76	7.33	3.24	2.86	3.02	10.49	6.62	5.9	4.49	4.13	6.24	3.66	4.59	2.99	1.2	5.45054	3.56114	0.53573	0.650618	-2.16894	1.00041
217.609	7.12	7.61	1.86	1.91	0.04	8.5	4.82	4.14	4.24	2.19	2.74	2.98	3.02	-0.41	-0.77	0.973292	0.2837	0.502727	-0.269234	-2.46268	-0.686018
218.576	6.44	5.59	1.17	0.86	3.77	9.01	4.97	1.88	3.68	3.98	3.45	3.35	3.14	0.26	-0.07	2.64998	0.361266	-0.784487	-1.38313	-3.36905	-1.63738
219.542	10.01	6.02	3.37	2.49	4.13	7.7	5.74	5.88	5.23	3.89	5.12	3.66	2.98	0.7	0.65	1.53217	1.7486	0.779316	-0.230094	-2.22241	-0.770292
220.508	8.79	7.35	2.44	1.26	3.85	8.35	6.01	3.74	4.06	5.65	6.48	3.84	4.31	1.63	1.53	4.05571	2.79945	1.01278	-0.153877	-2.08339	1.81145
221.474	10.92	7.11	3.17	5.05	5.74	10.37	8.71	6.69	3.38	4.03	4.74	5.61	3.72	2.74	1.59	4.59685	3.28995	1.6374	0.823823	-0.320155	1.28294
222.44	12.49	7.3	2.76	2.3	3.73	9.9	6.29	4.92	4.51	3.94	4.2	3.03	3.24	1.39	1.15	2.1345	0.696075	-0.364887	-2.2503	-2.51947	-0.811532
223.406	9.83	6.85	3.32	3.4	1.94	6.4	5.93	2.42	4.91	2.48	3.4	2.55	3.16	-0.55	-0.01	3.09807	2.19151	-1.08081	-1.95433	-3.89787	-1.13549
224.371	14.75	11.64	5.91	5.2	6.17	11.15	7.65	5.53	5.63	5.73	6.76	3.85	3.78	1.83	0.69	4.8851	3.57956	1.3907	-0.914249	-2.22962	0.952101
225.336	18.8	13.98	8.54	6.81	5.43	10.44	8.66	5.86	6.54	5.13	5.7	4.45	4.09	1.8	1.07	5.05106	2.88803	0.468298	-0.114662	-1.88354	0.731217
226.301	22.96	20.14	12.39	8.77	8.87	13.11	8.85	7.52	8.08	4.83	5.6	7.29	5.82	2.25	2.7	5.01097	3.48881	1.697	0.905768	0.131217	1.46255
227.266	27.9	22.94	14.53	9.44	9.69	12.33	9.21	6.13	6.88	4.61	6.8	5.4	6.29	3.16	1.63	4.23632	2.31835	1.30958	-0.440987	-2.86003	-0.5177
228.231	32.63	24.94	12.04	10.18	10.23	14.53	7.9	7.23	7.59	5.26	5.13	4.19	3.81	0.31	2.47	4.44134	2.23201	0.962258	-0.00852314	-1.76935	0.645898
229.196	35	28.61	17.74	12.44	10.31	13.84	10.33	7.74	8.29	6.51	7.37	5.71	5.87	3.51	2.72	4.70214	4.09847	1.70284	1.02296	-1.7804	0.552643
230.16	31.48	23.72	13.84	8.18	6.05	10.04	8.16	5.78	7.68	4.55	6.29	3.21	3.92	1.12	1.35	2.40259	0.58904	-0.346498	-2.40636	-2.85956	-0.316779
231.124	31.8	23.45	13.19	8.57	10.63	13.42	7.73	7.95	6.01	4.04	5.12	6.18	3.15	1.31	3.28	3.34269	1.98279	1.23719	-0.210498	-1.66572	0.357667
232.089	27.32	20.32	11.67	9.37	6.67	10.66	7.82	5.78	6.45	4.4	5.1	3.8	3.48	1.56	1.4	3.10114	1.99081	-1.4251	-1.40285	-3.01863	-0.204334
233.053	24.73	19.12	10.01	8.55	6.66	9.54	5.65	3.02	5.62	1	2.83	2.07	2.18	0.77	-0.94	2.61252	0.519794	-0.0659845	-2.35935	-3.28874	-1.90393
234.016	24.38	19.64	12.06	7.24	5.84	12.37	8.65	5.39	4.97	4.82	4.69	4.91	3.81	0.65	1.79	4.20964	3.03429	0.463897	0.191705	-1.62795	0.410947
234.98	23.12	19.25	10.88	6.39	6.96	11.11	9.64	6.32	5.21	4.95	4.34	4.96	4.1	0.67	-0.39	2.74559	1.59093	-0.154388	-2.33329	-2.82568	-1.68135
235.943	21.17	18.99	10.72	7.28	8.62	11.1	8.54	8.09	6.89	2.97	4.53	4.46	3.85	2.14	1.59	5.16455	2.66055	-0.0688749	-0.430854	-2.36875	-0.112731
236.907	22.75	19.04	12.2	8.66	7.42	11.23	8.7	6.28	6.99	4.54	5.15	4.95	4.97	2.68	3.29	5.04114	3.91349	0.931405	-0.0311548	-2.29386	-0.0299774
237.87	21.44	15.09	11.1	7.47	6	11.5	7.38	6	5.79	4.18	5.1	2.82	4.65	1.71	2.94	2.34387	2.17512	0.249533	0.168391	-2.81257	0.462112
238.833	21.69	15.5	10	5.64	6.96	10.18	7.22	6.29	5.99	4.53	4.42	4.14	2.81	0.71	2.46	3.50511	1.60488	1.09549	-0.744298	-2.64404	-0.497696
239.796	21.36	17.1	10.84	8.88	7.05	13.24	9.55	6.81	8.46	3.5	5.69	5.58	4.58	1.56	1.58	6.04025	4.17958	2.08717	1.30891	-2.07823	0.0475015
240.759	19.13	16.32	8.87	5.83	5.82	11.42	8.87	4.92	5.89	5.47	4.53	4.79	2.54	1.32	1.95	4.67378	2.4268	1.06707	1.04939	-2.59288	-0.755094
241.721	16.23	13.94	8.66	7.32	7.46	12.64	9.53	6.02	6.27	4.58	5.81	4.94	4.65	3.95	3.2	5.98757	4.65888	0.617926	1.82998	-0.794532	1.49691
242.683	16.87	13.27	6.31	5.1	4.33	9.72	7.47	5.62	5.57	2.59	5.28	6.35	4.35	1.3	0.87	4.30946	3.67675	1.04013	0.223132	-1.38352	1.39507
243.646	17.58	12.42	5.44	4.57	4.45	10.59	7.16	4.94	6.25	4.15	5.91	4.9	4.89	1.61	1.06	4.12208	2.4428	0.938691	-0.847764	-2.82988	-0.468698
244.607	14.7	12.83	7.63	6.73	6.22	12	8.42	5.82	5.78	5.41	7.19	4.64	5.29	2.5	1.66	6.505	3.96107	2.30358	2.76638	-0.761867	1.77934
245.569	15.66	13.07	7.97	6.96	6.82	13.04	8.59	6.53	6.6	4.88	7.22	5.28	5.76	4.89	3.22	5.74374	4.42041	1.66877	0.128487	-1.10534	1.23768
246.531	11.84	8.26	2.78	3.11	2.11	7.06	3.83	3.97	3.89	1.65	3.26	1.85	2.96	-0.33	0.52	2.1281	1.28779	0.591054	-0.720338	-4.00337	-2.5653
247.493	14.71	12.71	7.61	4.56	6.51	10.66	8.56	5.73	6.85	4.89	6.51	6.45	5.41	3.24	2.95	6.66171	3.98054	3.56048	1.10054	-1.15042	0.857922
248.454	11.35	11.24	6.33	4.21	4.47	11.3	9.65	4.63	5.64	4.56	4.38	5.04	4.96	1.79	0.87	5.15324	3.09521	1.26744	-1.002	-1.60883	-0.677246
249.415	12.04	11.21	3.01	3.78	4.96	9.72	5.33	3.6	5.61	4.19	4.41	4.74	5.5	0.91	-0.12	3.4611	3.98343	0.931336	-0.321226	-2.57395	-0.760038
250.376	16.77	10.77	6.67	5.72	4.77	9.7	6.98	3.86	5.13	4.05	5.95	3.19	5.53	1.84	2.22	5.95376	3.78592	2.35642	-0.0177608	-2.00388	-0.588065
251.337	10.39	9.74	3.86	2.62	4.26	9.13	7.45	5.44	4.73	2.41	4.58	3.1	3.45	1.99	1.08	4.19935	1.89031	1.55994	0.115567	-2.26214	-0.813734
252.298	12.37	9.96	2.9	3.9	4.21	8.45	6.29	5.74	6.29	4.8	5.04	5.9	4.41	3.04	2.17	3.26063	2.9065	2.42241	1.04723	-2.27719	-1.13781
253.259	12.9	9.57	5.95	4.49	5.45	10.78	8.43	5.93	6.31	5.16	6.91	7.55	6.38	3.34	4.22	6.59452	5.77056	2.1293	0.472557	-0.364827	0.145748
254.219	11.23	10.67	4.32	4.06	4.17	9.19	5.47	6.1	5.58	2.79	5.13	4.77	5.5	2.59	2.43	6.00398	3.66714	2.12379	0.416588	-0.364582	-0.797818
255.179	12.55	9.85	3.56	3.29	4.1	10.99	7.93	6.84	7.69	6.88	6.42	5.17	6.24	3.29	2.82	8.03052	5.70092	2.35283	1.03678	0.575142	1.38633
256.139	10.34	6.77	2.31	3.76	2.86	8.89	5.82	4.9	5.66	5.61	6.34	4.94	4.35	2.6	2.33	5.09022	3.75781	1.53768	1.18118	-2.20416	-1.62693
257.099	10.97	10.27	5.93	4.33	6.4	11.58	8.76	6.14	8.68	6.51	6.75	8.09	6.78	3.28	5.51	6.0821	6.40837	3.69457	2.48946	-0.40444	1.52408
258.059	11.01	7.98	4.02	6.14	4.89	10.89	10.62	7.19	7.88	6.43	7.33	7.98	7.61	5.73	4.43	7.24554	5.29547	3.42434	1.9698	-1.27927	0.231372
259.018	9.97	10.03	5.89	3.73	6.91	11.4	9.19	8.09	10.33	7.8	9.26	8.26	8.43	5.6	5.2	7.85801	5.06317	3.19856	2.87326	0.5079	3.40882
259.978	10.9	6.33	3.36	2.15	4.76	10.07	6.72	6.15	5.56	5.86	6.59	6.2	3.95	2.98	2.77	4.67915	3.75917	0.500818	-0.225294	-2.31743	-1.95544
260.937	14.8	10.77	4.83	5.31	7.58	12.12	9.81	6.91	9.66	6.66	7	7.3	6.32	4.52	4.96	8.50686	5.72354	4.51274	3.6261	-0.450444	0.898758
261.896	13.18	11.48	5.02	5.45	6.6	11.91	9.14	7.2	6.71	5.98	7.56	5.87	6.94	3.07	3.15	4.44825	3.63892	3.46832	2.21391	-0.624193	-0.745144
262.855	14.83	11.07	5.5	5.34	5.58	9.95	8.55	6.94	6.29	4.5	7.44	7.21	7.23	3	2.64	4.97538	3.89343	4.48822	0.164975	-0.443389	-0.170256
263.814	14.49	13.93	8.05	6.13	4.77	10.36	8.53	6.5	6.32	6.8	7.97	7.59	6.08	4.65	4.07	7.05088	5.89499	4.0969	2.83303	-0.400541	2.6211
264.772	15.85	11.51	5.05	4.42	4.77	10.88	8.51	7.03	6.7	7.33	7.53	6.1	7.02	4.05	4.09	7.63567	5.2238	4.39864	4.10541	0.607152	0.400116
265.731	12.39	11.75	7.35	2.33	6.16	10.17	7.01	6.6	7.9	6.39	7.1	7.4	6.85	5.26	4.89	6.99273	6.3619	4.29021	2.45555	0.51547	1.38776
266.689	12.21	11.04	5.09	5.68	5.64	11.45	9.45	7.61	6.45	5.67	8.31	8.09	7.72	5.08	5.13	8.13126	7.17274	4.42274	3.76845	0.00143057	1.18872
267.647	10.18	8.09	1.98	2.64	3.43	9.41	5.55	5.4	6.53	4.53	5.78	6.06	4.84	3.42	1.76	7.53662	4.72773	3.62475	2.01199	-1.06234	-0.335801
268.605	8.03	4.47	1.9	1.65	1.35	8.5	6	5.19	5.18	3.39	4.98	4.83	5.14	3	2.3	5.78407	5.28993	1.89041	-0.0715894	-0.839656	-1.08336
269.563	7.74	6.21	0.88	1.75	2.47	7.8	5.12	4.07	5.43	3.53	4.74	5.19	3.59	2.29	1.33	6.76983	3.65454	3.60419	-0.0779974	-1.58758	-1.0488
270.52	9.07	7.89	2.15	2.88	3.6	9.12	8.68	6.44	6.57	5.24	7.02	7.93	7.57	4.05	5.3	7.47158	7.65221	5.99617	3.96493	0.223144	0.619169
271.478	8.25	7.36	3.54	3.89	4.42	9.19	7.51	6.33	6.04	4.74	5.2	6.58	7.51	4.2	4.14	6.77064	4.81646	4.8142	2.94379	0.748846	1.44369
272.435	11.54	8.57	2.6	3.46	3.23	9.15	7.05	4.87	7.34	5.44	7.13	6.43	7.13	5.74	4.76	8.81383	6.90868	6.64301	3.82403	0.521003	0.0963713
273.392	8.09	6.53	0.4	2.07	2.82	8.35	7	3.8	6.25	4.87	6.49	6.44	6.51	2.23	2.04	6.78669	4.20961	5.48252	3.47323	-0.142354	-1.6128
274.349	10.07	6.24	2.05	3	5.6	10.51	7.44	6.13	5.92	5.38	8.06	7.09	7.18	4.49	5.06	8.05312	5.88778	5.11197	4.76296	-1.23033	-1.16454
275.306	11.42	9.92	4.61	2.19	1.85	8.32	7.74	4.47	5.64	6.01	7.57	8.35	8.99	4.76	5.04	10.3725	8.43422	6.45629	3.21682	0.219713	0.52175
276.263	11.42	8.08	3.21	4.83	4.23	10.19	9.68	6.37	7.35	6.08	7.54	10.01	8.94	8.03	6.56	11.3423	8.72403	7.47607	5.1866	1.21943	2.37156
277.219	9.67	10.32	1.69	1.31	4.42	9.07	7.27	6.37	5.75	4.96	7.13	7.89	6.76	5.6	5.58	8.96089	8.18495	5.7687	4.26959	0.715509	-0.177402
278.175	10.93	7	1.83	1.8	2.91	8.77	7.96	5.04	7.18	3.85	7.47	8.58	8.45	4.8	4.94	10.9314	8.93286	6.87472	3.6552	-0.752293	-0.109627
279.131	12.08	9.76	5.46	1.51	3.36	10.05	7.98	7.1	9.83	6.46	8.68	9.18	9.26	6.58	6.94	11.7301	9.95577	8.6834	6.57296	1.73783	-0.877014
280.088	11.91	9.71	4.49	1.53	2.21	8.87	8.96	6.92	8.26	6.34	8.58	9.79	9.16	7.64	8.17	13.1458	10.3303	10.1371	7.7265	0.529827	-1.04251
281.043	12.76	10.26	5.89	6.9	5.7	10.08	9	8.85	9.41	8.53	11.44	11.33	12.42	9.75	10.65	15.104	13.1435	11.4339	9.82401	4.54387	1.71087
281.999	8.11	9.25	2.9	2.57	3.58	9.8	7.31	4.02	7.31	8.23	10.38	11.73	12.15	9.21	9.87	15.2001	13.2593	9.46689	7.18862	2.57142	-2.02274
282.955	13.14	10.97	5.1	5.45	6.99	10.75	10.19	10.73	10.79	10.76	11.51	12.85	14.94	12.62	14.09	20.4684	16.91	14.3692	12.0113	4.28707	0.928005
283.91	13.55	9.62	6.42	4.63	5.26	12.3	12.39	9.41	12.39	11.47	15.47	17.45	15.31	15.52	16.01	22.5188	19.1113	15.0385	12.8324	4.23267	0.55992
284.865	14.63	14.42	6.33	5.84	5.72	12.45	11.49	13.47	14.7	13.68	18.21	19.45	18.98	18.61	18.72	26.1464	21.751	16.5997	14.0939	5.62686	-0.870333
285.82	17.52	14.37	8.08	7.73	8.14	14.98	14.38	13.97	16.75	17.45	21.58	24.08	24.84	21.12	22.29	29.0377	22.6782	19.1111	14.5262	4.99692	2.09718
286.775	17.87	19.53	10.18	8.6	8.84	15.1	15.67	16.17	20.69	20.89	25.88	25.98	25.77	24.87	22.33	28.3963	21.5173	18.2179	14.3147	2.92921	0.446818
287.73	18.34	12.85	6.47	5.83	7.19	15.52	15.02	17.36	20.44	20.77	23.43	27.95	26.83	22	20.4	25.3594	21.4638	15.3171	10.0044	1.01359	-1.23644
288.684	18.63	16.25	9.07	7.78	9.99	15.16	16.34	18.59	19.64	22.31	24.44	29.25	27.77	22.8	22.18	25.9902	22.1876	14.503	10.4308	2.20391	0.437517
289.638	24.27	17.88	10.81	8.63	9.3	16.42	17.33	19.27	21.18	23.61	27.96	27.07	24.08	20.63	19.23	23.3039	17.9778	11.8279	8.24671	1.59832	-1.51199
290.593	26.18	20.88	11.51	10.76	13.38	19.35	18.07	17.59	23.4	23.48	25.6	26.16	24	18.29	18.44	20.5537	17.6721	12.5081	9.02606	1.8404	1.31197
291.547	29.12	21.9	15.2	11.55	12.59	18.5	19.01	18.17	19.81	21.51	23.98	23.31	21.46	15.71	14.56	18.6809	13.7213	10.4088	6.42703	1.16398	0.8613
292.501	28.29	24.25	14.22	12.02	12.64	17.94	16.9	15.92	15.98	18.06	19.05	18.98	17.22	12.27	11.63	16.3963	12.9809	10.2514	7.49033	0.902799	0.561091
293.454	34.54	27.4	18.65	11.96	13.84	19.06	12.06	15.89	16.04	15.1	16.11	15.2	13.33	10.31	9.2	14.6426	11.9661	9.15589	5.88466	1.13578	0.116273
294.408	36.63	28.1	14.8	11.26	11.49	15.32	11.93	12.16	11.94	11.54	13.99	12.71	11.23	8.35	8.36	13.5476	8.91707	8.08391	5.77203	0.527791	-1.57295
295.362	42.58	28.78	16.38	11.3	10.41	15.55	11.69	8.02	11.02	7.89	9.9	11.27	8.08	7.27	6.91	10.1346	8.69408	7.29825	4.08797	1.14699	-0.24543
296.315	39.6	29.09	16.47	8.01	10.6	13.22	10.15	8.51	10.02	7.23	9.53	8.12	8.57	7.65	8.63	13.1766	11.9739	10.0565	5.70585	1.702	0.604275
297.268	36.41	25.02	12.8	7.99	9.39	14.05	10.34	8.8	9.53	9.01	11.02	11.91	12.25	7.8	6.77	14.179	11.7552	10.4342	8.48501	1.27281	-0.603965
298.221	28.29	22.23	11.79	7.56	9.04	10.61	10.79	8.42	8.75	9.06	9.08	10.8	10.42	8.13	7.94	13.8766	12.1676	8.61013	6.24167	1.41579	0.488684
299.173	23.42	19.43	6.98	7	6.94	11.74	8.72	8.08	8.21	8.94	9.53	10.42	11.46	7.14	7.42	12.9365	10.3229	8.7994	7.4218	1.52307	-0.515714
300.126	18.56	16.21	7.99	6.42	8.85	12.75	10.05	7.4	9.7	8.34	10.31	11.26	10.5	8.23	8.87	14.0092	11.8691	8.79806	7.08101	0.616834	-1.15939
301.078	20.08	15.83	7.5	5.95	8.1	10.94	8.19	7.31	9.42	7.17	9.16	9.55	10.26	8.05	9.11	14.5689	12.4441	9.70705	5.63085	1.71375	-2.69405
302.031	17.97	17.49	9.32	5.76	6.92	10.37	10.43	8.68	10.68	7.82	9.14	9.79	11.38	8.76	9.22	13.1479	14.111	10.8096	7.15471	1.96799	-0.766792
302.983	22.72	16.79	10.93	8.17	10.13	14.86	12.43	9.97	12.58	11.91	13.55	13.72	14.1	11.85	12.6	17.2015	14.9411	13.0444	11.5605	4.27227	2.32361
303.935	21.31	18.4	12.6	8.86	7.96	12.7	9.83	8.27	10.32	10.64	10.96	11.6	12.15	10.36	9.8	14.8536	11.571	9.16275	7.95849	2.00742	-1.66659
304.886	23.92	19.36	13	9.51	8.72	12.12	11.79	8.38	11.12	9.71	11.34	14.18	13.35	12.12	11.02	16.7537	13.882	9.4317	7.76918	3.01249	0.61497
305.838	28.94	22.67	16.04	11.89	9.49	14.71	11.55	12.71	13.69	10.71	14.62	13.99	15.14	11.7	13.02	18.3773	16.9084	11.4429	11.2793	4.82311	0.801054
306.79	30.49	23.11	13.47	12.45	9.94	16.08	13.29	11.5	13.46	13.21	12.44	14.63	14.02	12.46	12.11	19.6872	16.0655	13.578	9.15391	4.19412	-1.32198
307.741	35.94	27.45	15.43	12.88	12.07	15.78	12.26	13.56	13.36	13.19	14.96	16.04	15.38	14.18	14.94	20.5675	16.1332	14.8938	13.6493	3.08603	-0.794408
308.692	33.76	28.62	18.24	12.22	11.42	17.04	13.73	12.13	13.69	16.05	17.39	18.39	17.83	14.3	12.7	19.9914	16.2836	14.929	11.1455	4.67079	0.00632846
309.643	38.92	30.4	20.99	14.18	12.77	18.2	14.83	14.07	16.29	15.03	17.76	17.59	17.93	14.37	15.95	21.7391	19.8279	17.3308	13.9467	6.84763	1.81043
310.594	35.33	28.23	17.59	14.97	15.18	17.85	14.54	11.83	14.6	13.49	17.58	16.14	16.84	14.85	16.9	20.7403	19.1795	15.7026	13.3986	3.70996	0.632028
311.545	36.51	30.92	17.84	13.42	12.26	17.28	14.52	10.85	15.05	13.4	16.06	16.56	16.89	15.73	14.74	22.0596	17.9658	16.9868	12.7824	4.14985	-0.631783
312.495	38.51	32.52	22	14.96	13.84	17.83	13.89	13.27	13.15	14.15	16.14	18.32	17.11	14.98	15.34	23.1818	21.4732	16.6607	13.8855	4.46658	0.195371
313.446	44.04	31.85	21.35	11.47	12.63	15.1	11.96	10.39	11.7	12.07	14.19	14.73	14.5	13.78	13.47	21.6293	17.6346	14.8776	11.3014	4.22446	-2.41356
314.396	47.74	36.75	23.89	17.67	14.7	18.96	14.3	13.44	13.42	13.21	16.51	18.61	17.74	15.49	16.69	24.904	21.2278	17.5397	14.0533	4.59444	-0.720435
315.346	57.62	45.81	28.67	19.05	17.23	16.57	14.69	12.34	13.18	14.7	18.66	20.57	22.07	17.55	17.92	24.2839	22.1823	20.3302	17.313	6.20687	0.423763
316.296	60.56	47.92	28.92	21.38	17.16	19.56	15.04	13.75	14.67	15.56	18.74	20.71	20.28	18.14	17.89	28.6403	23.8277	19.4249	15.1075	7.18009	-0.330893
317.245	67.98	53.23	31.99	23.26	19.82	20.04	14.75	14.14	16.14	16.85	18.59	21.41	22.6	19.41	21.04	28.6921	26.4655	19.0371	17.3206	5.87103	0.397218
318.195	74.4	60.61	34.86	23.99	20.75	18.62	15.96	14.87	18.18	17.84	22.23	23.29	23.71	22.59	22.68	31.3324	26.9458	23.6774	18.9109	8.17143	2.3275
319.144	77.57	60.66	36.85	20.72	17.39	18.81	13.28	13.53	15.2	16.79	20.75	23.23	21.66	19.67	21.85	30.5665	28.6311	22.6435	17.2672	6.95925	0.222864
320.093	82.4	61.12	35.84	23.9	17.09	18.44	14.77	14.35	17.38	17.81	20.82	24.55	25.21	21.21	22.48	31.1542	28.3154	21.5754	17.8886	7.03621	1.02704
321.043	81.87	59.7	35.12	21.13	18.43	18.58	13.66	14.52	17.88	19.47	24.37	23.29	23.94	22.68	23.16	31.6595	28.1494	21.9485	17.7614	7.24733	-0.299054
321.991	78.88	60.03	33.12	19.53	16.57	18.22	14.95	15.07	17.35	17.55	21.1	24.52	26.78	21.18	23.12	32.7621	26.9255	23.807	20.6105	7.70096	0.727172
322.94	72.49	58.61	29.97	18.34	13.22	16.63	13.54	14.3	15.26	19.11	21.54	25.52	24.23	21.24	23.07	31.0096	28.8423	22.6233	19.5467	7.15628	0.0839609
323.889	70.63	52.56	28.35	15.72	14.41	15.65	13.3	12.94	15.97	17.23	21.53	23.17	23.71	22.96	23.34	33.7922	28.2828	25.9424	21.6255	6.67233	-1.00562
324.837	73.03	52.65	29.18	16.97	13.36	18.02	15.61	15.37	18.36	19.06	24.25	26.07	28.55	24.99	25.02	35.9742	33.0645	25.5365	22.228	8.27123	0.885555
325.785	67.29	49.83	28.93	13.6	13.47	17.07	16.24	14.76	18.48	20.08	23.59	28.27	27.74	23.62	26.11	36.5335	30.4937	26.0356	21.447	9.39999	-0.715295
326.733	65.46	49.34	26.59	15.18	11.34	14.74	14.24	15.12	16.22	19.57	23.9	25.95	28.87	25.61	27.61	35.8372	33.0955	28.0562	21.7873	8.91802	-2.75352
327.681	66.87	46.68	28	16.34	12.6	16.73	16.04	16.06	20	20.68	26.73	29.43	31.2	30.02	30.02	39.6637	35.8839	30.1159	26.1573	7.57036	-0.815043
328.629	63.27	47.07	27.84	18.05	13.25	18.26	14.91	16.35	19.47	21.17	25.53	31.27	31.99	27.71	31.16	39.6304	35.2078	31.3151	24.7676	9.90028	0.619238
329.577	63.88	48.52	25.74	17.38	13.21	16.73	16.07	16.15	20.3	24.26	28.38	32.16	32.64	30.9	32.59	41.6765	39.2348	32.7453	27.6264	9.08688	0.245701
330.524	66.05	50.61	27.15	17.5	14.38	16.21	17.37	17.1	22.41	24.83	29.29	33.63	36.17	30.75	34.14	43.6324	40.265	32.4587	25.9105	10.3067	0.0961455
331.471	70.83	53.62	31.07	18.91	14.36	19.93	19.17	20.84	23.86	24.57	31.73	35.22	36.49	34.9	37.92	48.3733	44.726	35.2699	30.8017	12.9982	0.647194
332.419	72.8	57.64	29.84	20.68	15.18	18.55	18.52	18.59	21.25	26.61	31.04	37.52	39.71	36.71	38.6	49.5774	47.0113	38.166	30.298	11.336	-0.617457
333.365	78.4	60.91	35.77	21.94	17.64	18.18	18.5	20.01	25.8	29.54	36.25	38.05	41.59	38.91	41.12	52.1342	47.2	38.246	32.6383	12.1387	0.681287
334.313	90.05	69.3	39.34	25.6	19.71	23.18	19.49	23.65	29.7	31.76	37.68	44.6	45.41	43.31	46.59	59.2122	52.642	44.8236	35.965	15.1875	2.78298
335.259	93.77	73.33	41.36	27.32	20.62	23.03	21.96	23.2	28.92	32.13	38.98	45.43	47.36	44.28	46.55	61.0317	53.2313	45.0829	34.4642	14.4966	-0.317642
336.206	103	75.42	46.31	28.13	22.96	25.48	23.1	24.12	30.1	34.79	43.34	47.49	49.67	48.9	49.43	64.4209	55.713	46.3464	36.6181	14.5038	-0.0458158
337.152	107.78	84.29	50.07	32.23	23.55	25.03	25.81	27.51	31.87	36.3	43.95	51.06	55.36	50.58	54.59	67.0518	55.7441	46.2477	37.5595	14.5554	0.2053
338.098	117.46	90.03	53.01	31.64	23.5	26.98	23.94	27.06	32.56	40.36	47.93	53.73	55.59	53.71	55.62	69.2307	57.2528	44.5261	35.1978	10.8334	-1.37608
339.044	133.72	100.83	60.06	37.16	28.07	28.46	28.09	30.21	37.55	43.7	52.06	60.5	61.99	56.69	57.72	71.4919	58.0715	45.0131	34.6044	14.2868	0.972528
339.99	139.15	111.28	61.24	38.31	30.51	31.48	29.68	32.96	38.06	46.51	55.22	62.22	62.59	57.02	57.36	66.0332	57.1605	42.8504	32.5013	12.4806	-0.138604
340.936	158.85	118.89	69.31	41.69	33.63	32.27	30.76	34.97	41.09	51.4	58.14	64.75	64.92	61.08	58.2	68.0537	57.3384	42.6564	32.9769	11.8628	0.539165
341.881	173.35	133.7	79.17	47.87	34.67	32.47	30.32	34.51	41.24	52.14	59.07	67.39	64.85	60.2	58.99	66.6825	54.6715	39.7453	28.9849	10.1132	-0.768043
342.826	200.17	152.3	90.15	53.63	41.77	39.65	34.42	39.67	42.81	57.04	62.35	69.68	68.31	63	60.28	64.3294	51.1984	37.8794	28.0807	11.2022	-0.100659
343.772	221.65	170.08	98.32	59.83	46.7	41.14	35.88	38.36	44.74	57.5	65.94	69.32	69.09	61.46	56.06	63.1644	52.3148	36.3869	26.2584	9.16169	-0.724131
344.717	248.82	189.59	111.68	68.87	51.45	41.83	36.79	42.81	48.7	61.04	66.46	73.18	74.26	63.19	57.19	63.4141	48.9971	36.8211	26.4729	9.68972	1.27825
345.662	281.62	210.56	125.98	71.45	55.29	44.52	38.34	44.79	47.6	61.45	68.21	75.39	70.51	58.67	52.74	54.9543	42.1701	29.4961	20.3284	7.21891	0.0114323
346.606	303.96	229.48	133.36	77.9	54.1	44.85	38.53	45.4	49.2	62.85	67.67	71.28	64.84	54.52	48.27	50.5333	37.1988	26.4446	17.7369	5.36696	0.390093
347.551	335.18	246.62	139.99	79.52	56.52	42.04	39.52	45.82	51.84	63.47	66.6	65.51	61.61	45.57	39.5	43.83	31.7728	21.4839	15.7474	3.83705	-0.485512
348.495	349.39	254.66	139.36	78.93	56.06	49.15	42.4	50.71	55.58	61.55	61.62	61.46	53.62	41.89	35.97	34.9693	27.2973	19.7022	14.7765	4.32311	-0.280751
349.44	356.85	259.51	141.08	76.05	56.34	51.24	48.31	54.5	55.33	59.47	59.91	53.24	45.36	35.86	30.27	32.7581	25.7321	18.5687	13.1655	6.09323	1.96487
350.384	347.3	250.93	130.58	74.94	56.28	52.88	49.06	51.62	50.38	50.12	48.56	44.72	37.74	26.9	24.24	28.0543	21.5155	16.5073	12.3452	3.97233	0.708593
351.328	325.57	233.99	124.05	71.79	57.63	52.48	45.49	43.68	41.26	40.16	38.39	35.68	28.95	23.45	19.71	24.1836	19.1264	13.9421	10.0687	4.05482	0.159097
352.271	308.17	221.06	117.65	71.23	58.25	54.53	43.8	38.29	36.99	34.78	35	31.82	28.14	21.47	20.29	24.0906	19.5381	16.1872	11.8745	5.27672	1.401
353.215	275.37	196.92	103.27	64.03	49.99	40.75	32.95	30.68	28.4	28.31	27.85	27.02	24.49	16.96	15.21	19.1742	15.6226	13.1224	8.72988	2.60336	-1.23443
354.158	240.98	172.97	89.22	53.45	43.11	33.93	25.44	22.83	24.96	25	22.87	21.81	20.15	15.28	13.43	16.1089	13.4013	8.93405	6.79218	2.42095	-1.15549
355.102	205.52	145.67	76.39	44.53	32.77	31.29	25.14	24.93	23.54	22	23.78	21.44	21.02	15.94	15.32	18.7092	15.9517	10.7845	7.57267	3.84155	2.32492
356.045	158.36	111.62	57.8	33.6	28.86	26.79	22.22	19.66	19.78	19.1	21.21	19.09	18.08	13.36	13.08	18.1404	13.6286	10.4956	8.35469	1.63116	0.112127
356.988	116.92	83.74	43.6	26.67	25.14	24.77	18.1	20.24	17.58	17.56	18.93	17.38	17.44	12.76	12.32	16.9069	12.6497	10.57	7.82976	1.26218	-0.186573
357.931	91.17	67.85	36.55	23.87	20.87	23.03	17.98	16.64	17.25	17.03	18.37	18.73	16.37	10.79	11.17	14.1319	11.7487	7.68199	6.03242	0.0702047	-0.737328
358.873	72	52.68	29.67	22.08	20.05	21.71	16.91	14.29	15.49	15.98	15.74	15.41	14.09	10.46	8.15	12.3052	10.7675	6.92741	4.21712	0.0489129	-1.40882
359.816	61	46.05	24.89	20.98	17.09	19.43	14.89	14.5	14.72	13.93	15.1	14.14	13.72	8.03	7.53	11.3773	7.89561	6.42994	4.09061	0.210335	0.919629
360.758	49.97	41.6	25.83	15.89	15.96	18.33	14.83	13.78	14.53	13.18	13.22	10.98	11.06	8.24	5.29	9.49994	6.98626	4.41913	3.40948	0.366572	-1.61982
361.701	45.91	39.93	23.4	16.09	17.17	19.45	15.7	14.71	14.27	15.67	16.07	12.39	10.51	5.5	8.37	10.425	8.00548	5.27135	3.84235	1.72486	0.979607
362.643	45.83	35.69	24.52	15.69	16.06	19.33	14.09	12.39	12.62	11.6	11.32	11.21	10.46	6.02	5.32	7.70627	4.86976	4.29787	3.97935	-0.744102	-0.315949
363.584	40.47	31.82	19.17	14.59	13.08	17.65	12.75	9.96	11.29	8.69	10.93	8.91	6.12	4.71	2.44	5.60564	4.97895	1.70693	1.25839	-0.935295	-0.446768
364.526	41.46	33.57	18.83	14.69	15.68	17.54	13.8	11.58	11.26	11.08	9.3	8.74	6.89	3.81	2.32	6.40277	4.30075	5.16212	2.93433	1.83679	0.975265
365.468	37.59	31.14	17.45	13.88	13.47	16.92	11.2	9.67	9.38	5.96	6.03	6.43	3.76	1.57	1.1	5.92629	4.50251	2.0926	1.61452	-0.38534	-0.963064
366.409	32.73	27.88	16.64	13.96	13.6	14.36	11.43	7.74	6.51	5.65	6.17	4.93	4.69	1.29	2.39	5.09036	4.01496	1.87387	2.18554	-1.10645	0.999305
367.35	31.5	26.16	15.98	9.25	9.24	12.17	8.66	7.02	6.33	4.28	5.07	4.68	2.07	-0.36	-1.12	2.78151	3.6637	2.94086	1.88214	0.406975	0.547924
368.291	29.76	22.42	13.89	8.96	8.18	11.52	7.05	3.7	4.12	3.31	3.57	2.07	3.06	-1.7	-1.31	2.33198	1.25885	1.58213	0.542565	-0.839613	-0.107202
369.232	26.26	21.12	12.69	11.13	8.79	10.9	7.45	5.44	4.39	3.04	2.82	1.59	1.52	-0.36	-1.8	2.56359	1.18635	1.97392	2.37529	-0.169126	-0.369399
370.173	22.99	18.99	9.62	7.12	7.14	9.78	6.83	2.98	2.53	0.78	1.62	0.59	1.06	-3.01	-1.27	2.45305	2.15294	3.05842	1.02933	-0.41887	-1.47296
371.113	24.54	16.86	11.27	7.31	7.67	9.55	6.41	4.58	3.7	3.33	3.1	2.69	1.88	-1.62	-1.72	2.37872	2.58471	2.43734	1.22764	0.00429169	-0.331388
372.054	23.24	18.6	7.05	4.38	4.95	10.86	7.12	3.77	3.97	1.87	0.9	2.1	2.06	-2.43	-0.79	1.72901	1.3178	1.10247	1.52321	-1.75644	-1.01816
372.994	17.74	17.75	9.46	5.37	4.44	9.34	5.77	2.73	2.5	1.29	2.34	1.27	0.1	-1.68	-1.32	3.50857	2.54452	1.48712	0.147407	-0.915994	-0.301585
373.934	19.18	13.78	6.61	4.17	4.73	7.19	2.86	3.93	1.74	0.21	0.73	-0.69	-0.3	-3.61	-3.6	1.68479	1.20516	-0.269021	-0.22803	-1.38561	-0.740718
374.874	19.51	14.19	7.07	5.63	3.38	9.59	6.31	3.16	3.33	0.31	1.29	0.97	0.69	-0.31	-1.32	2.94886	2.87395	0.0505027	-0.326164	-1.24434	-0.371171
375.814	19.3	15.84	9.93	4.93	5.42	8.38	6.94	4.82	3.95	1.78	2.67	2.27	2.92	0.3	0.31	4.45611	2.72317	1.80116	2.04481	1.17924	1.17815
376.754	21.36	14.15	7.39	6.7	5.31	9.39	5.69	3.77	3.41	0.51	1.8	0.95	0.91	-1.24	-1.26	2.07476	1.64145	3.20918	1.33277	-2.02328	-1.28358
377.693	17.8	17.73	10	4.84	5	9	5.72	2.71	4.09	0.72	2.54	3.15	2.2	-0.7	-0.01	3.10965	1.71495	1.27166	0.51503	-0.142858	-0.870156
378.632	17.87	14.72	8.54	5.06	7.02	8.23	4.81	5.47	3.36	2.6	3.34	2.94	1.54	-0.73	-1.05	3.76686	3.21412	1.21226	1.80594	-0.619364	0.72911
379.572	15.47	13.45	7.18	3.27	6.65	9.62	6.53	2.44	3.65	1.16	2.32	-0.01	1.45	-1.62	-1.3	3.03066	1.68624	2.60315	2.04656	-1.04096	0.751146
380.51	15.15	11.8	5.34	6.46	5.6	11.15	7.3	4.6	4.07	1.95	3.5	2.4	2.44	0.28	0.09	5.75042	3.39138	4.88221	3.04648	1.50604	-0.423442
381.45	11.62	10.18	4	5.45	4.31	9.31	5.9	4.45	3.79	1.98	3.67	1.66	2.76	-1.18	-1.5	3.89365	3.68277	3.90226	2.82623	-0.166632	0.0678533
382.388	11	8.28	7.22	2.26	4.09	8.26	6.8	2.83	4.1	3.24	3.56	2.02	1.5	0.89	0.34	6.28343	4.45431	2.8578	0.970467	1.15676	0.348976
383.327	10.08	11.18	4.53	1.89	4.46	9.32	4.78	3.15	3.03	0.79	2.67	1.54	2.75	0.6	-0.3	4.61667	3.68844	2.90258	1.58538	0.312835	-0.546849
384.265	13.49	10.91	3.58	4.41	5.92	8.49	6.14	3.93	5.45	2.11	3.86	2.78	4.02	1.01	1.06	5.09385	4.05941	5.00901	3.75083	1.58009	0.3238
385.203	12.53	7.35	1.61	3.1	4.1	7.09	4.9	2.62	3.44	2.22	3.06	2.34	1.67	0.46	-1.28	5.59882	4.41118	3.07574	2.10864	-0.923136	-1.91408
386.141	11.56	12.12	4.56	4.36	3.54	9.62	6.37	5.41	4.9	3.02	4.52	5.65	4.6	3.02	1.93	7.37973	6.19777	5.40648	4.28029	2.77601	0.202804
387.079	12.05	10.21	6.3	5.16	5.19	11.99	8.84	5.37	8.22	4.51	6.12	4.47	5.18	3.45	3.95	8.60999	7.19538	3.96216	4.93554	1.26778	-0.129721
388.017	10.2	8.02	3.52	4.82	6.02	7.06	6.29	2.93	3.76	1.52	2.95	3.87	4.92	1.85	2.02	6.37756	6.82229	4.52858	3.97186	0.673222	-0.472848
388.955	11.84	10.98	4.55	4.53	3.16	11	9.01	6.24	8.53	5.62	4.78	6.56	8.1	3.75	4.1	9.61368	8.51736	7.18289	5.886	2.16597	-1.99783
389.892	13.1	9.81	5.39	4.6	6.92	10.08	7.73	7.1	7.76	6.76	7.38	8.81	7.87	5.14	4.91	12.536	11.6876	8.59155	7.95432	1.78153	1.25225
390.829	7.66	9.09	3.62	3.28	6.83	13.31	10.24	5.82	9.06	6.21	8.61	7.81	8.94	6.16	6.17	13.5865	12.281	10.517	8.40027	3.21125	-0.2242
391.766	7.7	8.95	7.06	5.17	7.49	10.62	9.34	8.05	9.97	9.06	9.74	10.66	9.69	7.94	9.85	14.9065	13.6482	12.4623	10.195	4.34242	1.09287
392.703	7.17	7.29	3.61	4.58	6.91	11.48	11.77	9.94	9.94	9.23	11.05	12	13.22	9.98	10.16	17.2341	15.2851	12.7688	12.5114	5.15797	-0.0401921
393.64	6.25	7.4	3.87	6.74	7.98	12.3	11.43	11.34	11.73	10.64	13.12	14.09	13.44	10.8	12.46	20.8528	20.308	16.9474	13.3892	5.80805	0.0323947
394.577	8.73	9.92	6.54	6.7	8.9	15.29	14.41	12.71	15.36	13.39	14.2	17.54	20.21	16.09	17.92	25.8689	23.8031	20.4517	17.5033	8.2008	1.48741
395.513	9.27	7.16	5.63	6.67	8.62	14.4	13.72	12.43	14.41	14.63	18.04	18.78	21.24	18.65	20.2	29.2536	26.6118	23.4234	19.6256	6.78841	0.206377
396.45	10.64	11.69	8.88	9.85	13.27	17.64	19.18	16.87	20.04	19.35	23.36	25.73	28.33	24.95	26.77	38.0263	36.4753	31.1074	26.2097	10.9935	1.98985
397.386	13.16	10.12	9.08	10.14	13.19	19.87	19.88	19.15	21.72	21.26	28.2	31.26	31.32	30.89	31.69	44.8973	40.9138	36.2941	29.536	11.8565	1.01823
398.322	11.45	12.28	9.37	10.07	15.02	21.73	22.44	23.52	26.28	27.46	33.38	34.77	38.59	37.38	39.78	54.5047	49.4832	42.135	35.0773	14.2004	-0.762251
399.258	16.57	15.71	13.77	15.73	18.83	23.3	27.48	28.27	32.78	34.28	41.04	47.46	50.33	47.09	50.98	68.9279	61.5699	47.8643	41.3272	15.865	-0.645332
400.193	15.51	16.75	13.57	15.35	21.58	30.03	30.75	31.46	37.31	40.56	47.73	57.52	59.75	60.81	65.22	77.9024	69.5303	56.3316	45.2337	16.7061	0.31477
401.129	18.18	15.87	17.8	21.38	25.67	32.78	37.1	37.59	46.83	53.6	62.45	75.43	78.57	76.66	80.14	95.8246	81.4357	60.2395	48.6822	18.5989	1.67042
402.064	15.87	18.78	18.67	21.77	29.15	37.26	44.32	48.28	59.93	64.62	79.42	92.67	95.02	94.25	92.82	105.717	87.4443	63.9325	48.3362	17.571	-1.70067
402.999	21.22	20.16	22.1	26.34	33.51	44.5	51.25	58.09	73.34	83.32	98.75	116.42	117.51	112.5	111.06	112.717	88.5087	64.1729	45.6057	17.4132	0.43342
403.934	23.57	25.2	27.29	33.23	40.32	54.7	66.06	75.11	90.95	106.91	128.25	142.39	144.47	126.39	119.44	116.33	90.6429	62.0677	43.6907	15.9894	0.817656
404.869	29.04	32.38	35.41	41.7	52.42	69.9	84.42	99.93	120.19	141.32	158.61	173.89	165.22	141.36	122.98	112.562	83.5048	57.7499	38.9729	15.7221	2.74953
405.804	33.52	38.12	42.55	49.86	64.68	85.36	108.23	125.55	152.93	171.87	188.29	195.72	174.78	139.73	118.06	103.529	74.0968	49.9753	32.6691	12.8946	-0.958202
406.738	39.67	43.66	48.58	61.22	80.54	106.58	133.62	161.43	187.26	204.89	211.4	200.54	169.27	131.03	104.91	90.4796	63.9803	42.351	29.6152	11.2945	1.15549
407.673	49.35	53.79	61.86	76.02	101.81	133.02	166.72	194.32	205.94	217.81	208.56	188.21	151.86	111.08	86.44	71.7423	51.1483	33.4155	22.499	7.73205	-0.576787
408.607	60.21	65.02	76	94.63	126.01	165.1	191.1	215.37	214.31	209.16	186.64	158.19	123.55	87.01	67.13	59.6466	41.422	26.746	17.861	5.44636	-1.39262
409.541	70.09	82.3	94.04	117.35	157.39	197.37	210.56	221.06	198.24	185.04	157.81	128.77	99.61	68.93	54.86	47.1567	32.7448	21.6008	14.8262	4.14519	-0.269689
410.475	94.75	102.07	118.53	146.23	196.4	218.76	206.89	198.5	165.4	147.56	125.02	101.76	75.5	52.98	40.63	39.5495	26.6665	19.2291	13.5359	4.67665	-0.137488
411.409	123.38	130.85	151	178.68	218.78	217.41	179.18	158.3	130.41	111.63	94.33	76.4	58.72	42.44	30.81	33.0347	22.3986	16.2362	10.0541	3.8139	0.694962
412.343	151.8	168.08	179.93	196.51	221.52	187.42	142.36	120.79	93.37	85.47	67.37	58.11	44.9	31.15	25.47	26.1051	18.8991	11.4167	7.49462	2.00457	-0.66458
413.276	190.05	197.36	194.85	195.09	192.29	147.68	107.66	89.82	70.66	64.51	54.27	43.57	35.23	26.14	21.2	22.2979	17.7181	10.7902	6.63914	2.95727	1.49474
414.209	215.02	207.94	185.32	160.52	148.39	107.99	77.67	64.45	52.75	46.55	41.11	34.67	26.88	19.97	14.2	17.8475	14.0849	10.165	6.60344	1.49785	-0.73859
415.143	205.71	190.14	155.01	122.84	106.35	81.97	58.65	48.36	40.59	37.56	31.37	27.75	23.37	13.8	11.77	16.5729	11.9418	10.1429	6.89164	1.05799	-0.871627
416.076	167.56	146.89	112.66	92.13	75.42	63.76	45.99	37.75	31.18	28.31	23.58	22.93	18.76	12.92	9.83	14.0988	10.7374	6.72573	5.12599	1.75522	1.46454
417.009	118.99	107.66	83.2	68.74	56.59	47.33	35.8	29.19	25.62	20.48	20.24	15.61	15.79	8.98	9.05	11.3626	8.10224	6.07129	4.15172	0.812311	-0.240589
417.941	85.44	77.61	62.99	50.43	43.1	37.66	30.11	26.35	22.21	19.3	19.67	14.94	13.83	8.9	6.12	11.7036	9.4417	5.2369	4.99867	1.46039	-1.2207
418.874	65.3	61.1	46.99	40.56	33.83	34.18	23.6	20.73	18.35	15.8	15.09	12.9	10.46	5.75	4.86	9.49144	7.45168	5.28845	3.65055	2.93509	-0.300608
419.806	41.1	43.13	33.27	28.81	25.27	27.11	21.93	18.36	16.09	11.71	12.93	11.63	8.86	4.57	3.29	7.48538	5.62669	4.34424	2.14652	0.392468	-0.195543
420.739	34.56	32.21	29.6	26.3	23.6	23.09	18.44	13.91	12.54	11.38	10.81	9.54	8.49	3.61	2.93	8.35156	4.24728	3.79804	4.19102	-0.777222	0.545272
421.67	31.24	29.94	26.82	22.37	21.01	22.21	16.56	13.79	13.95	11.81	12.19	9.05	7.63	4.74	4.1	7.40151	6.71539	4.43209	4.57637	2.36887	1.75379
422.602	23.16	24.9	21.11	17.55	15.3	19.72	15.17	10.02	9.91	6.43	6.03	6.55	5.43	1.63	0.4	6.25696	3.6796	4.0554	2.56948	-0.689647	-0.512057
423.534	23.16	23.19	18.32	15.18	15.35	18.33	13.73	11.37	10.16	7.87	7.71	5.99	5.38	2.06	1.9	6.35054	4.8887	3.60124	1.58461	1.25959	0.066818
424.466	20.48	20.24	15.3	14.3	13.42	18.91	12.73	9.77	8.24	6.71	6.97	6.86	6.25	1.96	2.43	5.81875	4.99731	2.90744	1.31246	1.38116	-0.544035
425.397	18.33	20.66	14.87	12.86	12.45	16.76	14.89	8.69	7.18	7.16	6.26	7.38	5.83	2.35	2.61	5.93038	3.93939	3.01983	2.10493	1.68421	0.338059
426.328	18.73	17.23	13.92	11.49	11.84	14.08	10.76	8.04	6.59	4.53	4.17	5.9	5.04	0.32	0.63	4.99044	4.32219	2.36463	1.99016	-0.886947	-0.239
427.26	15.85	17.41	11.78	11.81	12.24	12.54	11.78	7.25	8.04	4.95	5.34	5.02	2.49	0.36	-0.27	4.83272	2.95237	1.55328	1.44848	1.9986	0.731077
428.191	15.75	16.04	12.35	10.87	8.58	15.1	11.54	7.15	7.48	4.36	5.05	3.37	3.14	0.89	0.59	3.55828	2.174	2.26204	1.85661	-0.0284479	-0.2875
429.121	14.25	12.96	11.06	10.44	9.76	11.98	9.1	6.09	6.44	4.03	4.09	2.61	3.32	0.24	-0.76	3.74654	1.39723	3.0389	0.404258	0.145751	-0.0240143
430.052	13.57	11.41	8.68	8.99	7.65	12.08	7.22	4.68	5.32	3.64	2.9	2.01	0.96	-1.16	-0.04	2.12724	2.2854	-0.00478023	0.910179	-0.511666	-0.135975
430.982	10.61	11.49	10.5	8.61	8.01	12.42	8.25	4.42	4.14	2.28	3.06	1.69	0.18	-4.17	-3.66	1.4817	0.711064	0.261772	-1.12308	-1.51332	-2.27025
431.913	9.66	10.04	11.72	8.49	7.04	12.15	7.49	5.74	6.23	2.96	3.03	0.32	2.41	-1.24	-0.68	2.85453	2.15467	2.44594	2.41122	0.72199	2.1134
432.843	11.16	11.3	8.6	7.86	7.7	12.46	7.52	4.79	2.76	2.22	1.55	1.36	-0.44	-1.61	-1.78	1.9845	1.86464	0.585902	0.501176	0.411938	0.233367
433.773	7.88	11.68	6.08	7.75	7.57	11.84	8.35	3.83	3.03	0.51	1.13	0.19	-0.75	-2.64	-1.95	0.465569	1.23327	-0.0472383	0.257649	-0.814796	-0.0881247
434.703	13.23	11.84	7.45	8.92	6.95	9.45	8.17	3.76	3.6	0.94	2.39	-0.75	-0.23	-2.54	-2.55	1.53958	1.66837	0.60866	0.67372	-1.11729	-0.542967
435.633	11.39	11.6	7.63	6.58	6.57	11.62	7.58	3.72	4.83	2.61	1.96	1.17	0.25	-0.33	-1.63	3.57849	2.37971	1.98177	2.90721	0.689408	0.0284969
436.562	7.24	10.23	6.04	3.62	4.9	7.53	5.2	2.21	2.66	-2.09	-1.38	-0.49	-1.96	-3.45	-4.16	-0.707632	-0.882635	-1.57782	-2.05178	-3.1646	-1.65366
437.491	7.84	10.05	7.36	7.13	5.17	10.99	6.51	2.69	2.44	2.85	1.96	0.42	-0.3	-3.64	-2.23	3.26887	1.11291	2.13703	1.85292	-0.611161	0.441841
438.421	6.07	8.03	5.19	6.05	5.76	7.73	3.83	2.19	1.33	1.01	-0.55	1.17	-0.52	-3.29	-2.91	0.652392	0.247396	-0.347788	-0.13174	-0.794557	-2.08362
439.35	6.63	8.23	5.12	6.41	6.19	8.64	5.79	1.32	2.49	0.54	1.84	-0.53	-1.17	-2.52	-2.86	1.77998	0.81977	0.558077	0.194888	-1.01162	0.548996
440.279	5.7	4.76	2.69	5.24	6	8.31	4.36	0.85	0.77	-0.48	0.25	-1.59	-1.52	-4	-4.22	-1.46768	-0.904526	-1.20377	-0.0864244	-2.1285	-2.37513
441.208	9.59	7.73	4.69	6.6	5.23	8.56	7.67	2.98	2.52	-0.16	-1.45	-1.12	-2.55	-1.64	-3.36	1.86478	0.826765	0.863964	1.17271	-1.03771	-0.563383
442.136	5.44	8.57	4.04	5.37	5.07	8.47	6.05	2.87	2.3	-2.48	-0.75	-2.88	-2.39	-4.54	-5.01	-0.115781	-0.346667	-1.32156	-1.58327	-1.49749	0.103037
443.065	8.55	6.89	4.71	3.57	4.31	8.75	5.2	3.31	3.45	0.29	1.28	-1.86	-1.6	-4.72	-5.14	-0.285556	-0.286381	1.08877	0.47707	-0.767065	-0.826674
443.993	8.17	7.72	4.57	4.07	5.42	9.12	6.6	3.47	1.88	-1.67	0.88	-0.49	-0.12	-1.73	-2.75	0.818863	0.553796	1.34585	1.10348	-0.306248	0.373286
444.921	7.32	8.2	6.2	5.26	4.98	10.19	5.61	2.27	1.5	0.82	1.04	-0.94	-0.86	-3.07	-4.02	0.498771	1.62823	0.366301	0.45306	0.266121	0.667443
445.849	8.16	9.95	5.71	4.72	6.39	10.03	6.93	3.26	2.64	1.76	1.59	0.3	0.72	-1.56	-2.8	3.54467	2.02575	1.95498	0.081998	0.397178	0.785037
446.777	6.27	7.38	5.01	5.72	3.12	9.79	4.89	2.14	1.76	-0.24	-1.04	0.07	-1.71	-4.54	-2.91	0.692541	1.31303	-0.0481549	0.648767	0.643181	-0.367708
447.705	5.49	6.87	5.51	3.78	3.73	9.01	4.75	1.55	3.11	-0.74	-0.38	-0.95	-1.87	-3.42	-3.13	1.50302	0.423644	0.472555	-0.270502	-1.22591	-0.647087
448.632	2.76	6.42	3.34	3.6	2.62	6.74	3.7	2	2.51	-0.86	-0.46	-1.01	-1.79	-5.04	-3.44	1.9318	0.646645	0.461344	1.48737	0.294338	0.145617
449.559	2.64	5.32	2.7	3.55	3.1	6.82	3	1.09	1.06	-0.89	1.14	-1.41	-2.39	-3.45	-2.99	0.522197	0.167147	-0.868076	0.217965	-0.194923	0.0161246
450.487	0.75	6.27	2.66	2.41	4.48	9.29	4.58	1.63	3.32	-0.67	-0.08	-1.17	-0.93	-2.56	-3.08	1.33598	0.889232	1.38277	0.318546	0.0434252	-0.071877
451.414	3.02	3.77	2.46	1.27	2.38	7.66	3.78	1.45	0.36	-2.2	-1.01	-2.6	-3.56	-4.5	-3.66	0.815966	1.61377	0.223345	-0.191751	-0.684053	-0.597614
452.341	5.31	4.58	4.49	3.31	3.28	7.87	4.83	2	1.86	-0.88	-0.57	-1.55	-0.9	-3.71	-3.21	1.00026	2.21563	1.09613	2.12905	-0.559656	0.0935999
453.267	5.28	4.66	2.35	3.48	3.9	5.98	3.18	-0.12	-0.81	-1.22	-0.13	-1.36	-1.25	-2.98	-3.32	-0.0784964	-0.0900707	1.96266	0.826071	0.241399	-1.26194
454.194	4.66	7.71	3.98	5.42	2.57	8.08	5.75	1.78	1.78	-0.24	-0.24	0.74	-1.55	-4.39	-2.63	1.6852	1.13463	0.448097	-0.338332	0.278323	-1.51719
455.12	4.19	5.24	1.86	3.7	3.01	8.79	3.76	0.96	0.92	-0.95	-1.82	-2.47	-2.3	-3.78	-3.59	1.48327	1.66218	0.475261	0.108748	0.324711	0.350334
456.047	4.87	3.78	2.02	3.82	2.92	8.17	3.92	2.11	1.22	-1.52	-0.55	-2.42	-2.26	-3.98	-3.87	1.29798	0.800887	0.0768874	-1.05899	-1.04775	0.899247
456.973	6.65	7.23	6.32	2.34	3.13	8.45	5.15	3.95	1.81	-0.03	0.73	1.21	0.68	-2.07	-2.04	1.31069	1.36707	1.67559	2.55027	1.80607	1.7556
457.899	6.13	5.42	3.4	2.8	3.11	8.09	4.09	1.69	2.43	0	-0.08	-0.16	-1.04	-2.96	-2.46	1.36588	1.03822	0.923806	1.65784	-0.00167163	1.06655
458.825	2.34	4.35	2.29	3.31	3.39	8.53	3.03	0.82	0.53	0.03	0	0.28	-0.37	-3.53	-3.12	1.47842	0.683281	1.39341	1.34626	-0.47311	0.391228
459.75	2.27	3.25	1.18	3.49	2.56	7.13	5.46	2.83	2.24	-0.16	1.19	-0.95	-0.72	-2.01	-2.75	2.72311	1.86198	0.875028	0.478509	-0.075585	0.48013
460.676	0.57	0	1.25	3.41	1.6	5.61	3.36	0.24	1.04	-1.02	-0.48	-2.53	-3.38	-2.41	-3.17	-0.276122	0.767504	-0.383263	-0.0306157	-1.67161	-0.424612
461.601	1.86	2.65	2.4	2.64	1.91	8.45	6.58	1.11	1.72	-0.92	-0.1	-2.13	-1.72	-3.42	-3.52	1.23459	1.95841	1.16778	0.450463	-0.620279	0.606305
462.526	4.84	4.12	3.77	5.47	4.07	9.34	5.06	2.88	3.3	1.05	2.07	1.41	0.42	-1.8	-0.16	3.08123	3.56141	2.26813	3.41023	2.0947	2.80912
463.451	0	4.97	0.41	2.79	2.55	8.07	3.1	3.01	2.84	-1.06	0.74	-1.67	-2.36	-1.98	-3.24	0.781933	0.88414	1.19505	0.865877	1.54982	-0.168562
464.376	3.11	5.29	2.78	2.22	2.73	6.13	4.59	1.57	1.74	-2.19	-0.95	-0.3	-0.96	-4.44	-3.2	0.610222	0.624686	0.317238	-0.181572	-1.36465	1.0821
465.301	2.4	1.46	1.29	2.19	1.52	6.78	2.69	-0.55	-0.9	-3.4	-0.92	-1.64	-2.27	-3.65	-4.13	0.715371	0.0239584	0.609517	0.741363	-0.0662774	0.251584
466.226	2.25	1.28	2.27	0	1.69	7.83	4.23	0.54	1.02	0.32	-1.85	-2.1	-1.9	-5.34	-5.99	-0.0338575	0.37494	0.230652	-1.25747	-0.264832	-0.867423
467.15	1.72	3.86	2.4	2.13	3.95	7.34	3.08	1.15	1.27	-1.28	0.01	-1.56	-0.62	-2.98	-4.31	0.29479	0.190497	0.423956	0.215343	0.333905	0.857975
468.074	1.94	5.49	4.87	2.88	4.02	9.47	5.57	1.48	1.91	0.63	0.58	-0.52	-0.07	-2.05	-2.34	1.59532	2.00389	2.02944	1.54129	1.41363	1.69152
468.998	1.05	5.08	3.77	2.22	1.85	6.49	3.28	0.79	0.96	-1.97	-1.38	-2.88	-2.86	-5.94	-4.58	0.333977	-0.408705	-1.55136	-2.34131	-0.793807	-1.06166
469.922	5.61	6.11	2.91	3.68	3.51	6.94	4.48	-0.23	-1.44	-2.03	-1.8	-1.3	-2.45	-2.61	-3.61	-0.263549	0.624442	0.942276	0.762436	0.740826	-0.578476
470.846	2.55	6.19	4.15	1.69	4.12	6.52	2.11	1	1.76	-0.69	-1.05	-0.45	-1.43	-3.73	-4.18	0.884795	0.750503	1.22396	-0.564649	-0.896086	1.78798
471.769	1.9	3.32	1.75	0.99	3.41	6.49	3.77	0.63	0.42	-1.84	-1.22	-3.12	-3.75	-4.77	-3.5	0.763107	-0.546199	0.410895	-0.146923	-0.131787	-0.998465
472.693	4.72	4.74	3.41	1.99	4.56	8.08	5	2.7	1.14	-0.35	-1.43	-1.13	-0.34	-3.69	-3.34	1.71258	2.3913	2.05425	2.1977	0.0834192	1.36945
473.616	3.32	3.35	2.87	1.64	2.36	6.39	4.29	0.39	0.63	-1.37	-2	-2.6	-2.21	-3.25	-5	-0.250748	-0.440213	0.794056	0.677803	0.325912	0.00802567
474.54	2.15	1.57	0	1.83	0	4.41	2.06	0.6	-0.86	-3.58	-3.86	-3.69	-3.63	-5.02	-3.92	-0.894335	-1.2575	0.134073	-0.562768	-0.859535	-1.86945
475.463	7.7	6.32	4.29	5.63	2.65	8.14	4.94	3.11	3.68	-1.2	-0.83	-0.09	-0.84	-2.27	-2.36	1.20559	1.54785	2.36337	2.75739	1.39778	1.44617
476.386	3.53	5.41	2.59	1.82	2.4	7.28	3.26	1.46	0.96	-0.54	-0.29	-1.83	-2.1	-3.33	-3.64	0.845449	1.40223	0.283755	0.256904	-1.20994	-0.579729
477.308	4.24	7.11	3.11	2.38	5.15	5.99	3.46	1.11	0.32	-3.15	-1.12	-0.68	-1.13	-3.94	-3.43	0.000612875	0.771519	0.976057	0.219863	0.158461	-0.320224
478.23	3.69	3.74	1.82	4.38	2.25	5.46	2.43	1.33	0.45	-1.29	-0.8	-2.18	-2.43	-4.54	-4.31	-0.371733	-0.81602	-0.407977	-1.19341	-0.578473	0.462483
479.153	2.98	2.87	1.29	5.38	1.3	6.77	1.87	-0.13	-1.78	-2.93	-2.76	-3.35	-3.5	-6.27	-5.8	-1.45883	-1.63505	-0.228419	-1.30416	-2.39177	-2.22665
480.075	3.19	4.72	1.85	3.96	2.49	7.82	2.79	0.85	1.32	-2.72	-2.19	-1.41	-0.63	-4.01	-4	0.46143	1.36345	-0.25391	0.221663	-1.83509	-1.11772
480.997	1.51	5.84	3.05	2.39	0.59	5.97	3.44	-0.09	-0.11	-2.07	-1.81	-2.86	-3.15	-4.76	-5.23	0.416808	0.000291289	-1.036	-0.790194	-1.26502	-0.380806
481.919	3.56	6.77	4.64	1.53	2.71	7.33	3.67	1.54	0.88	-2.49	-1.16	-0.82	-2.15	-4.49	-4.13	-0.714903	-0.709163	0.336189	0.652355	0.350509	-0.350145
482.841	3.75	3.66	1.37	1.26	2.83	7.29	2.55	0.27	-0.59	-1.45	-3.58	-2.3	-3.03	-4.74	-5.39	-0.85199	-0.788179	0.415768	0.501626	-0.942764	-1.66926
483.763	4.25	7.65	4.51	3.44	3.22	7.41	3.82	1.94	0.08	-2	-1.31	-3.27	-2.99	-3.27	-3.65	-0.267285	0.195974	1.02681	1.48417	-0.0277627	0.015378
484.684	4.1	6.92	2.95	2.23	3.87	6.75	5.19	1.61	0.45	-2.48	-1.44	-1.87	-2.27	-3.6	-3.59	1.20453	1.89829	0.209485	1.12693	-0.304355	-0.852282
485.606	5.46	5.62	4.88	3.01	2.35	6.78	5.07	0.5	1.05	-1.47	-0.99	-1.51	-2.48	-4.62	-3.84	0.142046	-0.391263	0.399363	0.778863	0.484635	1.84883
486.526	6.5	6.76	4.63	4.06	2.95	6.48	3.57	0.97	0.47	0.82	-0.34	-1.21	-0.95	-3.2	-4.72	1.04609	-0.286118	-0.804689	0.804986	0.632209	0.434031
487.448	7.97	8.83	5.66	3.98	5.12	9.05	4.82	2.75	1.82	0.19	1.95	0.22	-0.63	-2.77	-2.82	3.00571	2.83885	2.12417	2.52469	1.11896	2.43927
488.368	8.64	11.7	5.87	5.31	2.93	8.6	5.94	1.97	0.85	-2.53	-2.09	-1.99	-2.04	-3.01	-2.31	1.63539	1.25389	1.00312	1.19449	1.22582	0.414583
489.289	7.68	8.97	5.3	2.73	4.12	8.1	3.09	1.71	0.95	-0.22	0.11	-0.94	-0.28	-3.5	-2.45	2.96499	3.14154	1.24665	0.599307	1.35126	0.192654
490.209	3.69	6.3	3.23	1.9	3.1	6.52	2.73	0.06	-0.36	-1.89	-2.35	-2.55	-1.87	-4.33	-4.03	0.0684927	0.705998	0.131797	-0.0653919	-0.382182	0.757158
491.13	6.06	7.89	5.47	5.25	4.55	7.25	4.73	-0.18	0.39	-1.66	-1.1	-2.78	-2.28	-3.83	-4.07	1.46926	1.74969	0.937631	2.30091	-0.382018	-0.418995
492.05	3.94	4.92	3.77	2.85	3.29	6.74	1.54	-0.11	-0.56	-2.95	-2.55	-2.96	-3.1	-5.02	-5.54	0.515554	1.57498	-1.12782	-2.5247	0.771045	0.0262407
492.97	8.08	9.29	3.63	4.8	3.83	7.37	4.46	1	1.27	-0.21	-0.23	-2.3	-2	-2.23	-2.39	0.0524203	0.570995	1.36757	1.85055	0.325175	-0.677791
493.89	7.14	4.66	2.77	3.92	0.74	5.46	2.1	0.75	-0.08	-2.25	-2.22	-2.97	-3.54	-3.67	-3.6	0.553455	-0.479521	0.793218	0.457543	-0.276698	0.542127
494.81	7.18	10.55	5.29	3.85	2.19	7.08	3.12	-0.54	-0.19	-1.31	-0.71	-2.35	-2.28	-3.27	-4.26	1.58839	2.88949	1.05519	2.56016	0.991285	0.151343
495.73	8.18	6.7	3.21	1.05	2.3	5.86	2.22	0.34	0.04	-3.46	-1.73	-1.39	-1.73	-5.51	-3.69	0.971498	1.52616	0.434462	0.740002	0.0458263	-1.4318
496.649	8.86	9.23	3.77	4.5	3.25	7.46	4.23	0.96	-0.63	-2.89	-2.33	-1.44	-2.97	-4.07	-2.23	1.79052	2.52763	1.62772	2.00366	0.962716	0.0297954
497.568	9.57	9.34	3.07	4.82	2.45	7.04	2.87	0.52	0.32	-1.55	-1.5	-2.17	-2.23	-2.97	-2.91	1.75769	2.24404	3.33357	3.43938	1.02743	-0.763838
498.487	10.39	9.76	7.3	4.83	5.07	9.09	5.17	2.27	1.46	-0.09	0.6	-0.33	-0.67	-2.17	-1.62	4.92577	3.58431	2.17545	1.63161	1.81255	-0.953451
499.406	8.62	6.83	5.1	4.13	3.26	7.65	5.6	0.07	0.32	-1.43	-0.71	-0.93	-1.91	-1.74	-1.42	1.3035	1.57687	0.61153	1.37846	1.30577	0.32936
500.325	7.7	7.31	6.38	2.41	3.68	8.45	4.48	2.76	2.41	-0.26	1.57	0.91	0.1	-2.21	-1.63	4.10869	3.49164	2.97328	1.54173	1.50168	1.94462
501.244	6.44	6.94	4.11	2.04	4.46	8.09	3.96	1.41	1.65	-1.88	-0.59	-1.86	-0.82	-2.63	-3.27	2.39102	3.3455	1.94554	1.46583	-0.0390383	-0.0809315
502.163	4.26	7.88	4.45	5.49	2.08	7.62	3.72	1.46	-0.39	-0.36	0.87	1.13	0.57	-1.95	-2.96	2.07659	0.905306	0.678439	0.519399	-0.0898797	0.429092
503.081	8.41	8.7	6.39	3.82	4.77	5.93	5.28	1.62	1.7	-0.39	0.43	1.11	1.47	-1.41	-0.48	2.68501	2.08602	2.25083	1.73215	0.955899	1.36993
503.999	9.26	7.61	3.6	3.37	2.8	6.3	2.37	1.71	1.98	0.09	-0.13	-0.42	0.28	-2.79	-3.19	1.92414	2.12492	0.719552	0.170838	-0.865728	-0.941189
504.917	9.82	10.47	3.89	3.5	4.08	8.32	3.67	0.94	1.88	-0.65	-0.54	-1.1	-0.76	-2.22	-2.19	2.83429	1.23967	0.950359	0.720785	0.227094	-1.36672
505.835	12.34	11.25	8.72	3.63	4.86	8.81	6.83	3.12	4.1	0.38	2.54	1.93	0.67	-1.17	-2.11	3.26058	2.69222	2.36019	2.15002	0.0814057	0.865639
506.753	12.35	11.74	8.72	5.91	6.36	10.33	6.44	3.01	3.37	-0.07	1.52	0.59	1.33	-2.07	-1.68	3.03202	2.6395	0.851724	1.42249	-1.07843	0.163219
507.67	13.78	11.2	7.44	5.11	5.64	8.62	5.77	1.69	2.83	0.81	0.63	1.08	0.47	-1.65	-1.9	2.97332	1.83843	1.96893	-0.210683	0.315278	-0.327968
508.588	15.41	11.66	7.13	5.64	4.73	8.99	5.93	4.09	4.5	1.42	2.6	1.08	0.03	-3	-4.38	2.11587	0.426228	-0.316735	-0.0671068	-0.83741	-1.91041
509.505	14.47	11.97	8.97	4.59	6.22	7.37	5.81	3.33	1.92	0.01	0.27	1.06	-0.08	-2.17	-2.56	1.80895	1.31653	0.404251	-0.848153	-0.415298	-1.19077
510.422	15.15	13.58	10.19	7.17	6.03	8.87	5.38	4.33	4.16	0.97	2.58	0.54	0.3	-2.05	-2.88	1.62665	0.463601	-0.289132	-0.861636	-0.349607	0.366271
511.339	10.17	11.27	5.49	5.11	3.23	9.77	4.21	3.23	2.39	0.7	-0.37	0.01	-1.73	-2.94	-4.09	-0.0179034	-0.520358	-1.11995	0.10605	-1.97432	-0.168171
512.256	12.03	14.32	6.48	5.71	3.73	9.41	4.8	1.49	0.81	-0.88	0.99	0.58	-1.68	-2.65	-4.3	0.675896	0.793585	-0.763191	0.00123981	-2.29213	-0.664733
513.173	14.3	14.45	9.99	5.31	8.41	10.77	6.29	4.18	2.24	-0.73	0.58	-2.04	-3.31	-3.89	-4.83	-0.454638	0.681074	-1.55985	-0.634146	-0.866935	-1.71683
514.089	18.48	17.75	9.13	8.61	9.06	12.87	8.29	4.94	3.81	1.09	1.4	0.31	0.19	-2.39	-1.61	1.34877	1.56997	1.17575	1.06074	1.71199	0.851829
515.005	18.65	16.02	9.82	8.31	7.93	9.71	4.82	2.69	1.31	-0.62	-1.07	-1.63	-2.43	-4.6	-4.9	-1.09174	-0.548849	-1.79912	-2.68546	-1.69515	-2.46741
515.922	19.58	18.52	13.18	9.01	8.38	11.51	6.34	2.91	1.71	-0.18	-0.1	-1.41	-1.08	-4.29	-3.77	-0.715461	-0.479032	-0.954017	-1.86138	-1.64959	-1.06793
516.838	22.92	21.34	13.07	10.7	9.79	12.13	7.21	4.99	4.06	2.14	0.2	0.78	0.36	-1.49	-2.71	1.69404	1.21761	1.20054	1.85272	0.360746	1.78857
517.754	21.42	17.11	11.18	7.61	7.74	8.03	2.88	0.69	-0.26	-2.26	-1.48	-2.32	-3.03	-5.37	-5.41	-0.637729	-0.98464	0.83794	0.380048	0.977436	0.356293
518.67	22.58	20.86	14.14	9.02	6.61	9.49	5.35	2.18	1.76	-0.41	0.3	-1.05	-1.74	-3.73	-3.71	0.81361	-0.652937	-0.370092	-0.387925	-0.180057	2.33801
519.585	20.99	23.32	9.95	6.74	6.78	9.51	5.52	1.92	0.44	-1.33	-1.42	-1.33	-2.89	-4.44	-3.82	1.3455	-0.0659779	-0.736727	-0.605345	-0.183977	-0.125279
520.501	21.08	16.17	9.94	6.81	7.04	8.17	3.64	-0.24	0.14	-1.21	-1.76	-3.82	-4.31	-5.27	-4.64	-0.888885	-2.14428	-1.92788	-1.19712	0.119081	-0.933781
521.416	21.7	18.62	11.44	7.89	6.51	9.71	6.12	1.79	2.82	-1.31	-0.69	-1.5	-1.58	-4.12	-3.7	0.507965	0.214436	1.39219	0.763247	0.461911	1.01503
522.331	19.53	16.03	8.35	5.98	4.15	7.4	2.25	0.04	-0.53	-3.46	-3.32	-4.96	-4.5	-7.31	-7.37	-1.53553	-1.49273	-2.85765	-2.73718	-2.93336	-2.29233
523.246	17.4	14.22	10.21	6.5	5.1	8.19	3.67	1.34	1.3	-1.99	-2	-3.23	-3.05	-5.69	-5.94	-1.45159	-1.51772	-1.46186	0.288782	-1.27598	0.592742
524.161	16.99	14.52	8.03	3.81	3.54	7.52	1.11	-0.73	-2.69	-4.68	-4.96	-5.44	-5.4	-7.06	-6.37	-3.31862	-2.27394	-3.51749	-2.08672	-1.38042	-1.47344
525.075	16.01	17.73	10.06	6.82	5.7	7.46	3.7	-0.03	0.61	-2.02	-1.52	-3.72	-3.79	-5.22	-6.54	-1.25042	-1.85623	-1.03014	-0.13945	-0.633796	0.734244
525.99	19.09	16.72	9.36	7.37	6.04	9.58	5.66	1.53	2.25	-0.88	-0.96	-3.14	-3.83	-3.91	-5.35	0.615899	0.184529	-0.186141	0.515258	2.03677	2.39523
526.904	12.77	15.29	7.55	4.1	4.08	5.99	2.14	0.06	-2.2	-3.46	-1.92	-4.87	-4.66	-6.48	-6.04	-2.36019	-2.3505	-0.780392	-1.17882	-1.75591	0.0802612
527.819	13.04	12.69	6.99	4.55	3.39	6.95	3.5	-0.64	-0.54	-2.45	-2.14	-3.81	-3.91	-5.7	-6.13	0.0404743	-0.802372	-2.15412	-1.92295	0.73661	-0.161743
528.733	9.86	10.88	4.51	2.12	2.03	7.07	1.5	-1.69	-0.89	-3.14	-1.89	-4.28	-4.96	-6.54	-5.91	-2.49569	-1.99477	-1.07377	-1.01201	-2.03748	-0.983948
529.647	10.23	9.91	6.88	4.06	4.04	7.64	2.95	1.69	-0.01	-1.05	-1.94	-1.01	-2.99	-4.22	-3.35	-1.24	-0.434811	1.0793	0.771745	1.39191	0.87623
530.56	4.43	7.92	4.65	3.02	1.95	5.27	2.95	-0.47	0.32	-3.56	-3.5	-4.78	-5.04	-7.11	-7.64	-2.30921	-3.0038	-0.809525	-0.767047	-0.4566	0.127256
531.474	6.76	7.3	2.99	3.84	4.1	7.35	3.77	-0.16	-0.31	-1.82	-2.64	-3.17	-2.71	-5.91	-5.65	-0.420748	0.676964	-0.0870863	-0.254242	0.38924	1.56813
532.388	7.96	11.41	6.35	5.5	3.96	7.99	4.25	-0.8	-0.39	-3.19	-1.97	-4.59	-3.87	-6.43	-4.48	-1.88252	-0.696184	-0.798526	0.00250867	0.380998	0.384403
533.301	7.94	8.46	2.52	4	1.73	6.35	1.35	-1.39	-1.57	-2.97	-3.56	-4.95	-5.76	-7.72	-7.17	-4.49384	-1.57786	-2.04046	-1.20948	-0.821464	-1.34729
534.214	9.57	9.15	6.26	5.54	3.57	8.3	3.58	-1.27	-1.19	-3.15	-3.05	-4.21	-5.14	-5.35	-6.16	-1.60114	-1.1326	-0.940617	-1.08082	-0.172605	0.187593
535.127	9.18	9.69	5.09	3.15	4.45	7.63	2.68	0.43	0.18	-3.49	-2.98	-5.3	-3.68	-6.05	-7.46	-3.75246	-1.81155	-0.977851	-0.83768	0.0336526	1.80876
536.04	6.14	7.11	2.95	2.79	1.98	5.21	0.2	-1.08	-2.4	-4.54	-4.52	-7.23	-6.35	-8.18	-6.83	-3.73345	-4.23281	-3.37931	-3.40918	-1.35821	-1.40252
536.952	6.98	9.8	4.2	4.83	3.76	6.05	3.08	-0.15	-0.05	-3.77	-2.61	-3.25	-4.36	-5.5	-6.06	-1.74715	-2.09024	-1.48946	-0.789923	1.11614	0.349861
537.865	7.8	6.36	3.51	1.81	1.58	5.04	1.32	-2.25	-2.34	-2.97	-2.4	-5.95	-5.46	-7.18	-7.99	-3.36574	-4.77844	-3.19737	-1.01778	-1.13121	-0.538318
538.777	6.33	4.88	4.32	3.87	3.35	5.73	2.71	0.03	-1.01	-4.76	-5.18	-4.11	-6.07	-6.43	-6.01	-3.09173	-1.61879	-2.7409	-2.472	-1.55117	-0.36889
539.69	5.26	4.48	3.49	0.47	1.89	6.53	3.9	-1.76	-3.67	-4.36	-3.49	-4.63	-5.47	-7.41	-6.72	-1.91725	-2.35308	-0.914302	-2.33521	0.297231	1.52688
540.602	2.12	5.21	2.76	0.82	-0.95	4.57	1.34	-1.36	-1.13	-5.59	-4.96	-5.62	-6.37	-8.15	-7.12	-3.27804	-3.01226	-2.65959	-1.99183	-2.45045	-0.162731
541.514	4.97	6.97	3.66	0.27	1.87	6.31	2.85	-0.34	-1.69	-5.04	-3.51	-3.43	-5.76	-7.15	-6.56	-0.895608	-1.70734	-1.53014	-0.873571	0.317919	0.461811
542.425	3.96	3.9	3.16	1.05	1.16	6.48	2.19	-1.28	-1.6	-3.5	-4.27	-5.48	-4.21	-6.63	-6.83	-5.02836	-3.40539	-1.19477	-0.637457	-0.069777	0.0439948
543.337	1.16	3.1	-1.31	1.25	0.56	4.4	-1.09	-1.74	-2.31	-5.88	-4.04	-5.32	-6.52	-8.8	-6.8	-2.84768	-2.0318	-4.38906	-2.64128	-0.499767	-1.09226
544.248	3.06	3.71	1.16	0.31	1.93	6.38	2.82	0.14	-1.6	-4.89	-4.47	-4	-5.22	-6.92	-7.69	-1.57545	-0.98897	-1.22579	-1.15791	-1.0356	-0.759401
545.16	2.76	3.92	3.29	2.23	1.57	5.14	2.52	-1.04	-1.25	-2.41	-4.71	-4.66	-4.59	-6.56	-5.44	-2.01173	-1.88424	-2.37032	-1.32228	-0.938633	0.825382
546.071	2.7	2.81	1.14	0.75	0.81	5.87	2.78	-0.94	-2.52	-4.89	-3.75	-3.1	-4.83	-6.58	-5.19	-3.02688	-2.58535	-1.53848	-1.4398	-0.000823041	1.03448
546.982	-1.23	2.67	3.82	1.3	2.11	4.26	2.49	-1.77	-2.18	-5.32	-4.78	-3.77	-5.75	-7.31	-7.98	-2.39945	-3.51406	0.13833	-0.183968	0.0969097	1.35545
547.893	-1.7	3.08	1.01	1.29	1.54	7.54	2.09	-0.6	-0.46	-4.22	-4.13	-4.26	-4.68	-6.71	-5.94	-2.08544	-2.95168	-1.39048	-1.05303	-0.00430648	0.967751
548.803	-1.77	0.01	-0.23	0.01	1.49	6.02	0.43	-2.22	-1.78	-4.69	-3.55	-4.97	-5.33	-7.66	-7.33	-2.9639	-3.48245	-1.70293	-2.20585	0.549839	1.03686
549.714	-0.07	0.48	2.8	1.06	2.22	6.38	2.93	-0.57	-1.55	-3.72	-2.74	-4.78	-4.91	-5.36	-4.2	-2.68436	-2.49575	-2.25831	-1.49168	0.550253	1.31341
550.624	-3.05	1.02	1.35	0.68	0.95	6.25	2.86	-1.79	-2.62	-4.58	-4.49	-4.56	-6.19	-7.58	-6.32	-4.07397	-2.7298	-2.02831	-2.40081	-1.08155	-0.800354
551.535	-5.65	-0.56	0.73	0.13	1	3.79	2.36	-0.88	-2	-5.1	-4.79	-6.4	-7.44	-6.87	-8.32	-2.95714	-2.01567	-1.89886	-1.06019	-1.9113	-0.87585
552.445	-1.13	2.44	2.4	2.2	2.71	5.76	3.57	0.55	-1.2	-2.58	-2.94	-4.48	-4.27	-6.87	-6.28	-3.35568	-2.6411	-1.772	-1.46284	0.780158	2.37889
553.355	-1.93	0.7	0.25	1.67	2.36	6.05	1.41	-1.21	-1.33	-3.12	-4.14	-4.96	-3.6	-7.79	-6.87	-3.84091	-3.1223	-2.06028	-2.38047	-0.312175	-1.01211
554.264	-1.41	0.73	-0.07	1.52	1.57	5.65	2.35	-1.39	-3.01	-4.09	-4.03	-4.56	-4.59	-6.5	-7	-1.96034	-2.09158	-1.80944	-0.899615	-0.601111	-0.811382
555.174	-1.92	4.4	0.14	0.61	2	6.31	2.87	-0.77	-1.36	-3.32	-2.9	-4.96	-4.68	-6.18	-5.64	-2.83997	-3.12566	-1.23948	-0.908771	0.877044	-1.02518
556.083	0.44	0.64	-0.49	2.4	3.64	5.64	2.53	0.48	-0.38	-1.89	-1.63	-3.32	-3.56	-6.01	-5.71	-1.60562	-1.93923	-0.974251	-0.131618	0.810117	0.0518686
556.993	-0.38	3.86	0.74	2.39	2.23	5.18	2.44	0.6	-0.66	-3.79	-2.82	-4.3	-5.54	-6.41	-7.24	-3.51484	-3.65552	-1.8584	-1.2553	-1.3697	-1.49427
557.902	-5.03	-0.55	-1.13	0.69	-0.56	4.86	2.11	-1.47	-3.09	-5.2	-4.52	-5.4	-6.27	-9.07	-8.3	-2.85315	-4.98337	-2.87591	-3.24274	-2.46653	-2.60209
558.811	0.78	4.69	4.01	4.6	4.15	9.07	5.34	1.71	1.88	-2.43	-2.5	-1.92	-3.68	-4.09	-4.51	-0.869849	0.268998	-0.0369338	-1.02232	0.0458441	1.96074
559.72	0.21	2.53	1.65	2.67	3.43	7.44	3.26	1.22	-0.95	-3.17	-4.4	-3.71	-5	-6.99	-7.02	-2.36499	-1.97848	-2.23154	-1.13412	-0.502675	-0.0958359
560.629	-2.6	2.53	1.86	2.8	2.74	6.08	3.52	1.22	0.8	-3.13	-2.75	-3.79	-4.89	-8.14	-8.15	-2.27909	-3.11098	-2.47287	-1.50519	-1.85163	-0.358251
561.537	-1.76	3.33	1.06	1.87	1.33	7.16	2.11	-0.97	-0.09	-5.17	-4.29	-5.81	-6.64	-6.96	-8.89	-4.85158	-4.47325	-4.5377	-4.02839	-2.16137	-2.52
562.446	3.69	4.65	4.99	3.87	5.83	8.24	4.03	0.74	0.83	-0.8	-0.89	-3.35	-2.86	-6.43	-5.14	-1.75649	-1.93134	-2.1108	-0.460406	0.145621	-1.10773
563.354	6.02	6.33	4.15	8.89	6.19	9.63	5.15	2.97	1.92	-1.89	-2.05	-1.77	-2.32	-5.15	-5.17	0.24912	0.435804	0.707455	1.00809	1.62613	2.10949
564.262	4.68	6.9	4.18	5	4.71	6.64	3.23	1.32	0.62	-2.72	-3.53	-4.87	-6.31	-7.81	-7.96	-4.04719	-4.01678	-2.11241	-0.831182	-1.51823	-0.272906
565.17	6.17	7.14	6	6.71	6.05	9.33	5.48	2.58	0.57	-2.9	-1.39	-4.67	-4.23	-7.03	-7.64	-2.7832	-2.42987	-1.97067	-0.740563	-0.796944	0.373639
566.078	7.2	10.22	7.39	7.43	5.51	7.84	4.54	0.45	0.48	-2.46	-3.06	-3.16	-3.57	-6.28	-8.47	-1.9875	-2.89262	-0.722285	-0.241936	-0.146272	-0.599032
566.985	10.41	9.99	8.97	7.67	8.35	8.91	4.61	1.98	-0.04	-3.45	-1.97	-4.31	-5.5	-7.56	-7.77	-3.03201	-2.60019	-2.08479	-1.53334	-0.318525	-0.736243
567.893	11.27	14.17	10.12	8.3	6.39	9.74	6.05	3.33	1.86	-2.38	-1.77	-4.06	-5.13	-6.41	-6.13	-3.49122	-2.9119	-2.56833	-1.49728	1.26423	0.771913
568.8	10.54	12.51	9.69	8.69	9.32	11.34	4.63	1.64	-0.49	-1.7	-2.98	-4.67	-5.03	-7.9	-7.05	-3.44643	-2.85492	-3.00247	-1.83947	-1.23189	0.449518
569.707	14.84	11.13	8.14	10.91	7.72	10.77	6.5	1.01	0.31	-1.59	-2.57	-4.47	-5.27	-7.22	-6.76	-2.48601	-3.35711	-0.486554	-0.733974	0.400171	0.607198
570.614	15.91	17.34	11.25	11.81	8.95	9.35	5.6	3.26	1.15	-2.59	-2.61	-3.96	-4.55	-6.6	-6.69	-0.637379	-1.08068	0.0355565	0.239376	1.3538	1.08403
571.521	14.16	17.89	11.32	11.29	7.63	11.25	4.57	1.27	0.04	-3.35	-3.86	-5.41	-5.49	-7.99	-7.84	-2.82047	-2.30916	-3.11957	-1.90501	0.475478	-0.0442194
572.428	18.5	18.28	14.72	9.96	8.66	8.05	3.03	-0.51	-1.46	-4.07	-4.77	-7.15	-6.34	-7.77	-7.61	-2.78059	-2.71205	-2.93446	-2.95035	-0.753492	-0.247246
573.335	19.97	20.69	13.67	12.7	8.64	9.65	4.09	-0.71	-1.97	-5.41	-6.06	-6.72	-7.86	-9.22	-8.63	-4.21527	-3.62255	-1.90192	-1.05714	-0.914783	-0.777531
574.241	19.72	20.12	13.8	9.36	8.33	9.72	2.79	-0.59	-2.08	-3.51	-4.05	-6.46	-6.67	-7.93	-8.92	-2.64262	-3.19646	-1.68332	-0.787999	-0.551102	1.23873
575.147	22.84	19.41	14.42	12.65	9.09	11.39	5.08	-0.56	-2.05	-5.74	-5.07	-5.09	-6.02	-8.3	-8.09	-2.62383	-1.32711	-0.286277	-0.819271	0.721548	0.0886215
576.053	26.94	24.97	17.96	10.89	8.57	9.57	4.39	-0.92	-0.89	-3.93	-4.52	-5.91	-6.21	-7.07	-6.02	-3.55612	-1.8673	-2.60493	-0.427588	1.176	0.368546
576.96	28.14	22.66	15.75	8.53	5.52	9.74	2.33	-1.85	-2.54	-5.81	-5.34	-6.17	-6.48	-7.94	-7.88	-4.56381	-2.91163	-1.19682	-1.77895	-0.400942	0.134381
577.866	28.52	21.2	13.25	8.03	5.93	5.26	0.58	-1.5	-3.46	-6.53	-6.36	-8.09	-7.88	-9.05	-8.59	-4.12594	-4.07707	-2.41467	-1.15732	-0.293666	-1.64122
578.771	28.52	23.73	15.31	8.58	6.64	5.82	2.99	-1.27	-1.22	-3.94	-3.97	-4.2	-5.06	-8.02	-6.86	-2.29476	-2.18285	-0.898228	-0.810396	-0.0827324	0.483151
579.677	22.57	20.44	9.78	7.02	5.74	7.2	2.51	-1.69	-1	-3.9	-2.75	-4.85	-4.95	-6.78	-6.86	-3.16506	-2.40779	-1.86925	-1.16057	0.334166	0.39849
580.582	21.98	16.89	10.43	5.41	4.44	7.29	2.16	0.11	-1.1	-4.02	-4.88	-6.43	-6.27	-7.19	-6.81	-2.78604	-1.20903	-0.750689	0.837954	1.33234	1.67723
581.487	13.13	13.06	6.82	4.87	2.32	4.98	2.11	-1.19	-2.23	-3.06	-4.65	-5.18	-4.49	-7.88	-7.35	-3.1936	-2.4141	-0.741231	-0.903782	1.84071	0.66178
582.392	9.47	9.59	4.75	2.21	0.48	4.25	-1.05	-3.43	-4.33	-6.7	-5.49	-8.03	-7.33	-9.89	-9.43	-3.63857	-2.86952	-2.5197	-1.71073	-0.343664	0.226848
583.297	9.51	7.48	5.91	2.02	1.91	4.71	1.74	-1.84	-3.11	-4.46	-5.75	-6.87	-6.24	-7.82	-7.81	-4.04667	-2.44983	-0.801613	-1.563	-0.278838	0.346427
584.202	6.01	4.72	1.71	1.05	0.08	3.94	0.34	-4.18	-4.21	-5.93	-6.62	-7.42	-6.82	-8.2	-10.12	-3.0597	-3.85824	-2.54666	-0.537309	-1.79706	-0.761751
585.107	4.82	4.09	4.51	1.07	1.77	5.52	1.48	-2.08	-2.59	-4.46	-6.01	-7.22	-5.88	-7.81	-8.16	-2.73777	-2.54307	-1.66912	-0.109248	0.575282	0.233593
586.011	-1.81	2.65	0.69	-0.13	-0.67	4.15	-0.25	-3.91	-4.46	-9.02	-8.32	-9	-7.57	-10.65	-11.08	-6.03759	-4.08827	-4.36826	-2.53925	-2.23183	-1.78189
586.915	-1.43	3.38	0.04	2.89	1.29	3.79	1.02	-4.02	-6.18	-6.3	-7.5	-7.88	-8.34	-10.6	-8.9	-5.45353	-3.94039	-2.44758	-0.867962	-0.635498	-2.08381
587.82	-0.52	3.48	2.95	0.87	1.25	2.9	0.13	-3.08	-3.27	-6.69	-5.43	-7.7	-6.17	-7.73	-7.67	-4.3745	-3.11435	-1.10372	-0.304573	0.563953	-0.0179215
588.724	1.88	0.91	1.95	2.31	2.01	5.45	1.59	-2.04	-2.63	-5.8	-4.93	-5.69	-6.26	-5.79	-7.07	-2.78011	-3.23876	-1.82726	-0.967927	0.922175	0.807725
589.627	-4.98	1.02	1.15	-0.9	-0.13	2.37	-0.39	-3.43	-4.9	-6.37	-6.4	-6.34	-6.44	-7.56	-8.11	-4.82393	-4.20002	-2.11935	-0.258016	-0.871341	-0.722885
590.531	-0.52	1.48	0.45	0.43	1.32	4.07	0.84	-3.61	-3.64	-5.38	-5.88	-7.83	-7.02	-9.8	-9.22	-4.17143	-3.16138	-3.17624	-3.11394	0.360818	-0.973933
591.435	-0.74	2.51	0.1	-0.75	2.49	6.21	1.71	-2.77	-2.55	-4.96	-4.2	-6.42	-5.5	-8.63	-7.7	-2.2256	-1.60669	-0.182384	0.0197436	0.762999	1.1807
592.338	-4.21	1.06	-1.15	-2.05	0.12	3.03	-0.01	-3.06	-3.41	-7.31	-5.64	-8.26	-8.75	-8.91	-9.11	-2.89619	-3.13561	-3.14738	-1.73657	-0.894297	-0.418649
593.241	-2.5	-0.16	0.95	-1.77	-2.01	5.49	0.92	-2.11	-3.22	-6.83	-7.11	-5.72	-6.42	-8.39	-8.01	-4.62309	-3.30166	-2.56281	-2.51187	-0.118485	-1.08466
594.145	-4.91	-0.18	0.41	1.56	1.12	4.21	-0.04	-3.17	-2.94	-5.56	-6.27	-6.25	-7.04	-8.68	-8.14	-3.35966	-1.06002	-2.96247	-2.05182	-1.34079	-0.943107
595.048	-2.09	0.99	-0.55	-0.85	0.71	2.72	0.1	-2.51	-3.15	-5.29	-5.89	-5.42	-5.33	-8.5	-8.17	-3.4747	-3.71644	-1.70989	-1.66946	0.419759	-0.199598
595.95	-3.79	1.49	0.28	2.43	-0.83	4.38	1.51	-1.59	-2.91	-5.98	-5.69	-6.2	-6.64	-7.93	-8.88	-3.08644	-2.03409	-2.47186	-0.942371	-0.0109514	0.112445
596.853	-1.45	0.23	-0.78	2.72	0.22	3.97	1.66	-1.94	-2.91	-5.31	-5.48	-6.37	-6.98	-8.32	-7.84	-3.00612	-2.5264	-1.9261	-1.87702	0.0209217	0.119997
597.755	-2.46	0.49	-0.49	2.23	1.65	4.39	0.72	-0.75	-1.44	-4.18	-4.19	-5.67	-6.14	-7.8	-7.81	-2.35989	-0.885757	-1.31223	0.227548	1.13132	1.06087
598.658	-5.53	-1.24	-1.7	-0.43	0.74	4.09	1.16	-2.64	-2.06	-4.06	-4.35	-5.93	-7.17	-8.21	-6.92	-3.37032	-2.63448	-1.42699	-0.438531	0.574316	0.681726
599.56	-8.97	-2.16	-3.01	-0.19	-1.25	3.51	-0.19	-3.84	-3.23	-7.12	-7.37	-7.27	-6.71	-9.58	-8.35	-6.06676	-4.38995	-3.49175	-2.62314	-0.959017	-1.0837
600.462	-6.36	-3.67	-2.2	-2.25	-1.34	3.63	0.62	-3.2	-3.58	-6.85	-6.14	-6.85	-7.86	-9.33	-9.62	-2.16333	-2.34558	-1.8867	-2.17794	-0.582586	-1.17928
601.364	-4.73	-0.33	0.05	-0.64	0	4.5	2.1	-1.15	-2.31	-5.44	-4.11	-6.3	-7.07	-6.28	-8.06	-2.96004	-2.8014	0.0281279	0.21703	0.733567	1.51495
602.266	-3.59	-0.68	-1.55	0.35	0.65	6.2	-0.85	-3.6	-2.86	-6.7	-6.74	-5.06	-6.31	-7.19	-7.6	-3.46693	-3.44744	-1.17729	-1.61826	0.849397	0.18895
603.167	-6.66	-1.21	-2.68	-0.57	-1.2	3.18	1.03	-2.93	-3.45	-5.16	-4.57	-6.89	-6.02	-7.99	-8.5	-3.61401	-1.86373	-2.213	-2.08384	-0.845136	-1.1473
604.069	-4.15	-0.1	-0.97	0.38	-0.07	4.34	2.51	-1.41	-1.41	-5.88	-5.63	-5.14	-5.39	-7.56	-7.88	-2.72131	-1.23029	-0.729028	-0.109747	1.63992	1.07618
604.97	-1.62	-0.53	0.71	1.31	1.09	5.08	1.1	-1.2	-1.2	-5.15	-4.96	-5.15	-5.29	-8.23	-7.01	-2.54885	-2.21716	-0.855407	1.04398	0.234534	2.76934
605.871	-3.33	-2.24	-1.83	-1.62	0.61	2.82	-0.38	-2.84	-3.91	-6.76	-4.91	-6.87	-6.22	-8.91	-9.07	-3.70665	-2.94436	-3.05217	-1.50269	-1.35135	0.342173
606.772	-4.36	-1.23	6.58	-0.63	0.84	3.66	0.63	-2.52	-0.79	-5.73	-5.43	-5.48	-5.97	-8.3	-7.94	-2.88474	-0.911927	-1.53936	-1.09979	-0.347764	-0.305366
607.673	-4.69	-1.92	17.57	-1.72	0.61	2.28	0.43	-3.59	-3.43	-6.89	-6.06	-6.44	-7.15	-7.87	-6.82	-3.88313	-2.35988	-2.497	-0.667364	0.535242	-0.173302
608.574	-7.69	-2.1	8.74	-0.82	-0.83	4.71	1.31	-1.24	-2.78	-5.45	-5.56	-5.43	-6.74	-6.95	-6.53	-2.29186	-3.08826	-1.22513	-0.995435	-0.542371	1.06834
609.474	-8.76	-1.91	5.55	-2.09	-1.81	3.48	-1.26	-3.42	-4.04	-6.27	-6.2	-6.38	-7.44	-8.89	-8	-2.58094	-2.36709	-2.55377	-1.07404	-1.20065	0.499521
610.375	-7.64	-3.88	7.76	-3.73	-0.83	2.86	-0.62	-3.81	-4.52	-6.59	-7.15	-7.1	-8.6	-8.15	-7.99	-5.54039	-4.1264	-2.36297	-1.02322	-0.0596292	-0.85978
611.275	-8.63	-2.09	9.57	-2.28	-1.21	3.81	-0.55	-3.3	-3.62	-5.9	-4.97	-7.92	-6.8	-8.74	-7.87	-2.57025	-1.64622	-1.86276	-1.523	-1.05936	-0.529594
612.175	-7.57	-5.68	-1.79	-1.76	-0.36	4.28	1.96	-3.66	-2.55	-6.25	-5.19	-4.65	-5.59	-6.32	-7.44	-2.57053	-1.64657	-0.233168	0.19658	0.950121	0.320049
613.075	-8.5	-4.35	-3.47	-2.65	-1.62	3.3	-0.6	-4.1	-3.34	-7.87	-6.25	-6.75	-7.54	-9.3	-7.2	-3.69125	-3.57749	-2.78423	-1.64451	-2.20123	-0.77088
613.975	-5.07	-1.1	-2.44	0.58	-1.43	5.02	0.17	-1.38	-2.02	-5.62	-6.43	-4.66	-5.18	-6.97	-6.78	-2.11244	-1.179	-1.59598	-0.106315	-0.153461	0.527589
614.874	-9.99	-4.1	-4.15	-2.37	-2.95	3.07	-2.17	-4.69	-5.17	-8.27	-7.73	-8.03	-8.39	-10.12	-10.21	-6.67412	-5.99114	-3.78845	-4.05886	-3.13661	-1.43457
615.774	-8.01	-4.21	-1.15	-0.73	-1.27	4.39	-0.48	-3.48	-4.32	-6.05	-6.09	-6.59	-5.61	-7.55	-7.5	-4.29631	-1.68393	-1.66168	-1.19218	-1.10072	-0.337394
616.673	-5.73	-1.44	-0.62	0.7	0.15	3.93	2.17	-2.02	-2.88	-5.21	-4.87	-5.49	-4.79	-6	-6.23	-0.769043	-1.5774	-0.705692	0.503687	1.04417	0.839096
617.572	-7.12	-3.43	-2.1	-1.75	-1.38	4.72	-0.03	-1.78	-2.44	-6.92	-5.86	-6.45	-7.38	-8.4	-8.74	-3.68233	-4.53159	-1.64053	-1.18129	-0.551987	0.344867
618.472	-4.79	-2.16	-2.47	0.47	-0.57	4.58	1.68	-0.28	-1.86	-5.76	-5.22	-6.69	-5.51	-7.54	-7.62	-3.1862	-2.14651	-1.40622	-0.24715	0.900766	0.37989
619.37	-6.12	-2.35	-2.18	0.78	-1.77	5.42	0.74	-1.5	-3.04	-5.49	-5.07	-5.77	-8.17	-7.07	-6.64	-4.72067	-2.7422	-1.2228	-0.803923	1.54239	-0.0758644
620.269	-7.5	-2.83	-2.23	-0.91	1.19	4.18	1.61	-0.5	-1.54	-5.23	-5.38	-5.86	-5.91	-7.88	-7.06	-2.81577	-1.03869	-0.2203	-0.0616458	0.182833	1.34758
621.168	-8.08	-4.41	-3.38	-0.67	-1.8	3.41	2.07	-2.05	-3.59	-5.09	-4.74	-5.65	-5.32	-8.3	-6.75	-2.35152	-2.34601	-0.208757	-0.230352	1.00206	0.580179
622.066	-8.65	-2.99	-2.08	-1.52	0.16	4.48	2.07	-2.51	-2.32	-5.42	-4.05	-3.77	-5.79	-8.3	-7.15	-3.43795	-1.92418	-2.0982	-0.780076	0.680034	0.311918
622.964	-9.44	-6.71	-3.88	-1.49	-0.45	1.47	-0.39	-2.88	-3.82	-6	-5.74	-6.9	-6.92	-6.34	-7.41	-3.60507	-2.06323	-1.35867	-2.04085	0.726702	-0.297237
623.863	-7.71	-4.76	-2.05	0.27	-0.16	3.37	0.28	-2.34	-4.16	-6.3	-5.23	-6.03	-6.12	-8.08	-8.55	-3.8629	-2.9232	-1.5002	0.317282	-0.447975	0.702684
624.76	-6.22	-0.22	-1.28	-0.67	0.37	4.37	1.88	-2.49	-4.33	-6.2	-4.66	-5.23	-5.17	-7.75	-7.81	-2.92148	-1.77412	-1.42281	-2.3957	0.185961	-0.318348
625.658	-8.18	-3.5	-3.33	0.24	-0.28	3.88	0.54	-3.03	-2.75	-6.25	-5.39	-5.64	-6.9	-7.49	-9.12	-3.19082	-2.736	-3.52655	-1.02984	-0.0815326	-0.640361
626.556	-8.17	-4.9	-2.13	-1.48	-0.38	4.63	0.63	-1.82	-2.39	-5.17	-5.72	-6.23	-5.79	-8.82	-8.03	-3.11094	-2.10888	-1.26144	-0.795177	0.0295007	-1.32339
627.453	-6.09	-4.12	-1.35	-0.52	0.6	3.01	-0.2	-1.85	-2.52	-5.16	-5.2	-4.99	-4.93	-7.09	-6.83	-2.83188	-2.5528	-0.557525	-0.761734	0.119019	0.892548
628.351	-8.87	-4.66	-3.28	-1.67	-0.2	3.43	-0.21	-2.89	-4.64	-5.69	-5.7	-8.27	-7.77	-8	-7.88	-5.14365	-4.22777	-1.43483	-0.759551	-1.10302	-1.12259
629.248	-6.42	-4.93	-5.06	-1.67	-0.59	5.32	0	-3.55	-3.46	-6.97	-5.27	-5.93	-7.07	-9.11	-8.58	-2.48627	-2.08382	-2.4034	-1.77866	-0.686662	0.111178
630.145	-7.17	-4.65	-4.3	-0.18	-0.44	3.58	0.33	-2.75	-2.18	-5.84	-5.6	-5.88	-6.94	-8.55	-8.27	-2.91977	-2.381	-1.99325	-1.4291	1.61805	-0.166185
631.042	-9.65	-2.8	-2.32	-0.46	-1.23	4.35	-0.67	-3.36	-5.09	-7.43	-5.69	-5.94	-7.25	-9.4	-9.06	-4.41417	-3.27932	-3.25443	-2.6909	-1.91892	-1.00471
631.939	-7.74	-2.27	-0.39	1.02	-0.51	3.97	1.69	-1.63	-2.23	-5.3	-5.48	-6.18	-5.86	-7.05	-7.04	-3.19949	-0.868813	-1.94696	-1.0741	0.132386	0.335587
632.836	-7.66	-2.43	-2.63	0.35	-0.19	4.74	0.43	-1.46	-2.43	-4.16	-5.07	-5.46	-4.53	-6.15	-6.94	-2.62576	-1.52951	-1.27089	-0.418731	0.691917	-1.16534
633.732	-6.52	-3.85	-2.94	1.19	-1.18	4.35	1.63	-1.21	-4	-5.64	-4.86	-7.41	-8.08	-8.75	-8.66	-5.48299	-3.39144	-3.41624	-2.61483	-0.0903663	-0.287507
634.628	-4.85	1.51	-0.33	0.84	0.82	5.56	2.94	-0.27	-0.72	-3.45	-3.24	-3.83	-4.64	-5.32	-5.78	-0.541221	-0.714629	-0.0830456	0.737575	1.98549	2.25905
635.525	-7.08	-0.94	1.09	0.83	1.66	3.93	1.17	-2.07	-2.25	-5.41	-6.39	-6.57	-6.49	-8.02	-7.87	-3.74046	-2.84911	-1.28134	-1.31156	-0.760544	0.6243
636.421	-5.13	-1.29	15.69	-37.82	-0.25	4.21	0.68	-3.24	-1.87	-6.2	-5.87	-6.69	-7.39	-7.38	-8.36	-4.79074	-3.53491	-2.05117	-0.422259	-1.73852	-0.0417824
637.317	-7.78	-3.49	55.68	-1.69	-1.79	3.06	-0.37	-4.2	-4.8	-7.8	-6.66	-7.99	-7.94	-9.93	-10.02	-6.13208	-4.15205	-2.78255	-2.71457	-0.858489	-2.11923
638.212	-6.48	-0.82	16.5	0.68	1.79	5.65	2.07	-0.26	-0.41	-3.39	-3.73	-5.99	-5.6	-5.91	-6.26	-1.2045	-1.08058	-0.925524	0.45149	1.16952	1.26194
639.108	-7.31	-1.6	-0.27	-1.15	0.65	3.37	-0.91	-2.24	-2.83	-4.81	-5.04	-6.29	-7.23	-6.69	-7.4	-3.36802	-3.52051	-1.70012	-1.30413	0.395458	0.281678
640.003	-6.18	-2.8	-0.84	-0.37	1.56	4.06	1.23	-1.82	-1.01	-4.94	-4.92	-5.63	-5.18	-7.52	-7.3	-2.32267	-1.64187	-1.40638	-2.08145	-0.300715	0.68997
640.899	-7.84	-2.37	-3.37	-1.81	0.35	2.52	0.47	-4.09	-3.44	-5.2	-4.35	-6.22	-6.95	-7.82	-8.94	-3.71848	-2.0047	-1.96433	-2.11052	-0.879044	-0.273218
641.794	-5.41	-2.28	-1.09	0.09	0.39	3.67	1.54	-3.56	-3.06	-6.33	-6.5	-4.64	-5.64	-7.9	-8.25	-4.46545	-3.40902	-2.534	-2.11136	-1.47957	-1.36792
642.689	-6.06	-2.24	-0.08	-0.69	0.63	4.79	1.81	-2.3	-1.29	-5.3	-4.89	-7.19	-6.14	-7.09	-7.95	-3.02362	-1.33486	-2.66544	-1.71402	-0.152335	0.705848
643.584	-5.89	-1.67	0.24	-0.74	0.48	3.99	0.8	-1.81	-0.92	-4.53	-4.37	-5.69	-6.86	-8.51	-8.17	-2.30301	-1.96226	-0.608665	1.13148	0.272616	0.0780452
