Raman_shift(cm-1)	5.15K	10.00K	20.00K	40.00K	60.00K	80.00K	100.00K	125.00K	150.00K	175.00K	200.00K	225.00K	250.00K	275.00K	295.00K	298.15K	323.15K	373.15K	423.15K	473.15K	523.15K	573.15K	623.15K	673.15K	723.15K	773.15K	823.15K	873.15K	923.15K	973.15K	1023.15K	1073.15K	1123.15K	1173.15K	1223.15K	1273.15K
-499.432	16.6	26	-28	18.6	-6.2	6	-38	-45.8	-25.8	-55.2	27.4	26.2	17.2	40.4	33.8	-9.14666	43.9467	-7.48	-17.9467	-3.26666	-18.8133	-29.9867	1.73334	6.10668	-32.9467	-21.2133	-8.92	-41.8267	0.09334	-32.2	22.4667	-19.5467	51.5333	48.0267	4.78666	0.28
-498.342	19.4	19.6	-17.4	4	-23	-28.6	-38.2	-60.4	-40	-71	42.2	20.8	5	28.4	31.4	-23.1867	53.3467	-19.1067	-18.7867	-2.57332	-30.9733	-31.8533	-14.5067	-24.3733	-47.24	-35.9867	-15.1467	-54.8267	9.44	-36.52	1.48002	-24.16	43.4	53.6267	11.24	-1.37334
-497.252	15.6	25.6	-16.6	11.2	-23.4	-18	-30.2	-75.6	-52	-71	82.6	37.4	9.6	41.8	31.4	-11.4	47.6667	-30.24	-45.6	-11.28	-35.7067	-19.2133	-13.6	-21.0933	-51.12	-35.16	-20.1467	-51.6533	17.7333	-41.0133	7.61336	-28.56	29.3333	29.4533	1.05334	-0.8
-496.162	45.4	53.6	2.6	-10.2	-1.4	-13.2	7.6	-21	-82.2	-79.4	52.4	6.2	1.4	47.6	35.2	15	47.56	7.49332	-26.52	9.00002	-15.2267	13.3867	-24.0533	-20.5333	-38.5867	-31.5067	-20.56	-13.4133	26.9867	-26.3733	-12.8666	-26.9333	-26.7067	10.8933	42.68	-5.54666
-495.072	45.4	41.4	-6.4	2.6	16.4	-15.4	15.4	-16.2	-81.8	-72.2	67.6	24.8	12.4	47.6	71.4	9.34666	2.02666	23.8533	-4.84002	21.28	-0.62668	7.66668	-19.4267	-30.68	-14.92	-9.98668	2.36	22.3334	24.56	-10.2667	-33.8666	7.49332	-33.44	8.29332	34.3334	0.73334
-493.983	52	37.4	-2.4	7	1.2	-29.2	36.2	8.4	-57.4	-48.4	54.2	8	-35.4	18.8	36.4	-5.78666	-23.88	19.3733	12.4667	11.84	16.3466	26.04	-34.9467	-9.86666	-5.13334	-12.0267	9.96	39.4267	11.72	-18.9467	-18.84	-5.66668	-63.7467	-11.6	21.48	13.7067
-492.893	58.2	32.6	-8.8	14.8	20	-7.6	44	42.4	-29	-21	48.8	19.8	-54	10.2	10	8.41334	-33.96	21.52	0.45332	29.56	45.76	18.1333	-2.70666	15.2667	23.2933	-0.64	-1.70668	56.68	-0.16002	-10.8533	12.84	23.4933	-34.6533	-11.7867	5.00002	24.0267
-491.804	92	35.4	-5.8	22.4	20.6	-32.4	48.4	64.8	-11.8	-38.2	-9	-4.2	-62	-10.8	-8.2	3.34668	-13.84	32.4533	37.16	34.84	34.2533	14.4667	-18.5867	3.08002	25.0267	9.73334	-2.49334	31.4533	-17.2	-11.76	11.2933	10.1733	-26.5467	11.28	9.97334	10.0133
-490.716	36.6	9.4	-0.4	17.8	15.6	-14.6	20.2	15.2	4.2	-19.6	7.8	26.8	-71.8	-18.6	-47.4	8.48	-7.76	15.92	40.6533	18.8	22.44	4.05332	12.1067	13.52	31.68	23.44	7.66666	28.7733	-21.0667	0.84002	-29.5333	-21.2133	0.22668	-25.1733	-46.08	-18.8667
-489.627	35.2	20.8	19.2	34.4	21	-18.6	23.4	-3.6	-23.2	-33.2	3	44.2	-63.8	-29	-47.8	-25.2	-17.56	-39.4667	-2.45332	-31.64	-20	-26.4933	-12.36	-13.72	-14.7067	-13.8533	-40.8133	-39.0533	-73.5733	-28.6	-11.96	-19.4133	16.36	-22.44	-43.84	-8.69334
-488.538	12.2	6.6	39.4	64.6	9.8	-4.2	-2.8	-17	-18	-33	-3.2	41.6	-29.2	-25.6	-62.4	-1.09334	-2.33334	-45.8667	-20.9733	-32.04	-30.7467	4	6.88	-23	-17.2	-5.61334	-16.4667	-49.8933	-54.0667	-6.30666	1.66666	-24.4533	38.2667	-43.24	-32.6	-30.8667
-487.45	-1.8	21.8	61.4	74	13.8	4.6	-50	-35	-27.6	-39	-6.4	39	16	-7.2	-16.6	11.4667	12.5867	-36.6267	22.7734	-34.16	-36.3467	22.24	-13.8	-8.10666	-13.5067	4.03998	7.64	-52.0133	-17.7867	10.9867	-17.4933	-39.6	23.6	-66.7867	-21.6533	-37.2267
-486.362	-16.6	20.8	73	69	24.4	33.4	-41.2	-41.2	-13.2	-11.6	14.8	48.6	14.4	-4.8	-37.6	-0.82668	10.6933	-25.7467	14.56	-38.2933	10.9867	22.3867	9.8	15.9467	-5.26668	-6.70668	48.6667	-18.8	2.64	10.6267	-22.4933	-19.64	5.30666	-86.4	-13.6267	-27.9467
-485.274	17.4	34.6	71.2	88	9.8	-4.2	-28	-5	28.4	-1.8	16.6	40.6	29	1.8	-8	-26.1467	14.96	3.05334	-11.2267	-7.56	13.8	1.37332	13.9333	28.88	15.8133	2.62666	32.44	-16.56	16.96	34.8	24.68	29.3867	10.48	-31.6	-4.30666	-3.2
-484.186	34.2	30.2	68.6	61.6	7.4	6.6	-38.6	-9.4	78.8	30.6	9	4.4	-2.8	-6.8	-16.6	22.6	25.4133	32.52	23.2	36.4133	30.28	7.09332	37.04	45.2667	46.4533	23.28	44.6267	27.6667	47.1333	19.9466	2.24	2.46666	-11.2133	-39.1733	-13.3867	5.04
-483.098	28.8	34	58	26.6	12.2	14.6	-44.8	12.6	78	29.8	44.4	7.2	-8	-11.2	0.4	17.3066	11.6933	43.12	33.8667	59.8	11.24	-5.76002	10.4133	39.52	47.1333	15.2267	34.0533	16.6534	35.36	32.0933	4.97332	-15.2667	-21.1867	16.72	-8.64	-2.6
-482.011	36.6	41.6	51.4	48.2	-6	20.8	-21	-5.4	76	27	43.4	9.6	-23.8	-0.2	-26.8	9.46664	5.65332	28.88	-12.1733	22.8533	-17.1867	-25.08	6.34666	29.7867	18.8133	7.13336	11.0933	15.56	-15.12	-2.88	26.4533	-6.86666	-24.4267	65.4667	-5.49334	16.7733
-480.924	14	39.8	15.8	3	1.8	15.6	-53.2	-13.8	54	24.8	31.2	-2.2	-4.6	5.8	27	24.8	-3.6	8.69334	-20.12	19.12	-22.84	-37.2934	-0.92	9.18666	5.91998	-4.81332	-28.56	15.04	-20.5067	5.02666	33.64	14.5467	-8.34666	96.0933	-17.4133	33.5467
-479.837	41	47.4	4.2	3.8	-8.4	9.2	-72	-7	22.8	7.4	58	-5.4	15.4	-5.6	16.4	15.4667	-17.9333	-13.2	-26.9867	-19.0933	-35.5867	-21.9734	-3.01332	-20.4267	-31.1467	-22.88	-31.5067	4.94668	-15.08	-26.88	34.2267	1.32002	7	82.3867	1.13332	42.4267
-478.75	12	26.2	19.2	-8.2	34	16.6	-47.4	23.4	18.4	3.8	63.4	48.8	38.4	22	4.4	-15.2667	-46.4933	-52.3333	-57.5867	-58.44	-38.08	-3.21336	-22.3067	-52.4533	-50.2667	-37.6133	-41.8667	-35.2	-15.8533	-29.8267	38.7333	1.80002	-4.77334	48.5333	4.82666	7.32
-477.663	5.8	2.4	33	2.8	51.2	7.8	-16.2	-9.4	40.6	12.2	25.4	52.6	39.2	35.6	8	7.06668	-4.2	-50.84	-34.76	-51.4933	6.56	3.53332	-3.26666	-32.9333	-31.44	-7.61334	-35.96	-19.7333	-3.53334	-38.5333	-6.11998	35.3867	-6.4	8.34666	7.21334	11.6667
-476.577	1.8	-25	-12.2	-23.8	89.4	26.4	-41.2	-7.2	39.6	20.6	15.6	44.2	21.6	11.8	36.8	14.6667	3.90666	-20.92	4.32	-16.0133	43.24	19.5067	11.68	-8.26668	6.18668	11.1067	5.13334	-14.6267	38.7467	2.26666	-13.7067	4.94668	-6.24	-31.1333	5.02668	-19.4667
-475.491	17.8	-39.8	18.2	13.8	68.2	37.8	-19.6	15.6	24	17.8	27.2	47.8	20.6	9.4	19.8	-13.8667	-21.7467	9.84	2.98666	-24.44	11.8533	2.66666	6.88	-5.76	2.04002	25.9733	-2.63998	-8.20002	29.8933	-8.74666	-43.0667	-18.5067	28.6133	-54.6933	1.57334	-59.2
-474.405	-25.4	-60.6	31	25.4	58.4	49.6	-1.4	-29.8	22.8	11	-2.8	18.2	-4	2.2	7	-10.84	-31.3333	-21.96	7.66666	-6.25334	12.6533	-13.2	-14.8	-17.8	-4.33332	5.20002	-14.64	-17.88	10.8667	-13.12	-51.9067	-1.98666	17.7733	-47	10.3467	-81.8933
-473.319	-20	-52.2	-0.2	40.8	24.4	9.8	-17.2	-52.4	10.8	16.6	-13.8	1.2	12.2	-5.4	28	-25.2	27.28	12.2	11.2267	12.3467	14.5333	-20.1867	-26.6133	11.16	12.6267	17.5867	2.88002	9.94666	-7.64	2.54666	-29.48	16.9467	19.9467	-23.8667	6.62668	-50.4133
-472.233	-25.2	-39.4	-19.4	9.4	18.8	3.8	-15.8	-5.2	-6.8	-1.4	17	-22.2	36.6	-20.4	52	-54.1467	10.7867	8.30666	-10.5867	-11.7467	-11.3867	-39.3467	-30.04	-3.92	4.18668	-12.2133	-18.36	5.24	-5.76	-4.37334	-27.8267	-10.3867	19.84	-32.5333	1.09334	-21.3467
-471.148	-25.8	-38.8	-10.6	-3.6	-7.2	-38.4	25.8	27.8	1.4	-1	21.8	-32.6	19.6	-39.4	22.4	-21.3733	11.5467	29.8	11.6533	-0.65332	-13.44	-13.16	-15.6533	-8.53334	6.81334	-30.4266	-15.4533	31.3733	-3	16.1333	-28.8933	-7.61332	-9.43998	-18.6	10.44	9.66666
-470.062	-25.6	-22.4	-22.8	4.8	-11.8	-86.6	33.4	29.6	2.2	-17.2	23.6	-6	43.6	-33.2	-1	-24.8266	13.5733	-7.34668	13.5467	3.45334	-14.3867	-10.1867	-18.84	-11.5067	2.09334	-58.4266	6.05336	17.24	-28.2667	-4.21336	0.50666	15.84	-27.8	1.58666	-7.62666	47.08
-468.977	-29.8	-18.2	-29.2	6.2	15.6	-68.6	12.4	40.6	4.2	-12.6	26	8.4	22.8	-46	4	9.60002	54.92	19.5733	48.08	19.96	19.6	28.8933	18.8133	20.24	35.7333	-14.6666	30.4667	45.4267	7.98668	35	-6.53334	4.93334	-37.24	-6.24	-25.48	64.4533
-467.892	-5.6	-7	-35.2	-12.4	-14.2	-63	24.4	53.2	19	-20.4	60.4	-19.2	-1.2	-38.8	-8.6	16.0933	-1.45336	16.76	57.2267	16.68	11.36	21.0933	20.68	17.0133	18.32	3.13336	24.5467	27.36	17.5333	29.56	-8.10668	-10.24	-11.84	24.2	-3.61334	81.4667
-466.808	30.2	21.8	-27.4	16.2	-14.4	-61.8	28	28.8	28.2	-18.8	9.4	-23.6	-27.2	-18.8	-35.6	23.2	-14.36	22.4	42.8	27.8133	2.01334	15.0267	20.08	-2.57334	18.6933	29.76	26.1733	28.68	14.6933	38.1733	48.0667	16.5733	-9.70666	57.7467	3.08	44.6133
-465.724	55.8	58.2	-9	42.8	11.4	-22	11.8	-19	10.2	-28.8	-13.8	-17	11.8	32.4	-1.4	-10.3733	-38.6533	-4.25334	-6.98666	10.68	-7.88	-0.97334	5	-12.6667	-15.3467	44.0667	2.94666	-4.13334	-2.18666	-29.6667	62.7867	60.5467	52.1067	61.1334	17.0533	38.0133
-464.639	42.6	46.2	11.6	38	-13.4	-6	8	-30.2	24.2	-22.8	-15.2	-28.8	-24.4	18.6	5	7.10666	-37.8933	9.53334	-17.1467	22.2533	-5.21332	11.6667	16.08	-7	0.53334	69	-12.6133	-22.0267	9.10666	5.49332	40.7733	39.8933	47.16	54.0667	72.52	25.5867
-463.555	51.8	53.8	-16.6	9	-26.8	-22.4	10.2	2.4	18.2	-12.6	-6	-16	4	53.8	-22.2	2.53334	-27.2933	3.68	-41.4267	17.6667	0.42668	12.0933	-3.05332	-1.92	-1.56	44.4133	-3.17334	-18.84	-1.93334	-4.20002	25.7867	27.3733	22.84	44.36	71.28	21.32
-462.471	34	43	22	12.8	1.4	3.2	10.4	-0.2	0.6	-7.6	-14.6	5	10.4	49.2	-20.2	-0.54666	-17.2	4.57332	-51.1467	5.87998	-15.8	3.01332	-4.37332	-30.32	-13.1867	12.1466	-9.76002	-28.1867	-7.26668	-0.44002	5.77334	54.8267	-2.88	13.68	40.76	6.50666
-461.387	2.4	31.2	18	-5.8	-22.8	8	-12.8	10	-0.6	-10	-5.4	29.8	9.2	35.4	-1.4	7.66668	8.13334	5.6	-14.68	16.4267	13.3067	26.68	3.93334	13.28	-16.6667	-24.9334	0.91998	-23.5467	-4.49334	-1.60002	-30.24	17.72	8.18668	-13.08	21.68	11.1867
-460.304	-23.6	26.8	2	-9.2	-53.2	-36.2	24.2	56	10.8	-15.2	39.6	19	2.4	28.4	-30.8	9.89334	14.96	-14.2933	-6.6933	5.12	23.4	17.96	-17.04	4.42666	-9.22668	-28.84	-2.61334	-11.5867	-7.77334	12.04	-29.28	-17.2533	-29.4	-6.64	7.38666	-22.04
-459.22	-14.6	46.4	-5.8	-14.4	-27	-35.6	28.8	36.6	21.6	-4.6	17.6	7.8	2.2	36.2	-25.6	10.9467	40.4267	-7.06668	-0.75998	24.6933	26.8267	8.02666	-14.7867	18.0133	-13.5067	-35.76	10.6667	0.25334	10.4133	3.47998	-9.89334	-36.6933	-25.5067	19.5067	-16.7467	8.89334
-458.137	-31.8	41.4	19	-14.6	11.8	-19.2	28.6	-9	20.8	-14.6	21.4	4.8	-1.4	12.6	14.4	-14.6133	-4.29332	-7.34668	-13.0133	8.29334	-23.8133	-21.8267	-10.3067	12.36	-43.36	-34.8	-5.85334	-25.32	-8.37334	-19.9867	-1.77334	-51.6	-26.4933	0.57336	-23.6133	-14.6267
-457.054	-33.8	31.6	6.6	-8.4	18.4	-43.2	7	-26.8	13	-2.2	25	14.8	12.2	-9.6	-0.2	15.1333	31.2133	11.9867	26.1867	18.3733	13.2133	8.41334	19.3333	56.7333	-15.2133	-12.96	-1.30666	25.08	26.4	-0.8	25.4133	-67.6267	-6.29332	4.32002	-15.5733	-28.8667
-455.971	-4.4	35.4	-23.6	-15.2	40.6	-19	17.8	-38	37.4	38.8	34.8	0.6	16.2	-6.6	-5.2	0.50666	-10.52	8.54666	-4.86666	4.02666	-15.0267	-16.08	28.4	15.7733	-10.92	5.65332	-6.13332	15.4933	-0.73334	-5.12	32.2533	-20.6267	22.72	21.8267	-16.08	-28.08
-454.889	11.6	27.4	-7	-27.6	46.2	11.8	5.4	-66.6	44.6	63.4	25.8	14.8	27.8	-3.8	-18.8	14.6	-4.92	16.8267	0.94666	-2.6	-32.1333	-6.06666	48.6933	16.64	-0.15998	-2.92002	6.82668	6.53332	-1.62666	7.36	11.16	-18.6533	31.56	-9.02666	-1.57334	-9.21334
-453.806	12	17.2	-23.4	-33.4	36.6	46	-21	-45.8	17.2	51.6	59.6	29.8	30.2	-8.4	-26.2	1.74668	-23.32	-4.45334	-9.54666	-55.48	-58.5333	-13.6	5.30668	-18.5867	4.10668	-0.14668	-22.3867	-10.8667	-27.9867	7.61334	3.38666	11.0267	26.1333	-38.04	12.9733	-24.1467
-452.724	31.8	18.8	-24.2	-25.8	-12.8	24.6	-3.4	-7.4	17	80.6	44	19.8	46.8	27.6	-63.2	16.6133	11.1333	12.0667	1.14668	-47.6667	-19.3333	-1.17332	15.3333	-18.7467	35.0667	19.7067	-7.91998	-5.06668	-11.2533	10.76	13.1333	49.1733	65.4267	-27.9067	49.8133	17.36
-451.642	36.6	33.2	-22	-5.8	-20	18	-8.4	-24	21.8	60.6	26.4	5.8	47	59.8	-45.4	15.9467	7.06668	-4.24	-11.6133	-42.44	-13.84	2.54668	1.44	-32.2	44.7733	18.88	-0.19998	-27.1067	-22.52	1.06666	1.62666	37.84	64.7867	-17.48	44.6	20.0267
-450.56	12.6	2	-6.2	10	-25.2	-3	4.4	-37.4	-0.6	13.4	39.8	16.8	39.2	47.8	-42.6	-2.50666	10.6933	-30.5067	-6.06666	-65.28	-12.7067	-20.9867	-30.5733	-43.8134	30.4267	-8.93334	-2.15998	-27.4933	-11.24	-1.90668	-26.2933	14.84	19.04	-44.1867	25.3333	27.6533
-449.479	2	3.8	-33.8	4.8	-22.8	-20.8	3.8	-30	-27.4	-18.2	8.8	31	36.4	29.6	-6.2	-5.77332	11.76	-31.4267	5.22668	-40.1333	15.6667	-29.4133	-16.92	-14.3734	17.68	-5.74666	-10.36	-10.6533	11.6667	-4.25334	-26.3333	-0.78666	-10.3333	-34.2	2.14666	24.6533
-448.397	17.2	19.2	-33.4	-12.4	16.8	-38.6	21.6	-32.8	-22	-24.4	-7	10.8	13.8	14	11.6	2.85334	15.1867	-19.3333	23.2	-5.81332	41.9467	-9.8	5.01334	5.07998	4.64002	-7.65332	21.4534	10.1067	39.6933	-8.32	-13.6267	-4.50666	-14.9067	-0.34666	5.41332	-3.26668
-447.316	18.4	-15.2	-23.4	10.2	27	-6	-7.6	-30.6	-20	-21.2	-20.4	11	-1.33227e-15	19	43.4	-11.9467	-6.73334	-31.4	23.1867	-6.81332	39.56	-13.76	-10.64	6.30666	0.82668	-2.77332	13.16	28	25.48	4.13334	3.21332	11.2533	-19.7067	11.2133	-21.9067	-20.3467
-446.235	1.6	-9.8	-1.4	12.2	19.6	27.8	7	-11.2	-1.8	-14.4	-12	8.8	-9.2	-9.2	23.6	-23.5333	-13.9467	-26.7467	12.08	22.6267	25.52	-9.34668	-8.68	-1.37334	-39.1867	-19.7733	7.73334	28.6267	20.28	-15.8133	-6.60002	18.8	-27.8667	17.3733	-35.6533	-19.5334
-445.154	24	13.2	16	10.8	28.6	8	-30.6	-17.2	-25.8	-7	-49.6	-19.2	-19.2	-9.6	20.4	16.1467	3.94666	12.92	20.4933	57.2934	55.8133	34.4933	14.3733	33.4133	-21.4667	33.1333	14.1733	45.28	54.28	5.84002	16.64	-4.42668	-27.92	34.7333	3.70666	-16.52
-444.073	17.4	3.2	26.4	4	13.4	19.2	-39.8	-9.6	-12.2	14.4	-36.4	-20.4	-25.2	-18.4	-3.4	-35.1067	-10.52	17.88	-2.54668	52.4667	9.83998	13	-15.56	3.58668	-34.3333	19.96	7.86666	11.4133	-4.77334	8.18668	15.1733	-1.29334	-28.9067	30.68	-4.36	-4.45336
-442.992	-2	-31.6	41.8	31	-29	21.2	-56	-16.4	11.2	35.8	-34.8	-8.4	18.2	1.4	-2.4	-27.2533	-7.65334	5	-14	60.8134	8.75998	13.8267	4.89332	-2.49332	-22.2	16.56	-10.8533	8.01334	-28.0133	-2.92	3.15998	-27.28	-42.3333	7.42668	-55.1867	4.21332
-441.912	8.8	12.2	49	16.4	-35.2	-21	-20.4	-41	3.4	-22.6	-8.6	20.6	14.4	-23	-14.4	-1.58666	13.2667	30.04	-2.92	47.2267	-0.84002	31.4667	-5.18668	3.61334	-21.1467	12.3733	-12.5867	0.42666	-14.1333	15.7067	-26.5733	-66.8667	-29.4933	10.72	-72.3067	5.08
-440.832	35.6	18.8	22	0.6	-67.4	-36	-16.2	-23	-14.6	-32.8	-15.4	15.4	3.6	0.4	-0.8	6.44	34.6267	25.0933	2.37334	32.7067	9.95998	12.8133	-0.74668	38.1333	23.8933	22.1467	-3.61334	4.90666	-15.5867	25.4133	-35.9733	-65.0133	-41.2267	-30.8667	-66.64	0.45334
-439.752	41.4	-8.6	47.4	41	-59.8	-33.6	16.2	-5.8	-12	-16.8	19	29	22.4	2	-6.4	7.4	19.3333	9.44	-6.08	-2.18666	-32.36	-2.09332	-9.24002	21.64	9.52	-16.5466	7.94666	-5.60002	-29.8267	16.9867	-44.8667	-32.12	-23.36	-46.5733	-79.12	-11.0933
-438.672	56.2	-24	54.4	45	-55.4	-30	8.6	-62	-8	-17.2	21.4	16.6	7.6	-1.6	-1.8	33.52	15.56	-8.25332	-35.5733	-27.6267	-25.6133	-4.39998	-9.45334	2.10666	13.4533	-24.88	8.77334	0.74664	-16.6267	-10.96	-12.4	16.2133	11.4267	-15.4133	-34.9733	11.7867
-437.593	54.8	-15.6	26.8	19.2	-36.8	-43.8	24	-41.8	-24.2	-41.8	18.4	11.4	-18.6	-12	6.6	19.56	-4.64002	-4.45332	-35.2267	-57.2533	-32.16	-16.7067	-24.88	-16.8	-1.38666	-27.92	-2.09332	-3.48002	-7.73334	-6.68	3.12	27.2933	27.2267	-15.4	6.10666	-12.3467
-436.513	41	-27.4	12	0.2	-55.6	-43	18.2	-38.6	-9.2	-11.4	-13	-0.6	-4.8	7.4	34	-2.46666	-44.52	-20.36	-38.2933	-46.9466	-38.88	-17	-21.9333	-10.4133	5.22666	-29.2	-13.04	-29.1467	-29.1067	-45.4667	0.64	38.0533	17.1333	-17.2533	25.4133	-30.4
-435.434	45.2	-31.2	28.8	21.8	5.2	-35.4	26	-38.2	-24.6	-5.6	-6.8	-15	14.8	12.8	57	-10.44	-71.12	-21.3066	-44.5333	-57.5733	-58.0667	-7.68	-14.2133	-40.4667	-16.1867	-28.4933	-13.6266	-31.52	-42.0933	-52.1467	-4.77334	12.2933	8.08	13.4133	47.4667	-36.2933
-434.355	38.2	3.4	11.4	-33.8	-20	-1.4	33.2	-28.2	-18.4	-29	-8	-4	18.2	12.6	49.8	-6.30666	-23.76	-21.36	-12.6667	-16.3867	-11.6267	-5.12	9.13334	-29.44	-5.49332	-13.6533	-13.1866	-23.7733	-33.8933	-48.1333	35.56	5.68	-12.4	37.2667	44.7733	-39.0667
-433.276	13.4	16	-0.4	-19.6	-21.2	31	41.6	24	-3.4	-38.4	-14.4	4.4	22.4	25.2	59	10.0667	1.06666	15.2667	34.3733	24.16	20.1333	24.2667	22.84	7.46666	11.9467	20.28	-0.31998	1.57336	-2.18664	11.8667	13.8	-37.24	-18.04	24.24	10.44	-42.7067
-432.197	25.2	26.8	34	23.6	-25.2	44	25.4	7.4	21.2	-36.4	-0.2	23	-6.4	24.4	66.8	9.94668	7.10666	20.0933	53.3733	48.3333	18.0667	33.0533	35.24	24.7733	33.4667	28.52	16.6533	15.4	-1.54664	10.9333	-0.42668	-45.8133	-43.6	-21.4667	-18.3733	-34.0533
-431.119	17	22.2	30.4	33	-13.8	70	34.8	10.4	6	-14.4	20.6	-1	-8.8	16.8	61.2	22.6288	32.9868	18.5666	30.9028	36.854	18.448	9.2891	54.7176	-8.67238	-1.06156	20.1651	23.4216	31.9386	36.7816	37.6586	24.1931	-30.3043	-29.9092	-8.0792	16.9832	-0.50976
-430.041	4.6	18.8	36.8	39	-29	78.8	7.2	28	22.2	-12.6	20.4	-5.2	-17	-1.4	40	5.58456	32.8169	12.8752	45.8457	20.6789	27.9823	-1.89784	20.0513	-4.8711	1.51626	18.5278	13.3473	14.2237	33.9487	49.2864	43.702	34.3073	27.0506	-5.45374	32.3414	65.673
-428.963	-9.6	-2.6	25.2	47.4	-24.8	75	-5.2	20.8	36	-5.8	15	13.2	-50.2	-12.4	50	-15.906	26.4503	48.4457	35.8956	20.9413	19.1229	-1.14754	9.20116	5.57712	16.7868	22.9814	8.68348	31.8285	51.0879	46.6697	22.3133	53.2209	49.3056	15.5292	61.7673	110.427
-427.885	5	-23.4	65.2	51.4	0.8	63.4	6.2	24	18.8	10.8	-3.4	-6	-38	14.6	32.8	-37.6163	-1.21988	30.6781	34.2923	-22.6522	12.6299	-1.79336	-9.25954	-2.1144	1.32334	0.79268	-9.99644	-0.6871	57.8523	28.2083	22.5871	66.4898	73.3091	23.4294	100.821	103.7
-426.807	-6	-52	58.6	36	-14.6	58.8	0.2	18.4	-5.2	40.8	-24.6	-50.6	-25	36.8	-6	-5.11962	24.4998	36.1858	43.9158	-25.3549	34.6365	0.75128	-1.91748	2.97432	11.6192	-1.86516	7.14742	-11.1099	89.0952	53.6487	33.9898	145.3	144.141	115.313	146.061	181.969
-425.73	8.6	-43.8	76.6	42.6	11.4	60.4	3.8	27.8	-17.4	26	-22.6	-46.8	-36	28	-24	-6.68478	46.1158	43.162	59.7168	-9.96752	38.2013	12.3707	-11.9036	20.809	39.4828	1.2562	29.8001	-14.3116	104.288	60.359	12.9018	148.477	152.149	104.033	163.132	172.093
-424.653	17.6	-71.2	28.4	-13.4	9.2	46	16.8	16.4	-31	42	-56.6	-69.4	-39.2	3	-21.4	7.34994	25.5316	53.7382	54.5176	-1.98022	28.5662	2.1899	-6.28972	17.8436	36.5462	4.97748	27.4526	8.48612	125.881	100.068	19.8136	155.652	161.757	130.751	207.602	167.014
-423.575	1.4	-55.6	6.6	-5.2	17.8	31	-7.4	-4.4	-47.6	80.4	-28.8	-79.2	-36.4	6.8	-32	21.3846	8.34728	14.3142	75.1184	-4.193	23.931	-2.99104	-14.2759	17.8781	37.2096	-1.3013	35.3048	15.0835	139.873	132.777	30.7253	181.627	186.564	171.668	222.27	159.334
-422.498	-7.4	-41.4	-15	-23.4	-37	-14.2	-29.6	-2	-33.2	72	8.8	-53.2	-16.8	-15.8	-1	42.6191	24.1628	7.09008	64.3191	27.3941	12.6958	12.2279	-0.06216	19.7125	34.873	2.81986	34.5569	56.6805	171.065	136.885	39.8367	219	216.77	201.385	264.937	214.452
-421.422	14.2	-5	-53	-31.2	1.6	-15.6	-16.8	-4.2	-27.6	83.8	-15.2	-40.8	6.4	-24.2	30.8	16.8536	10.9782	11.2659	55.9197	49.5812	5.66054	5.24672	20.5516	4.34692	6.73628	14.341	17.2088	72.8773	169.656	197.392	62.5481	241.173	233.976	247.5	353.003	267.369
-420.345	36.8	12.4	-60.4	-32.8	-6.4	-20.6	-46	9.2	-3.2	95.8	-25	-14.2	19.4	-46.4	45.6	-11.9119	-57.2065	-29.9583	26.9203	8.96828	5.82528	-35.9346	-13.2347	-25.8188	-19.6004	-23.538	-2.53942	69.2737	144.247	186.499	84.0593	283.945	269.18	300.815	418.068	348.485
-419.269	29.8	29.2	-53.8	3.6	-7	-32.6	-29.2	7	15	90.6	24.4	37.6	18.6	3.6	34.6	9.72244	-16.3914	-30.9827	39.3208	36.9553	31.79	2.88394	11.379	17.6154	15.2628	0.58306	25.7121	86.6698	210.437	223.605	85.1703	335.517	302.384	348.328	420.531	414.598
-418.192	52.2	36	-33.4	6.8	-6.6	-39.6	12.8	43.8	15.8	55.4	-2.6	31	40	20	43.6	-6.64328	-19.3764	-18.8072	-28.2788	-2.05784	28.7546	-4.89768	-4.8074	6.84958	-13.074	-5.69598	-17.4365	60.0655	225.227	238.51	89.4812	389.087	364.587	369.84	519.194	519.51
-417.116	57	32	-34	36.4	30.2	-21	34.8	21.6	27.8	59.2	-15.2	17.2	15.2	18.2	39	-33.8091	-13.5616	-26.2317	-46.0784	-21.271	-2.88072	-31.8795	10.0062	-19.9164	-15.4109	-3.3751	-2.3853	49.6608	237.617	261.615	78.3918	429.057	412.59	424.352	555.055	570.221
-416.041	41.6	19.8	-11	14.4	16	-32.4	30.8	6.2	34.6	28.8	12.6	26.4	6.4	23.8	26.2	-9.77496	12.4531	-9.4564	-44.6781	-20.0842	16.2839	-8.66138	4.81976	11.1176	7.4522	10.5457	10.2657	79.2558	312.206	276.519	66.7024	473.426	455.391	447.462	598.515	628.93
-414.965	25.4	5	-24.2	33	7.6	-40	33.4	-31.8	24.6	35	16.8	-2.4	27.6	48	18.8	19.0591	48.8676	33.7188	-4.87792	20.1025	17.8485	40.5565	46.0333	46.3515	27.5152	60.4665	10.1165	109.85	385.195	369.622	86.6127	552.993	515.591	523.571	616.573	687.837
-413.89	20.8	8.4	5	16	0.2	-36.6	2.2	-40	-0.8	1.4	15	-3.8	-21	-1.8	39.4	-10.707	28.882	40.6939	-21.6778	25.0891	9.81306	9.97432	43.8467	15.1853	4.17822	22.5872	14.7671	135.245	401.783	411.925	109.723	561.36	579.191	571.879	689.431	725.142
-412.814	-3.4	-20.4	-14.2	5.2	2.8	-29	-37.4	-69.6	10.6	3.8	5.6	9.2	-23.6	20	59.2	-6.07306	10.8963	20.269	-7.27768	29.2757	4.3776	5.99202	57.0602	12.0191	26.4412	43.7079	53.0176	173.039	427.372	456.027	116.233	611.327	583.39	586.786	700.087	763.047
-411.74	-5.6	-1.4	-13.8	-21	-26.2	-52.6	-45	-44.6	-35.8	-18.4	-10.4	-11.8	17.6	51.2	34.4	16.5608	17.7104	26.4439	0.92236	31.6622	18.1421	18.8096	21.6736	43.2528	44.5041	46.0285	59.0679	187.032	482.159	546.328	135.943	672.293	620.989	630.493	721.743	801.55
-410.664	-13	-16.2	-8	-11.6	-5.4	-40.4	-58.6	-23.4	-65	-47.6	-5.8	-16.8	4.8	35.2	53.2	5.79454	-1.87558	12.8187	3.92232	20.2486	-27.2934	-3.77302	10.6869	29.8864	36.7669	5.94908	66.318	190.426	503.546	593.429	158.053	688.857	651.786	674.398	722.197	798.051
-409.59	-20.8	-0.2	9.4	-29	-0.6	-38.8	-25.6	29.4	-24	-37.4	-15.6	-26.6	-39.6	23	48.4	14.4282	10.3383	15.7935	3.1222	37.435	-18.929	-29.1558	10.5003	34.92	30.2298	11.2696	89.1679	193.419	537.333	629.529	128.362	709.621	671.183	653.502	743.45	787.75
-408.515	-6.6	1.8	-4	-45.6	-20	-37.2	-1.6	36	-25.4	-19.4	-26.6	-31.8	18.4	37.8	24.2	32.6618	25.152	5.56812	-6.478	17.4213	-5.96454	-6.13866	24.5136	39.9534	30.6925	43.79	57.8177	180.411	533.72	630.228	121.272	779.784	662.979	655.405	751.302	825.248
-407.441	1.2	-5.4	31.8	-20.8	-6.8	-27.6	17	57.6	-30	4.4	-3.4	-32.8	20.4	-4.6	-4	24.2953	32.3655	10.9427	14.3217	8.20754	-20.4001	10.6783	6.72684	22.1868	33.3553	7.31042	55.2672	149.804	509.306	601.727	96.7811	773.746	656.574	662.707	728.952	779.345
-406.367	8.2	-9	21.4	-36.6	28.6	9.4	30	84.2	20.6	15.2	8	-24.2	8	-2	20.8	3.92876	16.1789	-4.48292	9.3214	-12.2063	-3.23578	-14.7049	28.7401	-12.5799	16.0179	-11.5692	39.3166	103.395	425.891	541.624	77.2902	742.108	627.768	649.208	721.601	740.839
-405.293	11.4	7.2	15.4	-27	4	-3.6	58.6	85.6	35.8	46	9.2	-24	36.8	8.2	16.8	-16.8379	27.9922	-15.3086	1.92098	-28.8202	32.5285	5.51176	8.55324	-0.74666	22.6806	-2.84896	32.9657	78.5869	341.076	455.522	47.9991	696.868	593.361	581.708	661.449	699.132
-404.219	-1	-24.2	1.2	-34	27.6	27	21.4	60.6	-6.2	0.4	31	-12.2	68	1.2	32.8	-36.2046	5.20532	-43.3344	-8.4795	-44.4342	7.29284	16.3283	5.16638	-41.1135	19.7431	-32.3287	10.6147	59.978	248.261	331.218	76.1079	608.428	523.954	552.407	625.896	676.223
-403.146	-11.2	-5.6	13.8	3.6	29	12.2	3.8	63.8	20.8	-8.4	35.6	-16	68.6	8.4	23.2	-52.7713	-12.5817	-32.1602	0.51998	-62.6482	-15.5429	10.3447	-17.8205	-54.0804	8.20568	-40.6086	7.26356	27.369	178.245	221.914	70.8166	467.787	428.946	500.505	552.342	569.514
-402.072	6	11.4	-20.4	-36.6	4.2	-15.6	20.6	68.2	23.2	-22.4	30.6	-33	47.6	14.2	35.6	-28.1382	23.4312	-20.7862	14.5193	-28.4623	29.2214	41.9609	0.59256	-16.2474	12.2682	-19.0885	14.5121	29.5594	150.429	174.409	64.3251	365.545	366.137	440.002	451.986	523.002
-400.999	0	-9.2	-10.6	-20	-16	-33.4	-6.4	19.8	9.6	-23	38.8	-34.8	30.6	-25.6	52.4	-6.50512	35.4439	-0.41226	48.5187	26.9235	52.9856	52.977	16.4056	10.5855	33.9306	14.8316	25.9606	70.5496	127.012	119.704	64.4334	255.502	258.727	314.098	337.03	458.689
-399.926	20.8	5.4	-11.8	-33.6	-20	-38	-38.6	-1.6	21.8	-4.6	24.8	-20.2	40.2	-19.2	68	-2.87212	18.0565	12.9616	52.7179	35.1093	45.1498	37.593	24.4186	2.0184	26.7931	30.1516	10.2089	56.9394	99.3953	82.3974	34.7416	171.258	201.317	205.993	241.072	353.174
-398.853	32.8	6.4	2.6	-33.4	-38.4	-69.6	-11.4	14.6	34.2	12.6	34.8	5	10	-0.2	62.4	6.46216	22.4369	26.5455	43.5207	14.1217	50.3455	27.8541	27.4068	27.4279	27.5394	28.2359	29.9598	43.3875	45.9362	49.3155	7.90324	100.896	111.236	108.579	105.941	225.08
-397.781	33.2	-33.2	8.2	-39.8	-18.2	-52.8	-6.8	-2.8	37.8	33.8	12.6	13.2	3	-17.6	87.4	10.9365	36.1747	-2.2521	21.8969	20.977	36.8284	15.3787	21.139	30.1774	24.9533	6.80294	24.9943	21.2775	18.7336	32.7479	-13.6635	56.862	62.2769	20.7588	24.1748	133.968
-396.708	33.4	-25.2	15.6	-17.2	14.6	-27.2	-43.4	-33.4	30.6	15.4	5.2	5.8	7	-13.8	71	-7.36908	6.25674	-2.97776	10.5267	23.7285	22.6384	-8.75328	18.0819	21.5737	17.3013	4.53262	24.0591	7.79622	-15.8388	1.10842	-7.39848	13.7836	10.3201	-44.533	-42.5463	34.0803
-395.636	48.6	1	11.6	-11	5.8	-7.2	-38.6	-31.6	-0.8	15.2	8	39.2	8.2	21.2	49.6	-1.6146	-21.0237	-0.32486	-22.8967	-21.1039	-35.331	-34.0751	-9.59108	3.31012	-4.88312	-14.575	-6.96566	-24.6963	-48.9679	-42.4032	-9.87512	2.15392	-15.5012	-51.4573	-68.7426	-48.6651
-394.564	10	-49.2	39.2	21.8	7.6	12.8	-8	25.4	-2.8	-6.8	20.2	40.6	-26.6	7.2	12.2	26.2133	-11.9733	9.07998	-10.48	-5.42666	-25.4533	-17.3867	12.3067	9.38666	-1.48002	1.2	20.9867	-13.52	-30.7334	-43.5467	-7.34666	-44.0267	-72.2134	-67.1867	-92.4133	-95.56
-393.492	6.8	-42.2	15.6	8.8	-8.8	16.2	-1.6	16	-19.4	-22.8	-7.6	34.4	-14.4	-21.4	10	24.7733	-1.98666	12.8	-11.76	20.32	-10.7333	7.50666	11.8267	-1.44	7.69332	20.0267	6.67998	0.46666	6.95998	-38.88	-7.37332	-66.5733	-88.0267	-71.1867	-78.1333	-91.48
-392.42	1.8	-18.4	-15.2	-4.4	-5.4	37	28.6	32	-35.2	-51.6	-15.2	20.2	-22.6	-9.8	11.6	23.7466	-31.3067	3.62664	-11.6267	17.6667	7.06668	7.44	-0.53334	-1.26666	-9.22668	17.7867	1.13332	-9.90668	5.87998	-46	-7.10666	-78.1333	-77.5067	-57.6133	-69.1867	-99.6
-391.349	-5.2	-34.4	-16.2	-8.8	-17.6	51.4	51.4	57.2	-13.4	-20.2	-13.8	9.8	-14.6	-2.6	2.4	42.9333	-21.4533	7.18664	-17.1867	20.4533	-11.76	1.38668	16.4133	-10.4	-26.5733	34.6	3.29332	-10.12	10.8267	-35.48	3.58666	-70.2533	-42.6533	-35.6133	-34.4934	-93.6267
-390.277	-7	-52.8	-6.6	13.8	13.8	66.2	33.2	53.8	3.8	-21.4	-26.2	-18.2	-6.6	-24.6	23.2	-6.4267	-10.0133	-1.09336	4.4	29.2667	15.5067	13.9333	8.30666	-14.7867	-11.2533	20.64	10.9333	-10.84	-3.65334	-36.9867	1.98666	-79.3333	-39.3733	-54.9067	-39.04	-103.093
-389.207	-2.2	-27	-37.2	-4.6	28.8	52.2	48	29.8	23.6	3.4	-40.4	-48.6	-4.2	-24.2	37.6	-27.6534	-2.92	-4.98668	-6.42666	0.22666	-10.8933	-5.49334	-22.3867	-23.9333	-31.92	-1.18666	-16.2267	-26.2667	-26.9867	-36.4267	15	-55.5067	-28.16	-38.2933	-23.9467	-77.9333
-388.135	-32.4	-28.4	-18.8	-0.8	46.4	58.6	31.2	16	70.6	23.4	-52.2	-56.8	19.6	13.2	31.6	-7.60002	9.34666	-1.98668	23.8933	-10.76	20.2533	-3.24	-2.02666	5.09332	-4.24	10.12	-0.61334	-18.3467	-22.72	4.44002	-0.49334	-39.1467	-22.2667	-23.4133	-49.36	-94.0667
-387.065	-18	-28.8	-14.8	2.2	39.2	33.6	0	5.2	60.6	43.4	-23.2	-81.4	9.4	29.8	13.2	5.15998	20.9333	19.4667	37.6667	-6.78666	2.06668	-5.57334	13.3467	-3.90668	4.38666	14.6133	9.34666	-1.75998	-13.32	18.08	6.08	-29.72	-35.9867	-33.6667	-52.1333	-92.0667
-385.994	-6.8	-7.4	-4.6	-5.6	23.6	8	-6.4	-16.6	35.8	21.4	-37.6	-81.8	27.2	40.6	41.2	-36.2267	-4.95998	-5.57334	14.3867	-20.7733	-5.84	-13.8533	-25.6933	-15.5467	5.4	-33.1334	-7.34666	-15.4667	-36.8	2.28002	-16.1333	-21.64	-53.6267	-59.8933	-48.12	-75.4933
-384.924	-31.2	-22.4	-8.4	-1.6	-0.8	-16	5.2	-14.4	11.4	4.6	-48.2	-101	2.2	39.4	1.6	12.2933	-2.94666	-4.97334	8.57334	-30.72	0.78666	-0.49334	-15.32	5.79998	7.28	-12	-2.70666	-17.1867	-16.1733	23.0934	-40.8133	-17.4667	-55.9467	-37.2667	-73.16	-73.6133
-383.854	11.4	-11.4	-2.4	3.4	-11.2	-13.8	-41.8	-22.8	-27	-16	-24.6	-79.2	13.4	50.2	-9.6	12	-6.8	-19.3333	-14.76	-17.6667	7.81332	9.84	-12.08	3.02666	27.5067	-15.2267	-11.0933	-7.32	11.3067	7.81336	-48.12	-19.2267	-66.84	-73.2133	-77.8667	-77.6267
-382.784	80.8	12	-5.4	17.8	-7.2	-5.2	-54	-26.2	-68.2	-13	-21.6	-63.6	-27	34.4	-3.6	-25	-51.8933	-55.1333	-52.6533	-30.5333	-45.6267	-27.52	-47.44	-14.8933	-14.32	-46.1467	-57.68	-39.88	-41.9866	-45.5066	-40.3467	-32.3067	-52.88	-84.2267	-50.1067	-56.52
-381.714	87	8.6	-8.2	13.4	-21	-25.6	-50.2	-13.8	-58	-14	-20	-22.6	-4.6	37.8	4.2	-44.96	-33.7467	-56.3067	-60.5733	-32.1067	-12.2667	-22.4667	-36.2	-19.6933	-19.9333	-52.7867	-49.64	-25.2533	-35.8933	-51.4933	-20.8133	-0.73334	-30.3733	-41.6267	-34.9067	-21.72
-380.644	78.2	-12	-7.6	14.2	-12	-27.8	-39.8	-17	-16.2	-5.2	-6	12.4	-17.4	19	8	-28.8267	-15.2667	-37.92	-34.72	-29.92	-10.0533	-17.92	-1.01334	4.02666	-23.9067	-29.5467	-54.84	0.66666	-28.72	-54.6133	-0.42666	-12.3333	-4.8	-25.44	-38.6267	-1.4
-379.575	98.4	17.4	-16.2	-16.6	19.6	-28.8	-15	-6.2	8.4	19	10.8	54	-9.6	-1.6	37.4	-33.52	-2.66668	-13.9467	-13.3867	3.61332	-13.9467	-11.6933	36.4933	12.68	-18.24	-19.48	-28.28	25.84	-3.55998	-33.0933	21.2267	6.48	19.0267	-11.76	6.61334	9.52
-378.506	97	28	-9.2	-9	10.2	-51.8	-8	-28	29	45.6	-17.2	68.4	-7.8	2.4	32	-6.21332	-10.2533	0.82666	0.82666	0.53332	2.45334	-23.6133	29.76	27.88	-20.6	11.2666	-10.3067	11.84	-11.0133	-9.38666	24.12	13.1867	57.16	48.0533	25.4133	47.6133
-377.437	38.6	2.6	2.6	2.2	10	-59.8	26.8	-25.2	7.2	21.6	1.8	66	16.8	-4	12.4	18.8667	33.3333	37.2933	8.85332	11.0666	19.72	-11.2933	33.4533	25.9733	-10.3467	26.4	21.7467	40.5333	20.9733	38.5733	46.2267	44.9333	73.0667	98.8133	57.56	87.2933
-376.368	29.6	7.4	8.6	8.8	11.2	-21.2	33.2	-31.4	12	18	-6.2	40.2	-15.2	-3.4	37.4	31.4267	32.3467	49.0667	22.76	16.5466	-20.5333	-6.22666	11.8667	15.5733	11.6533	34.4667	36.2267	34.4933	19.0267	55.16	19.88	23.48	80.5867	91.16	79.8933	109.973
-375.299	11	2.2	3.8	22.2	14.8	6	23.2	7.4	-21.6	6.4	-27	31	-0.8	12.4	25.8	58.2533	44.1333	78.5467	31.2533	33.4666	0.89334	11.0267	22.3067	8.02668	37.6667	56	72.16	33.3733	61.2667	90.3334	20.3733	91.56	108.2	148.28	120.773	161
-374.231	2	-2	-22.6	-2.4	-3	-10.8	-20.8	-1.2	-30.6	-13.4	-29	18.6	21.6	24.6	-16.2	38.96	28.6133	34.7067	-0.99998	3.11998	-10.04	1.74668	-14.7867	-14.2	22.2667	23.7867	49.1467	2.30666	57.8533	82.7467	22.68	97.84	118.667	156.08	167.987	218.573
-373.162	-18.2	17.6	-7.8	16	-11.8	32.2	-24.8	14.4	-27.2	-33.8	15.8	3.8	19.8	39.4	-0.6	4.29332	18.84	10.84	-2.35998	0.31998	-16.7733	4.58668	-11.76	-36.0267	24.24	-24.2	35.48	5.21332	39.56	82.36	50.1733	133.76	131.227	188.027	229.133	235.653
-372.094	0.2	10	-46.4	-20.6	-10.4	45.8	-31.8	47	1.4	-46	25.2	-8.2	21.4	49.4	17	-3.89334	19.3067	5.48002	21.52	28.0267	6.99998	39.7467	-3.58666	-15.08	38.8134	-13.04	36.0133	-3.20002	71.24	74.2133	33.6267	116.24	136.12	154.413	243.973	233
-371.026	16.2	4	-49	-36.2	-13.4	47.4	-34.6	39.6	-26.2	-85.2	41.2	5.4	41.4	54.4	1.8	17.3733	26.4933	9.54668	32.36	41.2667	51.0666	64.28	33.48	19.2667	37.4134	4.88002	17.4667	29.7733	77.5067	69.9733	43.7467	128.707	122.573	136.173	213.667	219.72
-369.958	20.6	-2.6	-23.8	-18.2	13.2	47.6	-13.6	28.2	-19.6	-52.2	49.8	-29.6	30.4	33.4	-16.4	-0.53332	12.4	-11.3467	36.16	32.6133	42.8133	57.8933	18.1333	31.0533	25.76	8.97336	-15.1466	31.88	59.6533	59.8933	18.88	63.3067	75.9333	73.9867	163.853	140.933
-368.891	31.2	16.8	29.8	14.6	29.4	77.8	1.6	36.2	-6.2	-24	18.2	-56	-8.6	21	-5.8	-16.0933	3.85332	-24.28	12.0933	23.6133	28.8267	49.9733	-5.41334	13.5466	11.52	-2.50664	-32.52	29.9333	39.5867	20.96	-5.14668	42.7467	29.4266	37.7733	81.4933	76.44
-367.823	47.4	-19.2	3.2	-12.6	49.2	68	35	40.8	-29.4	-39.6	-32	-59.4	5.6	2.6	-8.6	5.45336	18.72	-22.1467	13.3867	25.5733	22.2533	55.2933	14.32	27.1066	1.70668	46.2	-13.56	31.5733	25.9734	0.45334	-15.64	-12.2533	-25.7067	-32.88	-9.4	-8.48
-366.756	63.4	22.2	14.6	32.6	38.4	45.8	-12.2	-15.8	-18.2	4.2	-45.6	-61	3.2	2.6	-20	8.68002	1.12	8.06666	-3.42668	13.2666	-10.4267	16.9067	7.17332	24.4133	-4.2	25.36	-8.23998	33.5067	-8.31998	-13.5467	-7.85336	2.04	-41.7467	-50.1733	-50.2667	-55.16
-365.689	29	33.2	28	38.2	62	32	-2.8	-12	23.8	48.4	-79.4	-76.6	-6.8	-28.4	-50.8	-14.0267	-39.2533	-36.1067	-49.48	-49	-50.2133	-52.2	-41.9867	-16.7334	-43.2133	-24.64	-38.5467	-23.16	-51.3067	-64.9333	-20.9734	-36.36	-84.9867	-98.6133	-115.653	-126.093
-364.622	25.2	58	9.8	5	35.4	8.4	-38.8	-20.8	18.2	26.6	-76	-40.2	5.8	-5.6	-37	-22.1867	-28.8533	-36.2933	-42.4667	-48.16	-41.0133	-76.72	-39.7867	-31.4267	-31.2	-39.7733	-9.61334	-41.0533	-61.48	-69.08	-7.29336	-58.3067	-91.12	-92.52	-138.307	-145.44
-363.555	-5.6	28.6	-7.8	-11.6	13.8	-22.4	-15.8	-23	40	36	-41.8	-11.8	31.2	1.6	-38	-9.42666	-5.49334	12.3733	-18.4133	-31.7734	-2.29332	-61.7333	-8.73334	-4.72	-14.0267	6.28	9.78666	-24.6	-65.0533	-32.7867	-6.28002	-58.1733	-57.8267	-87.76	-136.333	-139.52
-362.489	-17.4	14	-10	-30	-9.4	-33.8	-17.2	-19.6	47.6	41.8	-23.6	-14.6	43	-9.2	-66	-19.24	-26.44	9.54666	-29.8667	-31.7867	-13.12	-62.3333	-43.5867	-20.3733	-20.7333	-5.98666	6.77332	-52.0667	-66.6667	-41.9867	-20.4667	-70.4267	-54.48	-76.1067	-142.6	-126.04
-361.423	-41	3	-1	-55	-0.2	-39.2	-4.2	-2.4	22	25.4	-7.6	-21.6	37	-12.2	-54.8	-18.4133	-15.0534	-13.24	-11.3867	-30.7333	9.38668	-26.5067	-40.16	-13.6533	-17.4133	-6.84	22.2	-54.6933	-23.0267	-40.24	-36.48	-89.0933	-59.7733	-74.6933	-149.8	-125.213
-360.357	-31.6	-5.4	-7.6	-54.4	-2.8	-35.8	-9.2	1.6	27.4	28	13.8	-9.6	35.8	-29.2	-31.2	-20.6533	2.35998	20.52	32.9867	25.7867	44.8133	23.4	4.89334	11.4533	25.0933	26.52	39.4933	-17.8533	33.96	24.7867	-38.2667	-73.2	-13.64	-35.5066	-76.8133	-99.4933
-359.291	-17	-1	0.6	-49.2	-17.2	-49.6	13.6	-11.4	9.8	-1.2	19.4	-11.2	38.6	-48	-14.8	6.38666	5.13332	20	18.4533	11.3867	16.7333	51.28	9.73334	14.32	14.8666	26.8267	24.4	1.57332	7.74666	1.66666	-36.8	-59.28	-29.7067	-40.2533	-62.0267	-95.44
-358.225	18.8	1.6	7.4	-53.2	-4.4	-36.4	-0.2	-12.6	-21.4	-23.8	28.6	-11.4	38.2	-18	-8.2	9.01332	-4.76002	-2.90666	20.08	15.64	6.72	42.64	13.4	19.9867	27.7733	-7.29334	20.4267	-9.84	23.24	-28.1333	-26.3333	-52.28	-59.92	-38.3067	-42.8	-92.7333
-357.16	-22	-9.2	21	-34	3.2	-27.2	-28.6	-45.2	-10.2	-12.6	33.4	-3.8	4.6	-14	31.2	10.2933	1.37332	11.72	30.5067	15.4533	11.9467	23.6667	40.6533	23.44	22.88	-39.0267	12.6267	27.8133	18.2267	-37.12	-15.88	9.00002	-44.4533	-34.88	-23.6667	-59.12
-356.094	-24.6	-26.8	10.8	-27	-3.4	-24.2	-11	-38	-6.6	-26.8	17.2	19.4	-3	-19.6	49.8	29.8	-0.54668	-2.43998	18.4533	-0.46668	-5.96	0.09332	49.8133	-14.6133	-7.34668	-22.6933	-23.9067	27.6133	-33.9867	-50.12	4.17332	3.30668	-31.0667	-30.12	-7.65334	-27.52
-355.029	-10.6	-23	22.6	-5.6	-28.2	-39.4	-12.6	-32.4	-25.6	-11.6	17.2	24.4	-2.2	4.4	40.4	32.9067	-4.14668	-8.87998	5.50666	-11.8267	-12.3333	-21.9067	41.6533	-30.2	-37.5867	-19.52	-37.4933	9.84002	-54.6667	-70.44	2.73332	-8.72	-52.4	-40.8533	-24.1867	-15.9467
-353.964	-29.2	-40.4	9.8	8	-28.8	-22.8	-12	-37.6	-28.2	-24.4	27.4	17.2	-0.6	31.8	18.2	-5.28	-13.3467	-13.0933	-7.04	-2.24	-10.28	-38.4933	17.84	-33.3333	-46.24	-25.12	-37.3333	1.29336	-27.7467	-47.5467	-9.68002	-30.1467	-51.7867	-49.7467	-7.92002	-4.38668
-352.899	-38	-19	-1	25.2	-49.8	-18	-18.6	-65.2	-47.2	-25	9	23.6	-2.8	-14	19	0.24	-14.9067	11.3067	3.37334	-4.4	-9.36	-28.4133	2.96	-50.3067	-49.6	-9.32002	-29.68	20.08	-30.1333	-17.36	6.89332	-15.84	-13.6267	-22.2667	-8.01336	19.96
-351.835	-12.6	15	-15.6	-4.2	-31.2	-31.2	-17.2	-61	-62.6	-42.8	-4.4	6.2	-1.8	-4.4	-3.4	-7.33334	-20.9067	-12.3733	-4.78666	10.8133	-1.36	-24.72	-18.3333	-33.08	-29.9333	6.03998	-40.6533	-14.56	-12.2133	5.53336	12.6933	-35.2933	15.8	5.69334	34.8266	27.6133
-350.77	-24.2	-6	-14.6	-19.6	-18.6	-27	-39.2	-63.2	-61	-57.6	-25.4	-33	-31.6	-21.2	-36.2	-27.0267	-1.74668	-3.95998	-16.7867	12.8	-2.56	-4.77332	-37.92	-22.6	7.68002	17.4533	-15.2533	-10.2	21.5733	35.0667	11.8667	-19.2267	25.1466	35.6933	25.72	13
-349.706	-13.4	-4.2	-22.2	-26.6	-9.2	4.4	-49.6	-73.2	-70	-71	-33.2	-31	-40	-16	-29	-21.0934	8.45332	0.57334	-13.8667	-7.8	-29.8933	-17.76	-71.4934	0.18666	16.1467	-4.41336	-2.09332	-18.8933	-2.98668	23.0133	17.2933	-3.53334	27.2133	46.0267	16.1467	6.18668
-348.642	-4.2	-3.2	-16.2	-31.4	-21	14.4	-67.6	-78.4	-48.4	-14.2	-45.4	-51	-45	-40.2	-24	-17.8534	4.63998	0.37334	-17.04	-0.57334	-1.61334	-1.74666	-40.2267	8.34666	30.7867	28.64	12.0267	-5.45332	-0.8	31.08	11.3867	19.2133	40.0933	46.7467	3.57334	18.7467
-347.578	-17.4	-21.4	-12.6	-29.2	2	15	-54.6	-27.2	-53	-32.6	-59	-63	-52.8	-15	-14.8	1.15998	30.3067	-5.58666	-3.76	2.64	-2.92	21.6667	-1.84002	31.8133	32.8267	21.48	20.2133	-11.24	11.5333	38.1467	-1.54668	18.24	37.7867	18.0533	-6.33332	11.8667
-346.514	-24.4	-25.8	2.8	-4.2	-28.8	10	-20.8	25.4	-54.6	-33	-30.8	-32.8	-29	-38	14	26.3733	52.64	27.5467	14.5333	6.2	3.37332	42.5467	16.0133	36.9333	34.7867	30.8267	42.04	10.7467	32.2667	43.92	-8.74668	-2.53336	-1.22666	-26.2933	-44.9333	-15.4
-345.451	-4	-0.2	9.8	4.4	-23.8	29.2	-4.8	22.6	-35.2	-1.4	3.6	-15.2	2.2	-21	-5.8	-16.88	8.97334	13.8	1.09334	-25.8667	-5.62668	-0.64	-4.37334	16.56	-12.9333	-15.6933	0.41334	-25.6667	-25.28	2.90666	-24.5867	-8.54668	-17.1733	-62.5867	-33.1467	-15.7333
-344.388	-15	-29	-3.6	-4	-6	14	6	9.8	-26.6	-9.2	-9.4	-20.8	-0.2	-21.6	23.4	12.7467	15.9733	38.92	12.84	14.5467	14.44	31.36	52.84	13.5467	2.7867	14.3333	36.68	13.0667	10.7467	24.36	-16.3333	-0.09334	-32.7867	-57.2	-15.4533	-17.36
-343.325	-42.4	-38.4	-11.6	-9.6	-0.8	12.2	16.8	40.2	-32.8	-44.6	-6.2	5.2	-19.2	-27.2	33	9.14666	-9.35998	15.36	9.88002	-7.83998	-6.10668	24.08	12.7333	-11.1466	-13.3466	-23.9067	-12.1067	-1.98666	-12.6267	-6.22666	5.49332	-0.34666	-20.9867	-39.6933	-4.14668	-12.1333
-342.262	-14.2	-38	-4.8	-9.2	-28.8	4.6	17.2	-7.4	-5.4	-19.8	25.2	4.8	6	-17.2	42.8	-1.02668	-28.0667	0.53332	-6.26664	-8.01332	-3.96002	-7.16	-5.93334	-34.4933	-8.59998	-13.8133	-17.2	-2.28	-12.8	-29.96	21.1333	-8.18666	-15.4	-15.52	25.12	-16.3867
-341.199	10.4	-38	-28.2	-34.4	-24.2	2.2	-1.2	-31.6	15	-15.4	25.6	0.2	-25.8	11.2	20.8	-19.36	-48.32	-39.84	-24.7866	-39.9867	-7.22668	-26.7467	-10.76	-46.8933	-35.0133	-38.92	-28.8533	-22.64	-38.3067	-39.7333	7	-8.10666	-17.36	10.3333	9.77332	-3.54668
-340.137	-5.4	-56	-24.8	-49.2	-51	-10.2	18.6	-29.2	16	-12.8	4.2	8.6	-36.8	13.6	65.4	18	-21.5333	-28.04	-18.2666	-4.53332	-7	-18.4267	16.36	-13.08	0.16	-12.56	-4.38666	4.69334	7.66666	-32.7067	9.69334	5.02666	-7.04	43.2133	9.70666	-11.4133
-339.074	-18.2	-12.6	-17.2	-53.6	-46	-11.2	8.2	-28.8	17.6	-2.2	-4.8	32.2	-17.2	31	21	-4.0667	-32.7867	-36.6533	-11.5866	-13.76	-6.06666	-9.97332	-8.42666	19.8933	-6.05334	-18.88	-21.5467	-16.4533	-11.2533	-30.84	27.0533	17.96	24.28	51.0133	-11.7333	21.8933
-338.012	13	-15.4	-8	-52.6	-49.6	-33.2	0.6	-33.2	7.6	7.6	-12.4	20	-10.8	51.6	11.6	8.15998	5.11998	-15.8933	-3.50664	10.4533	4.6	-7.22666	-0.16	35.88	14.92	-0.06668	-6.11998	-15.2667	18.4267	-2.77334	17.8933	29.3466	23.92	38.64	-3.93334	19.6533
-336.95	-1.4	4.2	-46.6	-85	-25	-19.4	2.4	-8.2	25	10.4	2.4	31.4	-39	35.4	0.8	-20.08	2.10666	-15.88	-7.93332	9.53332	-3.6	-20.9733	-6.12	39.0933	-6.89334	4.75998	-12.6	-15.1867	-0.97334	-1.54666	27.16	31.4	17.0533	30.12	2.98666	15.56
-335.888	-36.6	-17.2	-19.2	-49.2	-33.4	-23.6	6.2	-9.2	37.6	30.8	-33.8	17	-12.2	38.4	-19.4	-2.98668	25.2	30.8133	-4.29332	54.7333	-0.98666	13.5333	8.26666	50.1067	19.9467	47.2267	16.08	14.68	16.68	11.0133	16.0267	33.5333	13.9867	28.4133	5	12.1333
-334.827	-20.6	-5.4	-15.8	-3.2	-25.4	-18.2	-18.6	-31.2	-5.6	24.6	-13.8	15.8	-17	30.4	-43.6	21.28	50.48	47.48	30.2133	57.8133	29.24	39.96	22.6933	46.3467	25.2667	49.2133	21.8133	32.7867	2.82666	48.4267	16.2667	36.0667	9.77332	-9.16	-6.48	27.16
-333.765	-16.2	-36.2	-24.8	-8.8	-13.8	-14	-0.4	-13.2	-16.4	22.4	5.8	-15.2	-12.4	3.6	-44.6	8.74668	30.2667	31.0667	19.9733	37.48	16.68	38.5867	8.94664	12.3733	32.44	40.7733	25	43.52	8.37332	47.7467	-27.7067	-11.3467	-18.0533	-39.88	-10.9733	-26.5867
-332.704	-23.4	-37.2	-60.4	-25.6	21.6	-1.6	10.8	-17.8	4	30.8	-23.2	-13.8	-25.2	-1	-35	28.5467	16.1067	28.72	12.4933	20.28	18.0533	12.2667	14.7866	-0.88	-2.4	15.3467	11.0533	54.9067	-2.24002	34.2667	-26.12	-31	-21.36	-28.96	-17.9733	-23.7734
-331.643	-38.2	-65.4	-39	-1.2	19.8	-0.2	21.4	-25.8	-13.4	29.8	-36.4	-3	-44.8	-18.2	-24.2	18.52	8.38668	14.1067	-0.71998	-3.24	6.06668	13.4533	5.63998	-10.4267	3.24	1.85334	0.49332	44.6933	-0.96002	28.7867	-29.2933	-22.0533	-16.0667	-17.2933	-23.0267	-4.18668
-330.582	-12	-24.6	-70.2	-20.2	39	30.8	16.8	-16.2	-26.8	12.8	-5.8	3.2	-43.4	-29	7.4	-6.74664	-12.64	-19.0133	17.0267	-51.1333	-8.98666	-3.49332	-2.41336	-24.48	-11.2267	-27.0267	-26.2533	10.8	-21.2133	-2.85332	-6.82668	-25.5067	-2.79998	-25.4133	-4.88	10.4267
-329.521	-8.6	-31.8	-89	-70.2	51	20	10	2	0.4	20	-34.6	-4.4	-22.4	-16.6	13.8	-28.1466	-66.6533	-38.6933	-18.68	-69.5867	-36.0933	-16.8133	-20.5334	-27	-27.5867	-34.4133	-23.2267	-17.5333	-9.65334	-53.3867	-10.32	-40.4667	-12.4666	-15.64	-3.25334	-18.3867
-328.461	-17.8	-26.8	-70.8	-45.6	39.6	14.4	12.2	-15.2	10	27.6	-37.2	2.2	-26.6	-22.6	25.2	-12.8666	-29.2533	-26.52	-18.3333	-51.36	-19.6533	-36.5066	-9.96002	-29	-30.16	-33.5867	-18	-23.6	-9.62666	-45.7333	13.1467	-19.4667	5.49336	-15.56	21.9333	21.2667
-327.401	-12.8	7.2	-36.2	-14	18.4	-4.4	7	-30.2	20	52.2	4.6	15.2	-29.2	-53	6.2	-31.28	-33.2533	-39.96	-19.3067	-49.2533	-18.8533	-43.7066	-8.78668	-29	-17.4667	-46.72	5.1867	-49.8933	-23.1733	-53.1066	11.5467	8.88	13.08	7.37332	31.5733	23.6933
-326.34	-7.2	32.8	-4.8	-8.4	26.4	-35.6	26.2	-20.8	14.8	22.8	-8	-4.2	-19.8	-34.6	-2.2	-8.77332	-3.6	-34.44	-8.73334	-31.9867	8.57334	-31.3066	-5.44002	-5.09332	-20.48	-26.36	10.4534	-56.9867	-2.10664	-48.64	-13	-25.7333	-14.16	-13.0533	20.2133	-12.2
-325.28	-24.2	5.8	40.8	0.4	31.4	-53.2	25.8	-32.4	14.2	38.4	-27	7.6	-40	-32.4	13.8	7.14668	14.04	10.7734	-9.66668	2.82666	23	-10.8666	-5.26668	15.6667	-5.69334	-9.13332	30.28	-14.4533	15.6	-17.4267	-9.10666	-6.93332	-15.1467	2.70666	2.86666	-24.7067
-324.22	-41.6	-6.8	54	14.6	42.6	-39	40.2	-13.8	17	32.8	-37	-13.4	-34.6	-51	15	17.9867	30.8667	9.68002	9.54664	12.76	26.6267	-8.81332	-13.44	-2.04	7.4	-6.99998	13.8	-5.92	0.10668	2.46668	19.64	19.5733	9.85334	43.12	18.4	-0.78666
-323.161	-20.2	5	32	5.4	34.6	-23.2	48	2.8	13.8	19.4	-9.8	-15.8	-30.6	-20.2	45.8	1.25334	25.9067	14.4533	-1.3867	31.8	17.4267	-0.84	-9.36	-4.22668	14.1467	0.70668	-9.02666	-11.0933	10.72	5.10668	20.7867	27.6533	24.0533	70.08	27.4	-11.24
-322.101	-19	-42.2	49.4	-1.8	36	-2	81	13.4	0.6	-10.4	-21	-21.4	-3.8	40	106	-0.41332	27.1467	26.92	17.7333	21.8	-8.88	25.8	-19.24	6.85332	10.36	25.0933	-13.0933	-4.05334	25.04	24.48	13.9867	12.92	1.84	45.16	-8.73334	-21.7867
-321.042	10.2	-41.4	48.2	11	47.6	21.8	30.8	-8.2	3.2	-23.6	-26.6	-22.8	-5.2	47.8	113.8	28.1467	21.64	45.0933	18.5066	43.0933	8.85334	46.9067	-2.06666	13.36	29.3467	43.12	7.06666	32.9467	15.2133	52.8267	21.3867	32.0933	12	30.3867	-20.4533	-7.4
-319.983	23.8	-24.6	30.6	10.2	33.8	50.8	35.6	2.8	-5.2	-38.6	-24.6	-49.8	-11.2	42.4	108.4	19.1333	5.33334	9.50666	11.9066	47.8	-5.55998	27.7333	4.04	9.2533	22.92	38.4	-10.7067	15.7067	16.8533	44.9067	-6.96	6.86666	-0.96	4.77332	-3.45334	-29.0267
-318.924	36	9.8	59.4	34.8	-4	24	12.4	-11.8	-26.6	-39.2	13.6	-36.2	-21	97	163	-5.78666	6.18668	18.0667	-5.93336	38.3067	1.77336	7.32	26.44	15.12	12.04	12.9867	6.87998	25.92	33.7867	36.32	-36.28	2.01334	-20.9467	-40.8533	-24.9733	-39.5867
-317.865	49.2	24.6	71.6	11.6	-19.8	0.4	-38	-48.2	-48	-65.6	-20	-36.6	-38.4	51	117	-1.33332	-6.12	-4.46666	-1.84002	7.00002	7.72002	10.4	27.5867	15.64	18.32	18.1867	3.38666	32.2	8.8	4.2133	-23.8933	-17	-37.4	-44.1867	-42.28	-4.86668
-316.807	50.2	59.6	58.6	21.8	-22.8	-4.4	-51.6	-51.4	-39.6	-74	-34.4	-21	-70.4	-12.6	60.6	-3.14666	-16.84	-20.8933	-0.57334	22.5733	1.48002	-5.01334	23.1467	-0.48002	14.0267	6.85332	0.44	25.1467	-14.6933	-16.5867	-31.0133	-13.2133	-17.2	-46.3867	-4.41332	13.76
-315.749	12.4	34.8	16.6	-6.4	-84.8	-29.2	-13.8	-20.2	-36.8	-26	8.4	14.6	-66	-23.6	48	-22.76	-33.5333	-18.9733	-2.70668	-9.21332	-12.3867	-14.4667	16.2267	-23.24	-9.22668	-21.9467	-16.76	1.73334	-31.5733	-44.1334	-29.2533	-38.7867	-19.24	-55.4533	-11.92	3.98666
-314.691	6.2	22.6	8.8	-11.2	-52.8	-50.8	-7	-10.6	-42.2	-52.2	-3.55271e-15	21.6	-51.8	-17.6	30.8	-14.84	-9.64	1.13334	-1.04	-20.5867	-5.86666	-21.5333	2.62666	-37.72	-14.3334	-23.8667	-5.22666	9.18668	-31.5333	-34.6134	3.06666	-1.69332	-2.02666	-24.4133	-1.79998	21.1467
-313.633	-20.8	-9.8	-24.6	-29.6	-38.6	-40.8	33.4	18.6	-25.4	-50.6	-17.2	27.6	-32.6	-60	2	-4.18666	2.26666	-14.36	11.5867	-22.3867	-9.8	13.6933	1.10666	-22.1334	-13.7867	3.28	21.6267	-7.70666	-17.1467	-21.7067	-5.61334	-25.0133	-3.41334	-28.8533	-2.74664	22
-312.575	-32.4	-4.2	2.8	8.4	-16.8	-38	68.4	49.4	-25.8	-50.4	-8	27.4	-1.8	-8.6	9.2	-16.7867	3.34666	-11	10.3467	-21.16	-27.04	8.25332	-36.36	-1.96002	-16.12	-17.52	30.9733	-29.36	-12.8	-22.5067	-9.96	-2.14666	0.65332	-33.3333	-2.95998	-7.61334
-311.517	-43.4	-10.2	-12.4	19.4	-19.6	-31	61.6	66.8	-59.2	-39.4	30.4	7.6	-6.4	12.6	2.6	-16.4267	8.37332	-1.57334	5.04	-20.6933	-19.76	14.2267	-6.49334	20.16	-10.9867	1.4	33.32	-33.5867	10.2133	9.2	21.2533	-5.98666	13.0933	-23.9333	-9.41332	-20.56
-310.46	0.6	38.8	-6.2	54	9	-35	52	58.4	-59.6	-51.4	-10	-26.4	-3.2	15.6	15.8	10.7333	19.0533	5.69334	-3.45332	-0.6	0.97334	9.96	-5	36.68	-5.29334	4.25334	40.7333	-17.5867	37.28	27.32	5.12	21.24	19.1066	14.3733	22.32	7.92
-309.403	8.4	38	-28.8	36	-11.8	-31	36.4	10.2	-36.2	-40.8	7.6	-20.6	-19.6	-0.8	6.4	30.9867	6.42664	-18.36	-6.14666	-6.06666	20.12	23.4933	15.4933	46.8	5.37334	1.54668	23.28	-14.04	31.68	19.6533	8.57332	19.0533	34.2133	28.4533	19.68	21.12
-308.346	15.6	50.4	-14.4	25	-14	-35.2	-2.2	-53.8	-30.4	-35.8	-6	-14.6	-27.8	13.2	-48.4	33.64	12.7733	3.10668	13.5333	23.52	38.56	7.38666	15.1867	46.24	9.64002	7.72	-25.32	5.90664	18.16	31.52	46.68	16.5466	44.6533	77.96	47.64	43.9867
-307.289	11	39.2	-17.8	-14.6	-36	-38.2	-22.6	-77.4	26.2	-11.8	1.2	3.2	-38.6	-4.2	-46	42.3867	15.5333	-0.84	-9.74666	26.1733	43.7333	-9.10666	39.08	6.87998	-6.39998	3.65334	-30.12	17.8	25.52	29.3467	33.4133	12.4933	60.5466	78.2533	38.2667	38.28
-306.232	19	34.2	-16.8	-37.4	-19.4	-23.8	-6.8	-88.2	64.2	-17.4	-13.2	9.2	6.4	15.2	-29.4	57.44	20.32	23.6667	-0.61332	39.0133	60.5067	6.96	42.3867	13.7867	10.8934	27.0133	-20.6133	41.32	37.76	15.7867	-2.58666	7.38666	4.75998	68.4933	20.4267	18.1333
-305.176	-7.4	-2.6	4	-59.2	19.4	8.2	-1	-75.8	77.2	-7	-4.8	3.4	19	13	-65.4	15.8667	0.37332	7.09332	5.28	34.5067	16.4133	-7.56	8.68	-25.2133	6.5867	9.21334	-34.08	25.9466	16.5867	4.32002	14.6	7.92	-11.2	27.9467	-7.62666	8.54666
-304.12	-3.8	0.6	20.8	-22	20.2	8.4	7	-54	62	12.8	-19	4.4	42.4	35	-73.2	-11.0667	3.70666	24.8533	9.13334	7.68	-9.22668	-15.8533	-8.8	-33.9867	6.9067	1.85334	-2.56	2.38664	13.0267	-3.61332	5.8	-16.84	-16.7067	9.86666	-19.5333	1.08
-303.063	21.8	10.4	-0.6	-29.4	46.6	33.2	27.6	-6.8	56.6	0.6	-11.8	5	8.2	3.2	-50	-23.4533	-13.92	-1.22668	-7.44	-27.2667	-26.0133	-14.0267	-24.68	-35.84	1.44002	1.02668	8.05332	-14.7734	-10.6533	-7.49332	-16.9067	-13.24	-11.9067	-34.0533	-30.1867	-16.8133
-302.007	4.2	-6.2	-20.2	0.8	53.4	35.4	46.4	24	20	24	-21.4	18.6	-4.4	-15	-34.4	-30.1867	-14.0133	7.58666	14.3733	-24.6533	-42.2133	-13.72	-40.84	-14.8533	6.00002	3.82668	-0.29334	-24.0267	-27.8667	8.25334	-29.12	1.86666	-40.7467	-49.6533	-24.36	-22.0933
-300.952	28.2	6.6	-29.6	-4.6	59.2	23.4	30.6	39.2	14	30.8	-37.2	12	-8	-13	-51.4	-59.7067	-19.24	-23.9867	-14.1067	-63.56	-67.76	-38.8133	-70.9333	-44.96	-36.6	-55.2266	-33.3733	-42.3334	-67.0133	-11.7733	-0.40002	17.2667	9.41332	-35.6667	-1.02666	11.9467
-299.896	-3.2	-4.8	-46.4	19.2	-0.8	11.6	30	25.6	6	17.2	-38	12.6	4	-4.2	-38.4	-38.5733	-1.48	-1.13332	4.81334	-56.8667	-37.8267	-16.56	-27.1067	-7.44002	2.97334	-31.0133	-13.2267	-39.84	-46.84	-16.28	-2.13334	20.3467	23.6	-1.42668	13.1867	13.0133
-298.841	-18	-17.8	-38.2	17	28.6	57.4	21.4	23	4.6	15.8	-8.8	32.8	-2.4	2.4	-6.2	-42.2533	-18.6	-24.8133	4.13334	-36.6267	-26.52	-25.0267	-23.4267	-18.5867	-8.10666	-33.56	-42.4533	-26.6267	-52.56	-15.16	-5.86666	22.4533	19.6933	-8.45334	31.3067	10.76
-297.786	-28.6	-24	-13.2	52.8	-11.8	29.8	42	7.2	0.6	25.2	-1.4	20.4	24.2	25.6	-17	-42.2933	-26.4933	-26.3867	-26.5467	-29.88	-32.5333	-30.5467	-24	-20.2534	-18.9733	-35.6	-53.4933	-29.5733	-34.5866	-37.48	1.97334	20.8	4.90668	9.32	16.7867	0.72
-296.731	-37	-34.6	-2.4	34.8	-30.6	14.6	53.6	9.4	9.6	5.2	-3.2	4.8	42.2	26.4	-44.6	-23.2266	-34.9467	-18.72	-24.5733	-18.88	1.78666	11.56	-0.79998	-4.44002	-17.7067	-15.6	-20.8133	1.21334	-11.6266	-24.32	5.50668	12.4134	7.81334	25.0667	-1.50666	-9.70666
-295.676	-63.2	-26.2	24.2	56.8	-56.4	9.8	44.4	-21	26.8	12.4	3.6	10.2	38.6	36	-35.2	14.04	-15.56	-9.06668	-8.68	11.7467	37.68	41.8267	26.4667	20.72	19.8933	22.3067	19.1333	13.92	35.5467	-11.3333	27.9067	2.7867	-8.94666	23.7333	1.85334	-6.18666
-294.621	-42.6	-24	54.8	48.6	-7.2	35.2	14.2	-24	0.6	2.4	-2.8	14	20	20	-60.6	13.0533	-4.97334	-12.6	-10.3867	22.2	23.2667	21.8667	20.5067	2.21332	2.88002	26.44	20.84	20.3733	27.88	-2.77334	18.16	0.48002	-20.56	7.94668	-27.84	-15.3333
-293.567	-35	10.8	71	37.6	-42	-22	8	-16.6	-1.8	2.6	-36.8	-12.4	38.6	26.4	-56.8	25.68	28.2267	-2.32002	-16.0667	25.88	18.7733	42.8267	32.76	32.2267	11.72	40.4	40.28	32.0667	30.52	1.14666	0.73332	-15	-50.2533	-10.6533	-26.6267	-29.7733
-292.513	-19	21.4	68.6	16.2	-16	-31.2	16.8	34.4	4.4	7.6	-25	-1.6	28.8	27.8	-33.6	38.1067	24.4533	25.0266	31.7467	49.0667	26.3067	41.04	41.32	28.8933	35.0134	38.4667	70.0533	45.5333	16.96	25.1733	-23.5333	-20.5733	-55.3333	-31.32	-52.4267	-21.3467
-291.459	-8.88178e-16	20.6	25.8	4	-1.6	11.4	-1.8	26	-7.8	7.6	-19.8	-19.2	24.4	35	23.8	38.16	40.0267	28.04	35.08	51.32	25.3333	9.8	33.44	24.9067	32.8667	44.64	55.5467	38.3067	20.2667	33.3067	-18.6533	-39.56	-31.2	-35.7333	-25.1333	-5.04002
-290.405	5.8	6.8	14.6	-13.8	-22	-21.6	5.8	50.2	-37.8	-11	-8.6	-10.6	29.6	21	29.4	30.1333	27.72	33.6533	29.4667	46.0933	15.7867	0.6	21.5334	13.4133	50.16	38.5733	39.5333	19.2933	-13.7333	11.2267	-48.56	-50.04	-38.2	-50.8	-25.6933	-33.8667
-289.351	15.6	29.4	-6	-31.4	-23.6	-43.4	31.2	70.4	-27.4	-37.8	7.4	4.2	37	37.2	81.6	16.8	-0.78666	29.8	3.97334	23.76	11.6933	1.2	9.86668	13.28	14.5867	4.25332	8.79998	15.7467	-23.9867	12.2267	-34.76	-52.92	-8.69334	-53.0933	4.56002	-29.2534
-288.297	21.6	19.6	-38	-26.6	-37.4	-37.4	53.6	71.8	-19.4	-54.2	38	24.6	-1.8	-2.4	60.6	-3.29332	-27.6133	21.44	3.88	11.4933	2.61334	-35.4933	-18.52	-4.10666	-4.08	-14.48	-25.0667	-15.4133	-7.49332	11.9333	-16.48	-24.5867	33.3733	-23.08	11.04	-4.26668
-287.244	-25.6	-6.4	-56.2	-7	-36.8	-34.6	31.4	28.8	-19.4	-40.2	26.6	38.6	-6	-14.2	77	0.78668	-18.12	1.59998	-34.0267	-11.4533	-9.36	-38.7067	-26.3867	-17.5067	-28.5733	-16.04	-38.2533	-43.92	-3.29332	3.02668	6.09334	-7.20002	44.0933	9.46668	38.1867	0.85332
-286.191	-31.4	10.4	-17.2	11.6	-38.2	-60.4	37.6	24.6	-5	-29.6	49.4	29	12.4	27.2	45.2	-6.81332	-16.84	5.91998	-17.9733	-16.28	-11.6667	-16.4933	7.90664	-16.4133	-26.56	-2.81332	-24.9867	-27.1333	6.08002	4.62668	7.70666	16.84	24.2667	-4.42666	14.3333	-9.93334
-285.138	-20.6	16.6	-34.2	43.2	-4.2	-8.4	34.2	-5.6	-16.8	-51.8	24.6	27.4	-8.4	37.6	60.4	-24.4133	-15.7867	-19.92	-33.8133	-35.7067	-31.6133	-54.5467	-2.28002	-22.6	-44.88	-30.72	-21.5333	-22	11.16	-9.17332	10.6267	15.84	38.0533	14.9067	24.5067	18.6933
-284.085	-16.2	15.2	-29.8	67.4	-12.6	8.4	24.2	-15.4	-13.6	-15.2	2.8	16	-32.2	44.6	23.8	-31.5867	-23.7333	-44.1067	-17.6533	-63.7467	-53.16	-43.1467	-45.16	-31.36	-34.3734	-37.6267	-16.96	-47.3067	-8.74666	-37.9866	28.2933	46.2667	26.5867	54.7467	23.5733	32.92
-283.032	-15.4	7	1	70.6	18.2	12.6	39.4	-13.4	-13.2	-1.2	-13	19.6	-13.6	58.4	33.2	-25.08	-16.68	-44.7733	-26.08	-44.7067	-28.9867	-0.25334	-26.36	-28.5467	-29.9467	-39.5067	-2.33332	-13.5333	-17.92	-22.5866	26.6133	32.5067	-4.49334	21.68	-3.09334	16.4267
-281.98	25.2	15.4	-2.6	38	18	19.6	12.2	-21.4	6.2	-3.6	-20	5.2	7.6	75.8	26.4	-14.0133	3.8	-39.9867	5.52	-15.5333	-16.36	4.13332	-10.6933	-5.32002	-7.21334	-21.2933	-10.7467	15.12	13.96	-20.44	18.2533	44.92	4.98666	13.7067	-3.68	33.0133
-280.928	5.8	11.4	-9.4	31.2	15.6	12.8	24.6	-3.6	16	-10.2	-38.6	31.2	-18.2	62.2	21.4	-18.0133	-8.04	-58.2133	-15.44	-19.7333	8.57332	0.81332	-39.5733	-9.14668	-5.66666	-52.3467	-18.8533	-8.89334	-6.8	-43.7867	14.6	19.9333	2.19998	24.8133	5.77334	32.3333
-279.876	13.2	25.4	-16.6	5.6	4	-0.2	30	21.8	20	19.2	-13.6	42.4	-36.8	29.6	-5.4	21.6	23	-2.62666	34.5867	-1.49332	47.24	59.8933	-9.96002	28.5067	3.00002	-3.42666	-1.46668	26.1467	0.62668	19.08	20.0267	13.56	-5.64002	18.04	-21.44	3.44
-278.824	1.2	9.8	-5.2	-0.8	-27.4	-39.8	26.8	5.4	16.2	28.4	2.2	65.4	-19.8	23.2	-22.8	24.3333	10.68	10.4667	16.04	33.7733	40.8533	34.1333	6.90666	19.9333	6.76002	10.9333	-9.57334	24.64	-4.35998	24.32	-22.96	-15.1333	-25.8	-21.9334	-28.2266	-22.9733
-277.772	-9.4	6.2	-15.6	2	-34	-38.8	-16.4	-4.2	-1.77636e-15	-7.8	15.8	53.4	-9.4	34.4	-39	31.7733	14.0933	24.9067	22.4	38.9467	30.1867	17.1733	10.0667	16.3733	5.82668	28.3467	3.53332	13.0267	2.68002	14.7867	-14.44	1.52	-19.9867	16.1866	-17.08	-19.7067
-276.721	-5	19	-1.6	32.6	-35.4	-24.8	6.8	0.2	-17.2	-41.4	12.2	39.4	-3.55271e-15	21.4	-59.6	35.8533	6.97334	42.6667	5.52	38.2	23.96	21.5333	11.4533	15.36	9.32	13.8667	4.83998	3.33334	-0.63998	13.6	-13.24	-11.2	-17.4	-14.7067	2.45336	-41.6667
-275.669	25.2	33	-21.8	24	-39.4	-12.2	2.4	-24	-58.6	-37.8	32	26	3.2	-3.6	-50.6	22.2533	11.88	46.0933	-10.92	27.1733	-34.5467	8.55998	16.6933	9.10666	-0.04	35.7867	-2.38668	-4.96	-5.66666	15.5333	-12.76	-11.2	-18.56	-18.8	6.78668	-39.1733
-274.618	7	4.8	-15.2	18.4	-17	2.2	0.4	-32.2	-45.6	-48.2	27.8	8.88178e-16	22.2	2	-75.8	-6.21334	-3.85334	27.8267	-19.4933	21.2	-27.1333	-16.7733	5.14666	-20.64	-12.08	21.7067	1.42666	-12.2533	11.9733	-10.0267	-4.12	-4.44	6.37332	-4.69334	21.5733	-9.30666
-273.567	2.8	13.6	-29	27.6	2.6	27.8	-7.6	-24.6	-26	-53.8	44	-4	13.8	-12	-34.8	6.53332	25.72	33.7067	22.4533	20.0667	-6.42668	7.07998	47.0533	18.12	19.3067	43.4133	32.12	16.2533	37.72	16.2267	15.2933	-3.30666	28.9333	-0.94666	34.3067	14.92
-272.516	19	17.2	-24.4	24.6	-6.8	21.2	-14	-24.2	-19.6	-20	29	5.6	-24.4	-29.4	13.2	-6.72002	17.1466	35.5733	24	16.9333	-19	9.15998	29.8	-2.64	43.0133	20.72	16.6933	19.9733	30.88	9.58666	-16.48	-45.9333	19.4533	-49.44	-12.92	5.37334
-271.466	31	10	-0.6	12.2	-6.6	34.4	-7.2	-20.2	-32.8	-23.6	33.4	-4.2	-20.4	-32.2	28.2	-34.0933	32.0666	6.33334	25.4267	-12.64	-2.61336	3.14666	23.8667	-8.38666	25.1467	21.5333	15.84	24.7867	-1.6	8.21332	-3.95998	-60.16	-6.89334	-20.2933	-14.0267	4.14666
-270.415	28.4	1.4	24.4	42	11.4	29.2	-46	-35.6	3	-48.2	33.6	3.8	-5.4	-12	43.6	-10.4533	16.0133	1.48	25.4133	-6.30668	28.1333	19.4267	10.4533	-4.15998	35.48	-11.3867	9.13334	19.8667	-17.2	-2.04002	4.18668	-25.64	13.9867	2.88002	-9.29334	29.2133
-269.365	33.2	-3.2	41.8	38.2	26	33	-66.2	-48.6	10	-20	45.4	11.4	-21.2	1.4	90.2	-13.68	-14.3467	-33.76	-7.92	-26.0933	-9.12002	2.83998	-7.50666	-8.03998	15.0267	-28.1067	-14.6267	-0.57332	-28.5333	-6.25336	-18.6533	-0.71998	-11.2133	-4.10666	-12.0133	26.2267
-268.315	38.4	0	25.4	12	41.6	34.2	-46.6	-25.2	9.2	-15.4	15	-2.4	-56.2	-27	86	-22.5733	-24.7334	-39.0267	-41.24	-47.8667	12.32	-3.84002	-34.6533	-25.3867	-39.2933	-53.0267	-21.8667	-8.01332	-13.0933	-35.4267	0.88002	34.5867	1.88	38.1733	-15.8667	22.0667
-267.265	22.8	-5.2	19	9.6	30.4	34.2	-24	-44.6	8.8	-13.4	13.2	-21	-12.6	-17.4	58.8	-8.49334	-16.1467	-35.3733	-47.1333	-54.28	22.08	-17.7867	-29.8267	-2.06666	-51.6133	-32.6133	-7.2	-11.72	-4.57334	-30.4133	23.36	50.1333	2.94666	59.32	20.7333	35.6267
-266.215	6.4	-10.8	-21.6	5.2	22.8	17.2	-47.4	-47.8	11.2	16.8	34.6	4	6	0.2	56.8	-4.53334	-43.0133	-14.5333	-25.8933	-42.04	12.64	-6.54668	-26.12	11.6267	-33.7467	-23.8933	-2.89334	2.97332	-5.54668	-21.08	10.9733	56.64	9.54666	39.16	10.92	39.7467
-265.166	11	-9.6	-20.6	-3	30.6	37.4	-30.8	-31	3.4	12	16	-3.4	17.2	-12.8	27.2	13.8667	-32.56	-21.5733	-5.6	-20.1333	-2.69336	-36.3733	-9.30666	10.2933	-43.0267	-18.8533	14.6933	-4.09334	22.2667	13.12	-0.21332	25.4267	4.36	25.1733	-2.33332	14.24
-264.117	-20	-12	-22.2	-27.2	-3.2	14.8	-21	-36.8	-15.4	14	-29.8	-12.2	33.2	-19	-0.2	20.3333	2.08	4.04	9.32	-2.22668	6.15998	-24.0133	-0.12	10.2133	-3.01334	-16.56	18.9333	-2.86668	21.56	20.2133	-5.10666	-1.01334	-16.9333	0.82668	-13.12	-30.5733
-263.068	-22.4	-33.2	3	-42.8	-7.2	27.4	-46	-72	-29.2	-0.2	-36.2	-21	87.8	30	-1.6	25.0933	31.2	29.6267	39.6	37.3733	-10.6133	-8.18666	19.5733	27.7333	51.24	21.4533	25.2133	9.39998	17.3067	36.04	0.77334	-37.7867	-25.3467	-12.5067	19.96	-24.0933
-262.019	-17.8	-30.4	26.8	-26.8	41.4	52.6	-58.8	-38	-30	-37.4	-29	-1	95	50	-7.6	20.5333	14.12	18.7467	38.2267	39.9067	-15	0.65334	13.9467	21.4	50.0667	27.4533	17.2533	-6.84002	-14.6667	29.2133	-17.1467	-20.8667	-6.8	-13.1067	19.84	-32.7733
-260.97	-32.2	-38.2	45.4	-34	35.8	33.6	-44.2	-31.2	-15	-32.2	-59.2	-30.4	38.8	22.2	-47.6	11.2533	27.0533	20	23.56	35.56	-13.5467	-5.64	4.59998	3.46668	13.72	12.6133	16.52	-28.7467	5.42668	27.36	-6.26666	-18.16	12.16	8.81334	16.32	-23.4533
-259.921	-34.4	-29	41.8	-19.6	6.4	29.6	-26	-21	-19	-5.2	-59.8	-37.2	9.2	10.8	-69.6	-25.9733	21.7333	15.84	12.6667	3.76	-24.8	7.05334	-16.1467	-22.0933	5.26668	30.1333	-17.9867	-9.18668	-7.63998	0.43998	-7.94666	-13.8667	-8.28	-4.38666	20.68	-17.24
-258.873	-26.6	2.8	25.4	15.8	41	45.4	-27.6	9.6	-9	-1.8	-44.4	-29.4	0.2	13	-63.8	-11.1333	-18.5867	17	4.90666	0.48	-8.68	5.34668	-21.7867	-17.72	-13.8933	42.64	-12.9733	4.85332	3.26668	-0.34668	8.04002	2.50666	6.09334	1.78668	-1.10666	5.06666
-257.825	-30.4	13.2	19	29.6	55.8	26	-25.2	-3	-11	10.6	-46	-22.2	30.6	22.6	-68.4	-12.44	-30.68	11.6667	-4.82666	3.46666	-7.72	-1.92	-25.2	-18.7333	-29.1866	20.3067	-21.6533	3.01332	-14.1867	-4.94668	-15.7467	2.56	-16.44	-38.52	-48.0667	2.16
-256.776	-20.4	10.2	-21.6	5.8	33.4	1.2	-29.2	-4.8	-20.8	32.4	-50.4	-46	30	20.8	-50.8	-15.6267	-30.24	-8.61334	3.86666	3.74666	-13.88	-1.54666	1.22666	-5.94666	-40.5733	2.4	-34.8933	19.6267	9.82668	-11	12.7067	16.6667	2.18666	-25.52	-37.7067	28.5867
-255.728	-6.8	31.4	-20.6	35.2	51	35	-58.4	-41.6	-14.8	28.4	-40	-42.6	51.4	33.8	-15	-8.76	-32.7333	-31.6267	-22.0533	-4.06668	2.8	-0.16	8.89334	-7.69334	-14.9867	-3.97334	-20.3467	17.8133	8.66668	-23.5867	-4.94666	26.0667	-15.6267	-32.0133	-38.9733	12.3467
-254.681	-24.4	4.4	56.6	4	60	13.8	-40.8	-30.8	-10.8	23.2	-45.2	-32.4	56.8	46.4	3.8	-0.33334	-8.73334	-24.2667	-23.2933	-11.9867	24.3333	1.94666	2.70668	4.42666	8.22666	-31.7467	-2.97334	-10.6133	-15.84	-42.6533	22.4933	19.1333	6.58666	-27.7733	-19.5067	13.1333
-253.633	12.4	13.8	83.4	-12.2	36.8	12	-27.6	-29.6	-16.4	0.8	-13.2	-15.4	40.6	17.8	7.6	-19.8267	17.7067	-18.44	-28.8133	-4.18668	10.3467	13.0667	15	31.0533	21.6533	-21.4667	-15.7867	-21.6267	-20.2	-30.0933	26.0533	20.8	24.9733	-7.02666	29.84	26.5467
-252.586	22.6	29.6	89.6	-2.6	17	18.4	5.2	-8.4	-28.4	0.2	22.8	-27.6	6	-2.4	-13.4	-27.72	9.24	-43.4267	-29.52	-18.3467	8.66668	13.76	15.24	10.9867	-1.68002	-32.1067	-8.70668	-22.12	-18.84	-27.0933	5.57334	-12.36	38.2	22.32	38.6533	-8.01334
-251.539	-5.2	23.2	116.6	25.6	8.8	25.8	16.6	-11.6	5.4	46.2	39.4	4.6	-34.2	-36.4	-42	-9.13336	17.0667	-12	-28.9067	-21.0133	27.8267	2.58666	-5.42664	-6.78668	4.90666	-41.1867	-1.56	-28.7733	-21.1867	-12.7467	2.28002	-33.44	-8.2	28.2533	28.16	-28.92
-250.492	-0.2	10.8	133.8	10.8	5.4	13.2	31.4	17.6	-8.2	3.2	30.6	15.2	-36	-21.4	-32.2	1.0133	22.36	2.06666	-21.68	-6.94668	-1.83998	-0.50666	-18.8533	-16.6533	13.2267	-12.64	-16.44	-27.5467	-28.8	-2.24	7.02668	-38.5733	-5.01332	18.4533	40.16	-23.1333
-249.445	18.2	18	53	28.2	7.2	5.6	22	19.6	-24.6	-0.4	34	11.2	-16.2	-1.2	-8.6	29.2	33.3467	44.4133	8.54666	19.6	25.6934	25.2933	31.52	29.9733	25.2267	27.52	28.1733	34.3733	23.36	58.2933	-18.56	-23.8133	-15.2667	30.7067	5.81332	-22.4267
-248.398	7.2	-14.8	43.8	28.6	0.4	-1.6	35.8	17.2	-19.2	2.4	53	25.6	-1	31	2.2	36.76	31.4133	27.56	16.12	10.9867	8.93336	9.78668	31.4	-6.00002	-6.46668	9.21332	36.3067	29.4667	3.33334	37.92	-40.4133	-35.92	-24.7333	9.64002	-23.9334	-39.52
-247.352	9.8	-10.8	52.8	48.4	7.2	0.2	3	-1.8	-4.2	-11.8	23.6	13.2	-21	25.6	11.6	28.0933	8.66668	17.3067	4.08	2.66668	-15.1733	-7.29332	17.4933	-11.6667	-23.2933	2.21332	21.6667	16.2667	7.69334	16.5467	-10.0267	5.93334	-16.0133	8.34668	-21.7334	11.44
-246.306	36.2	3.4	62.2	34.2	-2	8	3.8	-22	-15.8	-39.6	30	-14.6	-21.8	45	32	30.12	25.9333	33.9467	2.28	9.54668	-19.5067	13.4933	19.56	-13.4133	1.63998	34.9333	32.9333	19.3334	12.2133	18.4133	-17.4933	11.3867	5.64002	-19.28	-3.6667	11.5867
-245.26	47.8	11.4	54.2	25.4	-16	13.8	22	-7.4	-17.8	-22.2	45.2	-8.6	-43	47.2	21.8	24.2	1.8	16.8933	27.12	-13.2533	0.48	5.14666	23.8533	10.7067	-3.57334	33.88	20.9067	28.4	15.88	11.6	14.52	40.8267	37.92	-3.58666	16.6133	10.64
-244.214	28	28.4	66	10.6	16.8	40.2	5	-41	16	6.6	27.8	-10.4	-89.2	12.8	15.8	-2.44	-27.52	-27.1467	11.96	5.34668	-23.64	-23.44	-8.16	-31.5333	-6.69334	28	-6.44	-13.8	1	-21.96	23.48	40.6534	49.44	-17.9333	37.6666	26.12
-243.168	26.8	27.2	43.4	-5.2	40.2	18.2	-6	-44.4	11.8	-2.2	-25.8	-35.2	-85.2	-3	-9.2	-10.3867	-49.2667	-29.04	17.4933	9	-20.32	-17.7067	-18.7333	-7.62668	2.53334	7.13334	-5.78668	-18.04	9.46666	-24.3333	43.5467	39.3067	52.6934	3.51998	33.8533	44.44
-242.123	29.2	-11.2	12.6	-47.2	33.8	34	28	-7.8	2.2	8.8	-8.4	-19.2	-67	31	27	-0.24	-45.9067	-24.5867	-1.22668	24.56	-7.13332	-20.6533	-15.7867	0.06666	16.4	14.0667	-18.8	-20.1867	13.7333	-23.16	45.6667	22.6533	43.08	-9.53334	16.3333	2.21332
-241.078	20.2	-4	-32.8	-44.6	40.2	50.8	1.6	-4.2	-11.2	13.6	-16	0.2	-81.4	-4.8	-14	-21.2533	-36.64	-37.96	10.72	9.85332	2.70668	-9.30666	-12.3867	31.36	12.92	9.66668	-31.5333	-12.92	12.5333	-9.24	27.0267	12.5867	17.6267	1.98666	-1.69334	-13.4533
-240.032	1.77636e-15	-17	-17.4	-22.6	63.4	68.8	-3.2	-26.4	-31.6	29.8	-31.8	15.4	-55	-11	-24.4	-0.72	-5.77334	1.25336	11.88	39.7333	18.0933	18.8667	-1.8	20.8533	17.0667	-7.62666	4.8	-1.82666	20.5067	14.9733	-14.6133	-16.6533	-38.9867	-1.01334	-41.96	-7.97334
-238.987	11.6	-9	-40.8	-1.4	39.4	64.8	17.6	14.8	-74.6	-12	-32	16.6	-56.2	-4.4	-35.8	-12.56	-8.97334	-9.53332	-3.04002	-7.81336	8.4	-5.69332	-17.12	12.4133	-18.4267	-40.8533	-13.6133	-11.9333	-2.72	-7.36002	-32.1867	-37.3733	-57.8533	-9.8	-65.12	-34.2267
-237.943	-17.4	-6.2	-33.8	18.6	28	98.2	9.2	-1.6	-50.4	20.6	-26.2	7.8	-43.8	6.8	-22.6	-18.12	16.52	-19.36	-17.5733	-16.48	9.04	-7.77332	-28.1467	-5.30666	-12.52	-36.52	-20.7067	-27.4267	-3.13334	-0.69334	-34.3333	-32.84	-69.56	-28.9067	-49.6667	-29.4667
-236.898	-48.4	-24.6	-34.8	20.8	32.2	81.6	12.8	7.6	-37	28.6	-48.6	-9.2	-50.4	-16.4	-63.6	-6.50666	39.48	29.5733	22.1867	-35.68	28.1467	22.1067	-13.2667	-0.12	7.26666	-26.4533	4.02666	4.37332	-0.66666	36.7467	-30.6	4.78668	-48.3733	-3.42666	-18.8267	10.72
-235.854	-59.8	-32	7	23.8	47.4	67.2	54.2	29	-27.6	28.6	-36.2	-29.8	-14	14.6	-43.8	12.9067	38.16	19.0266	18.6267	-17.0933	25.24	13.5467	-6.37332	-26.5867	-0.73334	-17.36	20.5333	6.77332	-10.56	25.5467	-13.5467	7.32	-31.48	-14.92	-4.57334	12.4533
-234.809	-72.2	-20.6	-42.8	-21.2	24.2	17.8	59	29.2	-5.4	24.4	-40.4	-31.4	-26.8	9.4	-24.4	-6.19998	24.5333	-3.13336	-4.24002	-21.2667	-3.13332	-7.10666	-18.24	-34.12	4.38666	-7.72	6.28	-11.16	-31.3867	-0.69334	-6.24	-5.68	-20.6	-13.72	3.32	8.90668
-233.765	-69.4	-45	-25.6	-31	17.4	2	48.2	9.6	20.4	36.4	20.6	1	-21	-2.8	-21.6	-6.45332	3.17334	10.2	6.38666	-8.81332	-12.2533	18.4933	-9.71998	-20.5067	3.91998	10.6533	3.42666	10.9867	-13.1867	-6.46668	7.89332	26.8667	12.0267	2.46668	25.2533	15.08
-232.721	-47.8	-16.4	-19.6	-42.6	13.4	-21.6	56	-3.6	-19.8	-11.8	33.8	-9.2	-45	-29.2	-10.6	-21.6	22.9467	19.5467	8.95998	16.56	-4.33332	22.7733	13.3467	-17.8	5.23998	35.4933	-8.02668	38.7733	-14.12	-11.4267	1.87998	11.3467	25.9467	25.0267	11.2533	-4.59998
-231.678	1.6	51.8	-16.8	-55.4	1.8	-29	33.6	-33.2	-23.6	-32.2	37	4.4	-35.6	-23.8	-4.2	-15.28	1.77334	-4.09334	-16.3333	28.3067	-15.5333	3.78666	15.48	-5.46666	14.7733	35.8533	-0.86668	16.8	-4.77332	-7.89334	-14.08	-33.72	1.72	-1.50666	0.54668	-17.2933
-230.634	1.77636e-15	26.4	-42.2	-74	-7	-24.8	6.2	-57.8	-18.6	-37.2	6	29.2	-33.8	-24.2	8.6	-21.5067	-23.96	5.50666	-31.12	29.6667	-20.2933	-30.3733	-7.4	7.52002	-0.89334	33.32	-7.13336	-4.73332	6.24002	-11.2267	-12.7467	-27.3333	6.96	24	-8.22666	-0.96
-229.591	13.8	48	-42.8	-60.4	5.2	9.4	0.2	-36.4	-9.8	-37.2	19.4	21.2	-28	-13.8	-1	-28.76	-39.64	-3.30668	-18.8933	21	-23.72	-28.8533	-4.28	17.88	-26.44	12.36	-23.8934	-7.77332	16.52	-20.9333	14.2933	-7.68	45.12	23.76	-3.38666	8.61334
-228.548	13.2	54	-48.8	-59.8	12.2	10.2	-2	-43.2	-22.8	-42.8	-16	1.8	-39.6	20.2	-8.8	5.96	-13.8933	15.1733	-6.88	38.4267	13.6	-7.53334	26.8267	37.7334	21.9333	9.62666	11.6133	10.6	24.28	11.0534	5.10666	-26.5867	30.56	24.9333	-11.3467	11.88
-227.505	20.4	27.2	-35.2	-29.2	12	7.2	-15	-17.6	4.6	-8.4	-20.6	16	10	57.8	-42.4	20.3467	-34.32	19.5333	-4.08	-4.20002	7.84	-8.49334	16.44	39.6934	1	-24.4933	25.68	-19.0267	18.1333	12.0667	36.0533	17.9333	39.0533	19.6267	32.44	21.7733
-226.462	9.2	4.8	-22.6	30.8	-1.8	7.4	2.2	-7.4	12.8	21.8	-28.2	2.4	-7.8	50.2	-21.2	35.6667	1.50666	10.6933	14.1067	-6.85334	19.08	4.18666	10.9867	43.8134	-2.53334	-7.37334	28.7867	-7.34668	10.8933	13.0667	45.92	35.6	39.6667	32.72	29.7867	19.5733
-225.419	2.8	19.8	-17.8	14	5.2	-13.4	21.2	-1	-13.6	0	-27.2	9.8	-11.4	45.6	-20.4	12.3867	-10.4267	-21.9067	4.78666	-59.8267	-6.33334	5.01332	8.02668	3.38668	-6.58668	-43.7867	5.34666	-23.5467	-15.8667	-7.49332	34.8267	49.52	18.2533	11.1334	35.96	6.32
-224.377	-10.2	2	13.8	45.8	-5.8	-22.6	13	-10.2	-30.8	-14.6	-43	-15.8	-32.2	23.4	-24.4	34.0267	10.4667	-0.8	0.77332	-52.2267	4.86666	14.9067	7.54668	13.4267	2.41332	-20.3867	25.1467	2.63998	-19.4	3.01334	-8.13332	4.29334	-23.32	-12.1466	39.9733	-16.0267
-223.335	-33	-16.8	18.6	36.8	1.4	-27	11	-27.8	-13.6	18	-71	-56.2	9.8	1.4	-30	14.3867	28.1733	-22.6	-1.2	-45.28	-23.3467	-10.4933	11.0267	-15.32	-31.2933	-22.2533	5.03998	-22.2133	-22.4267	-9.81334	7.20002	3.70666	-27.9067	-7.70664	26.9067	-1.68
-222.293	-44.4	-31.4	18	10.6	1.2	-32.4	24	-16	-43.2	-12.4	-67.6	-57.2	-12.2	-13.8	-16	22.16	40.9867	-7.09334	29.2933	-0.13332	-14.3867	4.25334	13.2933	3.44	6.61334	18.44	5.83998	18.92	4.20002	3.34666	-32.72	-27.4933	-80.8933	-31.48	-21.04	-16.5067
-221.251	-69.2	-30.8	10.4	-12	9	-42.4	-25.6	-29	-37.8	-17.6	-48	-26.2	-8.8	-43.6	-4.2	-3.05334	7.97334	-10.1333	2.05334	4.06668	-24.5467	-9.57332	-7.42666	-24.8933	-6.03998	-8.89334	-13.8534	0.4	0.64002	-7.29334	-42.0533	-24.7067	-72.6	-30.08	-40.92	-36.8
-220.209	-78.6	-34.2	27.4	14.4	21	9.2	-42.2	-54.8	-28.4	-8.8	-39	-43.4	-18	-39.6	-4.4	-3.22666	3.77334	15.28	-15.24	38.24	-13.4267	-11.68	-18.2267	5	6.80002	7.41334	-22.7734	34.12	-2.97332	-4.56002	-24.3733	-30.92	-37.5867	-12.7733	-37.0134	-21.1067
-219.167	-60	-53.8	27.2	5.8	16.4	5.2	-17.4	-64.6	-25.2	-18.6	-15	-12.4	2	-47.6	-23.6	-8.74666	6.69334	15.2267	5.25334	42.0934	5.45332	-17.04	-16.0533	4.65334	17.4933	2.89334	-18	39.8	14.5333	13.5333	-7.91998	5.52	1.21334	2.12	-33.3467	-1.14668
-218.126	-42.8	-39.6	24	14.4	6.2	3.8	-5.8	-6	10.2	-16.8	15.8	29.4	-5.8	-32.6	-8	-22.4	-14	26.5067	0.61334	40.72	12.04	-10.7467	-21.44	-3.61332	18.64	10.2933	-19.4267	13.1067	15.6533	22.3067	-4.34666	-12.04	0.14666	-20.2	-8.61334	-14.76
-217.085	-63.8	-36.6	26.4	8.6	-0.8	-4.8	-19.4	-0.6	15.6	-30.4	11	16	-14.4	-40.8	1	-7.32	-29.08	6.32	-20.6	12.5733	13.9067	-16.68	-15.3333	-29	0.61332	-2.82666	-7.04	-5.32	-6.65334	16.4667	4.06666	4.14666	60.0667	7.4	7.08	3.49332
-216.044	-61.8	-68.4	35	25.2	3.4	9.4	21.4	2.2	9.2	-46.2	38.2	12.2	0.2	0.8	-32.6	-23.6533	-12.7333	-8.61332	-19.9067	-11.7067	10.3733	-7.53334	-18.36	-21.0533	-12.5467	5.28002	-10.7467	11.5867	-25.4933	-3.48002	2.45332	4.55998	58.4267	7.01332	8.93334	12.0267
-215.003	-33.6	-52.8	18.2	52	-30.2	-26.6	40.4	23.8	32	-33.6	11	15.4	18.6	16.2	-39.2	-14.0533	21.8267	-1.99998	25.5333	-7.41334	24.7733	30.7333	20.3333	-20.2	-13.9733	10.4267	19.5867	8.26666	17.4667	6.46666	-2.14668	-4.36002	23.0267	-7.90668	-2.01332	3.62666
-213.962	-43.4	-37	0	42.8	4	-22	28	31.8	59.6	-8.8	-21.6	12.4	9	46.4	-19.8	-25.32	3.01332	-34.0933	4.6	-21.6933	12.8133	30.7333	5.68	-32.9067	-33.88	-10.5333	-11.4	-37.2667	-14.9867	-16.68	-5.36002	-5.57336	15.08	6.09332	-8.16	-2.45334
-212.922	-13.6	-10	12.2	61	2.8	-5	10	-15.2	-20	-59.2	-28	-1.4	31.4	15.8	-29.4	18.1867	3.90666	-19.72	-0.62668	-31.28	-2.77336	41.5867	-10.28	-3.44002	-10.08	-2	3.44002	-7.70666	4.65334	-37.2533	-6.97334	5.19998	13.32	12.0667	-4.18666	0.30666
-211.882	6.8	-7.4	10.2	53.2	14.4	32.4	9.2	-27.6	-27	-30.6	-39.6	5.4	36.2	20	-18.2	-6.9733	-1.13334	-11.3867	-13.76	-6.46666	-1.45336	52.32	-7.50668	-15.1467	9.64	-5.8	11.3733	-9.17334	-7.93332	-41.68	-2.21334	-7.28002	5.36	9.85332	-2.73332	11.6267
-210.841	13.4	29	6.6	29.4	-3.6	5.6	12.8	1.2	-34.4	-20.4	-59.8	4.2	56.4	21.8	-13.8	1.13336	-6.85334	4.8	-5.08	14.1867	-2.85336	35.3867	2.54666	-3.30668	31.7467	12.24	14.0267	-14.0533	4.82668	-13.9067	12.6533	-20.1733	-6.58666	-4.24	25.8133	8.85332
-209.802	13.8	22.4	10	9	18.8	2.2	-16	17.8	-42.6	-8.8	-46	3.6	51.6	-4.6	-7.8	15.52	1.24	-6.76	-3.82666	11.88	-16.1067	-4.70666	-0.4	19.68	36.2133	1.24	2.45332	-13.08	-9.62666	-18.5333	11.72	-8.34668	26.6267	0.73334	54.28	31.0933
-208.762	27	34	16.6	7.6	-13	-4.8	-16.8	5.4	-53	-11.8	-14.6	3	46	-33.8	-9.8	29.96	2.34666	6.34668	14	10.3733	-23.6533	-18.2667	16.3467	15.48	44.68	21.3733	18.8666	12.6	16.5733	7.14666	17.8267	-10.5867	11.92	-11.1467	28.16	6.05332
-207.722	8.4	9	14.4	-3	-18.4	-23.8	-27.2	-20.4	-25	34.2	-22.6	-8.2	40.4	-23	-11.2	-8.83998	-9.10668	6.93334	-1.2	8.62666	-9.53334	-44.16	16.0933	7.90666	8.95998	-3.73332	-2.48002	8.02666	-4.57334	9.13334	-0.76002	-5.54668	-10.04	-5.13334	23.4667	4.75998
-206.683	37.4	29.8	5	20.6	-20.6	-45.2	7.2	-18.6	-35.4	27.2	-15.8	-12	50.8	9.4	-32.8	-1.10666	-7.88002	-0.51998	0.46666	-6.70668	2.84	-75.7867	6.45332	36.2133	-25.7733	4.73334	-36.2933	-4.97334	14.4133	24.72	5.22666	15.1867	-35.24	-11.7867	11.3067	-11.3334
-205.644	55.8	3	25.8	30.2	4.6	-17.8	-0.2	-20.6	-52.2	11.2	-15.2	-24.8	20.2	-13.6	-20.4	10.92	1.06664	6.46668	14.2667	-8.08	9.57334	-49.9867	6.95998	27.64	-37.3467	-21.3467	-19.12	-4.84	9.35998	19.4133	-10.72	37.1867	-33.6267	-23.28	-26.6533	-20.1334
-204.605	61.4	25.8	24.6	30	22	5	18.8	-45.6	-48.6	-16.8	-16	-42.6	4.2	-9.8	-15.8	-6.14666	-7.1867	4.93334	0.85332	-18.96	15.7067	-13.7467	-2.85336	11.6667	-37.16	0.92	9.06668	-3.66666	21.4667	38.52	-20.8533	19.2267	-49.7867	-22.4	-67.3867	-39.88
-203.566	51.6	20	27.8	20.8	12.4	11.6	8.2	-49.8	-81.4	-17.4	-17.8	-56.8	5.6	9.8	-9.2	3.05334	-3.33336	14.3067	-3.29334	4.37332	32.0533	21.72	1.03998	13.5733	-20.0933	-8.52	7.17336	5.09334	19.6533	27.4667	-7.57334	38.3067	-30.72	1.68	-32.9333	-2.26668
-202.528	39.2	31.6	25.2	17.2	37	35	14	-12.8	-62	-44	10.4	-23.8	6	18	10.4	1.29334	-16.0934	-12.6267	-1.96	-23.4533	3.73332	24.92	-26.0267	-11.6667	-18.3733	-6.06666	-6.89332	-7.86666	-3.22668	1.52	9.49334	46.0933	-10.9867	35.4	-32.5867	-3.28
-201.489	17.8	28.4	31.2	20.4	15.4	47.8	-20.4	-14.4	-6	-36	4	-21.4	-28.6	-26.2	24	-12.0133	-13.5334	-15.6267	-5.21334	-13.96	-8.49336	41.0133	-20.2	-37.0267	-10.5333	-8.13332	8.30668	-5.23998	-7.68	-21.8667	0.72	25.5867	8.38666	-1.36	-12.0934	-0.97334
-200.451	2.6	53.2	22.8	24	27.6	58.6	-35.8	-11.8	8.8	-40.6	-1.77636e-15	15	-7.6	-17	18	6.73336	1.31998	-4.86668	8.83998	1.30666	-2.9467	40.5466	7.50668	-20.72	15.8934	0.72	20.3333	-1.71998	15.24	-14.2933	-6	-6.30668	21.5467	21.2933	-9.25336	8.09334
-199.412	-18.6	40	-14.2	-32	6	29	-17.8	18.4	-18.4	-25.4	5.2	30	6.6	-6.8	7.8	11.92	1.70666	18.7067	21.4667	20.8933	14.08	25.3333	22.7067	-20.0933	18.3734	6.02668	-8.36	3.36002	-11.3333	-30.2	5.96	-15.72	28.2667	32.1333	5.53332	18.8667
-198.375	-38.2	4.8	-16.4	-31.8	5.4	2.4	-13.8	28.8	23.6	-15	3.6	80.4	19.6	-12.6	-16.6	9.89334	4.86666	12.7733	23.2933	17.6933	-4.70668	-0.10668	24.6533	-9.57332	19.6667	21.8	2.38666	3.08002	-17.72	-30.88	-0.36	-48.9333	14.1867	6.34668	2.06666	6.90668
-197.337	-46.4	-4	13.2	-20.2	-3	13	2.2	22.4	6.2	-38.8	-9.2	72	-9.2	-32.4	-22.2	34.9867	52.1733	23.5733	29.8933	54.2	13.9333	11.6933	38.48	21.0267	39.2667	24.2133	22.8267	26.4267	12.88	15.88	22.0533	-59.3466	18.7867	-27.3466	15.9333	20.3067
-196.299	-37.6	7.6	14.6	-10.6	30.6	15.6	-5.2	-11	-9	-34.4	18.2	68	18.8	-10.6	-28.2	9.57332	21.3067	11.4667	5.05332	17.8533	2.38666	-13.72	18.32	12.7867	17.4133	-2.92002	7.81332	2.52002	-8.73334	15.4133	7.01332	-42.92	8.38666	11.2667	-3.35998	13.92
-195.262	-37.2	-13.2	8.2	-33.2	38.4	18.2	10.4	-23.6	-1.6	-14	25.6	55	-15.4	-7.8	-37.4	9.45332	26.6533	6.13334	4.4	25.64	16.3867	-3.65334	17.5867	8.73334	16.5467	35.0133	1.98666	22.0267	-4.13334	26.04	27.9333	-27.5733	9.51998	-1.14666	17.48	20.44
-194.225	-28.8	-23.4	37.4	-4	31.6	21.8	-24.2	-52.2	10.2	-17.4	34.6	31	-14.2	-22	-53.4	4.38666	-0.56	-12.1467	-25.6267	11.0133	-18.9067	-24.9867	-6.97334	6.58666	-6.22668	-5.09336	-6.90668	3.21334	-23.1733	25.76	-1.53336	-16.0667	-1.76002	-13.04	7.38668	-5.43998
-193.188	-9	18.8	49.2	15.6	43	35.6	-24.2	-43.2	7	-0.2	21.2	-19	-11.4	-13.4	-23.6	-22.1067	-6.72	-4.57334	-46.44	-24.1067	-29.4133	-13.0133	-7.84	-4.78668	-33	-19.88	-22.7733	-4.38666	-14.32	15.4667	-5.29336	26.3867	9.79998	-7.42666	-1.21332	-15.72
-192.151	8.2	8	8.8	7.2	54.2	48.6	-41	-51.4	33.8	28.2	17.2	0.8	-3.2	-5.6	-35.2	-16.6267	-13.9733	-2.92	-27.0667	-39.2933	-13.2	-5.30666	-0.09334	-3.40002	-22.4	-17.3067	-22.64	-10.7867	-16.28	4.81334	-37.52	54.4933	-1.82668	-0.78666	7.28	-10.24
-191.114	-3.2	-12	10.6	4.4	36	51.6	-35.2	-43.2	16.4	17.6	-14	18.6	2	7.2	-23.8	-20.84	-25.44	-4.52	-4.54666	-35.2933	-20.0267	-6.41332	-17.44	-5.80002	-22	-24.28	-48.6533	2.94668	-13.8267	-9.22666	-21.92	25.2133	-9.42668	-36.2533	3.36	-28.0933
-190.078	7.6	-5.8	-8.8	6	14.2	33.4	-61	-61.6	-14.4	13	-20	11.2	-9	3.4	-15.4	-48.9333	-44.12	-35.6267	-18.4533	-50.3467	-43.6	-36.7733	-35.64	12.1067	-51.5733	-52.0667	-44.0267	-34.6933	-23.4133	-30.36	-29.48	42.6	-26	-17.0533	15.24	-34.84
-189.041	14	-8.8	18.2	23.8	31	30	-42.2	-52.2	-11.8	17.8	10	43	-11.6	12.6	1.2	-27.5733	-20.4133	-30.1734	-1.29334	-38.2533	-11.9466	1.36002	-9.92002	-3.34666	-17.0533	-20.0533	-19.8933	-29.6667	5.48	-23.96	14.36	60.8667	-7.88	9.20002	42.2	1.50666
-188.005	29.8	-20.4	3.6	6.2	36	32.8	-25.6	-36.6	-47.8	-19.4	9.2	45.8	-16.2	9	-18	-7.92	4.42666	-29.1867	25.28	-4.58664	0.09336	-11.2533	-28.4534	-7.13332	3.66668	-10.92	2.18666	-20.0533	0.02668	-15.8933	11.4667	10.5467	-25.4933	-3.22666	27.4133	11.9733
-186.969	28.2	-23.4	21.8	10.4	30.8	3.4	-26.6	-27.8	-76.2	-32.2	-3.8	38.8	-24.8	19.4	-14.4	-11.9467	-0.65334	-9.57334	18.3866	1.65336	11.9334	-27.76	-15.6134	-1.43998	3.72002	4.96002	22.44	-5.32002	5.93336	3.12	35.1333	-20.1733	-12.2933	-5.33334	6.4	0.95998
-185.934	3.8	-12	26.4	24.2	24.6	-32	-26.6	-6.8	-87	-38.8	7.2	36.2	-50	-4.4	-32.2	37.7333	56.3467	22.5067	26.3066	34.8934	34.8	0.48	18.8933	19.7067	41.6267	41.1467	76.5467	18.7466	32.0134	37.4533	23.8267	-9.62668	-8.26666	34.88	-3.44	18.2933
-184.898	-8	-2.2	44.6	19.8	-4.8	-51.2	-5.2	1.2	-53.2	-36.8	8.2	30.4	-47	-21.2	-34.8	18.8	25.8	36.0267	4.63998	11.5734	33.5867	-2.29334	-2.92002	-31.3466	21.9067	15.7333	44.3067	14.1733	1.2267	5.51998	13.8533	-28.24	-6.48	29.2933	-24.32	18.72
-183.863	17.4	48.8	24.4	23.4	-25.6	-58	10.6	25.6	-64.2	-47.2	-16.6	33	-38.4	-17.4	-31.6	13.9733	14.0133	27.4533	-6.61334	14.36	25.96	-6.56002	-19.0933	-16.4666	15.4933	29.6533	32.0133	26.4133	8.09336	14.2133	-6.05332	-38.7467	16.7867	20.9467	-41.4267	1.33334
-182.827	16.2	75.4	50	60.6	-9.8	-41.8	-19.4	1	-47	-40.8	15.6	46.6	-48.4	-27	9	-1.04	-0.29332	20.8533	-18.4	-4.59998	12.9333	19.52	-8.96	9.72002	4.18666	11.6267	14.7333	9.2133	18.2	1.17332	-8.17332	-23.28	21.12	22.4667	-33.9333	-10.68
-181.792	-1.8	81.6	46.8	39	-28	-65.6	2.6	28.2	-36.6	-20.2	22.4	60.2	-48.4	-22.8	1	-14.64	-15.44	-18.8267	-29.8533	6.12002	-18.76	25.1867	-12.0133	1.90668	-14.04	4.46666	-14.88	-0.60002	-1.59998	-14.2667	-23.1733	-3.8	28.1867	29.68	-21.6267	-6.58664
-180.757	17.4	85.2	40.6	7.2	-27	-53.4	2	8	-26.4	2.4	27.6	44.4	-53	-18.8	7.4	-36.4933	-43.0267	-27.96	-40.1067	7.12002	-41.4934	14.9733	-8.61332	-9.94666	-28.1733	-7.96	-41.28	-20	-9.23998	-32.7467	-36.3733	-5.97332	25.32	-0.57334	-13.84	-13.1866
-179.723	24.2	85.8	21.8	6.6	20.2	-15.4	6.4	19.2	-49.8	13	37.4	65	-18.2	-12	25.6	10.2933	-13.8933	-7.46664	-18.52	37.7467	-6.8267	38.8933	31.3067	18.84	9.54666	13.5333	-23.6133	8.41332	0.96002	14.3467	2.42668	10.1467	33.2533	-3.49334	17.4667	-5.71998
-178.688	0.2	26.2	18.6	11	28.4	-3.8	-12.2	-4.4	-37.2	31	22.2	67.2	-20.2	-15.4	21.2	4.78668	-17.3067	5.20002	-13.3067	9.78668	-8.4267	18.16	27.5333	12.08	5.64	-14.8667	-26.9866	-10.7867	11.6534	-12.9333	20.72	1.85334	13.6267	-16.0933	20.1733	-7.10666
-177.654	-8.8	0.2	-30.6	-26	6.8	-10.2	21	5	-29.8	-2	5.8	69.2	-32.4	-19	-5.8	11.2533	-22.3867	-2.99998	1.85332	22.6267	-4.64002	-11.7067	26.92	0.18666	24.6	-14.4933	-23.3066	-6.77334	-9.51998	2.07998	15.64	9.12	5.29332	-6.84	28.9467	3.01334
-176.62	29	2.4	-53.6	-15.8	-5.2	-15.4	3.6	-7.8	-39	-31	-29.2	14.8	-12.6	-25	12.4	17.0133	-1.69334	20.28	11.76	15.2533	8.41332	-7.89334	6.45332	-15.7733	16.5067	-15.1333	-19.0933	0.74666	-5.23998	14.2933	19.7467	8.73334	-8.74668	-11.44	20.3733	16.92
-175.586	41	15.6	-41.8	-13.6	-7.6	-9.6	16.2	9.4	-47	-54	-41.2	49.6	1.4	-47	7.6	39.12	9.12	19.64	19.2	-14.4267	5.94666	4.69334	-6.58668	-2.62668	16.1733	-9.46666	13.4534	27.5067	-16.48	16.4	37.5467	17.0267	24.1333	-3.4	48.5333	13.5333
-174.552	36.2	1.8	-10	10.6	-20.2	-20.8	3.2	-1.6	-9.4	-41.8	-72.2	18.2	-11.2	-40	3	6.13332	3.22666	10.48	8.88	-33.2533	-2.72	-6.86666	-34.8133	13.28	16.4133	-2.84	11.5734	5.53332	7.66668	3.17334	-5.2933	-4.58668	-3.66668	-13.2133	8.13334	15.04
-173.518	25.6	14	11	7.6	-39.2	-60.2	19.4	14	0.2	-54.2	-88.2	-5.6	-18	-30.4	11.4	-0.30668	14.0933	30.5734	12.4133	-16.3333	14.32	-1.82666	-16.3067	6.84	2.62668	5.88	24.6	3.49332	-6.82666	12.7467	-23.8	-9.06668	-12.5333	-25.0267	-7.70666	9.56
-172.485	-2.2	20	51.4	19.8	-21.4	-42.8	-6.8	8.4	3.8	7.2	-98.4	4.2	-5.8	-31.6	32.6	-4.40002	20	16.9067	6.04	-25.1867	33.6933	1.92	-13	-15.1333	-18	2.01334	33.0133	5.01332	-0.83998	1.20002	-39.7333	-8.20002	-32.1467	-31.56	-27.7333	22.0533
-171.451	-39.8	31.4	43.8	9.4	-0.6	-14	5	12	9.8	18.4	-61.6	27	-5.4	3.6	19	-13.5734	11.28	1.57334	-2.69334	-27.1733	22	-10.4533	3.48	8.92002	-15.4267	23.5867	27.6667	2.37332	-10.8133	-16.5466	-23.1733	-6.3867	-15.6133	-5.78666	-11.2667	2.55998
-170.419	-36	13.8	23.2	19.8	0.8	-13.4	-0.2	-5.8	15.4	48.2	-27.6	7	-30.8	4.2	49.4	-9.04002	14.7733	20.24	9.49332	5.06668	43.76	-3.52	20.2533	31.8134	-8.02666	28.4267	4.73332	-4.13334	17.7467	-3.38664	7.48	2.66664	-9.77332	28.0133	-19.76	26.48
-169.386	-39.8	9.4	14.6	10.8	11.4	-7.6	-8.2	1.2	-5	15	-9.6	20.4	-15.2	18.6	5.8	7.29332	4.2	9.38666	20.48	5.62668	25.7733	-13.64	35.8933	7.40002	-15.6933	-0.33332	14.4666	-12.24	3.66668	-17.7733	33.7333	10.0933	6.78668	24.6133	2.58666	6.57332
-168.353	-34.2	7.4	13	-1	28.2	24.6	-21.8	-22.2	7	6.2	14	19.8	-33.6	-18.6	-23.4	-4.01334	-3.86668	-38.4	27.7467	12.28	-19.0933	-3.08	32.3333	3.12002	-16.92	-9.14666	6.2533	-4.62666	-3.33332	-26.8667	26.4	15.92	-10.5067	18.92	20.68	20.08
-167.32	-16	-0.8	1.55431e-15	17.8	31.2	7	-21.6	-27	0.4	-14.4	1.8	-9.2	-5.4	15.2	-40.2	4.82666	5.07998	-23.16	35.4	27.9467	-21.72	-3.73332	24.1866	25.6267	11.4266	24.7467	-0.88002	14.2	27.92	-0.24	30.52	2.22668	8.86666	5.04	1.41334	-6.65332
-166.288	-26.6	-39.4	42.4	36	35.4	13.6	-34.2	-44.8	-6.8	-10.4	-8.6	-2.6	-8.8	7	-26.2	14.7867	8.46666	5.77332	42.08	28.8133	-10.36	36.9333	7.31998	10.8267	14.68	19.0533	19.2133	3.72	35.1733	8.45332	8.04	-6.95998	-3.00002	-5.72	-18.5733	-13.0666
-165.256	-40.2	-47	24.2	17	40.8	16	-16.4	-14.2	42.6	-35.8	-29.6	-3.4	15.2	22.2	-37.4	14.8533	2.45332	-12.6533	26.12	33.6667	-10.7467	22.8533	-4.62668	-11.5467	7.27998	14.48	25.3867	14.4133	16.5067	3.66664	-33.9333	-18.0666	-54.6133	-61.16	-36.8667	-37.3466
-164.224	-32	-23	20	5.4	26.8	5.4	-12.6	-8	43	-28.6	-29.6	-9.6	8.8	15.8	-9.6	0.15998	25.0533	0.58666	17.64	25.3867	-4.56	24.5333	2.54666	-5.26666	23.9067	14.8666	11.32	23.5733	29.6533	20.48	-51.44	-20.72	-47.3333	-36.0667	-41.9867	-20.8533
-163.192	-37.4	2.8	8.2	25.4	33.4	6	6.4	19.6	-0.2	-38.2	-11.2	0.2	11.8	47.8	19	-1.08002	13.8533	0.54666	-8.89332	9.65332	-1.53334	6.44	-23.84	6.36	14.92	1.79998	3.70668	16.92	11.76	25.88	-40.4933	-29.2933	-27.68	-21.9733	-52.7867	-35.1866
-162.16	-30.6	2.2	-15.6	-9.4	39	-1.6	6.8	6	1.4	-32	-0.4	13.8	3.8	16.6	-3.4	-30.1467	-26.96	-30.4933	-61.4133	-34.32	-32.56	-5.8	-34.3467	-35.4933	-46.52	-50.4533	-33.5333	-37.4133	-55.4933	-10.12	0.68002	-18.6533	12.5733	10.9334	13	-21.88
-161.129	-2.6	25.6	-43	-26.2	26.4	-15.6	25.4	28.8	15.4	-32.4	5.2	12.4	1.6	2	-28.2	-39.84	-38.48	-43.48	-59.9467	-28.9333	-35.8	-46.04	-33.16	-46.52	-27	-68.32	-46.8667	-36.92	-40.28	-15.92	15.0133	-18.7333	6.58668	4.28002	-2.25332	-32.28
-160.097	1.6	31.6	-20	-18.8	18.4	-42.2	25.8	15.6	-19	-0.8	-8	-14.4	26.4	14	-42.6	-32.4267	-20.5067	-31.3067	-44.6667	-49.04	-20.6533	-43.2933	-11.7333	-36.3067	-15.96	-67.1467	-61.2667	-36.0267	-30.88	-11.9067	31.4	-5.25332	46.4267	28.88	26.28	-4.65332
-159.066	0.2	30.4	-19	10.4	22	-56.4	52	9	-11.4	-10.8	-13.2	-25.6	-1.4	3.4	-25.6	-26.9867	-40.1733	-53.1334	-62.5867	-47.5467	-44.2533	-55.4533	-44.7467	-37.7067	-30.5067	-63	-66.4667	-48.7333	-52.36	-45.1867	32.5733	9.53334	53.0267	8.54668	34.7467	3.68
-158.036	21	10.8	-16.2	-18.8	29.4	-44	35.2	15.2	36	43.2	-9.2	-28.6	12	4.2	-47.6	14.8133	-0.50664	-17.28	-19.6267	-17.9467	-10.5067	-18.5467	-17.6533	-30.2667	-2.68002	-20.4933	-44.7867	-30.3467	-7.18668	-28.2267	37.84	38.9067	61.9733	34.8667	46.8533	23.8933
-157.005	51.8	8.8	-1.8	-10.4	-3.4	-30.6	55.4	54.4	52.4	43.8	-8.2	-32.2	-20.4	-7.2	-32	36.8933	32.3467	31.68	16.64	26.44	10.7733	10.7733	5.29332	23.5867	27.8667	28.64	11.2533	11.48	38.8533	-10.2933	-14.7333	54.76	-4.84	26.2933	15.64	25.08
-155.974	42.2	22.4	-7.4	-10.2	-7.8	-32.2	67.2	55.4	39.4	28.6	-1.2	-24.4	-52.6	-38.2	-24.4	25.4133	43.92	40.5733	20.56	19.2267	28.8533	22.2533	21.3067	25.0133	9.25332	40.5467	25.1467	33.04	19.9067	-0.08	-33.6667	56.0933	-11.7733	19.3867	41.7467	49.4
-154.944	20.4	-13	3.8	-4.4	15.8	30.6	46.4	36.8	44	29.2	-4	-5.2	-84	-38.4	-21.4	17.04	35.4133	32.5867	15.4	26.6667	1.56	37.56	2.84	36.6933	7.67998	55.2133	57.4933	10.3467	35.0267	4.8	-41.6933	19.8933	-26.88	4.52002	-3.14666	13.7333
-153.913	35.8	-25.8	-17	-34	5.8	55	47.2	50.4	45.2	37.4	4.6	12.4	-93.8	-28.6	-14.6	34.2533	43.2533	50.16	34.3733	30.0533	14.7333	57.8	33	33.4667	12.6133	73.8533	66.8267	45.96	43.1067	39.6133	-34.84	2.36002	-26.4667	7.64002	2.88002	2.89334
-152.883	12.2	-18.4	-29.8	-39	-13	54.6	45	45.2	31	8.88178e-16	-33.6	31.8	-78.2	-14	1.6	-4.94666	1.95998	25.2	-1.88002	3.12	8.45334	32.8933	17.7867	15.44	-5.37334	25.64	37.0533	30.4	9.74666	20.0133	-50.8133	-19.12	-50.8134	-24.08	-26.3866	-23.52
-151.854	-17.2	-8.2	-18	-47	-0.6	39	14.4	14.2	33.8	7.4	-36.8	31.8	-67.8	-10.8	-1.6	-13.8	-23.3867	10.4933	7.07998	-25.9733	7.64	6.02666	21.12	-8.42664	13.2667	-0.68	7.61334	23.3867	-13.9733	22.7467	2.80002	-41.36	0.61332	-26.44	-1.42664	-22.36
-150.824	-21.6	-2.4	-9.2	-43.6	-15.6	45.4	-22	-17.8	31.2	32	-60	-3.6	-56.4	15.6	1.4	1.72	-57.8933	-9.72	-5.21334	-16.8133	4.21334	1.44	-1.58666	0.70668	27.5067	-3.62666	-0.89332	-6.06666	-15.68	30.1733	29.6267	-28.56	25.8533	-14.28	-2.94664	-22.28
-149.794	18.6	26.8	-35.8	-56.2	-28.6	-5.4	-23.6	19.8	16	5	-43.6	-5	-15.8	10	4.2	9.93334	-24.1333	3.38666	17.7067	-10.6	28.84	2.85334	26.3067	11.5733	44.3333	9.78668	0.44002	22.2533	-7.33332	44.6267	29.4267	-13.5867	8.2	-17.28	1.17336	-15.36
-148.765	-18.8	34.6	-12	-53.6	-28.8	-4	-10.4	-3	13.8	12.4	-35.8	-7	14	-12.6	-15.2	4.78668	-40.44	-12.44	4.74666	-0.96	14.8267	-8	4.46668	15.3333	20.7467	-7.18666	-10.0133	2.33334	-2.29332	15.44	36.1867	-17.36	9.45334	4.26668	-8.90664	-8.76
-147.736	-1	-4	-2.4	-32.2	-18.8	-13.2	-4.4	0.4	16.8	26.2	-29.4	-42.8	-2.8	-27	-19.6	9.48	-21.28	3.25332	17.7733	20.3467	8.73334	-22.12	15.0267	14.52	17.3467	6.29334	-12.24	3.74666	0.13334	16.96	49.36	-1.44	32.08	23.76	29.9867	20.48
-146.707	-3.6	-27.4	-21.6	-34.6	-40	-9	2.2	1.2	9.4	7.8	-20.4	-21.8	3.8	-25.2	-13.2	13.8667	8.61334	12.9867	11.9467	46.72	27.12	-14.2267	6.20002	17.08	5.30668	27.1867	1.25334	6.21334	20.16	21.8933	36.4933	14.08	16.6667	16.48	3.73334	26.92
-145.678	12	-28.6	-27.6	-49.6	7.2	-2.4	6.6	22.8	7.8	5.2	-2.2	-3.2	27.2	-44	-9.8	-8.68	23.6133	-10.1467	3.83998	-2.22664	-12.52	-42	-18.0933	-5.82666	-29.0933	-5.05332	-27.44	-12.1067	-14.0267	-34.9467	3.67998	-11.88	3.21334	3.48	-4.94666	21.8
-144.649	-32.8	-40	-9	-27.2	-23.6	-7.8	7.8	-2.2	12	10.6	-2.8	-11.4	-24.4	-48.4	-19.8	-13.2	3.21334	-37.92	-21.0267	-1.35998	-16.84	-27.2533	-24.6133	-34.8533	-35.3467	-28.2933	-46.8667	-30.2933	-34.0934	-55.5867	4.23998	2.33334	18.4133	16.9067	4.17334	27.5867
-143.621	0.6	-46.6	-17	-21.6	7.8	-3.2	-21	18.6	6.6	-16.4	-10.4	-6.6	-7.8	-12.8	-9.4	-34.5067	21.7733	-12.32	5.54666	0.48002	4.69334	-17.2533	-15.6133	-44.52	-45.3467	-23.6267	-27.92	-15.68	-22.4267	-17.24	-18.48	21.9733	-6.28	-2.02666	-23.9067	10.4533
-142.593	-8	-18.6	-30.6	-35	-3.4	-17.4	-26	1	16.2	6.8	6	15.8	-33.2	-24	11.2	-9.69334	22.1867	-0.39998	13.8133	-12.7733	10.6133	1.16	-23.68	-20.1733	-19.1867	-9.46666	-20.12	-15.0533	-22.9333	-4.2	-20.84	3.52	-30.2667	-25.9867	-45.68	-15.1067
-141.564	-16.4	-8	-21.6	-24.2	-4.6	-26.6	2.6	10	3.4	29	5.6	-9.4	-24.2	-5.2	15.6	-17.3333	8.54668	-9.93332	-11.64	-36.2933	-8.77332	-8.90666	-23.5867	-11.04	-21.6667	-35.6267	-27.8267	-11.7333	-35.24	-21.8267	-32.56	-1.28	-28.0267	-29.24	-37.0933	-18.4
-140.537	-15.6	-16	-30.6	-26.4	-26.6	-38.8	26.6	14.8	20	26.4	-4.6	-0.6	-11.4	36.4	40.4	12.1067	21.1867	36.1733	3.45334	10.0267	13.72	29.9867	30.1733	17.9866	19.84	-12.0667	17.6133	14.9867	26.8133	25.48	-21.24	28.28	-28.1733	-5.73334	-19.0667	3.80002
-139.509	-3.2	-16.8	-40.4	-49.4	-27.8	-23.2	33.8	26.6	26.2	24.6	-0.6	1.4	9.4	28.2	56	14.52	9.20002	32.76	12.7867	15.2133	4.98668	8.29334	-1.97334	19.2933	15.8534	-11.96	20.7867	18.2667	30.4	14.6	-5.84002	23.16	1.06666	6.4	-7.77334	3.42668
-138.481	10	-5.2	-53.6	-43.2	-45	-33.2	33.6	10	43.4	41.6	-13.6	-17.8	-17.2	2.2	18.2	17.3067	-1.65332	23.8533	-7.66668	-10.8667	-11.5867	7.97334	11.4	18.6533	26.6267	-5.70666	13.0667	-0.57332	3.38668	-6.78666	2.65332	1.84	2.70666	9.74666	33.5733	13.04
-137.454	18.6	-9.4	-51.6	-25.6	-41.2	-7.8	21.2	2.8	34.4	22.4	-28	-19	15.6	2	8.4	-3.09332	-11.1067	-10.4933	-27.4534	-17.28	-22.7867	0.10666	1	12.96	-4.53332	-10.1867	26.7733	-12.92	-14.8133	-16.1867	2.77332	8.02666	18.9467	22.1067	47.0266	20.6933
-136.427	42.8	2	-80.4	-50.8	-4.2	24.8	20	32.2	20	-4	-22.6	-33.6	15	1.8	-5.2	10.44	-23.1733	-19.36	-2.09336	-3.04	-19.8533	11.9067	-2.26666	13.88	-4.06666	12.3733	37.52	-23.36	-0.61332	3.24	-2.32	5.28	9.28	28.9067	31.96	-7.04
-135.4	37.6	-5	-55.4	4.4	-23.8	21.2	29.2	42.6	41	21.4	14	-31.8	1.6	-19.8	-42.4	-10.3867	-6.66668	-46.1733	-11.5734	-3.4	-20.8533	11.5733	-0.26666	5.50666	-18.3067	5.46666	20.0533	-22.3067	-4.77332	-9.4	10.8533	-9.96	15.68	-1.58668	11.24	-29.56
-134.373	53	26	-58.8	22.4	9.8	38.8	45.6	43.6	45.2	32.8	23.2	-7	15.2	-2.2	-26.6	-23.6933	-10.8267	-2.4	-4.85336	-15.8133	-14.12	1.54666	3.26668	1.84	-4.61334	13.5067	18.96	-19.24	-17.56	-23.48	-9.77334	-44.4667	-37.0667	-16.3867	-4.21334	-36.1467
-133.346	38.4	30.4	-35.2	28.8	-32	34.8	66.4	62.2	19.6	48	37.2	-18	7.2	-10.2	4.2	-13.5733	1.45332	-11.9467	-5.68002	14.7467	9.46668	9.02666	-0.76	10.1867	8.13334	4.10666	22	-3.26666	15.8267	-12.28	-18.0133	-40.7467	-34.3067	-29.0933	-33.0933	-23.1467
-132.32	17.8	10.4	-31.4	9.8	-29.8	28.6	78.4	60.2	8.4	29.2	34.4	-26.8	-13.6	-22.4	5	-21.64	15.2533	-9.23998	7.43998	10.96	19.04	6.56	9.92	-2.90666	9.44	32.4533	22.08	21.8533	33.6133	-13.1467	-23.9333	-31.04	-38.92	-24.4933	-45.5867	-12.76
-131.293	-18.2	3.4	-8.2	32.8	-47.6	-0.6	61.6	36.2	-4	34.8	36.8	6.8	-25.2	-41.2	13.8	-9.69332	38.2533	39.1067	12.36	20.0267	32.8	28.36	25.1333	-3.75998	39.9467	24.8667	19.36	37.5733	52.9733	1.16002	-7.09334	-11.8	-5.05336	-0.30666	-22.36	20.4533
-130.267	-42	9.2	-17.2	-3.6	-13.2	8	21	11.2	-22.4	0.8	8.8	-4.4	-26.4	-33.2	22.8	-3.14666	16.92	52.7867	24.16	29.36	40.9067	28.1067	0.82668	4.44002	29.9733	31.4267	-5.22668	41.04	37.44	9.38668	-10.72	-12.0267	-7.73336	5.86668	-9.13332	26.4
-129.241	-55	-23.6	-12.2	27	-11.8	4.2	6	-16.4	-27.2	11.2	-1.8	-15.2	-38.8	-66.4	3.4	12.7867	21.4933	12.48	1.61332	28.0533	26.2933	10.52	13.9067	-0.42664	5.54666	5.01334	-2.01336	33.04	46.4267	30.7333	-7.50666	25.24	19.1733	-5.10666	16	21.12
-128.215	-63.6	-50.8	-25.6	28	25.2	19	-32.8	-41.4	-19.2	2.2	-16.6	-5.2	-14.6	-43.2	0	10.5467	-10.4267	2.2	-5.98668	-11.96	-18.16	-14.2667	-6.53332	-21.32	-13.56	-5.34666	-40.4	3.78668	8.86666	25.1733	24.2933	29.5733	46.1733	8.77334	19.7467	-5.13332
-127.19	-64	-19.6	-25.2	38.4	18.4	-0.8	-24.8	-21.6	1	3.8	-2	-17	-11	-38.2	-12.8	8.6	-28.64	-1.28	-14.6	-24.56	-39.88	-21.8667	2.32	-17.9333	-24.5467	-42.96	-54.08	-8.15998	-13.44	3.42666	46.8667	24.7733	66.04	21.9333	44.08	-17.28
-126.164	-40	-26.8	-22.4	43.8	26	18	-26.6	-43.2	30.6	8.6	-6	-17.6	-3	-10.8	-31.4	9.68	-35.0133	-47.24	-8.85332	-13.1333	-44.9733	-29.52	-10.8133	-9	-44.1067	-37.2267	-51.7067	-2.77332	-47.7333	-23.76	26.9333	8.41334	27.72	-20.0533	13.0667	-26.4133
-125.139	-2	-31.6	0.6	66.4	15.6	33.8	-7.2	-24	19.6	18.8	-20.8	-22.4	-15.8	-18	-35.6	24.6	-20.3067	-50.1467	-8.55998	-33.6933	-31.3467	-46.7733	-23.6267	-12.32	-40.7467	-28.3733	-16.12	-2.73332	-51.28	-1.58668	14.6667	1.38668	9.65334	-13.2667	3.95998	-27.8
-124.114	7.4	-14.2	-8.6	27.8	5	11.4	1	-10.8	13.2	-0.6	-20.4	-37.4	-6.2	18.2	-29.8	-4.17334	-43.0533	-30	-10.3866	-29.36	-34.04	-30.0933	-35.2267	-17.88	-49.0267	-21.3867	-16.6	-19.36	-45.8533	-7.92002	19.4267	-15.4267	-1.08	-4.89334	-15.64	-7.65332
-123.089	-1.8	-12	6.2	12.2	7.6	-6.4	6.2	7.2	-8.2	-32	10.6	-12.4	-19.8	31.2	-21.2	4.90666	-4.66668	-10.0267	-1.71998	2.88	22.64	8.76002	-18.1467	22.32	-12.24	10.2933	38.32	4.96	-33.1333	-6.98668	-4.49334	0.68	-6.13332	-0.26668	10.4133	13.7067
-122.064	25.4	-9.2	6.2	11	1	20.4	-2.2	-12.6	-33.2	-24.6	-5	0.2	-15.6	47.4	-28	14.32	-6.64	-16.0267	13.3733	29.8933	32.3867	25.7067	-28.0667	25.0267	8.4	12.1067	43.4667	-5.09334	2.81332	18.36	-35.8533	-9.54668	-28.84	-14.8133	-17.3067	27.9333
-121.04	25.8	11.6	-15.2	9.8	15.2	-3.6	-16.8	24.6	-53.4	-47.2	18.8	-12.6	-18.6	24.4	-9.6	4.66666	4.17332	20.5733	13.6533	21.36	33.2533	29.0533	-2.74668	20.92	17.4933	17.32	51.1067	-4.96	22.7467	25.3867	-41.52	-9.12002	-11.1733	23.8533	-5.49336	24.7067
-120.015	-14	-3.2	-31.6	15.8	17.8	-20.8	-43.2	9.6	-58.2	-30.2	29.4	-16.4	-6.4	-1.2	4	-7.48	-1.85334	2.41334	0.12	8.33334	13.64	25.2933	30.48	2.93334	22.7333	13.5733	22.0533	-19.1867	28.44	-12.0533	-23.0133	2.87998	-18.8933	24.4667	-5.04002	12.5333
-118.991	-4.2	4.6	-28	19	27.4	-18.2	-56.6	9.4	-72.8	-61.2	38.8	15.6	-25.8	-8	-5.2	-8.93332	25.5733	2.53334	14.12	-7.84	4.38668	19.4667	36.7866	4.13334	15	10.28	-7.56	-12.2267	-0.21334	-12.4533	0.94668	11.9867	4.88	21.5467	-15.4267	-3.45332
-117.967	4	19.6	-31.4	26.8	33.8	0.8	-50	4.2	-49.8	-43.4	23.2	16.6	-11.2	-9.6	-14	-27.6667	26.8133	2.26668	20.2133	-16.92	-32.3333	-13.9733	29.8533	-30.44	-8.36	-7.66666	-38.0133	-29.28	-10.3733	-10.7333	10.36	8.81332	18.7733	5.29334	-15.28	8.42668
-116.943	-9.6	5.4	-62.8	27.2	47.2	-19	-28.2	10.2	-44.8	-37.4	41.2	32	-26.8	-15.6	-14.6	-16.5067	21.44	13.7333	10.8533	-9.85334	-15.7333	-45.3467	26.2667	-15.7333	10.4133	1.4	-37.9467	-4.84002	-8.49334	-21.6533	13.8534	10.0667	2.18666	5.58668	-2.09334	-3.23998
-115.92	-31.2	-7.2	-27.2	5.2	39.4	-13	-9.6	1.2	17.4	4	36.6	31.6	-28	-13.2	-36.4	-13.2533	11.8	-9.74666	-12.44	-14.4533	-22.2	-44.9067	13.48	-26.2133	-2.16	-10.4133	-53.4667	-15.16	-17.0533	-26.16	37.12	12.2267	-0.52	-16.2933	-1.90666	-21
-114.896	-2.4	-5.8	-30.2	-8	17.6	-7	24.4	0.8	15.2	-31.4	47.8	52.4	-21	11.4	-32.6	-6.74666	28.28	27.7333	-11.2	7.41332	-12.2933	-8.92	13.4933	-14.1333	19.7333	2.13332	-7.06666	0.42666	-15.04	4.30666	25.2	1.72	13.2533	-33.96	-9.53332	-27.64
-113.873	-31.8	-12.6	-55	-32	-0.4	-0.2	12	4.8	41.8	15.4	27.4	26.8	-8.8	3.6	-35.8	14.8667	3.33332	32.5467	1.12	18.36	33.2267	7.33334	5.86668	16.9733	48.64	16.68	26.4533	12.92	-1.05334	29.2933	-20.04	-2.62668	-28.1333	-14.6133	8.37334	-11.0666
-112.85	-30	-31.8	-54.6	-29.6	-6.8	-17	37.8	4.6	60.6	39.8	12	4.8	-3.6	-1.4	-39.4	37.32	-28.84	14.72	-1.56	32	54.1067	8.82666	4.18668	27.3467	43.9333	27.9867	29.16	24.48	28.32	13.6933	-21.04	-16.48	-41.08	-11.0533	-5.27998	-26.3466
-111.827	-16.6	-39.4	-41.4	-20.8	-19.2	-28	6.2	8	66.6	37	-22.2	-6.4	-1.4	-22.2	-24.4	27.5733	-12.36	43.9067	-9.08	21.4533	44.9333	48.8933	-14.2533	1.45332	12.8533	27.6667	28.88	20.4133	19.3333	27.8933	-3.51998	-18.56	-22.24	-19.9733	-21.9467	-13.2933
-110.804	5.4	-50.6	-45.8	6.8	-32.4	-11.8	4.2	-13	14.6	9	-27.4	5.6	8.8	-1.8	-25.4	23.76	-7.74666	39.84	-2.6	24.6133	32.1467	33.2933	-18.6933	7.26666	4.77334	36.0533	22.8667	14.2	28.6267	33.5333	-18.0666	-16.92	-21.9733	-24.5733	-14.1067	7.62668
-109.781	6	-56.2	-54.8	-2.6	-6.4	-8	-41.2	-36.6	27.2	15.4	-26.6	3	-11.4	-33.2	-20.6	9.84	-16.9733	-0.50666	-6.18666	9.24002	21.88	11.5333	-35.9733	25.3333	-31.4267	9.98668	-4.59998	14.72	22.1733	13.7867	-1.22664	2.28	7.35998	26.44	47.8533	39.8667
-108.759	30.4	-63.2	-34.8	17	9	12	-26.4	-8.6	37.2	7.6	-21.8	-6.8	-24.2	-43.8	12.2	-19.7467	-26.0533	-37.88	-25.36	-30.96	-38.9067	-24.6933	-60.9467	-13.16	-53.2133	-14.16	-30.9067	-15.08	-9.8	-26.6533	28.2267	1.98668	26.7333	21.6133	32.48	56.2
-107.737	51.8	-70.8	-43.2	11.4	0.6	15.8	-76.6	-35.4	28	-1.4	-1.6	-1.8	-43.2	-51.6	-1.8	-14.24	11.9467	-31.9067	-17.76	-38.08	-40.6667	-1.70666	-46.4933	8.29334	-32.7067	-30.68	-24.9733	-13.8933	-10.3733	-21.5067	16.6267	20.92	11.36	16.5067	22.3333	42.4
-106.715	28.6	-52.2	3.4	18.4	14.4	22.4	-50	-37.4	31	9.8	23.4	-9.4	-29.8	-36.8	-21.6	-16.48	9.01332	-53.2933	-17.84	-42.4533	-51.16	-8.48	-21.32	8.93334	-9.4	-26.6133	-24.3467	-18.24	-6.73334	-12	-3.59998	24.2667	-1.17336	14.96	41.8133	21.64
-105.693	37.2	-32	5.2	-2.4	22.8	9.8	-41	-1	40.8	20.2	1.6	-36.4	-16	-33.8	8.4	-14.5333	13.4933	-36.4267	-1.46666	-34.7467	-38.0133	-17.4667	5.69332	-4.09334	1.29334	-27.7333	-5.28	-20.9066	-16.8267	-5.64	7.85334	10.44	3.97332	39.8533	32.0933	5.13332
-104.671	22	14.8	-5	-12.6	25	26.4	-5.4	-3	35	23.8	4.6	-26	-18	-13.8	-6.2	-19.52	-20.2533	-18.56	7.30666	-31.7467	-39.9333	-38.3333	2.73332	-31.2533	2.44	-34.6133	-10.44	-41.4666	-25.2667	-16.32	-4.26666	20.6533	-8.54668	-3.18668	-25.0267	-11.84
-103.65	19.8	29.8	21.4	-19.8	11.6	4	-27	-46.8	8.4	17	19.4	-15	-7.8	-6.6	-40.4	-10.76	4.85334	8.48	0.18666	11.28	-7.62664	-16.6533	33.6133	-18.9733	18.8133	-32.4666	19.3067	-7.55998	11.8933	-12.2933	-10.88	18.5466	11.1333	7.34664	-17.2267	-31.5867
-102.628	-14.2	35.2	10.2	-31.8	3.8	-13.4	-2.6	-26	-26.4	0.8	18.4	-25	9.8	8.2	-3	-7.8	-6.72	33.2933	26.0667	25.16	21.3334	-17.5467	40.16	-22.92	27.84	5.96002	31.2267	6.69334	6.34668	24.7333	4.41332	-5.48002	25.8267	2.3333	-4.23998	-17.52
-101.607	-12.6	7.8	-21.4	-74.6	-9.6	4	-3.2	-22.8	-23	7	40.4	-4.8	-8.4	12	23.8	4.02666	5.38668	30.1733	33.4533	37.7733	26.7334	-3.99998	53.4533	5.29332	14.6933	11.0533	39.9467	24.6667	6.50668	15.5733	11.88	-14.6267	37.4933	-2.96002	-22.3866	-25.0933
-100.586	-19.8	3.2	-28	-72.2	-25.6	2	-10.2	-38	-36.4	6	65	30.6	-6.4	-4	7.6	-0.33334	1.85334	26.5733	33	48.24	39.5467	17.8534	23.6933	12.84	1.61334	17.9333	20.5067	33.0933	23.0533	9.78668	-7.48	-5.54668	22.76	-22.1067	-8.99998	-15.9867
-99.565	-4	-22.6	-17.4	-62.6	-68.4	-21.4	-17.8	-44	-62.2	9.8	59.8	5	-0.6	27	11.8	19.76	12.6267	25.2267	17.12	41.7333	40.1067	42.4534	24.8933	34.8133	9.77334	27.9733	2.24	30.2666	22.4	12.6133	-24	-10.8	27.12	6.46666	-9.70666	-3.63998
-98.5444	-16.2	-40	-17.2	-38	-61	-0.6	6.2	-11	-27.6	11	20.8	17.8	-2	16.8	6.8	19.2267	-2.86666	-3.72	10.3333	7.14668	12.8534	11.96	4.61332	18.2933	-21.3867	34.6267	-16.7067	18.0666	7.34666	11.04	-15.5733	-24.4	-5.69334	-26.3867	-9.97334	-1.74664
-97.5239	6.4	-23.2	-34.4	-44.2	-46.2	1	14	-14.2	10.6	21	7.4	2	-23.8	-0.8	2.8	1.12	-2.16	-32.08	-29.8667	-7.39998	-39.5466	-13.8666	-17.96	2.05332	-28.72	9.32	-38.28	5.21332	-13.8267	-25.9067	-20.2267	-35.1467	-22.2933	-4.99998	-13.3867	6.25336
-96.5035	22.8	3.4	-60.8	-34.4	-52.2	-21.2	12.4	3.4	6.8	6	-29.8	-12.6	-8.8	-6.8	2.6	-7.88	5.62666	-4.36	-23.2	-20.04	-12.6933	-10.3866	-31.3467	4.49332	-10.0533	12.16	-33.8133	-18.88	-9.73334	-13.1467	-9.28	-17.4	-18.7333	6.90668	-19.48	-3.01332
-95.4832	34.2	24	-75	-33.6	-35.6	8.2	19.4	-15.4	26.6	13.6	-50.6	-37	-34.6	-14.8	12	-5.26666	-12.3867	-22	-32.2267	-58.5067	-28.32	-4.15998	-36.5733	-7.74668	-18.6	2.09332	-31.1067	-30.2667	-19.32	-32.5333	3.41334	-0.45334	-14.0267	8.30668	18.3733	32.8267
-94.4635	40.4	11.4	-73.6	-46.4	-3	-11	41	13.6	41.6	13.6	-59.8	-20.2	-41	-38.6	16.4	-11.76	-8.93334	-10.7867	-11.64	-51.8267	-21.44	-11.8	-54.9867	-22.1733	-13.4667	-7.96002	-10.24	-29.56	-25.2133	-15.04	23.3733	-18.76	-25.9333	10.6933	19.12	25.5733
-93.4434	68.6	32	-76.4	-67.8	-10	-27.2	29.6	-2.8	20	33.6	-18.4	-15.2	-24	-22	21.2	-1.81332	-0.38668	9.42666	9.13334	-28.5067	-0.16	16.9467	-15.2667	-3.92	-4.16	-29.12	-10.3467	-17.24	-27.2267	-15.68	22.52	15.3333	1.2	12.6133	17.64	9.52
-92.4238	68.6	53.2	-64.4	-64.8	-16.6	-0.2	23.6	9	43.2	46	-10.8	17.4	-29.6	-26.6	3.6	4.29334	-6.53334	7.38666	6.78668	-13.8133	5.56	28.8533	-24.6533	-17.52	-9.50666	-40.7067	7.25334	-25.4533	-24.2933	-7.46666	20.6133	14.0266	-9.38666	14.8667	17.2933	-6.93334
-91.4044	51.2	33.4	-41.4	-67.2	6.2	3.6	12.8	-24.2	26.4	32.4	8	7.6	-2.8	-15.6	-23.8	3.44	-2.29334	-21.4267	-0.61332	3.42666	-6.56	15.3333	-6.4	-35.6933	-12.0667	-51.2667	16.56	-12.12	-22.44	-8.81332	1.46668	16.2666	-16.2667	13.64	16.32	-8.42666
-90.385	57.8	23.6	-38.2	-57.2	-24.2	-11	7.4	-10.8	36.2	31.8	18.8	37	1.2	-22.6	-2.4	4.22666	12.6533	-13.3333	7.33334	31.7867	-2.34666	-8.32	16.0533	0.42666	1.38666	-43.3067	38.3734	22.1867	-6.21334	23.04	1.28002	19.5866	-23.84	5.12	-41.4	-41.6133
-89.3662	67.8	44.6	-24.4	-48.8	-37.2	6.4	-3.6	8.8	45.4	39.6	10.6	25.2	21	-16.6	-20.4	-9.70668	18.92	-13.52	-1.22666	26.7867	-7.21334	-4.06668	30.64	-7.96	5.46666	-28.96	28.5467	27.5733	6.10666	11.5867	-15.4933	33.7466	-7.38664	-10.88	-12.3467	-28.6667
-88.347	61.8	23.4	-40.6	-48.8	-28.4	29	-0.6	-6	62.4	45.2	1	32	15.2	-2	3.8	-4.45336	11.52	-17.9733	-14.2933	34.4933	-3.30668	-0.6	31.2534	3.66666	16.2933	10.04	30.3067	22.5067	17.64	26.68	-19.2533	-2.28002	-12.7866	1.81332	-24.2533	-26.1867
-87.3284	29.8	-2.6	-16.8	-41.4	-29	26.2	9.8	-8.4	34	28.8	13.2	16.2	41.4	8.2	7	-14.48	2.41334	4.10666	-8.34666	29.0133	3.78664	8.86666	37.08	21	9.6	28.6666	13.2267	33.9333	20.9066	0.50666	-6.14664	25.3467	26.5867	6.4	2.04	5.70666
-86.3098	43.6	-8.6	3.6	-5.2	-28.4	52.2	19	14.6	41.2	40.2	6.6	8	9.8	-7.6	27.8	19.9867	-14.9733	6.69334	-8.93332	16.3333	8.50664	9.29332	20.9333	22.8533	14.88	53.24	-9.24	12	36.8666	0.35998	16.28	12.9067	41.0133	7.64	14.64	38.84
-85.2914	-6.4	-50.4	7.2	-14.8	-7	35.6	22.8	-0.2	17.6	15.8	3.6	-20.8	15.4	1.4	5.8	4	-13.3733	33.4133	1.78668	2.12	11.5066	29.4667	4.32	10.2533	12.5333	49.9867	-20.4933	-14.28	11.6933	-3.69334	12.12	-16.1733	31.9867	-17.1867	8.28	26.3733
-84.2734	-27.8	-80	-9	-8.4	-4.4	39.8	22.2	-36	26.4	13.4	38	-1.8	-15.2	-23	4.2	7.53334	-17.1467	-0.78666	-0.66666	3.61334	9.46664	1.48	-5.96	3.16	2.36	22.5067	-36.48	-6.26666	-11.24	4.01332	7.02668	-31.72	23.4267	-32.4533	-18.5733	5.14666
-83.2552	-44.4	-82.4	-21.8	-11	-1.4	20.2	49	-21.6	20.2	-12.6	39	-28.6	-29.6	-39.4	5.2	21.6533	5.14668	6.66668	20.72	14.5467	19.12	20.9067	-21.2267	-0.57332	34.0933	16.24	-18.68	6.64	-6.86668	9.61332	-4.98666	-16.6933	0.56	-38.3333	-0.74666	-10.9067
-82.2374	-49.4	-99.8	-27	-13.4	-24.2	23	41.4	-42	18.4	-8.2	-5.2	-19.8	-49	-64.2	25.6	26.6267	34.0667	0.98668	18.4133	-0.23998	43.5467	1.50666	-2.30666	9.69334	32.7333	18.1733	2.06666	9.06668	8.38666	19.5467	-5.89334	-14.96	-13.5867	-34.9467	-18.5333	-24.2267
-81.2198	-28.8	-92.6	-59	-31.6	-37.2	-3	21	-39.8	22.4	-8.2	8.2	-21.4	-31.8	-51.2	17.4	10.4533	27.64	15.6533	39.7733	-8.01332	38.7333	-5.41334	6.68002	13.72	16.2	-11.6	14.8933	22.7467	-3.62666	6.66666	-17.2667	-17.9733	-28.1867	-34.16	-14.1067	-36.1067
-80.2023	5	-63.2	-35.2	-16.4	-16	13.6	10.4	-40	54.6	26.6	-1.6	-32.6	-38.4	-44	30	13.28	39.3333	-2.4	20	1.57334	23.5067	-32.4267	2.57336	-2.13334	11.3333	-14.28	21.1067	15.7467	-3.27998	-2.58668	-22.3867	-3	-20.6933	11.5733	9.29334	-17.5467
-79.1848	3	-38.4	-39.4	-25.6	-19.4	9.4	-4.6	-21.6	40.8	42.8	-8.2	-62.2	-10	-18.4	46.6	31.8533	38.6267	33.9867	19.8133	12.0533	26.6267	6.78666	34.1467	26.16	23.84	23.5733	61.4667	13.7067	26.7733	2	-16.8667	-7.6	-32.2133	15.8267	-23.1867	-26.6133
-78.1675	18.2	-1.2	-15.6	-23.2	-32.2	-5.6	-32.2	0.4	24.6	58	-10	-54	-8.4	-5	45.4	-9.77334	-8.79998	26.8933	-11.08	-27.84	-7.25332	-18.1067	6.26668	-3.34668	-28.3467	-3.45332	12.3867	-20.0533	10.7067	-28.3067	3.54666	5.05334	-8.84	21.9867	-7.09332	12.0667
-77.1507	50	27	7.8	-4.4	-18.4	-25.4	-33	0.6	11	39.6	10.4	-51	9.4	22.2	-6.6	-33.76	-51.7467	7.35998	-35.4267	-29.1467	-39.8267	-22.4667	-3.47998	-27.16	-27.12	-3.70666	-10.4667	-24.2667	1.53334	-19.1467	-17.92	-17.4	-11.4	14.44	0.72002	6.98666
-76.1339	6.4	26.6	24.4	-11	-31	-38.4	-7	-17.8	14.4	36.4	-27	-42.4	7.2	27.6	-1.8	-52.44	-44.36	-5.98668	-52.5867	-10.12	-59.0133	-38.96	-6.15998	-38.4533	-14.2933	-8.97332	-17.88	-37.3067	-8.84	-12.04	1.90668	0.05334	4.18666	16.1067	14.8134	28.04
-75.1173	-9.4	2.8	34.8	3.2	-31	-53.8	-6.8	1.2	-10.2	9	-39.8	-47	9.6	27.4	-13.8	-50.1333	-54.5067	-20.5467	-52.04	-16.4	-68.1867	-20.9067	-24.76	-25.24	-26.4267	-18.0133	-39.2267	-19.9733	-18.0267	-26.1866	24.64	7.17334	25.12	5.8	12.6134	22.9467
-74.1008	-12	11.6	37	7	-31.4	-54	13.4	3.8	-2.8	-5.2	-64.4	-48.8	-13.2	14.2	-18	-40.7467	-41.7333	-33.6933	-36.8	-23.5333	-60.1067	-34.0934	-34.4933	-23.4	-37.28	-30.3867	-32.0933	-19.7733	-19.6267	-28.4266	40.92	43.6133	40.84	-0.85334	58.3334	52.9733
-73.0844	-38.8	-42.8	29.4	2	-22.8	-46.8	6	-7.2	11	-18.8	-57.6	-68	-30.6	-1.8	-26.4	3.46668	-5.50668	-23.08	-6.35998	1.41332	-16.0667	-21.7067	-3.0133	0.6667	-3.54664	-1.45334	-12.7733	10.3734	8.49332	12.1734	53.96	44.48	48.7867	24.4	55.5734	52.9067
-72.0685	-90.6	-84.4	-15.4	-13.4	-26.4	-44.2	4.6	22	16.2	-6.4	-54.8	-70.2	-40.4	-10.8	18.4	21.04	49.8	-11.3067	35.9734	26.0933	-11.8267	8.74666	-5.47998	15.8934	-2.01332	0.78666	13.5733	13.12	12.8533	32.1867	45.6267	52.1067	41	5.89332	39.92	40.2667
-71.0523	-63.8	-85.2	-14.6	-7.4	4.6	-2.2	-12.8	30.2	5.2	7.2	-33.2	-47.2	-58.8	0.6	28	9.36002	53.3867	-16.6933	37.0934	1.10666	-1.94668	18.9333	-3.79998	3.25336	-14.1467	8.2	10.2533	22.8933	12.48	15.9734	18.8133	22.16	10.2134	4.89332	12	-6.61334
-70.0366	-49.2	-44.2	-37.2	-39.6	-30.6	-4	7.4	43.8	15.6	-1	-12.6	-25.8	-70.4	-7.2	20.6	21.4133	29.8	1.16	32.1067	6.72	31.48	24.2267	19.4667	-1.35998	3.26668	18.2667	3.48002	8.41334	26.7867	34	4.52	2.24	-15.76	-0.14668	-19.1067	-19.56
-69.021	-29	-52.2	-28.4	-45.8	-16.8	22	-14.8	7	1.8	-5.4	-10.2	-15.6	-44.2	2.6	23.2	24.4267	23.8267	33	28.3733	26.0533	58.04	48.44	19.6	6.00002	32.6267	45.8667	5.13334	30.16	27.0933	40.84	-17.4933	-42.64	-35.36	12.2267	-32.6133	-37.04
-68.0058	-39.4	-38.6	-24.8	-19.4	-19.6	34.4	-18.4	2.8	-1.6	-17	-30.4	15.2	-12.6	26	12.4	4.53334	11.7467	19.1867	19.8933	25.4533	33.48	25.3467	0.45332	2.98668	20.7467	14.6933	6.53334	3.26666	-3.2	10.1867	-37.0933	-39.4	-51	-4.25334	-35.8533	-43.12
-66.9905	12.2	5.4	15.2	7.8	-22.8	39.4	-20	-4.4	2.4	-9	-21.2	27.2	-38	0.6	-2.8	7.82666	-19.6267	8.28	-6.56	-27.1867	44.4666	13.2267	10.4133	-0.70666	11.4	-5.53332	-22.8133	-16.6133	5.01334	-12.7867	-49.2666	-69.1467	-72.1733	-33.4	-59.5333	-54.7733
-65.9755	1.2	28.6	27.6	28.6	-27.2	6.8	-13.6	5.4	-10.6	-36.8	-36.2	-20.8	-10.6	-4.6	-21.4	21.8533	-41.8	6.68	-0.17334	-9.69332	30.56	31.6667	1.59998	22.2533	0.68002	-6.42666	-3.8	-15.2533	7.53334	5.22668	-33.2133	-25.8933	-26.2	-30.6533	-41.7467	-24.8267
-64.9604	-1	31	32.2	30.8	1	52.2	-23.6	-8.6	-16.6	-2.8	-41	-17.8	-0.8	-16.4	-4.8	24.8533	-20.4667	17.3333	6.24	-7.16	34.5733	23.28	0.85332	35.0933	7.38668	-13.3467	20.8533	-5.30668	-4.30666	6.78668	-3.55998	-16.2133	-15.8	-21.2933	-1.12	10.92
-63.9457	-30.4	36.4	42	58.4	4.4	8.6	-34.2	1	5.4	-8.2	-11.4	-10.2	-18.4	-41	5.4	-4.62668	-15.12	-21.8667	-3.17334	-23.3733	-14.16	-12.1333	-18	10.16	-30.6933	-57.7733	-10.8667	-22.5467	-29.2133	-19.72	1.38668	-3.71998	16.84	-5.4	2.4	11.36
-62.9311	-6.8	41	69	59.8	-9.4	-11.2	-24.8	4.6	-3.4	9.8	-11.4	-36.2	-32.6	-42.4	15.8	-10.1067	1.61334	-12.1733	-7.41334	-22.6933	-14.0267	0.36	4.49334	23.2533	-18.2267	-32.8133	6.86666	-0.62668	-3.50668	-6.54666	-4.45332	-17.4	23.6	-3.78666	-4.70666	13.96
-61.917	-26.2	35	49.2	35.8	6.6	-32.2	-3.6	10.4	1.2	18.4	-11.4	-39.4	3	-21.2	26.4	-10.52	20.8933	-18.1733	-4.05334	-1.56002	-27.64	-22.12	0.60002	20.88	0.54668	-33.88	12.52	10.0667	-28.4933	-21.4667	20.2133	21.68	53.5334	21.2533	34.3467	24.3067
-60.9026	-29.6	6.6	62.2	53	7.4	-14.8	-19.6	-1.2	10.6	31.6	34.2	-8.2	-20	-47.6	43.4	-11.04	40.0133	-8.26666	-28.4533	17.96	-8.66664	-19.84	8.36002	5.98668	4.86668	-15.1733	0.8	12.8133	-29.7333	-7.33334	22.92	21.2667	35.72	25.4267	35.84	34.56
-59.8887	-58.8	-47.4	46.4	52.6	10.2	-38.4	-15.8	-4.6	14.6	13.8	30	-1.8	-9.4	-15	26.8	-20.8933	21.1867	-24.6667	-25.9733	-3.76002	-34.56	-28.16	-18.28	-28.1733	-2.49332	-8.28	-10.1467	-1.6	-31.28	-16.8533	18.7067	40.1467	56.9334	32.92	34.64	28.7867
-58.8749	-57.4	-46.6	64.8	45.8	1.2	-21.4	11.2	5.6	5.6	-1.2	13.6	8	-12.6	2.2	-5.8	-6.8	4.48	-13.92	-19.4533	-9.14668	-14.1067	-11.1733	-1.53332	-12.08	-1.97332	19.5733	-9.07998	-0.54666	-2.68002	-13.5067	13.16	21.1467	24.7067	5.25334	24.0534	9.66668
-57.8612	-49.2	-17	52	33.6	15.8	-10.6	45.4	20.2	-3.4	-8.2	24.4	32.2	-4.4	-2	-25	5.36	-3.4	4.90666	-6.22668	5.08	-6.13334	12.8267	-3.93332	-11.0533	0.32002	31.2	6.76002	9.21334	6.23998	-0.58666	-0.25332	33.3333	-2.18666	7.52	10.04	-14.1333
-56.8477	-40.6	-36	76.2	55.6	20.2	11	39.6	25.4	-21	-32.8	30	31.2	5.2	14.6	-48.8	15.8267	-24.3867	22.7333	-1.76	31.5333	21.4667	26.64	-0.76	-11.6667	7.16002	40.0667	12.4	23.5733	11.2666	29.5067	-18.6933	26.2533	-35.0933	-7.08	-26.68	-29.36
-55.8342	-36.4	-30.6	48.8	23.2	33	15.2	55.4	42.2	16.8	-34.8	-1.6	33	-5.6	26.6	-36.6	-3.08	-63.0267	6.27998	22.4	-5.58666	-20.4267	-3.83998	-33.44	-12.9733	-12.3466	0.06668	-3.99998	1.45334	8.05332	-14.88	-26.7867	-1.02666	-52.2667	-2.38666	-34.04	-48.52
-54.8212	-19.2	12.6	59.2	39.6	15.2	-5.4	57.6	49.2	2.4	-27	35.8	26.8	-19.8	8.8	-56.8	-3.89334	-36.7467	24.4267	43.4	-4.99998	6.30666	18.6	0.97332	11.8933	12.6934	18.4533	7.06668	9.45334	33.4133	12.4134	-55.6667	-32.1733	-56.4267	-17.1867	-52.5733	-57.92
-53.8083	-8.6	-13	28.8	49.4	34.2	14	49	58.6	-8.6	-3	30.6	26.4	-17.6	3.6	-54.6	10.8533	-14.6533	28.4267	33.1867	19.44	18.12	7.21334	18.4267	3.89334	26.5067	10.1067	1.86668	8.28	30.6933	24.3067	-29.64	-6.45332	-31.2267	0.93334	-35.5733	-23.3333
-52.7955	-14.4	-19	36.2	54.8	34.2	25.6	25.8	41.6	4.6	-2.8	43	25.8	-18.6	15	-47	-4.72	-14.7867	20.5067	6.40002	10.2	16.8667	-19.4	5.58666	-27.6	8.65334	-5.96	-28.2933	-23.6267	-1.24	-1.94666	-5.61334	-25.32	-25.28	-20.6667	-13.0267	2.53332
-51.7829	-7.4	11.2	28.2	40	37.8	16.4	5.2	10.4	27.2	16.2	32.2	11.2	-26	4.6	-42.4	-12.0933	17.5466	25.8533	29.56	-9.06664	2.26668	-11.8933	3.53334	-7.18666	14.8667	-9.46668	-11.1467	-16	13.4933	-2.98666	20.5067	-13.48	27.3067	22.1733	27.7733	46.9867
-50.7703	-27.8	27.4	31	33.6	23.2	24.4	12.4	-8	-6.6	32.2	30	16.6	-11.8	6	-65.4	-2.02668	49.32	37.24	22.6934	25.4134	39.2933	-1.42668	26.76	7.6	34.1733	22.96	9.46666	-4.22668	21.6667	17.6	35.2933	12.5867	51.1733	30.3333	54.5867	86.1733
-49.7582	-34.4	3	32.2	11	30.4	40	-16.8	-38.4	-9	25.4	13.6	39.6	12.8	6.2	-48.6	2.26666	46.0133	7.66664	-25.2533	19.3734	1.21334	-9.97334	20.0533	-1.37332	7.21332	-7.2	6.72	-8.29334	-7.92	7.26666	40.7867	6.17334	42.3333	21.0667	56.8133	55.6666
-48.7459	-40.6	11.4	22.2	-3.2	21	17.6	-15.2	-41.8	13.8	30.2	29.6	22.4	28.8	31.2	-24.8	1.31998	34.44	-6.81336	-17.9333	6.20002	0.22668	-11.8933	5.53334	5.46668	-1.74668	-8.84	8.89332	1.29332	-10.2933	-4.26666	16.68	-2.2	5.00002	-22.6533	24.6533	32.5466
-47.734	-31.2	21	-15.8	-30.6	11.6	-17.6	-11.6	-59.4	9.6	28.6	20.2	24.6	20.4	14.6	-22.2	14.2	25.44	-9.89336	-1.6133	1.65334	-9.6	-5.73334	12.16	32.7067	3.71998	5.68	19.3733	25.8533	7.45334	19.7067	2.44	3.82666	34.4667	0.24	19.4933	0.63998
-46.7222	-45	26.4	-17.6	-19.6	-13.8	-18.4	-0.8	-47.8	14.2	43	-5.6	17	16	15.6	-3.6	20.7067	-3.64	-20.3734	-27.32	2.65334	-6.6	-7.68	2.97332	18.4933	-15.4267	0.68	-4.33334	-4.14668	-11.8533	5.01334	-8.54666	13.4667	0.05336	-24.0667	-24.2934	-20.9467
-45.7109	-28	3	0.8	-9	-27.4	-26.2	-0.4	-62.2	18.4	28.6	8.6	23.8	26.6	7.8	-15.4	20.8	-12.36	-39.5867	-25.3733	-28.32	-18.6933	7.57334	21.4	2.17334	-16.5467	-5.37334	-1.14666	14.8933	-15.6	9.25334	-12.7067	6.8	-7.11998	-36.8267	-26.3334	-44.7067
-44.6994	-11.8	14	-7.2	2.4	-17.6	-24.4	2	-65	-9.8	23.6	5.8	2.2	14.8	14.8	-26.2	24.8533	-27.4267	-44.4	2.12	-11.2267	-9.75998	-5.28	-4.69334	-5.42666	-13.5733	1.78666	-21.5067	9.10666	-11.3333	-22.0267	-0.86666	26.9467	-27.36	-34.6667	-42.4134	-17.2533
-43.6883	10.8	35.8	-1.4	-19.2	-24	-18.4	11.8	-41.6	-1.2	54	-14.4	21.4	-4.6	-2	-39.4	2.36	-32.1867	-31.28	-9.44	-4.4	-2.73332	16.12	-6.85334	-9.57334	-8.02666	5.34666	-17.1333	-12.4533	-22.52	-18.9467	22.6267	22.3067	3.82668	-0.13332	-17.36	-8.61334
-42.677	-0.8	28.2	11.4	6.66134e-16	-38.6	-17	-18.8	-45.8	-19.2	47.8	-24.6	6.6	-3.6	4	-16.8	-22.2667	-26.4667	-35.8533	-6.18668	-16.28	-9.55998	9.45334	-34.6267	-20.92	-11.9333	-9.88002	-24.2	-37.4	-37.16	-45.1733	11.5733	3.26666	-13.6133	-13.92	-16.52	1.32
-41.6661	-29	-16.2	-33	-29.4	-30.6	-8	-28	-43.4	-39.8	11.6	7	19.6	-16.4	3.2	-3.4	-55.6533	-13.2267	-26.4	-1.13334	-19.8267	-29.52	3.86666	-35.3333	-33.08	-21.6133	-8.49334	-7.24	-23.0933	-19.3467	-42.4133	22.32	-3.57334	-10.68	19.28	17.5333	3.08
-40.6554	-21.8	-4.4	-31.4	-16.8	-24.6	-13.6	-55.4	-26.8	-42	5.6	12.4	25.2	-30.8	1.77636e-15	11.4	-33.4533	10.32	-0.94668	-3.13334	-1.25334	-7.25332	-21.5333	-51.4533	-3.33334	-17.52	-11.44	-20.16	-27.4933	-14.8667	-46.44	-20.8933	-41.08	-34.2933	20.2933	-6.4	-25.16
-39.6451	-21.4	-1.33227e-15	-29.2	-11.4	-43.6	-38.8	-31.2	9.6	5.2	4.6	2.4	17	-25.6	-18	30.6	-24.8267	4.24	15.4533	-14.2267	7.18666	0.05334	-4.12	-18.1333	-5.94668	-23	2.25334	13.9867	-3.10668	11.8533	-16.7333	-36.0533	-48.96	-3.14666	15.52	26.8667	-35.3333
-38.6345	-34	-17	-21.6	5.2	-61.6	-51.4	-51.8	-13.4	0.4	-37.4	-14.8	-1.6	-3.6	-16.4	10	-20.8133	17.92	35.3733	15.08	-18.92	-24.08	-35.0267	-14.5733	-9.78668	-19.04	7.84002	31.04	-0.96	27.0267	2.81332	-60.28	-68.4667	-30.6533	1.10668	-2.48	-38.84
-37.6245	-18	-39	-17.4	-7.8	-52.2	-41.4	-61.8	-21	34.2	-43	18.8	25.4	15.8	-6.8	-18.6	10.8133	18.28	44.6266	-2.36	-2.33334	7.78666	-19.44	23.9067	-3.26668	-5.43998	23.2534	50.4267	11.5333	34.12	31.2133	-45.1733	-24.4533	-12.6667	22.3334	6.2	-37.76
-36.6145	41.2	-28.4	-8.4	-11.4	-68	-65.6	-60.4	-6	13.6	-20.6	9.6	2.2	-0.2	-19.6	-31.4	24.6267	-12.5733	20.4	-12.9467	9.85334	19.8267	-3.34666	10.5067	6.55998	-8.46664	10.92	22.24	15.2933	30.88	35.16	-32.6	-20.32	4.34666	-6.39998	-18.4	-31.8933
-35.6047	20.6	-23	-4.8	-22.8	-68	-92.2	-38.4	26.4	30.6	-26.8	21.2	-1.4	1.4	15	-36.8	34.7467	-22.44	15.0133	-15.7467	21.32	20.0933	21.4267	27.04	9.23998	10.7867	5.30668	40.0133	30.1867	23.1333	38.9066	19.24	19.8	47.48	-0.21332	13.1467	22.08
-34.5949	5.6	-47.8	-8.4	-24.2	-66.4	-67.8	-58.6	-4	1.4	-20.8	2.2	-8.2	-31.4	15.8	-43.6	21.2267	-7.86666	7.4	-2.48	18.0133	22.4667	8.48	19.6133	12.08	36.2133	-8.44	16.7867	1.04002	14.1067	28.56	35.7067	28.4	27.2133	7.01334	-7.16002	28.2133
-33.5853	14.4	-29.8	-17.6	-27.6	-47.2	-50.2	-34.4	3.4	-31.6	-20.6	40.6	20.4	-55.6	-14.6	-17	6.13334	-11.92	-13.64	-19.12	24.7067	28.2	13.72	16.2267	-5.21334	20.8667	-23.7467	-7.65332	3.78668	-8.79998	13.3466	45.5067	67.2267	44.6933	35.8933	34.5067	57.0933
-32.5761	-6.4	-42.8	-12.4	-31.4	-39.2	-31	-16.8	34.8	-12	17.6	16.6	6	-89.6	-19.8	5.4	13.84	3.13334	-16.0267	12.44	28.24	30.4267	24.1733	30.7333	27.5467	22.0533	-8.17334	-9.25332	31.48	-5.33332	20.04	60.8	26.44	31.6133	15.5067	6.84	66.7467
-31.5671	-14	-17.8	-17.2	-23	18.8	-1.8	-17	11.6	14.8	2	18.2	39.2	-69.8	-3.6	1	20.6267	13.96	-5.94666	18.32	12.5333	6.49334	10.6933	17.1733	29.28	37.0666	-1.73334	-20.72	19.6933	-4.29332	13.5867	41.0133	19.4667	18.5467	12.4267	24.4267	53.4533
-30.5581	13	-15	-48.8	-42.4	25.6	48	-7	-2.8	-9	17.8	8.2	47.2	-54.6	-32.2	25.2	7.05334	9.70666	-15.52	21.24	-17.0667	-28.6267	-9.83998	-8.86668	-8.69332	13.0533	3.2	-35.9067	-5.36	-24.8667	-10.8933	-4.88	3.52	-29.8133	-18.1867	-16.56	14.7733
-29.5493	28	18.8	-54.8	-46.8	56	66.6	5.4	12.2	-3.8	7.6	47.6	55	-28.2	-17	33	-8.88	4.68	-12.76	-3.13334	-17.6	-40.28	-3.59998	-6.17334	-3.06666	-18.5467	-9.45332	-38.1733	-1.34668	-39.64	-4.70668	-18.16	-1.89332	-30.84	-18.72	12.8533	4.55998
-28.5405	17.6	16.4	-36.8	-51.6	26.2	67.4	-6.6	18	21	-0.8	37.6	34	-22.4	2.8	41.2	-16.84	4.52	-6.66666	5.52	-25.1467	-47.28	17	-17.9333	12.76	-12.3067	-0.55998	-35.6533	-5.10668	-28.3467	-10.92	-16.1867	-9.09332	-34.8533	-50.84	-13.1333	-39.6267
-27.5323	30.6	29.4	-69	-64.4	52.6	92.6	11.2	31	5.6	-25.2	10.4	8.2	-6.8	-2.6	41.2	-22.5333	7.93332	-18.6	-8.89332	-11.56	-43.0533	13.6533	-45.4667	-3.84	-26.3867	-13.24	-31.64	-4.44002	-7.96002	-29.5467	-29.0667	13.1467	-33.6	-26.9067	-9.12	-53.1867
-26.5237	12.8	10	-37.8	-43.2	16	97.8	14.6	16	13.6	-10.2	-1.6	-9.6	-8.2	-12.8	30.8	-2.29334	24.4	12.8133	31.84	13.28	5.42666	26.0667	14.04	-2.85334	-10.5333	9.34668	28.96	0.91998	9.61332	1.02666	-27.5467	-11.2267	-18.88	-29.1867	-12.6133	-39.0933
-25.5157	20.8	32.6	-16	-19.8	9.8	73	-5.4	13.8	28.8	-13.4	-27.8	-36.6	-9	1.6	-5.4	-35.0667	18.8267	27.04	8.88	7.25334	14.3733	7.82668	5.87998	-11.3733	-24.3733	-3.12	37.48	-19.44	21.56	-4.13334	8.96002	-6.35998	3.62666	12.28	2.38668	-20.0933
-24.5077	1	-8.8	-15.8	-7	-10.4	56.8	18.2	25	41	10	-39.6	-36.8	-6.6	20.8	-32.8	1.72	14.4267	22.6533	17.7733	-3.33332	28.6533	-14.4533	3.58664	0.29334	-6.37334	10.4533	34.7067	-13.0667	20.88	-12.0667	-7.06666	-21.0533	18.1067	13.9867	-46.0533	-13.0533
-23.4999	33.8	-10.4	-27.8	2.6	48	56.4	7.6	33	23.4	15.6	-64.4	-36.6	5.6	33.6	-40	18.2267	-9	0.25332	4.65334	-0.96	36.6267	-12.2267	-4.46668	-10.4133	1.02666	0.71998	32.6133	-5.96002	12	-10.76	19.8267	2.62668	42.0133	52.2667	-8.91998	14.5467
-22.4925	14.8	2.6	-19.8	14.8	26.8	50	17.2	26.2	-9	20.4	-29.8	-41.6	30.8	48	-60.8	14.4	-18.7867	22.8	-11.4	-11.5733	23.92	-17.4133	17.0533	-25.48	20.8533	4.51998	22.2667	-18.7867	9.39998	5.21332	20.9467	1.06668	36	34.3733	6.04002	34.4267
-21.4849	13.4	11	-41.4	-5.6	43	55.4	5.6	26.2	-11	17.4	-7.4	-17.6	26.4	58.6	-41.6	-11.4933	-25.4533	-13.1733	-42.08	-38.4267	-12.7066	-47.2267	-20.88	-23.9333	-2.05332	-11.04	-13.52	-19.5467	-18.7467	-8.37334	10.9867	3.57334	8.35998	30.1867	20.32	32.44
-20.4778	3.8	-8	-52.6	-26.6	31.2	35.2	13.2	-4.6	-41.4	8.6	30.4	-13.6	32.4	49.8	-25.6	2.6	-24.1067	-9.49332	-23.5333	-14.7733	-5.50664	-24.4	-4.64	12.4134	26.1333	-4.02668	-30.12	11.8267	-13.7867	18.1867	-10.5733	10.84	4.67998	8.54668	8.74668	7.68
-19.4707	5.2	16.2	-29	-34.8	10.4	31.6	-13.6	-14	-27.8	10.4	19.4	-23.4	28.2	19.8	4.6	-26.24	-9.56	-23.3333	-29.56	-11.0933	-32.84	-14.4267	-14.8	1.38668	7.93334	-7.13334	-26.5333	2.48	-8.41336	17.6667	7.44	37.4133	-5.44002	0.61334	31.12	4.18668
-18.4638	-24.4	-1.4	-30.8	-23	-26.8	24	9.2	-30.8	-1.4	20	27.4	-45	12.8	-1.4	19.4	-31.7333	5.18666	-7.70666	5.02666	-3.57334	-29.4267	-19.6133	11.32	19.2667	-7.81332	15.5333	-27.0667	8.08	5.21332	0.26666	-25.32	-0.50666	-24.7867	-29.6267	1.90668	-1.69332
-17.4573	-5.8	-9.4	4.2	-11.2	-21.6	0.8	-13.4	-73.2	27	19.4	4.2	-33.8	-14.8	-26.8	33.8	-40.16	-28.52	-36.9467	8.69332	-14.9733	-34.4933	-28.8667	-30.7067	6.53334	-20.5467	-13.6533	-39.6667	-13.16	-15.4267	-27.3733	-33.1733	-26.6533	-31.9333	-31.68	4.04	-13.9866
-16.4506	-6.6	-20.8	4.4	-7.8	-37.8	-14.8	24.2	-21.6	1.4	-3.6	-25.8	-74.2	2.6	-14.2	25.8	-11.04	-10.7733	-6.8	26.2	10.64	0.15998	1.59998	3.72	1.98666	-11.96	4.13334	-27.2	3.21334	0.69332	-27.68	-26.0667	-39.8133	-36.7467	-28.1867	-45.2667	-40.0666
-15.4443	1.6	-11.8	-1.4	2.2	-20.6	14.4	50	3	47	20.4	-38	-57.4	-4.8	-8.2	49	12.16	7.05332	19.2133	39.24	19.56	15	29.9333	13.0267	5.04	-11.4533	26.28	-7.36002	-2.77332	13.4533	-9.18666	-8.82666	-51.9467	-30.3067	-44.88	-38.4533	-49.1466
-14.4382	8.2	1.4	2.8	8.8	3.6	4	48	-3	46.4	-7.8	-25.2	-29.6	18.8	11.6	68.8	50.6	20.6267	45.2933	36.2267	13.44	52.36	28.5067	17.4133	-2.52	2.30666	13.2267	8.74666	14.16	10.28	-14.48	-9.56	-84.3067	-34.7733	-44.2	-57.8533	-39.0533
-13.4322	9.6	3.6	4.6	-16.8	26.2	4.8	46.2	2.6	46.4	-9.8	-18.8	-17.8	31.6	36	68	45.6267	14.6267	34.48	4.65332	33.3067	53.2667	32.68	10.1867	-12	21.9333	-11.2667	16.2	17.3867	7.86664	33.7867	-2.93332	-36.6933	-16.08	5.93334	-30.2133	-8.06666
-12.4262	-0.4	6	-22.2	-22.4	39.8	34.2	65.8	32.2	47.6	-19.6	-16.2	-23.6	44.2	50.6	71	12.0667	32.2933	23.32	-2.13334	27.3333	28.44	30.5733	6.70666	-1.46666	15.4	-4.38668	20.5467	16.4133	16.4533	32.1733	5.82668	-7.77334	-9.84	25.52	-31.72	-9.62666
-11.4204	-25	4.4	-27.8	-32.6	45.8	26.6	48.6	27.4	53.4	3.6	50.2	10.8	31.6	39.6	90.8	5.58666	15.3467	-3.12	-31.7733	14.5467	-3.92	18.1733	-27.8933	11.4133	-4.18668	-33.1867	37.4667	-4.25332	20.1067	31.28	25.12	51.6	11.2133	21.44	16.6267	20.8933
-10.415	-29.2	-15.4	-2.6	-16.6	18	10.8	25.4	1.2	68	-13.8	38.2	-12.6	10.8	29.8	75.4	29.4267	2.24	-35.3067	-42.2667	7.66666	-0.50668	-2.28	-35.84	-19.96	-6.12	-48.4933	46.4	-2.69332	10.1733	15.8133	-5.70668	61.1733	11.4	26.64	22.8	35.6133
-9.4098	1.2	39.4	-19.4	-41.4	31.2	18.2	41.6	26	73.4	-8.8	34.8	-12.6	-16	20.6	64	-32.0267	-33.6133	-52.2	-7.04	-5.73334	-23.88	11.7067	-35.9867	-16.2133	9.25334	-40.8533	18.52	-15.1733	18.9733	23.8533	0.96	82.8	42.4667	34	81.0267	62.0667
-8.4046	-1.2	50.6	-20.6	-32.8	-8.8	22.8	59.8	36.6	72.6	-20.8	44.8	-13	-10.4	25.4	75.8	-34.4533	-31.9067	-76.9467	-18.9733	-40.16	-42.72	-9.22668	-43.6	-39.8933	-16.0267	-31.28	-9.56	-41.8667	11.96	-23.5867	-12.7733	32.9467	28.3467	-6.88	58.08	25.6133
-7.3996	5.2	61.2	-23.8	2.6	-41	12.8	44	38.8	74.2	0	49.8	6.4	30.8	23	89	5.14666	-22.7467	-25.96	-7.95998	-39.04	-32.1067	-40.8	-27.3333	-27.8533	-55.2667	-22.92	-23.2267	-38.0933	-22.3067	-11.96	-14.3067	2.29334	42.9867	-33.08	64.88	42.64
-6.3947	24	58.4	-22.6	61	-27.8	32	39	-4.4	127.6	30.2	28.2	27	30.4	3	62.4	-15.3733	-23.3867	-8.32	-3.69332	-55.3734	-21.56	-48.6667	-9.65334	-42	-36.8667	17.3333	-45.7467	-17.5867	-11.5867	-28.5467	4.88	-1.08	75.3467	16.2	49.76	35.08
-5.3898	27.2	59.6	-41.8	59.6	24.4	65.4	50.2	39	120.6	44	71.6	50	36	6.8	34.4	-42.9733	-3.81334	-7.01334	-20	-66.36	-37.48	-51.7067	17.2533	-15.48	-34.7467	21.24	-21.7467	-8.18666	-38.72	-32.3067	22.0133	-19.4133	73.48	27.16	28.5733	23.0133
-4.3855	-11.8	1.77636e-15	-50.8	112.2	39.2	106.2	53.8	9.6	96.2	47.4	76.6	52.8	22.8	-15.4	28	-40.52	-5.2	-15.8	-56.4933	-70.9867	-54.64	-59.7333	1.89334	-21.52	-52.44	32.1733	-22.16	-8.61332	-40.4	-53.1067	3.18666	-11.4133	13.08	22.8533	-17.8	-35.3467
-3.3812	-16.4	25.2	-42.2	109.2	64.4	100	12.8	-31	105.8	66	106	85.8	36	-25.4	16.8	-18.9067	-0.46666	7.66666	-36.4	-56.92	-62.9333	-37.1467	27.3733	32.8133	-15.8	32.6133	1.44	39.5467	-22.6933	11.0533	30.2933	-19.5867	-10.9067	36.2933	-32.7467	-14.5467
-2.3771	7.4	-6.8	-4.4	131.4	121.4	91.8	17.8	-7.8	127.8	96.8	102.8	103.8	2.6	-23.2	24	-71.8267	-29.8533	-54.2133	-53.12	-49.1467	-48.3333	-13.6533	20.28	12.9333	12.9867	30.2933	15.3867	31.48	-6.17334	15.6667	30.0533	3.61332	-33.5734	22.5467	-60.5867	-38.2533
-1.3731	54.4	28.6	14	114.2	159.8	124.2	56.2	38.8	118.6	68	77.2	94.8	0.4	2.8	31.4	-30.8534	-18.9733	-58.7067	6.04	-37.1733	-4.90666	29.52	26.56	29.4267	18.32	-7.46668	-2.04	29.0933	-14.28	42.2533	34.72	26.8133	-35.2	-8.87998	-19.5867	-23.16
-0.3695	54.2	37.8	39	95.6	124.4	80.2	11.8	-3.6	121.4	140.4	58.8	134.2	-11.4	-29.4	79.8	-1.80002	-38.0933	-22.16	38.7867	29.8933	75.3333	80.2533	22.7867	14.7867	50.56	-24.0533	-37.4533	34.08	35.64	65.5867	16.04	47.9733	-52.6267	-39.0933	-19.1467	-11.8533
0.6343	81.6	85.8	71	74	102	70	-6.8	-15.4	113.8	152.2	79.2	153.8	19	34.2	92.4	54.2133	-4.13332	45.24	55.72	80.4133	111.267	81.6667	42.3867	83.3067	79.7333	17.4	3.62666	50.2933	-0.42666	45.4133	15.88	8.90666	-28.68	-44.6267	-31.76	-7.61334
1.6377	95.6	76.8	65	67.4	121.4	132	27	3.8	99.6	159	22.2	116.8	-15.2	15.6	101	88.24	65.6267	111.733	107.4	145.12	120.08	96.8	63.44	72.76	95.5733	44.7467	24.4933	18.6267	7.68	-17.84	-11.6	25.5733	-36.56	-47.8	-12.7067	-25.9067
2.6409	103.6	135.2	65.8	79.8	67.8	113.8	15.8	-7.4	75.6	120.6	52.2	102.8	-39	-23	99.6	180.68	141.387	208.533	144.387	217.787	155.333	125.627	89.0533	90.3867	120.907	66.5867	59.3867	28.16	59.2	19.5333	3.67998	20.48	0.4	-13.1067	24.9333	14.12
3.6441	60.8	122.8	82.2	85.2	1.4	85	-17.4	-15.2	50.6	127.8	68.6	117	-22	-45	92	120.68	89.2133	156.307	75.76	191.653	83.3333	74.84	55.52	57.4133	73.76	59.8	59.0133	-6.59998	22.5467	-47.3067	-33.1467	-50.0667	-43.2	-15.2	-36.1733	-17.36
4.6471	45	119.2	47.8	94.4	-18	102.4	-6.2	12.4	17	45.2	42.2	25.8	13.6	12.2	54.6	79.9733	85.8667	110.28	39.2933	99.5333	12.76	15.6133	46.84	51.5733	22.08	72.88	49.8933	-10.5866	0.08	-68.6933	1.10666	-60.2667	-14.8133	19.1467	-9.88	1.70666
5.6497	44.4	89	17.6	76.6	-32.2	104.8	-2.8	21.8	31.6	44.4	27.4	0.4	-9	-16.6	41.8	4.23998	41.24	25.4	1.84	30.04	-35.1333	-22.9334	11.6	-52.08	-44.3733	-10.5067	2.25332	-46.5866	26.7467	-47.6133	5.98666	-32.4133	-4.72002	33.9467	14.9467	37.6533
6.6525	31.8	79.2	0.2	92.4	-54	44.2	-30	26.8	15.4	14.8	56.6	4.8	-2.8	-9	13.6	-46.2533	-24.7867	-31.8133	-48.4133	-61.44	-43.44	-68.76	-40.2267	-54.0533	-82.7733	-48.4533	-21.68	-61.3733	4.74666	-10.8267	28.9333	-20.04	45.0933	20.4133	12.2933	34.7066
7.6548	-21.2	35.8	-52.6	37	-45.2	49	-14.6	20.4	16.8	13.8	26	7.8	13.4	20.4	-19.6	-87.7067	-69.92	-108.28	-62.0667	-133.56	-77.4933	-62.2133	-48.2267	-69.48	-84.4667	-51.6533	-53.6667	-43.5067	-52.4267	-34.56	5.96002	-16.08	15.64	11.7733	11.5067	14.9466
8.6571	-39.8	28.8	-94.6	-2.2	-29	11.8	-21	-13.2	15	1.4	4	-36.2	14.8	38.6	-5.6	-53.92	-32.5733	-60.12	-46.0933	-103.373	-44.9733	-35.52	-8.09334	-42.68	-37	-22.2	-11.0533	-4.77334	-22.8933	45.76	-0.53332	7.25332	17.1867	12.3733	10.56	9.74664
9.6588	-34.2	10.6	-76.2	4.2	-4.8	3.8	8.8	-33.4	17.2	4.8	-0.8	2	11	6.4	-5.8	-39.2133	-26.6666	-40.0667	-6.85334	-73.0933	-36.9333	-18.7467	-20.4133	-15.5467	6.33332	-17.4933	15.4133	10.3467	-13.3067	50.5733	-28.24	-1.81334	-22.2133	-6.88002	9.36002	-16.12
10.6609	-51	-7	-65.2	9.8	-7	-39.6	15.2	-28.2	5.4	-12	4.6	-14.8	18.4	-14.6	-14.6	9.12002	-21.3466	-35.92	0.55998	-22.9333	-19.4267	-9.33332	-18.4267	18.68	29.2267	2.54666	17.7467	33.76	-14.3867	45.6133	-16.1467	14.1867	-5.05334	-5.26668	10.3867	-33.04
11.6624	-56.2	-35.6	-61.4	-7.8	-33.6	-46	31.4	-29.6	9.2	-9.8	-19.4	-3.4	28	18.6	3.4	10.1333	-35.0533	-38.8267	-17.9067	8.41332	6.94668	2.37334	-22.8	3.73334	29.7067	23.0667	15.96	49.0267	-11.36	17.7333	-27.4267	-8.93334	-32	-21.76	10.8267	-37.3867
12.6643	-36.8	-26.2	-49.2	-17.4	-39	-71.2	16.6	-34.2	12.4	5.6	9.8	2.4	25	38.8	5.8	-18.0133	-21.2	-20.16	-21.08	24.32	5.56	-33.1733	-26.56	18.0267	15.9867	1.04	29.1333	30.16	-2.34668	-6.2	-16.4933	-1.13334	-5.13334	-20.8667	-8.37332	-53.4133
13.6656	-30.6	-33.6	-22.8	-3.2	-41	-54.2	12.4	-32.2	9.8	-4.2	18.4	19.4	30.6	10.4	22.2	-23.1333	-38.2267	-29.6	-40.3333	-1.82668	-3.01334	-54.8267	-72.7467	-11.72	-13.0133	-14.1867	-11.1333	-7.61332	-1.33336	-41.0133	3.50666	8.17332	19.1867	-6.39998	15.0133	-12.7333
14.6669	-53.6	-40.6	-24	-22.6	-25.6	-42.8	-18.8	-20	48.6	11.8	32	7.8	29.8	45	19.4	-42.9467	-35.0667	-20.8933	-53.32	-15.4933	-24.3867	-65.6267	-79.2533	-46.2667	-44.08	-37.9467	-49.8933	-38.4	-16.9334	-52.9333	-0.42666	7.34666	27.7867	-4.42664	-16.6267	7.08
15.6677	-30.8	-28.6	-43.4	-26.6	-30.2	-37	-33	-27.4	29.2	-5	27.2	51	35.2	52.6	-3.55271e-15	-41.4133	0.10666	3.23998	-16.2267	-27.9467	3.27998	-24.4	-47.6267	-29.5467	-35.44	-12.2667	-43.2667	-18.9333	12.7333	-14.3733	-19.1333	-11.7067	7.06666	-22.2133	-31.7867	8.04
16.6687	-47.6	-26.4	-40	-4.8	3.2	-16.8	-47	-25.8	19.6	6.6	63	51	27.6	35	-2	-17.9867	23.0133	3.25332	2.86668	-15.0933	-2.53336	-1.92002	-4.13332	-34.2267	-30.0933	-25.04	-15.2133	-8.96	21.9867	-2.6	-0.28	26.4	42.7733	24.9067	-9.94666	27.2133
17.6693	-43.4	-37	-20.2	-5.2	21.6	35.4	-19	-19.6	-13.2	-13	24.8	20.2	9.4	0	-9	23.3067	13.3867	8.39998	17.2667	-28.6	-1.05336	24.2267	18.48	-32.0133	-7.18666	-5.52002	-17.8533	-15.2933	33.1067	34.0667	3.36	23.0934	25.3867	32.1733	-5.05334	39.1067
18.6697	-20.6	-32.6	-10.8	-22	39	52.6	-25.8	-30.6	13.6	-17.6	9.4	-9.4	-1.8	15.6	-45	22.7467	36.8933	10.7733	33.4533	1.63998	3.78664	48.6133	44.88	15.1467	10.72	-8.09334	3.97332	9.01332	21.1467	37.4667	-8.26666	29.7734	2.64	17.68	4.84	28.48
19.6701	-2.6	-5.4	-20.8	-10.6	24.6	47	-11.8	-32.4	-5.4	-23.8	0.4	5	2.8	-3	-29.6	17.76	29.7867	2.68	27.0933	4.11998	23.1333	53.0667	52.8533	26.84	8.65336	19.32	4.78666	19.96	28.6533	44.4533	9.64	23.6	1.56	26.96	38.2933	17.3733
20.6703	-19.2	-9.6	-0.6	-14.6	50.4	88.6	-35.2	-26.6	30.4	10.8	-14.4	-30.2	20.8	16.4	-5	20.8933	25.36	12.36	32.2533	30.3467	11.56	63.88	70.68	39.1733	29.6134	20.2533	32.3733	-0.24	5.31998	16.0267	7.57332	14.5867	-15.4133	16.4133	31.64	7.32
21.6705	-22.2	3.8	-1.4	-35.2	21.8	63.8	-20.2	-41.4	69.8	25.4	-57.4	-58.6	18.8	1.77636e-15	-13.8	-10.6267	-0.56	6.86666	15.0267	23.28	7.39998	35.1734	36.2533	28.3333	15.5734	22.8133	16.8667	-18.9733	-9.52002	4.05332	7.38666	10.2667	-31.7467	2.22666	11.8667	4.21332
22.6702	-20.2	37	-4.2	-43.8	1	30.6	-16.6	-43.4	82.6	45	-53.4	-39.8	44.8	2.6	2	-31.8267	-21.0933	-7.46666	-15.8933	-3.29332	-5.26668	8.86668	-14.8	10.8267	-8.9333	4.18668	8.17334	-9.21332	-15.8267	-40.2667	-3.14666	-1.73332	-33.4133	-26.8533	16.4133	-5.49334
23.6697	-25.2	48.6	-23	-42.2	14.4	32.6	7.8	-10.8	63.4	61	-22.4	-12.4	59	11	40.6	-24.9867	-20.9067	13.2933	-0.21332	0.13336	-13.5467	-0.94666	-14.8667	4.13334	-11.6666	7.94668	6.68	13.6	-16.08	-34.68	-16.16	-29.5867	-40.16	-48.4933	-29.84	-28.5067
24.6692	-34.4	34.6	-2.2	-38.2	15.4	47.4	-10.2	-27	50.2	60.4	-2.20002	-4.40002	44.8	7.4	40.4	-5.26666	-26.8133	-20.4533	-25.3867	-3.3733	-35.3867	-17.04	-24.76	5.70668	-20.2533	-16.2	16.96	9.94668	-34.4133	-32.2267	4.74666	-16.6667	-2.04002	-27.04	-33.7333	-21.0667
25.6685	-43.8	14.2	-19	-27.8	-1	18	17.2	-17.6	23.4	40.4	-1.60004	-27.8	18.4	-16.2	33.6	-10.7867	-32.0133	-24.3867	-38.48	-16.24	-25.08	-32.6533	-22.5733	-28.9333	-28.92	-11.8933	4.74668	10.9333	-18.9733	-10.9067	21.3467	2.44	26.7733	-16.32	-11.2667	-11.3867
26.6678	-42	-10.6	-9.4	-34	51.4	49	30.8	9.4	-2.60002	23.4	34.3999	3.39994	1	-20.2	33.2	26.72	-19.4267	0.68002	-16.3467	-10.1467	-11.08	-24.2533	-8.68002	-12.4933	-4.56	-10.2	-5.17332	21.24	7.78668	6.22668	13.4933	-3.18668	23.64	-20.16	-1.29332	-13.44
27.667	-17.4	-12.8	2.8	-5.2	48.2	43.6	2	-13.6	39.6	44	48.1999	-4.40008	5.4	2.79994	24.2	25.0267	-7.36	-13.56	2.82664	0.62666	-3.22668	-34.16	20.7733	-5.6	-4.42668	7.00002	5.32	18.64	-3.83998	25.7067	13.4933	0.03998	23.08	6.03998	-9.26666	3.85334
28.6656	2	-15.8	1.6	3.4	12	32.8	-13.4	0	7.19994	29.3999	19.9999	-16.8001	-29.2	-20.8001	25.2	27.4267	5.57334	-10.4267	5.22664	5.69332	2.72	-27.84	23.32	-17.2133	15.56	16	10.8267	-0.89334	1.24002	28.5067	17.3467	-10.36	33.12	25.9866	18.9467	8.61334
29.6642	12.2	16.2	4	21.8	-4.2	11.8	-8.80002	22.6	4.59992	28.7999	4.9999	-25.2001	-16.8	-4.2001	24.6	10.3333	23.44	4.22668	21.6133	3.83998	4.61334	-9.33334	11.9467	-8.46668	7.73332	20.56	-3.09332	-16.7067	9.12002	15.64	-8.82666	-12.8534	2.53332	7.95998	3.6	14.5733
30.6627	5.19996	26.2	15.8	11.4	-26.2	-15.4	-29	-2.00004	27.7999	29.9999	10.1999	-4.0001	-25.8001	-0.4001	29.4	1.45332	12.3467	10.4	20.16	0.85332	-11.4133	-10.28	-18.7067	-5.73334	0.6	-19.2	-15.4267	-21.4267	-12.8533	-3.77334	-19.6133	-14.72	-5.85334	24.4666	2.54666	12.9733
31.6611	16.3999	53.9999	34.8	30.1999	-48.6	-32.4	-59.8001	-41.0001	18.5999	28.7999	5.3999	2.5999	-2.80008	4.3999	55.2	-13.8933	20.3733	10.0267	0.98668	-12.04	-17.92	5.09332	-25.3333	-11	3.52	-13.84	-17.68	-12.36	-4.69332	-0.60002	-23.72	-29.3467	-17.9733	11.1733	-1.26668	-5.2
32.6589	-7.00008	28.1999	30.3999	20.5999	-29.6	-10.4	-32.6001	-16.2001	-22.0001	-5.2001	-1.2001	-21.2001	0.5999	3.1999	62.3999	-14.24	20.36	17.0667	-18.6266	-18.12	-12.1867	2.30666	-33.7467	-16.44	12.48	-17.96	-34.2267	-11.8933	-1.25332	-14	-21.0267	-20.5733	-18.8267	-8.10668	-27.5867	1.18666
33.6571	-6.2001	53.1999	59.9999	28.1999	-25.6001	-15	1.9999	-19.6001	-13.8001	-3.0001	17.3999	-19.2001	10.1999	33.5999	44.5999	-17.76	1.63998	-1.38666	-6.63998	-37.5467	14.8133	-11.9467	-34.48	-3.52	7.30668	-34.64	-30.7067	-12.3867	1.8	-22.2134	-22.28	-10.0533	-19.0667	-28.9467	-34.9733	-32.5733
34.6548	-36.2001	15.5999	45.5999	11.7999	-36.8001	-33	12.7999	-41.8001	-9.8001	-21.0001	35.3999	-8.4001	-9.0001	11.7999	46.5999	0.4	-9.25334	-5.64	2.46668	-8.46666	20.72	0.54666	-20.08	2.12	18.5467	1.86668	-16.5867	5.06666	10.8667	-11.2934	9.28	-0.49334	2.77334	-4.94668	-11.1333	-22.32
35.6524	-1.6001	1.1999	30.1999	29.7999	-4.0001	-11.2001	25.5999	-40.8001	-3.2001	1.9999	31.7999	7.59988	1.3999	28.5999	34.1999	11.1333	-0.26666	-8.17332	-2.58666	-24.1067	22.9333	0.88	-5.90668	26.1733	13.4533	24.1467	-0.62666	15.28	31.4533	-13.2534	33.7733	11.4133	6.08	-0.89334	-3.2	6.29332
36.6499	22.9999	16.9999	32.7999	32.5999	-5.0001	-9.20008	44.9999	-6.2001	10.9999	26.3999	28.1999	13.3999	-5.2001	28.1999	-1.0001	4.78666	14.0533	-19.88	-22.1867	-10.4667	12.7867	-2.53332	-5.74668	20.56	-10.8133	18.4533	15.0667	-3.08	-6.24	-22.1867	27.48	21.7467	21.04	28.52	0.61334	26.04
37.6472	12.3999	19.9999	11.5999	22.5999	-10.0001	2.5999	9.9999	-32.2001	5.79988	17.9999	42.5998	45.9998	-50.0001	2.59986	-8.6001	13.4133	18.5067	8.81334	1.64	28.3467	28.1733	17.0133	20.2267	50.12	-2.58666	13.6133	18.3467	17.08	20.0933	4.70666	16.1867	12.6	18.3067	38.4933	25.9867	18.3866
38.6441	-7.6001	5.3999	-11.2001	2.7999	-11.8001	9.5999	-19.0001	-72.4001	21.3999	38.3999	35.1998	59.7998	-43.6001	-7.00016	-27.0001	25.36	17.3867	22.3867	-8.50666	37.1867	2.42666	31.7333	41.5067	40.4133	-6.6	19.8533	17.12	18.48	19.0933	15.8267	17.0933	26.4933	13.8267	66.6533	47.8533	61.72
39.6413	32.1999	41.1999	-21.6001	-5.0001	20.5999	44.1999	-22.6001	-69.6001	-5.20016	20.5998	8.7998	41.3998	-31.6001	1.79982	-15.6001	0.90666	4.85334	26.4267	-4.05332	17.68	-5.8	12.88	48.36	23.3733	-3.81334	-19.8933	4.86666	-8.56	7.31998	6.89334	-10.9867	19.4933	-0.16	34.0533	37.5733	28.7866
40.638	15.9999	84.3999	-8.6001	-9.80012	23.3999	29.7999	-7.40012	-53.8001	-4.80018	11.9998	0.9998	28.7998	-22.4001	-19.0002	-0.2001	-11.24	1.66666	23.3733	-18.6533	27.92	-23.0533	3.44	35.76	-1.41334	-2.58668	-19.8266	0.42666	-22.8133	-23.6934	23.32	-35.5867	3.53332	-5.41332	25.1067	19.88	5.18664
41.6346	-7.40014	64.3999	-32.2001	-22.8001	15.7999	27.1999	-17.6001	-47.8001	20.7998	2.5998	5.39978	20.1998	5.79984	-5.80022	1.59988	-0.34666	-11.8267	19.48	17.7333	18.3333	-6.89332	5.81332	43.6933	-1.85334	18.8267	-7.91998	16.2533	7	-20.84	34.2133	-24.8	6.75998	-28.0667	-16.2933	17.6667	-15.8667
42.6311	15.7998	56.9998	-13.2001	-16.0002	19.7999	29.9999	20.1998	-25.6002	19.1998	-1.20022	4.79976	29.7997	-0.20018	-3.00024	18.9999	-23.7733	-28.12	-14.3467	1.52	-18.88	-40.1333	-5.52002	0.98668	-46.4	-11.6667	-17.88	-8.73334	-23.12	-38.1467	20.5867	-3.19998	24.1067	-27.6133	-30.28	22.92	-32.3867
43.6271	40.1998	54.1998	-30.4002	1.59982	-2.80014	33.5999	21.3998	17.1998	18.5998	-19.0002	14.3997	32.3997	7.9998	-0.20026	14.1998	-50.9333	-39.8267	-25.4533	5.66666	-17.6933	-43.1333	-13.9067	-29.3067	-47.68	-26.6533	-25.5333	-13.5067	-38.6267	-31.9067	-5.78666	-0.42664	4.61332	-14.7066	-51.3467	-9.89336	-36.1733
44.6234	59.1998	46.3998	-31.0002	-0.6002	-33.6002	19.3999	14.1998	17.7998	46.9997	-15.2003	13.3997	36.5997	16.9998	-15.4003	-3.60018	-19.0133	-24.6667	-22.52	5.91998	-0.16002	-12.4533	-3.37334	-22.1333	-44.8667	-7.16	5.38668	10.3067	-7.56	-10.4	2.56	4.54668	9.72	-7.21332	-38.8267	-30.2267	-8.33334
45.6192	55.9998	12.7998	-24.0002	-9.80022	-39.6002	33.1999	9.19978	51.3998	66.3997	-35.0003	18.9997	54.7997	5.99976	-7.40032	2.9998	-2.32	-16.92	-28.1867	27.4666	6.71998	26.3733	10.0133	-17.5067	-20.7733	-3.08	12.32	-3.02666	14.24	19.2667	-16.88	-14.0133	-24.7333	-22	-61.68	-41.1333	-27.6
46.6149	75.9998	23.3998	-0.20022	9.99976	-41.0002	29.3998	1.99976	57.5998	30.5997	-56.2003	4.19962	32.5996	-13.2003	-8.20034	7.19978	-0.09334	-40.12	-18.6533	18.44	1.23998	28.0533	2.12	-35.9867	-17.8667	-5.82666	-8.64	-12.6267	-0.09334	25.5467	-38.2933	-21.56	-52.44	-30.44	-46.0533	-79.3867	-29.2
47.6105	57.3997	13.1997	1.59976	20.5997	-14.4002	40.7998	-37.8003	73.1997	59.3996	-26.8004	7.79958	24.1996	25.5997	-1.40038	6.39976	18.72	-9.08	-7.83998	25.16	-2.18668	31.04	1.26668	-9.66666	9.50668	12.8133	-11.84	6.28	4.27998	31.8	-47.0667	-20.2267	-57.8533	-12.76	-20.5333	-77.7733	-15.5733
48.6056	-1.4003	-15.2003	25.7997	3.59972	14.9998	26.1998	-29.6003	47.1997	56.7996	-25.2004	-6.60048	21.5995	15.1997	-3.40042	7.19974	33.3467	6.8	-16.6666	3.22666	17.28	38.4533	2.06668	8.13334	0.25334	18.6667	20.8533	8.74666	11.4	28.2133	-26.12	-14.3867	-48.1866	-11.56	1.36002	-42.3067	-9.4
49.601	-31.4003	-18.8003	33.1997	-1.20032	26.9997	19.5998	-11.0003	44.7997	61.1996	4.19956	5.39948	37.5995	9.59964	1.99952	5.5997	22.2933	9.48	-3.91998	-10.2933	-11.2933	14.2933	-14.1867	-13.0267	4.16	4.8	2.26666	7.8	16.28	8.56	-3.97332	-7.13334	-34.9866	-17.04	-14.8133	-15.28	-19.2533
50.5959	-8.40036	-3.00034	33.3997	-8.00034	24.1997	18.1998	-27.6004	6.19966	28.3995	8.39952	-11.0006	23.5994	-7.4004	-6.20052	2.79966	23.6133	-1.92	7.80002	-0.36	-10.3733	10.24	-5.34666	-15.96	22.96	1.18668	5.13334	16.12	10.1866	10.28	26.2933	45.2267	19.4	16.7333	30.7467	52.9333	24.84
51.5911	9.9996	-1.40038	-4.80034	-26.2004	27.7997	24.1997	-12.4004	-24.4004	36.7995	12.7995	-11.8006	31.3994	-27.0004	-16.2006	11.1996	4.68	23.1067	-4.61332	-16.1333	-31.5333	-13.3867	-18.32	-6.96	24.76	-3.37332	6.00002	-2.29334	-5.36002	2.62666	20.7333	41.6533	49.36	56.5867	52.3333	78.72	37.28
52.5854	3.39956	22.3996	-3.00038	-39.8004	-4.80036	-9.2003	0.59956	-30.6004	25.9994	-5.8006	-29.8007	16.3993	-11.8005	-23.6006	1.9996	-10.7333	7.05334	-3.90666	-32.8267	-19.3067	-33.2	-22.28	-8.49334	5.06666	-13.6533	13.16	-18.9733	-11.5733	-28.68	28.2533	26.1067	39.8934	57.0933	53	74.7734	36.8667
53.58	43.7995	62.9995	8.59958	-29.8005	-3.4004	-5.20034	-36.8005	-44.0005	34.9993	5.59934	-35.8007	-17.4008	-48.6005	-42.0007	16.1996	8.88	33.24	28.5333	-1.53334	-16.8933	-8.60002	-13.0667	1.30666	19.1333	-6.93332	11.5867	-37.6533	21.04	-22.36	24.28	16.7333	57.56	73.2	63.4933	87.4267	42.1867
54.5746	10.3995	44.1995	-6.60048	-34.2005	24.3996	13.3996	-42.4005	-59.6005	14.5993	-17.0007	-36.0008	-25.2008	-62.2006	-44.8007	41.7995	-22.0133	16.7867	9.29334	-11.84	1.07998	-22.24	-7.11998	-0.05334	15.7467	-15.08	-3.62664	-53.3733	6.24	-33.6667	4.86668	-15.6	17.1067	47.24	36.08	38.8267	16.1333
55.5686	-11.0006	41.3994	-11.4005	-22.0006	26.9995	-1.2004	-40.8006	-35.0006	27.1992	10.1992	-30.4009	-32.4009	-71.6006	-51.8008	18.1995	-53.0133	9.02668	-9.96	-22.2533	-17.3067	-39.2533	-26.9866	-5.74668	-5.53332	-15.48	-19.0666	-50.52	-5.54666	-34.5467	-20.6267	-5.8	-0.89332	30.2267	8.86666	-2	1.85334
56.5629	-53.0007	13.3994	-4.60058	-5.80064	5.19948	-11.0004	-53.6006	-29.6006	13.1991	21.5991	-18.401	2.79898	-29.4007	-48.4009	20.3994	-36.4	-10.96	-3.28	-6.70668	21.4133	-34.6933	-17.1066	-4.16002	-4.63998	-19.64	-16.1066	-45.1333	-6.88	-30.08	-18.36	-3.76	-0.14666	-4.09334	-14.5733	-5.01334	12.4
57.5567	-22.6007	24.3993	-14.8006	4.5993	-0.20058	-13.0005	-37.4007	-29.8007	8.999	43.799	-28.2011	6.79886	-56.0008	-37.801	43.7994	-14.8934	7.00002	13.3733	12.4133	30.8533	19.4933	27.28	-5.34668	1.60002	5.29334	2.32002	4.26668	6.89332	-1.30666	-11.6533	-13.0667	-21.8533	-44.88	-67.08	-45.6533	-31.8
58.5504	-43.2008	-11.2008	-32.0007	4.59924	-10.0006	-2.00052	-19.0008	-11.6008	-10.8011	32.7989	-20.0012	17.9987	-11.0009	-17.6011	18.1993	-24.0534	-19.6667	6.38666	-25.8667	6.86666	15.1067	13.1467	-22.5867	-4.59998	0.78668	-21.8666	38.8	-10.7334	5.56	-1.36	4.86668	-27.4533	-56.7867	-80.6533	-80.28	-35.8933
59.5437	-5.8009	-14.4009	-6.20078	6.79916	-25.6007	-11.2006	9.59914	49.1992	0.99878	38.9988	-19.4014	20.9986	-5.601	-3.00124	-12.2008	28.3466	-13.1867	14.4933	-1.81334	11.3067	23.8133	14.1333	11.3467	-5.89332	13.36	-6.86664	52.9867	-22.8134	32.64	-1.6	45.7734	14.1467	-18.3467	-25.8133	-29.4	7.01334
60.5372	-31.401	-37.4009	-3.20086	10.9991	-34.6008	3.99936	51.199	56.7991	-10.0013	34.5987	7.39848	39.7984	22.3989	11.9986	-11.8009	51.64	1.65334	12.48	-7.84	13.08	18.4533	20.68	18.76	-11.9867	39.9733	14.5467	69.2133	-12.8	19.16	6.44	-10.56	2.34666	-23.6933	-24.28	-34.28	-16.52
61.5303	-18.2011	-2.00104	14.1991	9.79898	-14.8009	6.99928	79.5989	70.799	-9.00148	35.9985	-10.6017	8.19828	17.7988	24.9985	-10.201	46.8267	20.68	20.3467	2.86668	21.4933	43.9867	38.56	41.48	1.82668	37.4133	15.4	66.0933	6.30666	35.8667	24.9733	-34.2133	0.06666	-12.12	-14.4133	-26.9467	-38.3467
62.5232	-38.8012	-15.0011	13.799	12.9989	-23.201	-1.4008	57.7988	40.7989	-13.4016	2.3984	2.99816	6.1981	23.9987	24.5983	-38.2011	43.6667	12.4	1.39998	22.0533	15.1067	22.1867	21.5067	29.1867	11.9867	9.6	10.4933	32.0933	27.7333	44.4267	28.4133	-31.36	10.0533	-6	30.12	4.02666	9.38668
63.516	-15.0013	-2.20126	15.9989	22.9987	-5.8011	-13.2009	52.9987	8.79876	15.7982	25.5982	-15.402	20.3979	2.99856	19.3982	-0.2012	41.4267	20.32	-2e-05	55.1733	22.7867	6.64	11.9867	41.4667	15.44	9.46666	41.6	18.9733	14.4	15.0133	8.04	-11.92	18.08	11.7867	55.3867	39.9733	34.9733
64.5088	-7.60146	23.1986	-3.80126	1.3986	-22.4012	-12.401	-6.60144	-26.0014	-10.802	10.598	-18.0022	-6.20232	-4.20158	25.798	20.3987	33.3733	39.16	17.2933	63.7733	24.9333	20.6933	18.92	29.9867	12.64	18	58.7733	12.12	40.4134	9.8	26.08	-22.0267	-9.28	2.04	40	25.1867	10.6
65.5014	14.3984	41.7984	-17.6014	1.99844	-0.60132	-1.8011	-43.2016	-34.0015	4.7978	9.19784	-38.6025	-23.8026	1.99826	2.39776	29.3986	-5.76	18.7333	8.62664	37.88	3.46668	23.88	1.6	14.56	-3.70666	-21	22.12	-35.6533	19.84	-3.21332	13.5467	10.64	14.4933	0.54666	46.9066	30.2	25.9867
66.4936	16.9982	16.1983	-11.8016	-20.2017	6.79856	13.3988	-62.8017	-32.2017	9.99758	5.19762	-14.2027	-4.00282	-2.60192	-9.20248	7.99842	-9.21334	3.11998	-19.8934	25.2267	-15.5467	-0.6	-4.74666	-12.6533	-18.72	-7.66668	12.7733	-23.76	8.96002	-24.48	0.34668	28.72	-6.69332	1.52	24.2533	35.9733	31.8
67.4856	41.798	38.1981	-5.00172	-29.0019	23.5984	1.79868	-42.2019	-9.80188	10.9973	22.7974	11.597	18.7969	-9.00212	1.79726	13.3983	-28.6667	-10.5734	-15.36	-1.66668	-11.4933	-27.36	-9.53332	2.93332	-14.4933	-1.85334	-4.54666	-17.1867	-17.7467	-19.3866	-15.8533	57.5733	22.88	28.4667	36.8667	54.2933	24.88
68.4776	33.5978	48.5979	15.5981	-24.6021	5.99826	15.1986	-36.2021	6.59792	-11.2029	10.9971	14.1967	24.9966	22.1976	7.99696	17.7981	-20.5867	0.47998	-2.70668	-13.08	-21.2533	-14.9733	16.6	-1.25334	-1.76	17.6533	-1.81332	8.17334	6.89334	16.52	-2.62666	13.7733	-23.3867	14.48	-13.7733	18.24	-10.0667
69.4695	23.5976	35.7977	12.1979	-4.60232	32.3981	21.1984	-3.80234	2.9977	-1.00322	23.5968	23.9963	38.9962	50.3974	-11.0033	-13.6021	-46.88	-18.8533	-32.6933	-39.2133	-41.0267	-35.2133	3.88002	-14.68	-6.86666	-13.24	-34.8533	0.05334	-19.1333	-11.52	-43.9867	1.26666	-22.96	-0.08	-16.08	-3.74668	-24.7867
70.4612	28.1973	36.1974	1.99768	-29.6026	0.79788	-6.80174	10.1974	4.39748	-14.8036	-1.20356	19.9959	24.5959	39.5971	5.1963	1.79766	-11.5733	-9.02666	-23.6933	-23.7733	-13.8133	-21.9467	-4.69332	-7.52	6.22666	-11.4267	-20.1067	11.6533	-7.69332	17.0133	-24.9467	-27.28	-22.0667	9.77334	-34.04	-36.48	-41.2267
71.4529	20.7971	37.9972	-8.40256	-23.6028	7.39764	-18.0019	0.79716	-28.0028	-1.40394	30.5961	33.3955	22.1954	24.1968	-5.20408	24.5974	-29.4	-20.68	-9.22666	-21.08	-26.0133	-15.8133	-22.6667	-38.56	-3.97334	-28.4533	-10.08	-11.4	2.68	19.0667	-17.2	-23.5467	-14.3867	-1.22666	-26.6	-60.7733	-29.8933
72.444	7.59678	21.7969	-24.6028	-49.6031	30.3974	18.5979	6.99686	-32.4031	-22.4044	-23.4043	6.59504	-5.60504	25.9965	-24.6045	14.1971	12.0667	10.84	-5.50666	-29.6267	-29.6533	12.48	-17.3067	-39.4	-12.4667	-33.4133	-15.9067	-5.35998	-2.04	4.86666	-20.72	-28.6533	-33.0667	-10.6533	-53.7333	-55.08	-33.9467
73.4351	-19.6036	-9.00346	-46.2031	-53.2034	37.3971	-13.2024	30.1965	-9.4034	-38.4048	-25.2048	50.9945	-13.2056	-8.20388	-16.605	-23.2032	-17.16	-36.3466	-11.0267	-40.84	-6.29332	-15.56	-36.6933	-43.28	-17.0133	-44.9333	-41.5467	-41.9333	-22.28	-25.3333	-26.7067	-18.7067	-8.78668	-13.64	-30.8667	-45.9333	-30.6933
74.4261	-17.2039	-12.8038	-26.0035	-46.6038	24.5968	-20.6026	33.5962	-20.0037	-37.0053	-24.8053	27.794	-18.6062	-19.4043	2.99452	0.79652	3.36002	-10.76	19.4133	-6.02666	29.3467	13.4133	-26.2667	-39.4267	15.48	-2.74666	-15.8533	-17.4	0.45332	14.8533	17.6	-6.13332	12.36	-5.50666	-26.8933	-10.8	-10.0933
75.417	-14.0044	14.1958	-15.6038	-25.6041	42.9965	-12.0029	21.7958	-37.2041	-32.6059	-4.80584	43.5933	-3.20682	-43.2047	2.99396	1.99614	6.01334	-2.70666	14.6133	2.60002	21.0533	9.66668	-9.53334	-12.6934	19.4533	11.84	-19.8933	-13.08	-8.64002	-10.7467	13.2533	29.3867	7.93334	4.61334	10.84	24.2667	27.2533
76.4074	-10.6048	25.5953	4.79578	-15.6046	9.19612	0.79678	-1.80466	-35.0046	-28.0065	-8.40646	-4.80738	-56.2075	-14.0052	11.9933	-10.2043	20.8533	24.5333	35.4267	-0.57332	31.2667	22.64	9.44	7.19998	39.6933	24.6933	-32.4133	-8.74666	-5.80002	-13.8533	19.8	71.7733	29.0933	22.8	35.9333	57.12	45.2267
77.398	3.59468	7.19486	22.1953	19.795	-1.20428	-9.20356	-8.20514	-29.005	-7.60714	25.9929	4.99186	-39.8083	-32.4058	-0.40738	-18.4047	-11.52	-3.57332	33.3333	17.7467	53.5333	5.10668	12.9467	34.2133	40.16	40.08	-2.45334	-6.05334	20.9867	-9.45334	43.64	35.7467	21.8667	13.6667	48.7467	45.52	31.7867
78.3882	55.9941	31.1943	20.5949	3.79444	19.5953	7.19608	-38.6057	-39.8056	21.1921	13.9921	-27.609	-48.8092	-30.6064	-18.8082	-13.8052	-17.92	10.2133	-1.74668	22.1467	14.2533	4.44	20.5333	33.7867	8.29332	37.6933	-5.88002	-5.29334	-5.08002	-24.44	20.6133	32.72	26.32	0.57334	59.48	45.24	27
79.3783	25.3935	34.7938	8.59434	4.39386	25.9948	6.99568	-31.2063	-14.8061	44.1913	21.7913	-15.6099	-49.4101	-33.407	-28.209	-20.4058	-23.2	-0.49332	-17.9067	-6.38666	-17.28	-11.5467	17.76	20.7333	-18.3733	4.46666	-8.94668	-21.8533	-18	-32.3067	-3.88002	24.7733	28.16	-5.26666	45	12.8933	35.3067
80.3683	30.3929	0.79312	32.1938	7.39322	34.3942	23.1952	-48.4069	-57.4068	40.9904	32.7904	-32.411	-56.4112	-1.80778	-16.41	-32.6064	6.30668	3.42668	21.8933	11.7867	-7.37334	0.82666	36.5867	18.8	-27.4133	7.66666	23.5867	13.2933	-3.44002	-9.11998	3.73332	-16.9333	-4.99998	-25.6267	-6.64	-0.32	1.68
81.3582	28.1921	-13.4076	30.7931	5.3925	59.3936	1.79476	-20.6077	-46.2075	32.1894	-2.0106	-29.0121	-24.8123	-32.2086	-19.211	-27.607	-22.8	-13.2667	-6.81334	-14.9333	-15.28	-20.1733	29.4	12.1467	-33.9333	-20.32	48.9467	21.76	-15.6133	-4.63998	-8.72	-72.6133	-23.3067	-38.4	-26.12	-15.64	-15.2267
82.3476	-3.2087	10.9916	11.9924	-15.6083	33.593	-22.8058	-36.2085	-65.6083	24.7883	-2.2117	-22.0134	-35.8136	-9.00946	18.3879	-33.0077	10.0533	-15.1067	1.48	-8.70668	-11.0267	-13.2533	7.41332	-0.67998	-25.9067	-16.24	37.28	27.0133	-15.3467	-12.4667	-11	-52.2267	-14.6267	-21.5066	-27.5467	-20.64	-0.74668
83.3373	-32.0096	-1.60926	20.1916	-17.2092	16.1922	-25.0064	-17.0094	-50.4091	14.7871	14.1871	1.58526	-24.8151	12.9896	23.1866	-19.8085	36.5733	-3.76	15.3733	0.71998	11.0267	6.52	-12.7467	-3.34666	-14.76	-27.0533	33.0533	22.8	2.46666	13.1067	11.6	-43.0933	4.4	-16.8266	-49.52	-28.96	6.45332
84.3265	-13.8106	3.58976	5.59074	-14.2101	35.5914	-26.007	-31.0103	-55.0101	-1.4143	12.1857	-0.81628	-5.41664	12.7885	8.18522	-35.2094	22.3733	-12.2133	2.38668	5.97332	-1.05334	5.52	-34.3867	-9.33334	-7.49334	-34.68	15.5867	12.4933	7.93334	5.41332	0.02668	-36.6266	-13.44	-5.26664	-44.5067	-28.0533	-11.9333
85.3156	-18.8117	3.9887	-14.0102	-22.8112	-8.40946	-40.4078	-24.4114	-8.81112	-40.6158	-32.2157	-33.018	-14.2184	0.38728	3.18368	-27.8104	-11.0667	-15.28	-22.0267	-8.05334	-4.42666	-16.32	-47.12	-28.36	1.76	-33.1867	-8.70668	-4.70666	22.76	5.91998	-20.6	-11.04	-4.01334	7.7467	-12.9333	-11.8667	-18.68
86.3046	14.3871	9.78752	-20.4113	-20.8123	-4.81044	-41.8086	-11.6126	9.18772	-33.0174	-31.8174	-32.2199	-23.4203	-3.81406	11.782	-43.6115	39.6533	-4.52	1.58668	29.0667	6.4	13.7333	-40.84	3.73332	31.68	13.6933	-7.82668	27.8533	32.8933	17.6133	0.68002	13.88	-0.65334	23.5067	5.82666	-16.1467	-19.6533
87.2931	22.7857	5.38622	-27.0125	-37.4136	2.78848	-20.4095	1.38608	9.98644	-35.4192	-7.01916	-31.2219	-14.2224	9.58448	-0.21988	-16.6127	-1.08	0.34666	-4.50666	20.9067	-15.36	24.1467	-31.52	2.89332	20.12	24.8933	-9.36002	5.32	17.0133	26.2133	-13.7466	18.88	-6.50668	3.93336	-6.66668	-21.3067	-36.16
88.282	28.7843	12.7848	-42.4138	-40.615	-8.8127	-13.4105	-35.8154	-11.215	-33.8212	-8.02114	-39.2242	-6.22472	17.7829	1.97806	-5.61402	10.4933	17.1733	9.48	26.7867	-18.3733	19.1333	15.68	0.32	19.7733	35.5067	-1.88002	1.45334	18.6267	23.12	-3.25332	13.16	-20.5467	-2.99998	-13.56	-5.05334	-26.84
89.2703	57.3826	33.9832	-24.2152	-56.0166	-31.614	-19.0116	-19.8169	-5.41652	-71.0234	-25.4233	-30.0267	-14.4273	9.98108	11.9758	13.7845	1.75998	22.0667	10.0667	-9.70668	-8.70664	-0.17334	37.68	5.85334	9.54666	33.16	-1.70668	-7.94666	4.66668	23.6	13.6533	7.82668	-13.16	-13.1067	-9.49332	5.97332	-22.32
90.2585	24.5808	33.1814	-15.8168	-48.4183	-2.21548	-12.4128	6.18132	20.1818	-30.6259	-21.2258	-8.22948	-4.2301	25.9791	18.7733	20.5829	39.7333	32.9733	36.24	21.44	32.9467	26.0133	66.6533	36.3333	15.8667	46.9333	25.1733	3.86668	-3.89332	19.12	38.8533	24.6933	6.45332	4.17334	-8.53332	10.1067	14.32
91.2467	3.3788	46.1795	-27.6186	-28.4202	1.58292	-2.21412	7.77938	14.5799	-35.0286	-8.02844	2.96746	5.76678	50.177	5.57048	20.1812	7.4533	32.1067	6.30666	12.0666	23.84	-4.26668	38.4267	23.2133	-23.92	20.6933	-1.37334	-20.7067	-11.4	26.92	5.86666	22.1867	2.29332	-1.28	-11.2533	7.70666	7.13334
92.2347	-31.0234	6.57738	1.77952	16.5777	-4.41886	1.18442	12.7772	32.7778	-23.2315	-39.6314	-33.2359	-5.63668	17.7746	-30.2326	18.1792	9.5733	21.2667	-3.93334	13.4	29.9467	2.90666	39.8267	7.24	-24.2533	9.30666	13.2	-9.86666	-5.29332	10.5733	14.16	37.96	13.24	9.64	-0.65332	12.6	31.0667
93.2222	-21.4258	12.175	22.5774	32.1754	-4.02082	-2.4172	52.9749	24.1755	-22.0348	-40.2347	-24.6396	1.3595	22.9719	-19.236	10.1771	-18.8267	5.22668	-12.7333	-13.4933	20.1333	-14.4667	-1.88002	3.52	-16.8666	2.98666	-1.38666	-9.17332	-30.4667	3.6	0.64	38.2667	4.06666	8.73334	8.93334	-0.57334	-0.52
94.2101	-18.0285	-12.0275	-5.82494	51.1728	0.17702	-0.81898	34.3723	14.1729	28.5616	-29.0382	-50.2438	-20.2447	19.969	-23.2397	8.77468	-4.53336	3.68	-10.3867	32.0533	18.8533	13.7867	-20.1867	17.1333	-1.07998	11.1333	-1.14666	14.6267	-32.8133	-10.4267	-7.30666	31.5867	-0.01334	13.5733	21.7733	8.05334	0.57332
95.1974	-4.03144	-23.6304	2.37248	65.17	12.1746	16.179	49.1694	3.57014	46.3576	19.9578	-27.8483	-17.8493	28.5658	-19.2438	9.77206	-36.36	-13.12	-32.1733	-5.78668	-25.0267	-3.43998	-46.5467	-11.8	8.84002	-13.6533	-13.36	-17.24	-20.8133	-18.44	-37.1333	-5.57334	-8.16	-12	9.48	-17.5333	-19.9867
96.1847	-17.4347	-40.6335	-1.23036	36.9669	10.572	11.7769	3.3662	-14.233	38.7532	22.7534	-10.0533	-16.2545	7.96222	-8.64838	33.3692	-14.12	-23.2933	-18.7867	-17.8267	-25.52	2.68002	-32.2	-22.92	40.4267	-21.4667	7.08	-3.50666	2.30666	-52.2533	-27.1067	-16.32	-21.2667	-26.0667	14.5467	-1.43998	-18.7733
97.1718	13.7617	-4.23698	-15.8335	32.3634	26.1691	-13.4255	-19.2373	-22.4364	2.5483	4.7486	31.3412	-3.6601	5.1583	3.3466	38.966	-13.3467	-28.3067	-25.8133	-43.3333	-52.6933	-34.48	-30.28	-20.1733	11.16	-43.1867	-41.3867	-14.5733	-11.04	-56.36	-40.2533	-51.56	-9.50666	-24.5867	13.7067	-13.9333	-24.2
98.1585	8.55772	-0.64082	-17.437	24.9596	35.3659	-0.62818	-33.0412	2.75986	1.34294	10.9433	3.53506	0.73368	-44.846	-19.0589	46.5624	-25.76	-41.7467	-31.6933	-33.4533	-55.1067	-25.5067	-24.24	-22.96	8.37332	-58.1067	-24.2667	-26.6133	3.24	-43.3467	-37.5733	-43.6134	11.6667	-8.64	33.24	-15.24	6.09332
99.1454	-11.8467	-0.44506	6.1592	30.1555	12.7623	-8.4311	-28.2454	2.55568	-4.86298	10.1374	20.7283	14.5268	-36.0508	-16.2651	40.1585	-7.34666	-39.0133	-18.3333	-31.7867	-30.8534	-27.28	-3.06668	-16.92	9.62666	-29.7867	-2.90666	-5.69332	35.9067	-8.66666	-6.38668	-37.0934	10.3333	8.17334	22.48	-25.8667	17.7733
100.132	-6.0515	4.55026	-14.445	-11.0492	-2.04156	-39.0343	-21.0502	-4.24892	-27.2695	-5.26914	-3.0791	15.3192	-66.656	-42.8718	28.1542	-21.24	-26.96	-38.6133	-45.9067	-16.4534	-36.6133	-7.2	-21.56	-32.6267	-32.5867	-37.76	17.72	9.62668	-7.22666	6.61332	1.38664	41.64	35.2533	34.9867	12.4267	50.8
101.118	21.9432	34.7451	-5.84972	7.54576	-7.04586	-45.4379	18.7447	14.546	-27.2767	-16.8763	-9.2873	27.5108	-53.8618	-34.4792	20.3495	-26	-12.4667	-7.6	-24.24	-3.57336	-21.4933	0.49334	-6.14666	-72.2267	-9.18666	-39.96	9.96002	-13.4267	25.5067	19.7733	-0.38668	46.1467	36.44	7.96	27.3067	32.44
102.105	24.3373	9.1394	29.9451	3.34014	6.34938	-12.2418	23.1389	6.34042	6.71536	36.3158	-37.2963	24.5016	-20.4682	-15.6874	2.74428	-4.17334	-1.58666	2.85334	9.86668	15.8666	-4.74668	-9.05332	-11.56	-24.16	1.54666	2.88002	11.9334	-4.94666	31.7733	27.7467	8.26666	25.7867	35.72	1.76	27.4533	13.2266
103.091	-12.8692	-5.26686	13.3394	-21.2661	20.1441	-16.0461	38.9326	-9.86576	3.70658	17.1071	-33.5063	27.6914	17.5247	-0.6965	-0.2615	12.6667	4.64	9.66668	4.18668	14.8533	-18.8133	4.89336	-5.51998	-13.5733	15.3867	2.54668	28.7467	3.76	8.96	21.68	-12.76	-4.74668	22.5067	-16.6667	31.88	-2.56002
104.076	-15.2764	-12.4738	30.9332	-14.2729	31.1383	-0.4509	49.1256	-3.47256	11.4969	31.8974	-14.3173	22.4801	-3.2831	-13.9065	8.53212	2.83998	8.48	21.1334	-2.05332	3.96	-8.98668	-5.58664	-2.63998	-13.6667	1.57332	-12.0133	-2.41332	-26.6667	-14.2133	-12.04	-4.77334	-25.3333	-0.92	-27.12	40.0133	-11.52
105.062	-0.48432	-1.28142	38.5262	10.5196	35.1319	4.54382	50.9179	16.5199	32.4862	24.0868	11.8705	46.2677	-0.0917	-2.7175	-10.4749	24.2667	21.88	61.5734	40.28	7.46668	19.4533	28.64	24.2667	19.1067	21.0133	34.4	11.2	23.1466	0.01334	4.62668	-19.4	-56.6533	-27.6933	-35.4	-5.92	-52.7733
106.048	-29.493	-42.8899	43.5186	31.3112	49.7249	48.138	52.7094	20.7116	32.2745	6.4751	29.2571	49.254	-16.9012	0.07034	-19.0827	8.54666	26.8	35.3334	18.7733	-4.37332	21.1067	7.46668	24.0533	34.84	1.74664	36.8933	-12.48	0.30664	-4.52	-4.37332	-9.24	-51.48	-25.9333	-37.7733	-30.9733	-44.8
107.033	-13.5027	-5.29916	3.91018	10.502	-4.08288	13.1316	73.9001	38.7025	26.0615	-10.9378	50.4424	66.8389	-32.7117	-2.74308	-10.0912	26.9733	13.68	32.6267	6.65334	6.78668	15.3867	11	33.08	26.08	15.3866	13.3467	-18.16	-2.9067	1.37334	1.92002	-12.8	-49.3333	-27.76	-16.7067	-20.7867	-24.3067
108.018	7.48672	-1.30942	16.5009	52.0919	-31.8915	-4.6755	61.2897	43.2924	27.0472	-3.55208	47.226	38.2223	-70.1232	-4.35788	-15.7007	9.73334	19.7067	12.2533	13.0933	16.2133	26.5333	8.46666	21.1067	4.06668	15.5333	-2.46668	-30.16	4.4933	13.8933	-0.54664	26.6533	-25.4667	-16.9867	-8.92	-6.66666	-21.2533
109.003	-2.525	-19.3207	7.89062	47.2807	5.49908	28.7167	45.0783	62.6813	-1.16866	9.8322	25.608	52.4039	-53.536	-7.37422	-37.1111	10.1333	19.36	-1.85334	20.2267	20.48	17.1867	25.3733	25.0933	12.1467	23.2133	12.4933	-8.07998	14.4666	12.0133	16.7067	30.68	19.2533	-8.13334	21.6267	-2.86666	18.16
109.989	2.86208	-38.3332	25.6793	56.4684	-2.91134	30.5081	13.6657	43.869	-11.1861	14.8149	19.3882	39.1836	-39.35	-12.3922	-29.1225	7.09334	-14.3333	-25.2133	5.41332	18.2267	6.05332	0.21332	-4.34666	13.2533	13.44	-11.64	-23.1733	-29.2534	6.30666	17.7867	32.28	48.7867	8.68	34.3867	28.9733	37.04
110.973	7.44782	-38.747	1.26686	16.6548	-19.7228	-25.1014	7.65186	32.0555	-28.4053	25.7957	9.96628	35.1612	-27.9656	-3.8121	-27.3352	19.1467	-18	-19.5867	11.08	21.16	2.71998	4.12	-6.26666	24.0533	27.36	1.73332	0.09334	17.72	4.96	35.76	15.6933	32.9867	9.8	41	15.6667	28.0667
111.958	-6.3679	-70.3622	36.0531	42.0398	10.0645	-0.31188	-25.5635	6.64058	-42.2266	11.1746	11.1421	47.1366	-15.5827	5.56598	-8.14916	-28.2133	3.59998	-34.1333	-1.78666	-2.56	4.81332	6.96	-28.0667	-6.36	4.76	5.84	15.6133	14.64	-12.2133	12.2267	37.4667	47.3067	33.2933	36.5333	4.88	42.6667
112.942	3.41474	-60.7789	12.0379	32.8232	33.0505	23.8766	-27.3803	15.0241	-52.85	-6.64866	33.1155	58.5093	10.9985	2.7418	-32.5646	-4	1.78666	-6.68	-4.69334	-3.58666	23.9733	0.78666	-8.61334	-0.42666	-5.46668	23.24	21.8533	22.32	9.66666	27.76	9.69334	40.7467	10.8	16.92	-9.29334	32.24
113.926	16.3956	-17.9974	11.2212	17.605	11.835	3.6638	-2.19898	-0.19408	-30.8758	-17.0744	51.6861	56.4793	9.57768	10.5151	5.61844	-13.7467	13.6133	2.61334	1.4	9.33334	27.9333	6.52	-18.5067	7.34668	-0.18668	28.4267	33.2133	25.8933	32.4533	22.16	4.61334	20.16	17.9067	-15.2933	-6.97334	3.21334
114.91	0.3745	0.98222	-20.7973	3.18482	1.21798	-0.35026	-6.61952	-36.8141	-53.7042	-20.3027	58.8537	48.6462	26.9547	22.8857	8.39968	-31.7467	7.84	-16.2533	-37.64	-18.2933	-2.84	-39.7067	-32.5333	-23.96	-22.76	0.49332	5.30668	15.9333	-1.31998	-18.6933	-13.2533	-12.7867	-4.34668	-14.7067	-17.7333	-12.1333
115.894	28.3512	55.1597	-10.4176	25.3626	-13.0008	2.83424	-13.6422	-42.8362	-44.1356	-52.7339	28.818	13.2097	14.9294	38.8533	18.179	-40.8667	-3.04	-19.84	-41.3067	-34.0267	-27.4933	-42.3333	-37.2533	-54.1733	-32.1867	-14.1067	-13.0133	-20.4667	-24.6933	-52.5867	9.94668	-3.58666	7.07998	-9.79998	-6.41334	8.94666
116.878	-4.47446	70.135	-37.6401	17.5381	8.37848	15.2171	8.53284	-37.2606	-24.7703	-23.7684	8.17854	-31.4306	-2.49852	27.6175	-5.2438	-16.72	-12.8	-12.9467	-25.6134	-10.5333	-14.5467	-29.2933	-19.6267	-30	-15.7467	-12.1067	-23.96	-10.7733	-1.26666	-40.3867	-9.73332	-18.24	-17.64	-14.9733	9.85334	10.3733
117.862	-2.70276	66.7076	-19.2649	7.91112	-2.24436	2.19828	19.3053	-10.2875	-9.80846	-27.0064	-12.6649	-35.475	6.67068	28.7781	30.5311	-11.6533	-16.4533	-22.0267	-5.86668	1.13334	-41.8933	-12.88	-9.68	-8.47998	-5.69334	-28.8	-8.96	-24.2667	-22.0267	-58.0533	-18.3733	-12.6667	-6.21334	-5.83998	5.89334	12.3467
118.845	-18.134	25.0775	-37.4922	-17.7187	-1.46954	-0.82252	-16.7251	-51.1171	-25.4506	-59.6483	-29.9128	-45.5239	7.83672	39.1346	3.70334	-11.8667	-24.0533	-20.7733	-10.4	-29.64	-27.9733	-17.8667	11.2	-12.88	-11.0133	-42.2667	-28.8133	-31.8667	-33.8533	-38.6667	-26.64	-18.92	-20.1733	3.10668	-5.56	-15.5733
119.828	-9.7684	33.6442	-28.9223	0.0485	16.7027	14.3545	-23.1586	-27.7498	-12.097	-77.2945	-25.3657	-58.3779	-11.4007	39.2866	37.8728	28.64	14.2267	26.4934	41.3867	17.04	9.51998	30.7066	41.2	11.1333	31.7733	-5.21332	3.29332	0.36002	-8.14668	6.6	-13.9067	-0.41334	-3.56	-6.93332	-3.94668	1.58666
120.811	-47.8063	-3.7924	-28.7555	-44.1877	26.072	24.7292	-3.59554	-2.58584	-17.3482	-50.5454	22.376	-27.6374	0.358	-16.3663	8.43906	45.9733	25.6267	37.3734	75.32	43.1067	39.8267	50.6666	54.7467	38.7333	47.88	5.00002	32.96	19.3734	38.7867	27.7467	-3.50668	11.56	7.78668	0.25334	18.96	15.2533
121.794	-11.0482	-19.8328	-48.7921	-72.0277	2.43828	5.70136	0.96374	11.3744	-18.6046	-78.4016	32.7118	-13.5031	-3.48752	-31.8246	8.20188	43.5867	29.9467	64.52	64.56	26.16	39.2667	52.84	47.6133	39.44	53.1333	21.56	47	5.9867	30.44	38.68	-5.46668	20.3067	5.61336	-8.83998	2.46664	-38.44
122.777	2.3057	-6.67736	-41.2324	-87.4717	7.80106	3.47062	-25.0812	4.33066	-12.2669	-49.4635	21.041	-38.1754	0.66232	-21.2888	-9.8391	22.9867	32.5067	62.16	49.0933	4.37334	48.52	38.28	19.48	29.0133	36.92	31	43.2667	12.4667	35.3733	58.8133	-12.12	-4.03998	10.3334	-9.14666	-1.17336	-21.3867
123.759	25.6549	35.6735	-39.6769	-69.5202	-18.84	-19.7633	0.86936	33.2824	9.46456	-29.3317	39.5629	-31.4552	-11.593	-32.1597	-0.08428	23.8134	9	48.32	20.4	12.2667	33.32	22.9067	-7.98666	12.92	9.09332	18.5734	21.3067	13.84	33.4533	14.92	-2.53334	-14.68	18.68	-14.0133	18.5733	-2.66666
124.741	25.7988	46.0194	-41.3259	-90.3737	-13.0852	-48.0006	20.0148	21.4292	10.189	-21.607	15.6768	-23.5431	-22.0539	-42.0378	-49.9341	9.1067	-13.5467	23.4133	-2.29334	-8.93332	2.81334	3.17334	-5.62666	12.68	-2.76	23.64	4.38666	-0.47998	38.72	-13.1867	4.86666	-16.76	25.3467	10.6267	18.64	-8.03998
125.724	33.1371	55.9598	-60.5799	-72.6326	-29.935	-34.8417	-5.84532	5.57052	20.3056	4.91014	-34.018	-43.64	-31.5211	-31.1238	-32.7889	-13.68	-39.2533	-26.8267	-62.8267	-41.6666	-45.5067	-13.2267	-25.6533	-7.93336	-52.64	-12.3733	-48.9733	-35.0533	-22.9333	-28.04	-22.3733	-36.2267	-20.4933	-15.3467	-12.28	-18.8133
126.706	21.669	55.0941	-41.2395	-65.4975	-0.38998	-12.2871	-26.5116	-24.6941	27.0138	15.2188	-60.7225	-50.5468	-23.9951	12.9813	-36.0494	-21.4133	-24.8933	-32.2133	-63.4667	-9.17332	-39.0533	-14.4133	-6.93332	-4.1867	-46.7067	-15.24	-44.2	-13.28	-23.3733	-9.44	8.58666	-12.3067	-2.65332	-10.2667	17.7867	22.16
127.687	29.194	47.8216	-40.9051	-52.1691	1.54948	-11.3371	1.61542	-49.5653	38.5126	-0.8819	-67.4377	-35.4644	-45.8767	0.87682	-55.516	2.13334	-19.04	-31.6	-55.4267	18.6	-16.0267	-4.06666	16.6667	-2.85336	-31.8133	-9.2	-49.0133	0.62666	-16.04	-6.28	29.7067	9.57334	-1.25332	-6.35998	7.61334	0.80002
128.669	3.51136	41.7418	-22.9774	-25.248	-12.5172	-14.5921	-4.26502	-37.8438	23.4011	2.60718	-96.3646	-32.7941	-29.3666	29.7617	-33.5894	-5.32	-16.3467	-49.4533	-47.7467	7.8	-26.5067	-24.8933	-5.50666	-15.2534	-24.6267	5.58666	-34.7867	-8.46666	-27.92	0.33334	11.9333	11.7067	6.33334	-4.66666	-26.1867	-3.17332
129.651	6.62032	29.0539	-20.657	-33.9348	-20.3907	20.1472	-24.7536	-25.1302	26.0783	5.08498	-92.7044	-40.1369	-18.4656	22.6348	-7.67028	-40.7733	-12.7467	-72.24	-47.7467	-20.0267	-27.5067	-22.96	-34.12	-15.9734	-36.08	-30.3333	-34.8267	-33.2267	-46.84	-6.98666	9.52	1.57334	-29.2267	-20.0133	-30.76	11.1467
130.632	-0.27996	25.5571	-11.3447	-22.2305	6.92836	26.0804	4.54876	-29.0255	34.943	-18.4496	-59.4584	-14.0942	-36.1747	21.6951	-4.75936	-11.8267	16.5733	-15.4933	1.4	9.07998	-5.57334	-10.0933	-18.0533	-13.4	-1.77332	-0.76	15.7333	-5.89332	-12.4	17.3867	23.8	28.7333	7.58666	16.1333	-10.9467	16.9333
131.613	0.2096	25.6505	-17.4413	-8.3359	-3.76076	9.2068	-1.55874	-36.1303	30.994	-36.3979	-37.628	-11.0675	-34.8948	7.74116	1.14254	10.88	10.2933	-9.10668	5.33334	-20.0667	1.38666	-25.0133	-27.16	-33.56	-30.24	-16.7733	1.10666	-16.1733	-5.49336	-13.44	-22.2267	-8.29334	-4.77334	15.64	-36.76	-10.9733
132.595	-9.11202	20.533	-37.1477	15.9481	6.5411	10.7258	-22.8771	-33.8458	9.22996	-24.1611	5.38526	-0.45824	-13.0271	16.3717	15.8345	-5.26666	7.94664	-2.64	4.25334	-21.0133	-11.6667	-32.0933	-34.2	-30.4934	-16.1067	-21.76	15.4267	-26.76	-15.48	-27.88	-41.28	-35.5067	-18.4133	11.7067	-33.2267	-25.68
133.575	12.9541	7.80374	-47.8648	1.02032	50.8331	29.6366	-9.80744	-45.3729	15.6494	-24.3408	22.7797	6.93174	-13.9727	16.5851	-18.2844	11.4533	22.32	28.3333	21.0533	-1	-6.37334	-0.56	-21.08	-20.8267	-2.12	-22	42.3333	14.5067	-14.7333	-20.8667	-27.4267	-23.24	-16.8267	24.0533	-3.64	-18.04
134.556	27.0067	16.6614	-24.1938	8.6797	40.9141	25.1384	16.2491	-33.3128	21.0505	-27.5387	9.35336	11.9005	-21.933	10.9798	-8.21534	27.3733	21.0267	37.7867	31.5067	15.1467	22.88	11.32	14.08	-1.72	0.38666	7.54666	41.8	38.3867	9.4	8.70668	-29.5467	-13.3867	1.09334	13.6933	0.06666	-37.08
135.536	27.8445	12.3048	-16.3356	44.325	44.9832	15.6303	7.89124	-20.8668	-0.36824	-32.1563	2.90432	6.64612	5.69062	19.9538	-29.5594	25.68	10.2	27.36	30.5333	13.6933	44.5333	32.2	26.52	20.4	15.8533	18.68	35.2533	59	15.7333	18.44	-38.88	-35.88	-27.0933	-15.64	-30.1867	-66.08
136.517	25.6661	13.1325	-6.4917	51.7547	23.6392	11.7114	14.1176	19.3637	18.7911	-5.79584	1.43034	4.76622	13.6965	44.9051	-37.1179	9.22668	-15.52	33.28	32.1333	24.5867	25.76	14.64	20.7733	40.8667	40.4267	34.1733	30.12	48.4	6.70668	22.84	11.9467	-17.8933	-12.0933	4.05334	-12.6667	-29.84
137.497	6.86986	-6.25702	10.9366	27.1674	9.68084	16.9806	30.3265	0.17738	32.9263	5.14072	-15.871	18.6583	-7.91694	35.6316	-38.6922	-3.8	-15.2	9.62668	30.1867	31.16	8.69334	-3.04	12.7867	39.16	31.6133	30.1467	9.50666	31.1733	2.48002	18.6267	26.2134	24.2134	0.6	-2.76	28.08	17
138.477	-7.54596	-18.8654	21.9478	27.1615	-22.4934	-5.96318	-21.6836	-35.2276	45.8351	16.051	-24.6025	1.91976	-5.3517	-1.66912	-33.684	-0.73334	-13.5067	1.34668	29.5733	20.44	21.6667	3.4	47.6533	50.0267	34.6933	30.8267	-13.5067	19.4267	23.4933	49.2533	40.1734	13.3067	1.49332	-14.44	22.7733	32.0667
139.457	7.61678	-24.0946	-2.25974	19.1351	-50.2848	-40.7213	-9.91454	-42.0529	51.715	36.3325	-5.76684	0.54754	2.59022	12.0002	-46.0947	-8.68	-8.48	16.1467	10.64	15.6533	4.29332	-15.4	25.9733	23.0933	37.8533	17.3067	-10.5733	-2.74668	8.78668	11.4667	49.2934	33.4	24.3067	7.92	23.84	51.96
140.436	27.356	-15.1464	-20.6878	-23.7137	-77.0953	-32.295	-46.3683	-63.5004	48.9632	19.7825	-4.16724	-6.8615	5.7066	-2.76312	-27.3264	-40.2533	-8.74668	-29.9733	-17.3333	-8.51998	-11.92	-36.4	-6.74666	-13.7067	-8.26668	-5.56002	-31.4533	-41.5867	4.66668	-18.8267	49.7867	49.6933	39.5733	7.18666	52	65.6933
141.416	35.6696	4.17702	-19.5384	-36.587	-73.7265	-33.0859	-24.0472	-80.5725	16.7768	14.198	9.19284	4.8891	-27.605	-50.7623	-23.1808	-19.8933	25.0533	-29.9733	-6.17334	-10.96	-6.33334	-8.4	1.36	-15.5333	-17.12	-7.86668	-19.8933	-22.4933	15.0533	-15.6133	26.1067	44.8133	17.1866	-0.09334	36.12	53.7733
142.395	31.955	12.4732	-18.0136	-33.2872	-81.1804	-56.0955	-16.5534	-68.8712	17.5524	-10.6243	-1.89022	-28.8044	-42.1472	-78.4007	-2.06028	-18.7733	20.24	-16.92	-30.2	-29.36	2.97332	12.6667	-2.82668	-29.44	-24.5334	-8.38668	-21.6533	-17.2933	7.86666	-13.9733	-1.97332	7.24	11.2933	-1.50666	-4.71998	33.2133
143.375	71.4097	31.9398	-22.9157	-45.4167	-37.059	-6.32564	12.1105	-61.799	0.28654	-17.8878	-8.22046	-55.5461	-53.5227	-57.2819	2.433	-17.52	26.4933	-6.81332	-36.0267	-31.92	-10.24	12.2133	-19.7734	-39.68	-22.4267	-26.3333	-7.97334	-29.12	-8.04	-22.9467	-12.32	24.68	-4.77334	3.74666	-15.44	2.52
144.354	47.0309	42.374	-9.84702	-44.9782	-0.16474	21.6219	-51.8583	-77.7587	-6.22448	-37.1962	-11.4021	-42.5403	-39.7348	-37.2098	2.2965	-1.88	19.0667	-10.4533	-24.0267	-11.6666	-8.32	33.6667	-14.8	-24.9467	-24.7867	-14.3733	15.3867	-6.86668	20.3867	-3.97334	-39.96	-9.56	-42.08	-17.8667	-33.2133	-33.4933
145.333	25.0155	15.1728	15.3896	-57.1745	-5.3	14.3451	-44.4627	-83.9531	-1.3849	-26.5538	-22.0401	-34.592	-59.5866	-43.9886	5.32748	8.98668	14.2667	28.6267	-12.2533	7.68002	-18.8	21.3333	-12.6933	16.6933	5.02666	-3.44	25.0933	5.78666	6.97332	8.88	-44.0267	-18.4267	-38.96	-1.81332	-37.1466	-36.88
146.311	16.3602	7.33322	4.39136	-67.0089	-9.8674	-3.1582	-48.9058	-69.3854	-4.79904	-39.5649	-30.9391	-47.1062	-23.4818	-21.223	1.1231	0.52	-8.29334	-1.17332	-5.45332	22.8667	-8.25334	12.5467	-6.28	10.64	9.10666	-7.89334	19.6267	17.1867	0.42666	-2.89334	-36.7333	-43.5467	-18.28	-17.7333	-40.5333	-43.1733
147.29	15.2617	-3.94826	-1.2448	-48.8847	-15.4698	3.30956	-70.3911	-70.2588	-2.67168	-36.6342	-8.50474	-20.4883	-5.42408	3.0822	-9.7198	22.7467	-17.3067	5.68	22.76	5.94668	-12.8267	20.9333	9.73334	28.4133	21	-7.44	13.0533	14.68	-4.4	18.9733	-20.28	-34.3867	-39.2667	-22.1867	-21.88	-34.5867
148.268	-11.4841	-21.2753	-14.1222	-42.4054	-12.9102	-7.25406	-48.3223	-43.777	-5.60788	-42.7667	-4.54274	-10.9444	11.7823	19.7217	-32.6046	2.05334	-20.4667	5.77334	33.52	22.16	-12.24	-1.26668	16.16	22.6267	23.04	11.8	-10.7467	8.33334	-15.68	-6.76	-16.3067	-23.64	-2.93334	-24.92	3.04	-18.5067
149.246	-15.481	-31.0517	-23.0443	-39.9749	0.00802	-11.2518	1.49668	-44.9438	0.78686	-33.5679	26.1407	1.71922	-1.46692	6.48996	-35.7348	-18.9067	-32.8267	-5.05334	19.8133	-21.16	-26.8933	-29.0667	-7.78666	7.24	17.0267	11.8133	-32.3067	2.89334	-57.4933	-22.12	38.96	-5.08	28.3733	10.6533	27.56	7.24
150.224	-16.9333	-30.2816	-31.8149	0.80264	27.8816	-16.4865	7.86172	-31.7631	-5.49316	-14.2435	41.739	1.4959	-6.97644	21.181	-42.5143	9.32	-10.4667	-5.77334	29.0933	-14.88	10.2667	-7.40002	14.6933	-3.37334	21.0267	20.96	-21.2667	14.4133	-26.76	-18.4933	19.12	-9.97334	5.17332	-11.2267	6.02666	1.62668
151.202	-1.0455	-9.76938	-13.238	48.723	29.9067	-5.36104	11.1684	-46.6394	5.746	-11.9996	24.4453	-23.6214	-1.35112	21.1885	-24.347	10.1867	-4.06668	8.33332	8.88	-30.12	-4.28	-8.58668	-2.26666	-6.74668	18.7734	9.2	-18.3467	-19.6533	-25.76	-6.25334	10.8933	27.2133	-0.52	-13.6533	10.0933	4.98668
152.18	7.17752	-6.1197	-6.71764	35.9816	29.2797	-9.27878	31.4121	-58.7772	-28.3022	-24.2425	8.25214	-26.2403	-2.79624	-1.0943	-27.4372	-5.8	3.82666	-4.06668	-14.76	-36.1333	4.17332	-34.36	-14.1067	-33.2133	-10.2933	-3.29334	-1	-11.2533	0.65334	-22.2933	15.8133	35.9467	23.3733	-12.7733	4.81334	-3.06666
153.157	7.53086	-0.7373	-20.4583	23.9737	11.1963	-14.843	7.98792	-62.7811	-36.4444	-58.379	23.752	-8.36854	-39.7172	-38.0742	-33.5893	-6.4	-2.97334	-16.2667	-38.9067	-34.6667	-8.45334	-29.9733	-45.0667	-32.84	-25.6266	-15.1333	1.10666	-22.5867	18.9467	-9.97334	15.72	21.32	15.84	1.58666	-4.76	-6.22666
154.135	-6.1907	5.17276	-29.0645	42.2944	2.45258	-5.85704	-12.3091	-62.8561	-39.2877	-58.016	-11.6632	-31.4143	-53.5195	-37.7584	-51.0079	29.4133	25.1867	-13.7733	-16.8	13.96	24.2667	-7.89334	-0.15998	-31.6667	-19.04	-9.86668	16.4267	-18.84	45.7334	18.0133	-25.5333	8.05334	-1.33334	-5.97334	-7	6.8
155.112	25.8075	37.2054	-31.7408	29.9385	-18.1559	-14.3246	-19.6843	-60.4074	-16.8392	-71.9607	-6.60152	-49.1858	-25.2092	-33.5544	-58.0978	16.32	-4.78666	0.84	-7.09336	16.8667	4.56	-15.24	-11.7067	-37.32	-23.4667	-26.9067	12.4933	-34.9733	19.68	19	0.90666	-5.59998	4.86666	10.6533	6.88	17.1333
156.089	6.71984	18.955	-91.8923	-14.4994	-5.83374	12.7507	-26.943	-58.8401	-19.7066	-80.8207	19.3282	-28.0921	-30.9923	-45.4701	-63.064	6.0533	9.32002	-7.92	5.30664	24.7333	30.3333	0.08	-4.84	-12.0933	-36	-14.1467	13.5733	-25.56	14.2667	25.2667	-2.14668	-34.1866	4.62666	0.38666	-5.21334	-17.4667
157.066	8.74076	24.0164	-117.924	-23.0245	26.8147	33.965	-43.0908	-39.5597	7.30276	-67.8034	22.9176	-39.5418	5.52524	-13.3131	-54.9114	17.9733	23.3333	9.97334	21.9333	66.2133	37.0933	48.6133	14.6667	34.32	15.3733	17.6933	12.44	-1.58668	7.38668	27.3733	17.5333	-23.64	0.26666	20.88	-1.93334	-9.10668
158.042	-4.93548	25.984	-84.0401	13.9578	-5.41532	33.9146	-44.5331	-26.3715	31.581	-38.3165	17.1578	-23.5439	7.93706	-8.89158	-43.0451	27.0266	33.4267	20.04	32	39.8	39.32	48.76	31.12	43.6133	21	43.0133	11.7867	25.2533	4.09334	16.3067	-8.89334	-43.3333	-41.32	-1.18668	-21.72	-32.7067
159.019	11.2854	2.45224	-74.0465	28.8418	6.27166	3.99568	-16.2755	-1.881	28.9205	-38.9676	20.4401	-36.7073	19.437	-21.4133	0.92984	-11.3467	-0.62666	15.1867	18.2267	8.79998	18.6	24.76	-4.77336	47.0533	7.89332	20.3867	-9.50666	27.0533	-19.8267	1.10666	-18.2	-47.5333	-36.5333	-25.7867	-40.6	-56.2
159.995	-25.4022	-20.9843	-63.9478	3.02238	7.87106	-14.1956	26.4765	19.1065	14.3136	-49.1645	-13.8443	-26.641	33.819	6.51366	19.0084	-13	18.76	-7.84002	-1.42666	3.22666	15.8666	-3.49334	10.8266	32.0133	22.92	8.33334	-5.88	38.2667	-15.0133	-22.3333	-21.3467	-47.8	-28.88	-40.9333	-60.4267	-68.8267
160.971	-11.0036	-9.53076	-27.9487	-7.5057	-13.4214	-59.4626	30.3176	13.7859	27.9532	-31.1141	-46.7034	-17.1533	10.8771	2.88206	0.38582	-47.36	-28.7333	-26.4	-28.92	-41.2933	-44.0667	-33.2	-16.6267	-0.67998	-1.33334	-40.6267	-7.48	-0.58666	-44.32	-49.0533	-11.3467	-20.5867	-37.9467	-19.3867	-50.4533	-20.64
161.947	3.47618	18.208	-6.0535	-4.54716	-34.4098	-54.8089	12.0431	8.55248	7.2324	-35.2232	-64.7451	-45.652	-33.194	-17.1152	-26.5423	-42.6533	-41.7067	-38.0534	-49.7733	-51.1467	-63.6267	-59.3733	-25.6133	-31.9733	-27.5867	-49.08	-30.76	-17.2667	-43.24	-54.6933	-35.16	-25.9867	-42.6933	-42.1867	-58.0666	-27.5466
162.923	10.8322	27.8273	-14.8665	-31.7066	-10.8979	-56.0376	10.2482	16.4016	-4.25522	-15.2983	-58.5767	-53.1447	-27.1997	2.91528	-18.3804	-38.16	-74.2533	-23.4534	-42.5067	-42.7867	-65.9333	-51.68	-11.8533	-39.4933	-44.1067	-66.68	-24.28	-32.3067	-59.4533	-45.3067	-17.96	-10.12	-19	-38.72	-50.8	-10.5466
163.899	-13.1393	21.1234	-45.3912	-63.1879	-43.2891	-48.5514	2.72906	9.92954	-30.115	-19.3448	-40.0042	-27.8376	-21.5442	8.16786	-58.5317	-3.57332	-40.0933	5.59998	-16.3467	-16.6133	-63.88	-18.8533	22.0667	-48.3733	-35	-40.36	-2.21332	-19.4267	-35.0133	-26.2133	-7.38666	3.21332	-19.3067	-41.52	-40	-24.44
164.875	-1.4419	-3.10698	-55.4305	-43.3942	-24.786	-19.3524	-22.7176	12.9331	9.24842	5.6329	-32.633	-49.536	-60.6312	-34.1621	-40.5995	4.82668	-21.3733	16.1867	-13.28	-8.18668	-27.5067	31.0667	15.5467	-28.8267	-13.5333	-12.28	5.32002	-17.0533	-23.3467	-0.26664	-7.38666	27.2533	-10.12	-29.96	-9.66666	-15.04
165.85	-7.67788	-38.4662	-34.7865	-5.32774	3.20938	20.3577	-49.6941	17.8099	-9.3681	-11.7685	-24.2666	-46.8437	-40.4633	-43.478	-12.3858	35.32	3.06668	40.84	18.36	26.3867	18.2933	49.3467	36.9333	-4.52	24.2667	48.1333	-16.32	39.1733	20.2	23.32	2.45334	19.2267	-11.2	-46.24	0.82666	-33.68
166.825	-25.2491	-53.7561	-52.2608	-2.9904	-8.50438	26.9776	-35.8024	17.7583	-1.16714	-0.15142	15.4921	-5.36366	-28.4425	-44.3824	-5.29222	10.9733	3.90668	28.5467	29.6933	8.69334	20.8667	27.9867	21.2533	19.7333	-2.46668	34.1067	4.1067	14.3733	17.7733	8.21334	20.7467	-3.56	-14.6134	-37.6533	-7.76002	-56.9333
167.8	-17.9557	-64.5767	-56.4535	-4.9822	-17.5274	-11.0927	-33.6423	-0.42174	-16.9488	-30.1161	20.2429	-32.4959	-13.969	-55.0754	-3.11888	17.4533	31.8533	7.58668	30.68	33.56	31.2533	24.4533	8.92	19.6	30.9733	47.56	-3.58664	17.6133	45.2267	2.82666	7.56002	-14.76	-30.3467	-23.5067	-9.34668	-62.3733
168.775	-3.79696	-57.5272	-14.3639	13.6975	32.341	30.5474	-39.2133	23.6704	0.48802	-8.2614	-2.81296	-46.4393	-38.2418	-63.556	12.9349	-10.0533	3.28	-18.4133	4.76	-1.98666	33.1467	-5.84	-33.84	28.8533	28.04	25.28	-21.6133	-12.8267	11.2533	-33.6133	-1.77332	-36.9067	-47.96	-39.7867	-40.04	-57.48
169.75	3.4295	-39.2056	-6.59014	8.05104	15.1025	4.09924	-27.9131	21.2368	-15.2537	0.81566	13.728	-18.5904	-28.2586	-35.621	-17.3289	-13.1333	-4.09334	-21.9333	6.50666	0.33334	18.1467	-13.1467	-36.4133	31.5733	2.61332	-6.04	-19.1733	-11.3733	0.63998	-38.52	-10.0533	-54.36	-52.1467	-29.56	-57.2667	-56.5466
170.724	-22.6727	-33.6082	-25.3289	0.88174	-17.4397	-23.4346	-4.73818	41.8811	-21.769	13.52	27.6713	10.2567	-33.8154	-10.8653	-23.107	-14.3733	1.86666	-25.6933	-1.36002	7.73334	4.66668	-18.24	-33.7467	18.1867	0.88	-14.5867	0.81334	-19.6267	-2.54668	-28.6267	-47.4	-80	-81.44	-49.7867	-68.9067	-58.0133
171.698	-29.898	-60.3297	-22.5754	-11.605	0.51866	-39.8505	-5.48304	40.8085	-12.4504	3.8591	0.42562	4.1108	-23.906	7.1189	-2.99442	26.44	24.2	-3.02666	17.1333	21.7333	19.3733	8.10668	-7.30666	12.9467	30.0267	15.2133	16.6	4.86664	-2.32	11.2267	-65.7867	-67.0933	-75.48	-65.24	-57.2133	-50.5867
172.673	-61.4392	-73.7631	-9.12322	3.39764	17.3835	-8.74362	3.25926	47.2258	-1.48818	25.6426	-30.1981	7.78298	-0.3227	19.1415	-10.1848	9.78668	28.2266	-0.61332	-8.7467	-1.17332	15.6933	8.42668	2.10666	19.7467	3.73334	5.20002	35.8	-3.69336	-17.9333	10.5867	-67.52	-46.08	-81.68	-80.68	-70.36	-20.64
173.647	-56.6879	-77.7002	-25.7651	-16.3022	-14.6384	-26.1083	2.89698	13.1411	-6.4709	20.4819	-17.1867	29.8866	17.9437	23.8145	21.9293	4.94668	27.8266	-9.65332	-11.08	-9.96	-5.61334	22.08	19.0933	-6.22666	-7.23998	0.94668	15.1867	-11.2667	-0.26668	-0.73334	-58.6933	-31.72	-67.6667	-66.16	-63.4267	-34.2133
174.621	-53.2334	-52.7309	-16.6916	-27.2945	-26.9384	-17.3375	-5.95954	5.36452	-26.7842	5.19126	-16.1241	42.2384	29.3049	14.3525	11.7575	-11.5333	7.31998	-7.84	-7.37334	-23.3733	-30.04	-5.44	23.6666	-20.5467	-23.6133	-4.70666	14.6533	-17.8134	3.72	-3.6	-33.3467	25.32	-29.7067	-42.3733	-24.2133	-9.66668
175.595	-35.4637	-35.2435	-27.0923	-34.9677	-12.5069	-7.82328	-16.4987	-4.49266	3.38802	26.9867	2.0083	16.0571	44.3737	10.5723	11.1103	0.10668	4.83998	7.97334	-12.9733	-34.9467	-14.6	-3.58666	14.76	-24.1333	-17.6533	-14.3333	20.9867	-7.33336	-9.62666	-17.64	2.47998	19.9067	-11.64	-19.84	-29.8933	-12.5467
176.568	-57.3652	-32.6248	-15.1554	-14.9088	-22.9329	-5.95652	-4.30712	6.78252	11.6641	46.6865	16.2313	27.364	29.965	4.4928	-3.60022	-28.32	-20.2	14.76	-27.4267	-24.2267	-14.52	-26.0133	-5.73336	-42.4133	-20.0133	-28.7867	-0.77332	-20.88	-12.3067	-37.7333	27.9067	22.3733	-5.38666	1.25334	-28.16	-3.72
177.542	-9.72402	-5.86148	-23.8685	-13.7046	-24.6051	-13.1279	-22.5713	-6.59664	24.663	29.9095	43.5664	59.1811	11.2941	-8.06642	4.83844	-24.28	-47.7333	5	-17	-31.28	-13.2533	-14.7467	-19.8934	-24.9733	-10.5067	-33.0134	-31.6533	-30.0267	-9.59998	-42.52	52.96	16.8267	36.52	20.2933	-15.72	-22.9733
178.514	-5.7239	-4.7378	2.78242	-6.53962	-35.9104	-13.9266	-24.8755	9.38516	35.4065	12.2774	50.4383	36.5338	8.17854	-12.8829	-27.1594	0.30668	-47.2133	8.02666	-21.8	6.83998	22.8267	-24.12	-9.85336	-3	-10.3467	-6.52002	-2.01332	2.28	-33.3333	-12.28	49.6133	11.44	33.76	21.4267	18.3333	14.9067
179.488	-25.3491	-22.0386	-21.3888	-9.99878	-9.03618	18.6577	-47.0043	-12.2571	60.1158	19.8113	62.8714	19.0467	-17.9646	-22.5347	-11.5797	-24.7867	-31.1333	2.33334	-17.5867	15.6533	17.96	-31.6267	-7.40002	-3.52	3.21334	10.1466	-31.3867	2.97334	-30.1866	-8.90666	49.3733	-33.3467	25.2	29.6267	13.3067	4.66666
180.46	-11.7826	-17.7474	-30.7673	-11.0658	2.83136	15.8366	-30.1411	6.89286	45.814	1.334	47.8918	15.3466	-36.5168	-34.998	-10.2074	-22.8933	-16.7867	-16	-9.66666	36.5067	9.87998	-25.52	-4.54668	0.85334	-12.36	1.93332	-20.7867	-5.10666	-22.4266	14.8133	25.2667	-2.42668	63.9867	54.8133	55.2133	30.5867
181.433	5.19256	6.1522	-41.7382	-11.3247	23.9059	38.8212	-31.0696	25.451	54.9237	-11.3317	57.7254	32.0601	-14.4596	-19.6493	-3.02744	-21.2667	-16.52	-37.1733	-5.46666	-4.36002	-0.69334	0.77334	-10.4133	5.56	-9.53332	3.54666	-11.52	-4.41332	-4.93332	17.0267	12.8933	9.06666	66.68	46.8667	69.32	36.9467
182.406	-26.4069	-11.3237	-25.6869	-30.3592	30.8009	57.2227	-29.3734	44.8332	39.4678	9.83674	44.7981	37.2134	-6.5747	-15.4653	13.5751	-17.84	-4.28	-33.4667	-11	4.50666	-10.4667	-26.9067	-1.96	-12.9733	-12.88	3.73334	-17.44	15.08	-4.88	26.3867	-1.61334	6.70666	46.8666	54.92	73.5067	47.6
183.378	-46.9647	-6.75942	-44.7992	-8.55408	24.9295	23.452	-24.8366	60.655	25.868	22.0611	18.7347	35.2321	17.1555	20.9769	21.8146	1.30666	27.56	-3.70666	21.7467	6.17334	-6.93332	5.16	2.77334	2.18668	5.29334	-9.46666	-8.30668	19.52	31.4267	33.32	-4.90668	8.26666	47.7466	53.4934	76.4267	33.8533
184.35	-20.4653	-3.93988	-34.8614	-2.69434	-6.0957	-1.08056	-2.04412	68.531	1.54544	9.16218	9.15914	38.9405	23.3479	1.29874	22.305	56.7467	32.7333	24.36	42.7467	6.66668	5.36002	42.4267	18.6133	54.16	22.4533	16.1333	34.9067	41.32	54.6	64	-4.24002	22.7333	35.3866	18.0934	59.4934	42.3067
185.322	-37.0942	-0.85108	-11.6609	-11.7662	-19.863	-2.56536	2.61816	57.8752	0.11958	5.95956	31.6937	51.1614	15.6182	-3.67946	-0.94094	29.3067	26.9867	42.9333	46.4667	-14.7467	-12.72	27.9867	13.8267	43.56	28.92	20.28	21.52	26.6267	47.8133	38.4667	3.91998	47.9867	29.8933	26.0267	22.16	32.0134
186.294	-39.6383	-21.8805	-0.78626	-8.5572	-20.962	-6.79372	-1.6371	39.6998	-17.792	17.0706	6.75838	23.3152	21.7808	-12.5396	0.28836	32.6533	21.6533	35.7067	23.3067	-6.53332	-20.52	1.34666	-3.41334	20.9867	9.53332	-2.2	3.07998	13.4667	22.92	26.0667	26.9333	47.8267	25.1733	48.84	38.1867	39.1467
187.266	-26.0854	-10.8161	-20.6267	12.7444	-29.1826	-1.35738	-8.99784	41.6166	-0.57258	25.512	14.9721	26.0213	19.6489	-20.8645	1.40392	33.5067	30.0533	27.0667	41.8	6.38668	0.40002	37.96	2.33332	32.9733	18.5466	14.24	41.5733	6.3867	29.4667	27.4133	28.88	39.6933	24.32	31.8133	59.7067	40.84
188.238	-1.22556	-4.4485	-40.3736	-23.8519	-28.5169	31.5502	-42.4545	-3.56502	35.7911	17.297	27.7501	31.6952	-18.5667	-55.2404	-9.78556	18.4	35.9867	13.9333	7.89334	20.32	-23.6666	13.4533	-2.58668	16	6.57332	9.72	25.96	-22.6266	17.48	26.96	49.7733	64.24	63.1333	71.2267	36.1333	58.5067
189.209	-32.4496	-4.76878	-23.619	-14.3375	-24.9576	48.3351	-47.5982	-0.43646	44.1113	33.8377	38.1062	49.5511	-4.656	-24.0545	1.12808	-12.12	0.64	-5.81332	-29.6267	13.4133	-6.6133	-9.44	-27.7067	-32.8267	-17.96	-14.68	-29.76	-40.96	-6.53332	-15.8933	17.72	55	20.1733	47.0133	22.84	37.44
190.18	-31.9511	-25.7706	-30.5571	1.49402	14.3008	70.2018	-67.0225	4.40856	49.9971	67.7431	37.6508	56.5995	17.9881	1.7023	4.5507	20.88	26.9333	-12.12	-14.5867	31.64	28.32	33.3067	7.98666	-11.1733	11.56	1.2	3.14668	-16.72	27.16	9.74666	20.16	42.3733	25.5867	27.4666	61.24	30.7467
191.151	-42.7242	-23.2486	-22.583	-19.9521	-9.13732	24.9539	-83.5219	-31.4246	58.6559	75.2207	52.5923	71.2491	16.7717	5.63786	16.0873	36.1333	33.4133	6.62668	9.89334	44.28	32.32	21.92	35.08	0.42666	28.08	11.6267	17.28	19.4	26.1067	9.14666	-14.0133	6.73334	28.8133	21.3333	26.4533	28.3333
192.122	-78.3654	-32.5991	-23.8934	-41.8723	-11.4689	-3.40598	-43.0929	-33.1325	39.4927	81.6754	50.9365	79.7057	20.2989	39.7573	2.34106	12.72	-2.46666	7.42668	-2.02666	-0.89334	14.6	-12.2667	18.6533	-25.2	4.05332	-6.64002	-13.7867	19.1067	15.04	-1.90666	7.54668	33.6133	46.3067	44.76	23.04	47.8133
193.093	-106.472	-58.62	10.7137	-17.0644	-9.69212	-28.4764	-46.9331	-1.11286	20.7108	83.3104	60.0869	73.5731	27.3722	37.064	17.7142	-3.66666	-29.84	1.42668	4.86666	-3.96	29.2933	-5.30666	17.64	-21.7733	9.34664	1.74664	-13.76	33.76	-0.13334	-3.46666	-17.88	-2.70666	12.7467	1.93334	23.1867	32.92
194.063	-125.644	-67.7105	-7.76124	-20.7277	5.7936	-25.6569	-61.0419	-13.9651	13.7109	92.1266	18.6446	55.0521	23.9922	34.9587	-10.5928	8.81334	-14.9867	8.32	14.12	-16.92	6.09334	3.36002	21.4933	-14.8133	1.97332	7.37332	21.0667	36.6534	0.64	1.32	8.36002	-8.26666	33.9333	53.5733	31.1733	53.7733
195.034	-82.2812	-39.6707	-10.9181	-40.2623	-36.0118	-68.1475	-56.2195	-13.6892	18.2929	58.5238	-8.39062	32.3427	33.359	41.0413	-8.58002	-22.2	-40.0267	-9.04	-7.32	-36.2533	-33.9467	-33.8133	-2.74666	-48.5333	-41.1067	-2.73334	-5.89334	23.16	-12.6	-21.72	7.62668	-30.48	9.73332	32.5067	-1.61334	68.4933
196.004	-81.5851	-38.5024	-19.1586	-22.4698	-35.9098	-31.3495	-50.8674	8.51314	-6.3454	31.8997	-15.4214	42.2422	4.2706	7.9095	-6.04896	-74.3467	-38.6533	-15.3467	-30.4933	-37.88	-24.48	-17.6533	-26.7733	-41.5867	-35.9733	-7.72	-30.7333	4.10668	-29.1467	-31.1733	35.6	17.9333	33.3733	47.4267	30.8	75.0133
196.974	-56.5586	-28.6082	-6.68492	-20.9529	-47.9026	-27.8645	-64.3885	10.0393	7.9922	8.2507	-35.0519	24.5463	-15.876	-27.0406	-0.20206	-35.0267	-18.6	-9.65334	-27.8933	7.69334	-13.32	-1.66664	-27.52	-16.72	-27.0933	-17.3733	-12.6667	-1.53332	-17.1733	-20.4933	18.72	2.26668	0.25332	18.6133	-1.82666	19.5733
197.944	-54.4049	-1.99108	-25.9	-20.7146	-36.5926	4.90528	-54.1856	-15.3138	-28.8986	-2.82758	-27.6871	20.0499	-15.0842	-17.8134	-17.0421	-13.8267	12.2533	4.15998	-20.9733	-19.5067	-6.30666	3.34668	-23.12	-1.24	-13.08	-5.23998	13.68	5.22668	24.7733	-1.26668	43.76	42.8	9.63998	34.8267	4.49334	-12.2133
198.914	-25.3279	-15.855	-37.6073	-14.3587	-68.7832	-0.64286	-53.2629	-15.5499	-32.2231	-34.1404	-7.133	2.54692	-28.3583	2.98548	-3.37276	12.0267	22.6533	-2.96002	-13.9333	-4.33332	6.93334	26.7867	-11.08	25.0533	8.05332	7.36002	32.3867	16.48	22.2533	12.9733	-2.14666	36.3733	21.08	5.20002	-8.99998	-19.2667
199.883	-75.9326	-57.6046	-21.011	-23.0899	-58.0783	10.6879	-76.2249	-40.2736	-34.788	-21.2944	-34.5972	-12.1704	-69.5037	-10.0507	10.0018	25.9467	5.57334	0.03998	-11.1733	14.4	11.56	3.18668	-10.5333	50.2933	23.84	-4.19998	-6.12	-0.04	-5.17332	4.51998	-17.5333	19.8133	16.5067	15.0134	-16.8133	-36.5467
200.852	-73.4239	-60.6447	-53.7155	-55.3128	-54.6819	-4.7058	-52.4765	-25.8896	-16.5998	-7.89614	-30.4871	-66.1099	-47.9258	13.0712	-32.3229	52.88	0.28	2.97332	-1.28	23.9333	14.56	13.7333	11.36	29.9067	26.2933	11.52	21.88	-7.29334	2.42668	31.9067	-28.6533	6.66666	-2.80002	-7.26664	-24.2133	-13.68
201.822	-70.807	-74.7804	-59.1255	-52.2327	-30.1982	17.5725	-76.4229	-57.8029	-43.0658	-13.7528	2.98884	-45.4797	-39.2303	9.54374	-50.9516	29.8933	5.29334	-2.28002	10.8133	6.44	16.56	-2.85332	10.5733	30.8267	35.0933	27.7867	7.6	-19.8133	1.73334	35.28	-28.3067	19.5067	19.68	-18.2266	22.28	5.66666
202.791	-48.8877	-94.217	-28.0457	-46.6546	-28.0317	-8.08082	-43.2695	-26.8189	-9.19348	-11.4718	-9.9777	-22.8887	-22.8232	1.95916	-62.6892	18.6267	-3.69332	-18.32	8.06666	23.28	-7.91998	-3.38664	16.6133	10.7067	19.56	35.5867	-6.61332	-26.4533	3.33334	14.0533	-53.7333	-14.3067	1.79998	-22.7333	23.3467	30.6933
203.76	-49.8714	-80.9601	-16.2812	-69.5842	-16.5871	-11.8696	-64.6217	-19.1429	-26.5904	1.53926	-18.1955	-8.94574	-21.9108	-30.4904	-76.1408	-15.6133	-4.87998	-9.60002	27.3867	15.6133	2.42668	-23.8266	2.99998	-10.5067	14.7067	7.85334	-31.1733	-35.2267	-5.4	24.68	-8.72	-5.90668	-8.09334	-26.36	57.2133	51.9067
204.729	-62.3639	-70.8151	-13.8369	-55.2266	-14.6688	7.80244	-57.0852	-12.5803	-57.8643	-1.12718	6.52692	-13.4596	-17.4991	-24.0128	-93.5112	-30.2267	13.32	3.86666	10.28	-4.49334	11.8133	-4.34664	-6.72002	-8.25336	15.0667	2.69334	-3.23998	-27.9867	-1.41334	36.0533	9.41334	2.30666	-13.3067	-6.73334	74.4933	56.72
205.697	-32.7707	-50.5874	-5.11766	-38.3873	-11.2814	-0.06846	-80.8652	-18.7363	-67.2226	-3.27868	-1.81922	20.3609	-42.1942	-35.2158	-60.0057	-18.5867	32.0267	4.18666	28.6933	-15.9467	16.44	-10.28	4.41332	12.8666	9.12	-3.24	8.28002	-1.79998	26.7467	27.5067	6.62666	-19.9067	-14.2267	-6.66668	26.4667	-17.5733
206.666	-52.0974	-73.2823	-10.5283	-43.4716	-26.4293	-2.88596	-53.1673	5.98374	-35.4728	1.87736	-42.4423	-41.2929	-24.4022	-19.3072	-43.2289	-45.08	36.92	-7.17334	7.64	-20.5867	-10.76	-17.3067	-10.6133	-11.6934	-8.30666	-28.68	11.08	15.7334	-20.96	-3.48	0.84	-37.3867	-41.8533	9.79998	-12.9733	-13.3467
207.634	-74.1494	-76.3051	-27.4736	-81.2846	-40.9169	1.14634	-91.5966	-4.4252	-29.4222	-7.06622	-55.9506	-68.8294	-37.5289	-36.8945	-26.9857	-33.3733	0.96002	5.17334	8.50666	-22.5733	12.3467	-12.5733	-11.0133	12.68	-7.98666	-40.56	6.25334	3.10668	-45.12	-0.96	-18.24	-60.52	-48.44	-17.7867	-28.3733	-40.12
208.602	-66.5318	-75.4606	-33.558	-79.4312	-12.1484	-2.57502	-47.1582	-10.5681	-7.67776	-28.3165	-33.7521	-81.2568	-17.78	-16.9848	-21.6807	-1.37334	-1.59998	13.4667	-8.61334	-10.3067	12.12	8.11998	-5.09334	9.74666	-4.13334	-13.28	23.16	43.76	-12.6667	-26.4933	-31.8	-25.8	-43.5067	-25.2267	-56.1733	-87.3733
209.57	-43.2496	-56.9537	-44.3859	-80.316	-18.1276	-7.45328	-22.2569	27.9504	12.954	-37.0799	-31.0542	-59.9827	14.8394	-25.985	-32.5183	15.3733	-14.3867	11.36	6.29332	-8.43998	-2.69334	27.32	15.3333	13.6	-3.88002	1.25332	17.9333	41.6267	3.41334	-35.9067	-22.8	3.12002	-18.1333	-4.34668	-64.3067	-93.0133
210.537	-36.7074	-69.389	-32.5614	-79.9437	-25.6585	12.1083	-6.69726	10.9257	39.8665	-31.5629	-45.0644	-97.0148	11.5238	-26.3017	-32.3027	15.5867	-8.21332	-1.54666	-7.06668	14.9867	-3.78666	17.7467	-3.2	2.04	-13.8	0.54666	4.97334	13.2533	-4.65334	-46.96	-13.3333	9.93334	-27.9467	-26.5733	-24.36	-34.08
211.505	-18.5099	-31.9708	-29.0884	-69.3186	-31.1448	-1.6931	-0.6837	30.7537	28.2537	-25.7716	-10.3896	-55.1599	-7.93146	-12.7413	-54.8379	62.9067	-10.0267	11.8667	8.62664	19.7067	8.18666	52.4667	19.48	-2.96	-17.96	11.3333	9.49334	14.96	36.8667	-16.0933	11.48	11.08	19.08	-18.9867	2.77334	-5.62666
212.473	-33.6612	-38.5032	-62.5706	-49.4446	-14.7897	9.33958	11.5797	18.8302	37.71	5.28842	10.9639	-32.4247	-12.1311	-0.10946	-40.7276	45.36	-11.0667	7.58668	6.09332	18.5867	-9.72	39.3733	6.81334	-13.8267	-17.24	2.69332	-2.91998	20.5733	42.04	-11.6933	48.7067	67.2	37.16	21.2267	31.7067	60.7733
213.44	-56.9652	-41.9899	-39.0116	-21.9256	-21.7965	3.8037	-1.511	29.7516	37.0299	42.6118	2.58982	-3.0155	-15.8794	-4.81192	-50.1754	10.16	-21.3867	-13.5067	-0.26668	8.96002	-19.4133	-5.66666	0.65334	-5.62666	-16.3333	-3.22668	-28.08	-36.9333	1.69332	-1.33334	46.9467	12.7067	25.4133	33.72	37.4	75.1733
214.407	-44.4259	-55.0348	-38.4145	-2.76516	-19.7683	6.69676	-4.95942	13.7142	37.4085	60.1934	-2.51756	-4.93816	-21.7804	-24.0538	-5.78456	-3.92	-1.29332	-3.57332	-2.81334	11.1333	4.53334	-8.48	-1.4	-20.5333	-6.52	11.2533	-34.7333	-31.8667	-21.3067	6.74666	41.5467	7.81334	42.1067	4.14668	43.56	88.68
215.374	-85.0466	-62.441	-34.1825	-2.76658	-40.1078	-15.5836	-35.5689	10.3147	-0.35906	42.6287	25.2364	13.6019	-9.43804	-20.4401	-20.9583	-31.88	-39.7067	-29.96	-28.3067	-26.9333	-29.4667	-31.2933	-9.56	-46.8266	-24.6533	-5.94668	-38.6267	-50.3867	-50.52	6.23998	47.7467	-6.91998	43.6667	8.09334	34.56	78.7467
216.34	-98.0306	-98.0118	-13.9185	0.667	-19.0177	-16.8394	-54.3427	-0.8499	-0.27712	52.9133	9.24672	0.19948	7.14426	-28.9752	15.9006	-26.1467	-13.7467	-18.1333	-12.48	-6.74666	-15.48	-49.8667	-10.04	-8.2133	11.8	7.74666	-18.64	-27.7867	-38.1867	9.93332	16.88	21.5334	31.9467	19.9733	36.8933	54.2133
217.307	-71.3809	-79.3502	1.97506	22.5327	-6.9005	-29.4729	-32.2838	19.6174	-10.5498	22.443	0.30872	-17.7501	25.3632	-29.8634	22.5894	-33.64	-15.8133	-11.9467	-8.93332	-30.12	-16.4266	-56.5067	-12.8533	-16.36	15.5733	-11.7733	-14.4667	-18.7067	-29.6133	-5.10668	-7.45332	-16.8666	9.8	-18.6267	7.46668	-15.7867
218.274	-71.5004	-74.6587	-35.3044	-4.57218	-1.35836	6.1142	-24.9948	29.9141	-30.3808	6.61414	-35.9819	-30.2514	46.4157	-21.1086	27.7056	-21.9067	16.5333	-7.25334	2.50668	-1.81334	-4.1333	-22	3.16	2.00002	16.0133	7.21332	10.76	9.25334	2.81336	17.9067	-11.3333	9.54668	21.9733	-23.24	-11.7733	-30.0933
219.24	-102.992	-109.94	-51.1592	-37.4501	-7.79344	-12.8799	-52.8783	-13.7625	-31.5738	-14.1768	-40.6292	-38.9083	42.8988	15.4855	11.8468	-1.96	15.4133	-11.2267	0.10668	-3.34666	9.53336	-19.4	-7.32	28.8	16.84	9.17332	34.0533	6.16	15.88	12.1867	-25.72	2.52002	-26.4533	-35	-39.56	-58.5867
220.206	-73.8571	-111.996	-34.3914	-29.3033	8.39238	9.94326	7.66338	10.9855	-16.9318	-14.5331	-48.6367	-27.5246	56.2102	12.9156	15.2111	35.7867	36.2267	32.8133	33.1867	21.16	43.0667	42.04	18.9333	59.1733	37.5733	29.1867	49.3467	45.2133	50.7867	30.3067	-54.6533	1.18668	-61.76	-3.01334	-44.28	-64.56
221.172	-52.2989	-74.6298	-54.8029	-41.734	-16.2028	15.3821	25.628	12.5559	-19.458	-24.8576	-45.408	-33.7039	38.5472	23.5787	-27.8037	24.8533	22.9867	59.64	27.3867	19.28	54.7733	58.44	52.0267	48.1867	24	33.2133	42.0133	40.96	42.9867	36.2	-40.8667	-31.68	-82.92	8.21332	-69.1867	-58.1467
222.137	-64.3191	-90.2424	-41.1955	-61.5441	-20.5804	30.0354	2.41372	-5.45314	-79.155	-17.9532	-59.7461	-22.2493	22.5077	35.8719	-37.5993	37.9866	28.8533	45.2666	8.97334	33.4667	36.12	63.3467	44.76	30.1733	8.12	35.92	45.16	25.5467	24.12	18.48	-18.3067	-10.3867	-33.2	26.64	-50.48	-20.8667
223.103	-47.7195	-76.6359	-32.9708	-31.5354	-50.9422	-5.49814	4.2186	-11.2435	-62.2254	-25.6222	-21.2539	-15.5638	24.4897	18.9926	-29.7773	25.16	5.89334	21.4	3.45334	10.7467	-1.04	34.88	5.86668	5.02666	-8.44	10.92	-3.56	-3.10668	3.30666	-17	-8.72002	-8.68	-5.70668	7.78666	-40.1733	7.89334
224.069	-15.1019	-40.6121	0.06956	-43.1095	-28.2895	17.3803	5.641	6.18328	-50.8716	3.33286	12.0659	14.55	29.8912	19.7383	-36.1394	-19.8667	-11.0667	4.27998	-9.30666	-3.02668	-16.96	4.49334	-0.77332	-24.1067	-33.4667	-10.2933	-23.0533	-9.56002	-5	-30.6933	10.3467	-7.57334	32.9333	28.08	-19.9067	33.64
225.034	-38.668	-37.1725	16.3243	-37.8679	-55.8235	-10.3303	-26.3206	-0.77438	-48.6956	35.71	11.2109	17.4895	38.1106	49.9069	-22.2869	-30.4	-7.78666	-3.64002	-10.16	-9.02668	-13.68	-26.0267	-1.33332	-18.0267	-18.6	-29.8933	-49.3333	-31.1867	-8.66666	-44.4533	29.2933	13.28	90.36	28.6133	11.5466	10.7067
225.999	-60.419	-40.9183	-3.40782	-39.0121	-79.9454	-26.631	-48.4677	-9.9178	-11.0993	49.1072	26.979	33.4526	64.5463	64.6964	6.97892	-34.4	-34.7333	-43.48	-38.08	-24.92	-51.2133	-41.4667	-45.6	-47.9467	-40.44	-51.6933	-44.08	-37.2	-6.10666	-54.04	20.76	29.0933	81.8133	-12.3333	41.8133	14.1467
226.964	-69.7564	-37.251	-8.72802	-49.5432	-95.2563	-52.5225	-26.4014	20.1517	25.3153	47.9228	32.368	48.237	83.3969	44.105	-7.14314	-48.9467	-14.2933	-55.4133	-8.28	-18.7333	-34.44	-47.6533	-51.5467	-18.4534	-24.8533	-34.0533	-32.7733	-10.4933	-0.37332	-14.08	18.52	4.68002	44.6	-13.48	52.9333	8
227.929	-76.6814	-51.3717	2.96266	-65.0624	-72.7571	-45.4058	-35.9231	9.63306	22.3467	88.755	57.5761	72.441	91.6609	63.1308	-9.85416	-14.3467	17.12	-5.64002	-0.12	-20.8133	9.18666	-25.32	-23.5467	-2.88002	4.54668	-31.48	11.96	11.1867	3.02668	26.1333	8.45334	-3.79998	12.0933	6.52002	60.1067	-37.04
228.893	-73.5951	-32.6814	-24.9367	-44.5708	-109.049	-50.6815	-6.63368	25.1252	45.1934	78.8025	51.2016	75.2627	97.7373	50.3725	-6.35512	34.1067	13.5734	1.45332	8.25334	2.93334	11.5467	0.37334	3.49334	-3.56002	8.70668	-8.34668	27.5333	20.3867	16.3067	35.4133	-18.3733	-27.48	-25.8	-10.64	46.16	-46.16
229.858	-64.0984	-13.5812	-59.2271	-33.0694	-97.1322	-25.5504	-2.33424	40.627	23.454	58.0638	50.4429	76.5006	128.625	50.0285	8.55308	31.6133	8.81336	8.88	7.25334	-3.18666	22.5467	12.2533	7.74666	-0.65334	3.53334	18.7733	40.84	28.1067	0.53334	35.7333	-19.48	-4.95998	-37.3067	-7.98664	34.5733	-9.18666
230.822	-45.9923	-22.8719	-24.7093	-23.3591	-77.0081	-41.213	24.5743	35.7378	-12.4728	63.1377	63.2987	69.5532	106.323	24.6976	-3.53036	38.7467	45.1067	24.9467	33.1867	-3.85334	31.6133	27.2133	18.0267	24.44	21.32	35.12	20.2	18.48	-12.8267	31.92	-18.6533	-27.28	-29.4133	19.0534	20.5867	-10.1067
231.786	-21.0777	-5.35442	-33.584	-30.0405	-90.077	-40.2699	9.29118	31.8568	-3.58798	83.8231	92.7675	89.4193	112.83	42.9786	-7.80622	17.84	28.68	37.7067	27.4667	-1.08002	19.8133	25.7333	12.5867	8.29334	20.7067	21.8533	9.2	11.0933	-20.0133	4.53334	-13.3867	1.09334	-25.1867	1.22668	-12.7333	21.5867
232.75	21.2447	3.57062	-32.8519	-20.5146	-86.7396	-17.7216	22.8156	36.5831	24.5073	81.5189	55.0483	54.0975	79.9455	38.4704	18.3248	3.24	2.24	8.92002	0.86666	2.93332	1.14668	18.7333	10.4	-7.82666	6.82668	4.69334	-3.72	6.30664	-6.82666	-24.0667	-12.3733	2.74666	-23.2133	-10.0267	-47.76	42.3867
233.714	-6.62588	-18.8975	-26.9136	-23.3819	-48.1966	-3.36862	5.54696	30.1161	-3.78786	102.024	57.54	61.5868	62.2687	23.7721	20.6622	-5.82666	5.24	-2.26664	6.74666	31.9067	-13.08	-1.46666	0.72	13.3067	30.3333	1.98668	-9.16	4.29332	6.62668	-12.4667	-3.77334	27.7333	7.54666	8.25334	-31.2534	40.2267
234.678	-0.69	-34.1594	-17.3697	-51.8431	-12.8483	10.5887	30.4845	27.8552	32.3257	115.138	45.0415	49.0863	22.399	11.6828	11.4052	5.82668	2.50666	-14.6666	-4.16	49.0133	-32.6133	-11.24	-0.05332	-9.21332	12.6	3.8	-6.45332	5.18666	18.8133	4.32002	-6.33334	-12.12	3.41334	-4.45334	-44.0134	12.3067
235.641	14.8517	-18.4157	-43.0207	-50.4987	2.90468	36.3498	9.42782	14.9999	19.0471	90.0599	2.75208	25.7949	41.5356	4.80158	15.1535	-3.87998	-12.1467	-15.7733	-2.78666	51.84	5.92002	-7.86668	15.2667	-7.27998	24.0533	13.2267	-1.55998	3.53334	26.8	33.6133	24.32	-10.32	18.6667	-17	-40.5734	11.8933
236.605	21.3988	-0.0668	-50.867	-27.3492	7.66196	68.1146	12.3763	8.94962	22.3757	51.7888	-20.7292	5.3118	21.0781	24.7278	20.5065	42.6533	26.0667	-3.01332	0.80002	57.96	12.2133	13.2666	38.9467	1.92002	24.3867	23.5867	-10.9866	-5.57332	24.8533	41.7733	33.3867	9.35998	12.4133	5.85332	-18.8534	-12.12
237.568	-18.2493	-12.7133	-43.7091	-49.7951	-3.17686	47.2825	1.52946	-15.0961	7.11076	49.1243	-8.60308	26.2363	3.82574	8.86076	23.8637	11.08	-17.56	-27.3467	-14.0533	22.0533	-15.1333	-8.1467	6.84	-19.0666	-30.12	8.73332	-32.9066	-33.3067	-0.16	7.97334	41.8533	-0.08002	17.24	-0.98668	26.7866	0.82666
238.531	-28.693	-4.75546	-36.9473	-43.2368	-26.4121	63.2534	1.08692	-15.1376	-10.9482	8.26562	-25.0702	10.7678	12.1782	3.99986	31.4249	-34.2432	-37.63	-21.8941	-22.9574	-41.0062	-29.6369	-12.8214	-10.9595	-30.9405	-60.434	-15.3025	-38.938	-60.2327	-18.8045	-2.91368	54.791	25.1827	-2.34868	14.3212	28.7112	27.5967
239.494	3.46728	9.60618	-42.9821	-51.0747	-29.8442	58.4269	-27.5517	-18.5753	-19.8018	-8.18768	-31.3312	-7.09454	-1.26498	-20.8555	36.9896	-58.1078	-36.2224	-32.0438	-39.9578	-62.3008	-39.2301	-33.3467	-30.2267	-15.8266	-52.6371	-39.381	-32.7383	-56.7451	2.05452	-14.0371	41.6025	50.6915	-13.4242	43.4399	59.0217	32.3061
240.456	-31.7688	21.9714	-18.2136	-38.7092	-31.4733	65.8029	-20.5869	7.39048	-27.8505	-6.4361	-27.3866	19.0489	-17.7042	-34.5058	29.5576	-70.4605	-64.2705	-40.8092	-47.161	-58.6706	-76.2861	-14.7626	-29.9616	-20.685	-51.1961	-36.0886	-23.6677	-27.5104	1.33704	-55.0503	9.56814	90.3395	-9.29322	31.436	53.1848	31.5814
241.419	-71.6015	-13.8603	-9.24228	-30.7404	-28.8998	57.381	-17.8188	-23.6407	-17.0947	3.5199	-42.0369	7.79744	-15.3399	-46.5514	64.3284	-122.875	-117.334	-50.8036	-72.2339	-69.9021	-55.8718	-25.7091	-26.3375	-32.2224	-45.6575	-36.3722	-10.406	-41.1419	20.5898	-31.9266	0.7011	78.0601	44.9509	64.8162	91.987	64.676
242.381	-90.2313	-21.289	-26.4683	-24.3688	-12.9238	58.1612	-8.64776	-8.46894	-18.1349	-30.5201	-60.6827	-24.0493	-43.5723	-62.5929	11.102	-117.697	-99.1739	-19.2937	-33.8164	-40.5821	-31.147	-23.9462	3.05886	6.97464	8.47194	14.2617	32.02	-13.7598	26.2126	28.2673	-9.50514	46.6399	32.5881	84.7137	64.1484	76.5097
243.343	-59.8584	-33.1151	-27.692	-14.5946	-8.14564	28.9432	6.7259	5.10536	9.62866	-28.3564	-55.5242	-53.4917	-73.2017	-91.0306	8.27796	-92.5376	-89.5191	-7.3054	-23.2978	-6.8243	-15.3949	-23.1991	-2.21294	9.91322	23.2262	42.7822	51.975	26.4421	36.3968	51.0851	-11.4682	16.9362	40.2871	72.7006	52.5444	38.0057
244.305	-110.483	-58.7389	-23.9135	-0.81808	-17.7655	-6.4732	0.90198	-11.318	-22.8045	-44.7894	-52.1619	-30.5302	-59.2284	-70.4649	-19.1439	-96.3783	-98.8644	6.2829	-7.97908	22.1335	-16.2428	-6.65198	6.91526	22.2518	13.5805	60.3028	38.33	14.0441	14.1809	51.7027	-18.231	9.4323	10.986	13.0874	12.5401	36.7016
245.267	-79.1053	-89.7604	-21.133	-12.8394	-14.3835	9.11192	-0.31974	-20.9392	-22.4346	-31.8193	-43.5962	-31.1653	-63.4527	-79.296	-21.7637	-80.6189	-65.6097	6.2712	-6.6604	18.4913	-10.0907	-31.5049	3.84346	24.1904	0.13474	36.8233	43.885	1.046	19.765	67.3204	-11.1938	-0.67162	-4.71524	-8.92588	-3.0642	32.1973
246.229	-65.3256	-84.58	-15.9507	-2.25872	-3.79984	15.0984	6.66052	-8.5584	-28.662	-22.2465	-28.0274	-45.1971	-43.0748	-47.1242	-60.3817	-77.2596	-69.355	-7.3405	4.8583	1.6491	-5.53864	-48.9577	-13.6283	7.529	-12.511	16.7439	19.44	-3.15206	-20.051	16.338	-31.1563	-45.9757	-77.4166	-60.5393	-64.0687	-19.9071
247.19	-29.944	-67.9978	-14.9669	4.3237	4.7853	13.4861	-8.7574	-1.37588	-46.6868	-37.0713	-43.8556	-45.426	13.7052	-18.3499	-37.7981	-64.5003	-50.5003	-20.9522	0.17702	15.0069	-6.98652	-5.2106	-1.30008	9.26762	-21.1567	15.6644	24.5951	29.2499	-5.26712	6.35546	-28.1186	-11.2798	-81.318	-61.7529	-85.0734	-37.2118
248.152	-13.1607	-38.614	-4.7815	5.90772	-8.8282	-1.52502	-7.97368	-3.59176	-67.3094	-20.6937	-58.4813	-29.6522	7.487	-22.3732	-36.8129	-66.941	-35.6456	-21.1639	17.2957	7.36474	16.7656	11.7365	30.6282	8.40624	3.9976	14.585	28.7501	22.2518	-1.48324	-4.62706	-2.0808	-13.1841	-103.22	-75.7665	-68.4782	-28.5165
249.113	13.2241	-5.42864	-0.19478	34.2932	-6.64048	8.86484	-3.98846	-0.8062	-63.3299	-30.5141	-53.9047	-41.2761	7.07046	-24.7944	-7.02646	-77.3818	-43.1909	-15.1755	15.6145	-1.07742	26.7177	1.48368	2.7564	-10.2551	9.7519	14.1056	27.9052	46.4537	5.10058	-17.4097	29.3572	19.1116	-62.7211	-62.7803	-52.4831	-35.4214
250.074	-17.5897	-13.642	-27.2069	31.88	7.14838	-3.54436	-22.0019	10.9807	-33.9485	-38.7327	-70.7259	-42.8977	-2.34456	-29.4136	5.96128	-96.8225	-68.1362	-13.5872	7.13324	0.28042	38.2698	-5.96918	-2.91534	-16.5165	6.30622	17.4262	11.6602	37.0556	6.88434	-26.3924	26.5954	-11.9929	-59.4229	-59.1942	-65.6883	-56.5266
251.035	-25.6023	-14.2541	-26.4178	-3.13194	-8.66176	-14.5527	-39.6141	17.1688	-33.9655	-24.3495	-50.5451	-16.9174	-30.5582	-80.0311	17.1501	-80.4633	-60.0815	-17.5989	-3.14798	12.0383	14.622	-13.222	4.61294	19.4222	21.8605	41.9468	19.0153	56.6576	33.668	-6.37512	32.0338	-3.4975	-48.5248	-67.6083	-64.2936	-54.6319
251.996	-23.2137	-12.0651	-11.4278	0.25718	-47.471	-26.3603	-36.4252	41.958	-17.5808	1.03518	-14.1626	3.46472	-43.5706	-99.247	22.34	-107.304	-55.8269	-8.41058	4.7708	18.5961	3.77414	-33.2749	-10.2588	-0.23918	12.6149	13.6675	-9.42964	25.8595	21.4516	-30.9579	43.6725	11.7978	-56.8268	-98.4225	-45.0991	-91.3374
252.956	-38.224	-21.6751	-22.6368	-3.75268	-45.0793	-20.7672	-47.0353	16.5481	-5.39478	-6.3787	-22.1785	-28.9515	0.41814	-51.6614	14.5308	-92.345	-45.3722	-5.22226	-1.91038	23.154	-2.07368	-29.1277	-14.1305	-13.1005	-27.2308	-18.4119	-16.6746	15.8614	2.83518	-35.5409	9.11138	-4.70716	-69.529	-103.437	-80.7048	-102.843
253.916	-50.4334	-36.6842	-40.2451	-13.9617	-64.4869	-30.5735	-52.2444	9.13918	11.5925	3.60868	-20.793	-20.5663	-22.3921	-45.0745	-29.0775	-74.3859	-42.1176	-34.6339	6.40844	22.1118	-7.72152	-14.1805	9.99786	-14.5618	-35.8764	-27.0912	-20.9195	8.26334	-20.1813	-44.5239	-12.6496	-51.0121	-77.6313	-111.451	-104.311	-91.1491
254.876	-38.242	-24.4924	-47.0526	-15.9698	-66.2938	-13.1791	-34.0528	-39.2689	-19.419	0.39722	-13.2061	-25.3797	-36.4014	-22.6864	-21.8851	-69.6269	-59.063	-46.2456	2.92726	20.0697	-8.36934	-34.6333	0.1262	-25.6231	-34.3221	-26.7705	-24.7644	-7.13474	-45.5979	-45.1069	-28.6104	-63.1172	-68.9337	-104.266	-96.3167	-65.4552
255.837	-18.0497	-29.6999	-27.8593	-13.7772	-45.1	-16.7843	6.93968	-36.4763	-26.8294	-6.61318	-41.418	-42.9919	-23.6098	-9.89724	-23.692	-62.2678	-60.6083	-29.6573	11.4461	22.4276	-27.8172	-13.0861	-6.34546	-35.8844	-57.1677	-46.2498	-40.8093	-5.13282	-64.6146	-29.2901	-15.5709	-38.4225	-26.4362	-58.8807	-77.9229	-44.9615
256.797	-40.4567	-35.1067	-29.2655	-8.38392	-28.9057	-20.389	2.73282	-76.683	-43.239	-35.0226	-77.8288	-82.4029	-5.21748	15.0929	-52.2983	-45.9088	-71.9537	-39.0689	-25.035	-8.4145	-27.065	-26.9389	-18.6171	-54.1457	-48.0134	-46.9291	-52.0542	-13.1309	-80.0313	-34.6733	-48.3313	-51.3278	-29.7388	-53.0956	-92.7293	-66.868
257.757	-60.4631	-30.5129	-18.6711	-5.19004	-22.5109	10.8067	11.7266	-70.8891	-59.6476	-32.0312	-48.6386	-25.613	-41.0244	-15.716	-64.9039	-30.7498	-56.8991	-39.2806	-28.5162	10.1434	6.28722	-17.1917	-9.08876	-11.607	-7.45898	-19.2084	-24.4991	10.671	-46.0481	0.14348	-58.0915	-51.0332	-23.2415	-74.5106	-75.1358	-54.1746
258.716	-45.069	-16.3185	-9.6762	-43.7956	-30.1156	-7.99716	41.9209	-37.6946	-52.0554	1.56094	-53.0476	-57.8221	-27.2308	-29.7241	-49.7091	-6.39078	-34.6446	8.50776	-11.1973	12.5013	11.6394	0.35558	4.23962	11.7318	11.4954	-14.2877	-14.9439	9.27296	-20.0649	36.3601	-35.6515	-0.53884	-29.5443	-34.3257	-31.9425	-36.6814
259.675	-15.2742	-9.32364	-6.88082	-49.4006	-53.5199	-57.0007	28.7158	-23.2996	-49.2626	-27.2462	-41.2557	-57.2304	14.9635	-33.3314	-58.3138	-30.0318	-14.99	-13.1039	-28.4784	4.8592	-16.2083	3.90282	-16.232	5.07052	-4.7502	-30.3669	-16.3888	1.87488	-16.6818	21.1767	-25.2112	10.7554	-57.4473	-36.941	-27.3494	-74.5885
260.635	-16.679	-9.92826	-40.685	-31.8052	-56.1237	-35.6039	14.5111	-6.90418	-62.4691	-27.4526	-15.8631	-48.4379	10.1583	-31.1381	-68.7181	-37.6729	10.0646	-7.91556	-33.9595	-6.38288	7.5439	3.05008	-14.5036	7.60928	21.4042	-19.6462	15.3664	5.27682	6.90118	4.59322	-41.5707	-30.1504	-90.5505	-67.7565	-65.9565	-111.896
261.594	-0.6834	6.06752	-32.4888	-24.8094	-42.9272	-26.2068	6.70688	-20.9083	-51.6749	-19.6584	11.9302	-13.6447	-5.64648	-36.9442	-40.1219	-37.114	-7.08084	-8.32722	-30.2406	-31.225	4.29614	-7.60266	-25.3752	29.948	16.5586	-28.7254	8.12152	16.0787	10.4841	-11.5903	13.4699	-34.0563	-88.4537	-66.972	-56.3637	-82.0031
262.553	30.1126	12.2637	-55.2923	-25.8132	-31.5304	-34.4094	-8.09698	-0.31208	-46.8803	-0.06376	-16.4758	-29.2509	10.7492	-20.9497	-24.9255	-52.9552	-23.4263	-8.53888	-34.1216	-21.667	-22.3516	-6.85538	-41.6468	-7.51318	29.513	-38.0046	-14.1233	15.4807	-15.733	-40.174	25.9108	-28.3624	-88.957	-77.3877	-70.9711	-104.911
263.511	11.909	-16.5398	-63.0954	-14.0166	-6.73334	-18.8118	-53.5005	-66.3155	-83.6851	-15.6686	-5.48138	10.5434	20.9453	-31.7547	-13.5286	-85.5963	-39.1717	-39.7505	-42.6027	-25.7091	-5.59938	-17.5081	-43.9183	-31.9744	22.2674	-26.6838	-13.5682	23.0826	-0.15016	-60.1576	-21.8482	-78.6685	-112.86	-80.4035	-110.579	-127.419
264.47	-29.6942	-22.7429	-33.4983	11.7803	-0.53598	2.18602	-29.9037	-45.1186	-76.6895	-27.673	-8.0864	-14.8617	14.7417	-12.5593	-26.3315	-91.0375	-28.5172	-40.1622	-33.0837	-31.5511	-7.84712	-24.7608	-52.9899	-20.6356	38.8218	-14.363	-13.613	36.0845	-24.3674	-65.1414	5.19296	-47.7748	-88.364	-82.4195	-99.7863	-118.526
265.428	-52.0972	-18.3458	-30.5009	-27.4225	-30.5384	-41.6159	-38.3066	-90.5214	-49.6935	-12.677	-44.891	-20.0664	28.5385	-6.56342	-56.3342	-83.0787	-33.2627	-58.5738	-25.9647	-14.1932	-11.0949	-21.6135	-45.0614	-25.6968	33.7763	-14.0422	-8.6578	19.0864	-30.1847	-64.5252	3.03438	-24.2812	-60.4677	-62.2356	-84.3942	-135.835
266.387	-38.6999	-6.3484	-19.7033	-30.2251	-17.7406	-22.4177	-7.50918	-53.324	-38.2972	9.11942	-56.4951	-47.0706	21.1356	-24.5672	-45.7366	-67.52	-26.4082	-70.5855	-29.6457	5.36478	-27.1426	-22.2662	-19.7329	-33.758	-4.46928	-0.92136	3.0974	8.68834	-29.2021	-50.7092	-15.924	-28.7877	-53.9715	-79.6518	-93.6022	-114.343
267.345	-75.9024	-32.3508	-17.7054	-4.62746	4.05746	-29.4194	-7.71156	-73.5263	-33.1005	-31.4839	-22.2989	-46.4745	17.3329	-24.9706	-69.1388	-83.1612	-50.9537	-91.1971	-41.3267	-19.6773	-47.9903	-46.1189	-38.0045	-30.0191	-22.3148	-11.0005	-9.1474	-6.50974	-45.0195	-64.2931	-23.6823	-47.8943	-62.0754	-66.2681	-93.6104	-97.0514
268.303	-75.3046	-13.7529	-30.9074	-27.2296	5.05566	-17.8209	15.6863	-4.1284	-1.9035	-26.6869	-12.5023	-26.278	-2.2695	-22.5737	-85.1407	-87.0025	-61.2992	-93.0088	-47.6077	-42.9193	-80.038	-44.3716	-48.876	-21.2803	-18.9604	0.12034	-6.3922	-31.1078	-82.637	-49.2772	-22.8403	-75.001	-58.9794	-133.685	-127.219	-139.96
269.261	-88.5066	-18.1549	-49.5091	-25.8315	30.254	-16.8222	-15.1157	-19.3303	19.2938	36.3104	-4.7054	-2.08114	6.1283	-31.5765	-61.1425	-59.6439	-86.4447	-76.0204	-23.6887	-17.1613	-38.8857	-13.4243	-11.5475	-8.54142	-24.8059	1.24122	3.963	-33.5059	-44.2545	-23.0613	-48.9981	-102.108	-89.2836	-139.701	-160.427	-157.269
270.218	-60.9085	6.04336	-42.5107	-6.83326	42.0526	13.7765	-28.3175	-9.93206	8.69128	23.508	22.0918	-3.88402	19.1263	-29.3791	-52.9442	-74.8852	-91.3902	-65.432	-35.3696	-27.4033	-34.5334	4.12306	-3.21892	-11.6026	-20.4514	3.1621	-4.08178	-35.904	-39.6722	-18.8455	-47.7557	-92.0149	-124.988	-150.318	-157.836	-136.778
271.175	-68.3101	14.0417	-74.3122	-36.6348	-0.94878	-9.4246	-38.9191	-24.3336	-20.511	0.70572	22.0892	18.1134	39.1245	-6.5814	-63.5456	-91.9266	-70.7357	-31.6437	-24.0506	-30.0453	22.8189	41.0704	-17.2904	-28.8637	34.5031	11.683	20.8734	-35.1021	-21.8899	-16.2298	-50.113	-91.3221	-139.292	-150.535	-152.045	-167.087
272.133	-32.3116	21.4403	-29.9135	-50.2363	-21.35	-4.2256	-33.9206	-26.5351	-11.513	21.7037	-12.5131	-0.68902	67.5228	2.41648	-55.547	-70.368	-43.4813	-19.0553	2.86852	-36.0873	29.9712	44.2178	-10.1618	-12.3248	20.4576	10.0039	-2.97134	-33.1001	-11.3076	-14.8141	-60.6702	-76.6293	-122.797	-153.952	-180.254	-200.197
273.09	-42.313	21.2389	-18.3147	-26.4376	-20.1511	-7.42652	-38.922	-30.9364	-23.7149	10.5018	-27.5152	-17.4912	87.9213	16.4146	-72.1482	-70.0095	-33.4268	-28.2669	-9.8124	-25.1293	33.9236	22.5651	-14.8333	-5.7859	1.21208	-12.2751	-10.8161	-29.0982	-1.52544	-33.9985	-41.0272	-47.1367	-107.701	-99.169	-156.463	-172.507
274.047	-24.5143	52.2377	-26.5158	-49.8388	-38.3521	-6.02734	-15.7232	-16.3376	-22.7165	-8.49984	-49.5171	-30.4931	77.32	30.0128	-61.3494	-80.4509	-21.9724	-25.4786	-24.6933	-60.1713	4.8759	11.3125	-19.7047	-21.447	3.96658	-20.7542	-5.46084	-41.0963	-7.54332	-64.383	-23.1841	-54.8441	-108.206	-78.1863	-160.073	-155.416
275.004	-21.5154	46.4366	-22.1168	-27.2399	-9.15304	-4.4281	-14.5243	1.66134	-31.9181	-5.90138	-50.7189	-20.4949	71.7187	33.4112	-28.7504	-61.8924	-17.9179	-27.2902	-12.3742	-62.8133	7.02826	-14.5401	-17.3761	-20.9081	24.5211	-18.0332	3.8944	-24.8944	2.23874	-53.9675	-10.5407	-87.5517	-100.911	-85.2037	-140.882	-128.726
275.96	-7.51644	19.2356	-10.9177	-10.6409	3.84612	18.3712	-22.3253	6.66036	-6.11948	17.6972	-39.5204	-35.0965	34.7176	12.0098	-30.1513	-71.3339	-34.8635	-42.5018	-12.055	-42.8552	-23.4194	-45.3927	-10.8475	-9.56916	-1.52438	-25.7123	-7.95034	-31.4925	-5.17928	-27.7521	-34.0972	-82.8593	-104.216	-71.6212	-140.892	-116.036
276.917	-21.7174	26.2347	-41.3185	-52.4418	24.2454	4.9706	-28.3262	23.4595	-11.3207	3.49596	1.07812	-14.698	-6.68342	0.00846	-30.9521	-52.9755	-29.2091	-17.9134	-12.7359	-22.8972	-9.06704	-10.4453	10.4811	-6.83022	5.23014	-14.3913	36.0049	-17.2906	23.0026	-34.1368	-2.8534	-69.3671	-86.3211	-44.0389	-81.3019	-56.1468
277.873	1.08176	20.0339	-26.9193	-41.8426	24.2447	26.97	-4.32702	16.6587	30.8781	2.2948	28.2768	22.5006	-32.6843	-1.59274	-4.75286	-47.417	-25.7547	-6.32506	-9.21674	0.26084	-7.11466	-7.4979	11.8097	0.50872	6.98466	-13.0703	30.9602	-0.48864	25.3845	-4.92152	9.19058	-76.6751	-61.2264	-41.4567	-68.312	-35.8573
278.829	4.68098	-15.3668	-30.52	-25.0434	38.244	40.1695	3.67224	6.45792	25.4771	14.8938	27.0756	49.4994	-36.8852	-7.39382	-14.7535	-15.4586	-8.3003	32.4633	5.30244	34.4189	20.4377	20.2495	4.73834	30.4477	26.5392	19.2507	40.1155	19.5133	41.7663	27.6936	-16.9652	-80.3831	-45.1317	-40.2747	-31.1223	-24.1681
279.785	-19.3197	-35.1675	-43.3206	-45.644	4.84346	37.7691	14.2716	7.85724	51.0761	16.8928	-12.1255	8.6983	-53.0859	-30.3948	-27.7542	-10.7002	-5.8459	22.8517	29.0216	42.9769	49.3901	29.1969	-9.73302	34.9866	2.89376	38.5717	31.4708	22.1152	43.748	41.3088	3.27906	-51.0913	-11.0371	-27.8927	4.46738	-2.67896
280.741	-55.9204	-40.5682	-57.3211	-23.6446	-17.5571	3.36862	29.4709	13.6566	33.8753	22.692	-29.1265	22.0973	-9.48664	-11.3957	10.0453	-10.1419	-1.39152	32.6401	24.3408	57.735	53.9425	60.7444	12.7956	71.1256	18.8483	47.6928	17.6261	38.9171	65.7297	26.9238	28.7235	-23.3995	62.6574	38.4891	76.6569	34.41
281.697	-29.3209	-31.5687	-16.1217	22.7548	-49.9575	14.9682	23.8704	21.6561	23.0745	27.6912	-56.1274	19.0964	-5.68726	-17.9965	17.0447	-19.7835	-4.93714	0.82848	33.46	55.2931	60.6949	50.2918	15.5243	76.2646	26.4029	55.6138	17.9814	18.519	53.7113	59.3388	23.1683	-6.9079	67.5517	40.0708	92.4462	43.6987
282.652	-28.5215	-3.16922	-22.1221	28.9543	-38.158	10.3679	18.2698	46.8556	-9.12626	46.0905	-80.5282	-36.3044	6.51216	-24.5973	9.84426	-16.6252	6.51722	8.61686	48.7792	47.0512	53.6473	67.2393	18.453	79.4036	42.7574	40.5349	32.9367	21.3209	46.8928	37.9537	46.4132	23.5836	79.2459	49.2523	103.435	59.1872
283.608	-15.9219	-0.96968	-20.3226	4.75386	-56.7583	1.36754	40.0694	84.4551	-10.5269	44.4898	-56.329	-47.9052	7.91164	-40.1979	-8.35616	-28.867	6.57156	-23.1948	51.6985	45.0093	37.5997	60.1867	31.7817	47.7426	44.312	27.456	29.892	30.3229	27.6743	35.3685	67.0583	79.0749	106.54	44.4337	102.424	89.8756
284.563	17.2776	15.6299	-33.1229	14.5534	-33.1587	13.7672	26.8689	72.4547	-18.7275	45.0893	-28.3296	3.89416	36.3112	-22.5985	-9.15656	-16.3087	16.0259	-5.60638	34.0177	60.9674	7.95218	73.5342	31.1104	67.4816	35.0666	-8.02292	24.2474	20.1248	19.0557	25.7833	48.1037	111.566	134.834	96.0149	119.613	116.164
285.518	26.8772	-5.57048	-6.32328	5.95306	8.441	39.367	31.6686	101.054	0.47194	49.4887	-0.33022	10.0935	31.7107	-15.9991	-21.1569	-7.1505	39.8802	-26.418	54.737	31.1255	-20.0954	51.4817	33.4391	46.0206	22.4212	-13.1018	50.4027	15.5267	19.837	25.5979	40.7492	105.857	115.328	62.7961	85.8015	138.252
286.473	-16.7231	-11.7708	-37.5236	-9.24728	35.4407	50.1667	15.4682	79.454	12.8715	26.2882	6.86922	16.493	60.9103	-19.7996	-13.7572	-18.1923	16.7345	-15.0296	26.6563	11.2836	-22.3429	38.8292	3.96782	30.5597	0.57582	-26.5807	30.9581	14.9286	9.0183	-1.38744	34.5949	106.548	135.621	111.177	64.5899	133.739
287.428	-44.3235	-54.9712	-52.3239	-21.2476	36.8404	77.1665	16.2679	60.8537	32.071	53.0878	36.8687	60.2924	81.51	6.39996	-10.7575	-10.8342	9.58886	-34.6412	26.9756	1.8417	-1.59048	38.5767	19.8966	14.8987	1.33044	-25.6596	27.9134	8.9305	11.9995	5.0271	21.2409	116.039	109.515	138.758	74.1782	146.027
288.382	-54.7238	-44.7715	-49.9241	-19.4479	44.4402	77.9663	-10.1324	54.6534	64.2706	51.8874	65.8683	98.692	87.1096	30.9995	-3.35782	-24.676	-13.3568	-37.0528	16.8949	-26.2002	-3.83802	19.5242	-15.3747	5.0378	-22.1149	-55.3384	5.6688	-17.0676	9.78064	-5.55842	-9.513	115.93	100.409	154.339	65.7662	134.514
289.336	-67.124	-42.9717	-1.12438	-20.6481	62.24	83.3661	-31.5326	71.0531	81.0703	69.887	86.8678	83.2915	83.3093	56.7992	35.8419	-26.1179	-26.3025	-13.2644	15.2142	-29.2421	14.9144	14.6717	6.15406	-0.22314	-7.7603	-21.4173	19.6242	-2.46566	23.7617	7.656	-9.66674	82.0207	61.9019	96.9193	13.9542	87.2018
290.291	-45.1243	-16.172	-10.9246	-25.8484	48.6398	84.366	-23.9329	40.8529	98.4699	101.687	99.0675	89.8912	74.7091	43.1988	20.2417	12.8402	-24.6483	-6.876	9.33354	-21.6839	32.4669	12.6192	-13.3172	-8.08406	5.99434	-17.0961	-10.0205	-13.4637	-8.05724	23.2703	-18.2202	51.7112	31.1951	114.5	9.74194	62.0888
291.245	-14.7245	-15.1722	9.27522	-8.6486	15.2396	80.5658	-10.5331	27.6527	139.27	146.886	121.267	102.891	93.9088	104.999	37.8415	15.1982	-10.594	-6.28758	16.6529	-16.1258	24.0194	17.1668	4.41162	-11.945	4.54898	-8.57492	1.53492	4.73818	11.7237	18.2846	1.62654	29.0017	1.88826	70.6801	11.5295	32.1756
292.199	-14.3247	-25.1724	51.675	22.9512	5.63944	41.7657	-33.3333	39.2525	144.669	139.886	130.267	78.8905	111.309	114.998	52.4414	43.1563	1.26028	11.7008	7.37224	-21.3676	6.7719	-12.8857	-21.8596	-21.8059	4.90364	0.54628	0.4903	-20.8599	2.3046	11.6988	-9.5266	11.692	20.9813	32.8603	15.7169	5.06238
293.152	-24.5249	-22.5725	61.2749	32.751	11.6393	65.1656	-0.33348	32.6523	143.669	157.686	105.467	46.6902	114.308	112.798	82.0412	75.7143	36.1145	15.8893	7.49162	16.9905	4.3244	16.0619	21.2692	13.1332	32.6583	18.8675	16.2457	-8.858	10.4854	29.3129	12.5205	-8.81778	44.8742	36.8404	21.7042	28.9489
294.106	-23.3251	-34.7727	56.0747	37.7509	-10.7609	36.3655	34.0663	36.4522	155.069	167.686	138.866	92.49	109.308	101.198	70.6411	89.6722	67.5688	11.4777	14.611	17.9487	1.0769	-6.39056	21.7981	3.47236	31.413	7.58872	6.80112	-14.2561	-5.13382	25.3269	34.5678	0.07226	35.767	33.2203	13.2913	46.6352
295.059	-28.7252	-15.1728	25.2746	26.1507	-20.161	55.5654	5.46618	59.452	158.269	129.885	151.266	101.29	139.308	143.798	106.441	93.6302	82.623	48.6661	13.7304	26.9069	9.62942	17.557	36.5269	21.4115	28.1676	11.3099	27.1565	1.3458	36.0469	52.7409	46.2153	19.3622	74.8596	5.0001	24.2782	61.7213
296.012	-30.3254	-11.973	3.4745	12.3506	15.6389	59.7653	44.066	115.452	132.869	137.085	151.066	109.09	131.908	127.597	95.0408	114.988	84.8773	36.8545	16.4498	31.6651	7.98194	17.7046	25.6558	31.1506	32.3223	7.23118	-4.08804	-7.6523	28.4275	71.1548	46.0629	39.8521	82.5522	-13.8202	57.465	102.207
296.966	-13.3255	45.6269	-11.1256	-3.6495	30.6388	88.1652	68.6659	124.852	129.468	137.685	137.266	132.889	150.908	151.597	105.441	106.746	69.1315	32.6429	-0.83072	6.42324	6.53448	15.4522	24.7846	29.8898	28.477	-6.04756	-7.9326	-0.85038	27.0081	57.5687	24.3108	47.3418	88.8446	-16.4407	66.8516	113.693
297.918	22.2744	53.4268	-7.1257	10.9504	46.2387	71.3651	40.6658	119.652	129.668	121.285	136.665	144.689	166.108	151.797	100.841	86.9039	38.1857	47.6313	-7.51128	-7.21858	20.487	-2.2002	2.51352	1.22894	4.2317	-4.72628	-11.9772	-1.44846	29.7886	50.3825	20.5589	47.0314	61.537	-18.4612	104.638	72.9786
298.871	7.0743	46.6267	-16.5258	8.1503	45.6386	97.565	42.2657	120.652	113.468	96.6848	109.065	131.289	158.508	127.397	83.8405	67.4617	-0.3601	9.41974	-22.3918	-27.2604	5.63958	15.1474	-3.3576	0.76812	-16.2136	-25.005	-9.62172	-16.8465	46.569	28.5961	1.80714	71.7209	66.6292	0.51804	155.624	42.264
299.824	3.8742	39.6266	13.0741	14.1502	38.2385	65.565	29.4656	101.651	85.8679	113.085	85.6651	108.489	142.307	95.7967	56.8404	57.0195	-29.7059	-28.9918	-16.2724	-16.7022	2.19214	9.095	-21.6287	-12.2927	-23.0589	-27.6837	-22.4663	-34.4446	10.7494	-7.39024	14.4556	81.2103	52.3212	21.0972	163.41	35.5492
300.776	-1.52588	25.8265	24.274	-5.44988	25.4385	57.3649	2.26554	93.8514	55.2678	76.2845	60.465	94.6886	124.307	82.3966	65.8403	33.1773	-24.2517	-21.8034	-16.7529	-25.9439	-7.8553	-2.35738	-20.2998	-9.1535	-45.3041	-25.9623	8.68918	-50.4427	-12.0703	-14.3767	27.3043	84.2995	69.0132	42.4762	146.596	14.0342
301.728	-18.926	-10.3736	24.0739	3.55004	-25.5616	14.3649	-12.7345	61.4513	57.0677	41.6844	72.0649	82.8885	85.5072	35.1965	61.8403	16.1351	-17.5975	13.185	-1.23338	8.21428	9.49726	19.9902	14.0291	-0.6143	-42.9494	12.759	24.0446	-21.6408	8.50988	-1.1632	52.9532	74.7887	80.905	98.655	123.582	14.119
302.68	-23.726	-16.7736	31.4739	-22.65	-72.5616	-4.43518	-22.3346	61.0512	30.0676	41.4843	86.2648	70.6884	91.9072	39.7964	45.8402	32.0928	7.85662	-27.6265	10.2861	-0.82748	-1.55016	26.9379	29.558	2.52492	-27.9947	25.4804	10.4001	-15.8389	19.4901	12.2502	55.0023	51.0777	79.9967	66.6338	95.7674	7.20362
303.632	-11.1261	-16.7737	37.0738	-21.0501	-70.9617	-4.63522	-28.5347	52.6512	16.4675	59.4843	53.4647	11.4883	70.9071	57.9963	42.4401	57.4505	25.3108	-1.0381	13.2057	0.33074	26.6024	28.4855	19.687	8.66414	-25.8399	57.0017	23.1556	3.563	3.27018	37.0636	52.0515	38.9666	73.4883	44.0124	86.5529	45.2881
304.584	-0.32616	-7.37372	40.2738	-27.4502	-55.1617	1.76474	-7.33472	58.8511	12.8674	28.6842	50.2646	23.6882	51.307	38.1962	40.4401	52.0082	32.1649	25.1503	-2.47478	0.28898	32.155	7.0332	48.6159	5.20338	-11.8852	64.3231	26.7111	22.9649	6.45024	47.8769	37.1009	20.4554	79.1798	38.7909	66.7381	39.9725
305.536	-36.5262	-29.7738	12.6737	-14.4502	-57.5618	-3.8353	-28.5348	35.6511	41.8673	72.2841	54.6645	1.48814	63.107	32.5962	18.64	37.1659	13.0191	10.7388	-18.7552	-27.1528	23.3076	-15.4191	27.9449	-41.4574	-11.5304	36.8444	-15.9334	17.7668	5.03022	14.0901	15.9505	18.5441	71.4712	35.7693	75.5232	63.4566
306.488	2.07372	-10.3738	0.6737	-21.2503	-16.5618	11.1647	-9.13482	54.051	43.4673	110.684	41.8644	10.8881	73.7069	39.5961	6.64	74.1235	31.4732	4.5272	-2.63566	-3.9945	23.4602	0.52854	17.0739	-17.3181	6.02434	26.3658	-18.5779	9.3687	0.01014	20.1033	7.0003	19.2327	75.7625	3.14748	84.1082	78.3405
307.439	-13.1263	-18.7739	-16.3263	-7.0503	20.2381	36.3646	5.06512	72.851	60.8672	131.484	29.2644	30.488	60.5069	28.796	14.24	79.2811	21.7273	48.5156	-14.9161	0.96376	28.6129	-18.9238	10.0029	9.02114	-15.4209	31.6872	-7.22238	16.9706	-21.01	-6.28366	3.0503	38.9211	78.2536	46.3256	101.893	98.4243
308.39	-19.5264	27.6261	-7.92636	21.7497	16.4381	21.5646	-1.93492	95.4509	64.2672	129.684	79.2643	112.088	72.7068	30.996	16.2399	95.2387	35.7814	65.9041	12.6035	32.522	18.7655	13.2239	19.1319	5.56042	0.1339	38.2087	-0.46686	22.3725	-10.4302	-3.67066	12.9005	35.4094	93.1446	88.5035	86.2775	101.708
309.341	-25.5264	26.026	-31.1264	10.1496	44.6381	63.5646	18.065	92.6509	79.6671	168.484	97.6643	164.688	97.9068	68.1959	12.0399	100.996	45.2355	66.2925	33.9231	27.4803	0.91814	29.9716	-10.1391	-2.7003	-19.3113	29.1301	6.48866	0.97444	-18.6505	-21.6577	25.1509	55.0976	94.8355	120.081	95.8619	117.791
310.292	3.67356	36.826	-1.92644	37.5496	45.8381	89.5646	53.665	103.851	61.8671	150.084	147.464	219.288	103.707	80.7959	50.4399	147.954	107.09	95.881	26.8427	49.4386	12.8708	59.9193	12.7899	45.039	-0.7565	46.6516	26.6442	12.3764	2.52914	14.5551	12.8016	51.7857	88.1263	108.459	98.6461	116.674
311.242	-4.32646	19.426	11.2735	22.3496	28.638	94.1646	44.465	110.851	73.267	168.884	173.264	230.688	125.507	107.396	37.4398	141.311	120.544	92.8694	26.1624	20.3969	24.6234	50.667	15.319	28.7783	-12.4017	28.373	27.9997	20.1783	16.5088	32.5679	34.8523	66.4737	67.017	111.237	124.03	145.757
312.193	-14.5265	14.826	22.8735	31.7495	38.638	111.165	53.465	115.251	85.667	197.284	198.664	249.088	147.307	106.596	42.2398	162.869	148.598	90.2579	36.882	37.1552	35.3761	48.4148	21.248	26.1176	7.5531	20.4945	31.3553	2.3802	49.2883	47.7807	36.5032	55.5616	88.3076	118.414	112.214	163.24
313.143	-21.7265	-21.3741	-0.12652	0.34952	48.038	137.965	55.2649	113.451	184.267	247.884	222.864	233.488	178.707	110.996	61.0398	168.026	185.452	87.4463	30.2017	30.9135	35.1288	30.3625	29.5771	43.0569	-11.6921	-8.184	24.5108	6.7821	49.0678	41.9933	43.7544	33.6494	71.398	133.791	101.798	167.923
314.094	-15.1265	-9.57408	15.0735	16.1495	35.838	100.165	21.6649	111.451	231.067	283.084	268.064	228.888	221.107	124.796	54.6398	191.784	196.706	88.6348	31.1213	29.8718	45.6814	16.5103	19.9061	47.1963	-6.93726	-12.4625	22.2664	8.384	48.4472	39.0059	15.0057	-8.26294	36.0884	94.1686	91.9816	153.206
315.043	-4.52654	4.2259	-7.12656	-2.25052	43.838	100.564	55.6649	154.251	320.067	332.084	302.064	252.488	264.107	171.596	11.0398	206.941	192.76	83.4232	26.241	40.0301	34.0341	12.058	21.0352	10.3356	-15.1824	-5.54098	9.622	17.9859	27.8266	20.0184	32.2573	-23.5754	52.7786	110.346	98.165	147.688
315.993	23.2734	25.6259	19.8734	10.5495	67.4379	89.3645	75.0649	176.051	346.467	362.084	335.264	282.688	274.307	204.396	34.6397	234.898	163.814	91.4117	27.3607	60.7885	18.1868	2.6058	5.76434	6.87498	-25.4276	-3.41946	-14.6224	-11.2122	17.6058	13.0309	16.909	-43.688	71.2687	124.123	82.1483	144.17
316.943	58.8734	59.2259	29.8734	1.74944	67.8379	83.3645	87.8649	214.251	388.467	368.684	399.864	352.088	274.707	230.196	38.4397	249.856	198.268	95.8001	39.0805	57.5468	-13.4605	22.1536	5.29346	-5.38566	-21.2727	8.70208	-14.4668	1.3897	-12.8149	17.0433	34.361	-42.4007	42.1587	116.699	121.931	141.252
317.893	76.8734	93.2258	57.0734	41.3494	85.0379	106.164	147.865	247.451	386.067	386.084	433.464	409.888	301.107	267.796	35.6397	266.413	188.522	95.7886	47.8002	21.7051	4.49222	1.70134	-6.1774	-19.6463	-4.31786	10.6236	-27.5112	-17.0084	-28.0358	-21.5444	9.41314	-15.1136	49.6485	88.276	146.914	133.534
318.842	76.6734	71.8258	93.6734	81.9494	115.838	139.564	199.865	272.851	438.467	425.484	434.864	440.688	322.907	317.196	80.0397	275.57	204.376	108.377	44.12	13.4635	-13.3551	-22.9509	2.75174	-15.5069	-4.76298	11.9452	-30.7556	-10.8065	-11.6567	-17.5322	32.4655	18.9735	90.7383	95.8526	156.897	153.415
319.791	70.6734	86.4258	108.073	97.9494	98.2379	140.564	201.265	273.651	466.667	480.884	460.064	464.288	322.107	307.196	129.24	279.728	222.83	124.966	57.8397	17.4218	12.7977	2.79692	5.68088	-0.5675	12.3919	24.6668	-21.6	0.5954	15.7223	3.27998	26.7181	21.0604	87.2279	126.829	153.28	187.896
320.74	56.0734	71.4258	98.6734	106.949	125.438	206.164	204.665	267.451	517.267	508.284	515.864	525.288	345.907	318.796	122.44	313.685	292.084	136.354	66.7595	14.7802	2.75042	18.3447	28.61	2.77192	40.1468	39.1884	12.7556	22.9973	12.5013	-6.90794	42.1708	63.9472	89.5174	127.805	202.062	200.978
321.689	56.4734	69.6258	99.8734	133.549	116.638	219.364	216.865	259.451	499.467	528.684	527.864	538.687	380.107	364.796	135.24	339.842	273.538	147.342	78.0793	-4.06142	24.5032	5.69256	32.3392	7.31134	24.3017	18.11	4.31122	26.1992	13.8802	-6.29594	33.2238	65.2339	129.807	128.381	154.044	203.059
322.638	53.6733	54.2258	108.673	99.3494	130.438	198.764	193.065	233.251	480.267	531.884	553.664	535.087	397.707	390.996	180.24	345.799	279.992	145.531	69.1991	22.297	-8.34408	-10.3596	10.8684	-1.74922	16.6566	-9.16836	-3.53316	0.4011	16.059	20.316	52.477	71.1204	162.296	185.557	189.226	236.139
323.586	56.6733	61.6258	108.473	87.9494	117.438	181.764	202.665	274.451	475.067	540.684	591.064	560.487	372.507	374.596	188.64	352.956	262.646	146.519	71.7189	24.4553	6.20868	-5.01176	13.7976	-14.2098	10.2115	-17.2467	-16.3775	1.203	7.6377	27.7279	57.7303	89.8069	167.185	223.533	198.408	252.42
324.535	81.8733	57.2258	113.873	72.5494	129.238	168.764	180.065	253.451	458.667	529.884	559.664	556.887	372.507	378.596	181.84	377.713	239.9	134.508	80.0387	2.61372	-34.2386	-36.6639	10.7268	-25.6703	-9.43362	-52.1251	-23.0219	-22.9951	-26.3836	17.5397	56.1838	147.493	224.474	225.709	244.79	263.5
325.483	78.8733	75.2258	88.4733	68.7494	112.238	153.364	130.065	235.251	450.667	527.284	520.664	538.487	382.707	369.195	220.44	373.271	227.154	130.896	80.1585	-17.4279	-21.6858	-37.5161	-12.944	-23.7309	-35.8787	-65.4034	-40.0662	-20.1932	3.99506	31.5514	34.0375	115.38	220.763	228.484	219.972	271.181
326.431	72.8733	67.4258	100.073	69.1493	88.6378	131.164	100.065	227.251	472.067	526.884	514.864	538.287	375.107	342.596	223.04	373.028	230.008	130.485	54.2784	-3.86948	-11.533	-45.7682	-3.21476	-30.9914	-32.5238	-54.6818	-34.3105	-11.3913	22.3736	36.9631	56.8914	153.066	213.252	261.26	234.153	310.061
327.379	74.4733	64.8258	60.4733	75.3493	84.0378	124.564	80.4648	242.451	479.867	521.884	495.864	535.287	367.106	329.796	175.24	381.785	258.062	155.073	59.3982	19.6889	31.8198	3.77966	30.1145	-14.2519	-14.3689	-7.36006	-14.3549	27.4106	47.5522	50.7748	54.7455	143.752	218.141	220.035	187.734	259.141
328.327	55.0733	43.0257	45.2733	39.5493	83.0378	154.764	98.0647	239.451	456.667	503.084	492.464	533.887	386.706	324.796	176.84	410.142	278.716	154.062	72.3181	46.4474	30.7726	36.5275	45.0437	-1.3124	-0.21392	-3.23836	-0.99918	26.8125	55.9306	57.1863	50.9998	159.638	240.229	203.21	196.915	261.82
329.274	26.4733	26.0257	39.2733	62.7493	100.838	139.364	132.065	255.651	445.067	502.683	521.464	547.687	379.706	332.396	182.64	436.099	303.17	177.85	92.638	89.8058	59.9254	57.6754	53.973	18.2271	44.941	44.2834	26.5565	56.8144	87.909	77.1978	54.4542	136.523	197.918	230.786	198.896	252.5
330.222	18.0733	21.6257	113.273	90.3493	116.038	141.564	189.665	301.651	446.267	513.283	545.064	554.287	389.306	337.996	173.04	438.056	288.624	179.639	88.1579	106.164	64.2782	32.4233	44.5023	10.9666	44.096	48.0051	23.7122	65.6163	59.8873	78.2091	72.5089	164.009	227.406	247.16	235.477	281.779
331.169	16.8733	-9.5743	124.673	74.1493	143.238	145.764	206.665	332.051	443.667	531.683	536.664	560.087	386.506	356.396	183.44	437.813	311.877	207.827	108.078	75.7227	80.431	53.1712	24.8316	43.7061	59.051	46.1269	3.8679	54.0182	66.8655	67.6205	37.3638	144.094	251.694	256.335	314.458	280.858
332.116	45.4733	-0.3743	125.273	84.1493	147.238	172.164	228.465	337.651	469.867	549.083	566.064	605.487	420.706	377.196	189.04	452.169	311.731	181.816	96.7978	65.0811	45.5838	48.7192	14.3609	25.2456	37.4059	24.8486	-1.3764	35.4201	51.8437	77.6317	18.0188	155.38	251.782	297.51	384.238	346.937
333.063	59.8733	50.0257	158.673	125.349	170.638	179.364	198.665	348.451	497.867	593.883	585.864	624.487	448.906	380.596	170.44	475.326	340.785	180.604	98.7177	31.6396	51.3367	28.6671	-4.70978	31.7852	39.9609	11.9704	14.3793	34.222	76.6219	81.0429	29.274	156.465	264.87	352.885	438.618	400.616
334.01	72.0733	75.2257	165.273	131.349	184.638	236.964	184.265	374.051	521.467	610.483	646.464	661.687	492.306	408.795	175.04	454.083	334.439	177.593	87.2377	-17.202	53.2895	5.81504	-32.7805	19.9247	-6.0841	-24.7079	-17.465	-5.3761	81.1999	68.8541	40.5295	152.75	315.358	348.259	450.398	461.895
334.957	85.0733	90.0257	126.473	141.349	185.038	254.364	167.465	366.851	572.867	643.883	706.264	728.487	534.106	445.795	182.84	485.84	377.693	177.781	109.558	-8.44348	34.2424	17.763	-33.4511	27.6643	-16.1291	-31.9861	-12.5092	-18.9742	72.5779	76.4651	48.7852	159.236	325.046	380.433	460.978	433.373
335.903	104.273	161.826	125.473	186.349	216.238	294.964	203.065	406.851	695.867	727.683	785.064	772.287	601.706	503.995	203.84	539.797	412.147	183.77	138.078	18.315	20.5952	-10.8891	-44.5218	11.0038	-28.9741	-40.8643	13.0465	-13.3723	56.1558	113.876	99.041	226.521	372.534	425.607	464.558	460.852
336.849	122.273	177.226	193.873	221.549	263.038	357.564	246.065	474.851	739.667	800.483	870.264	854.087	612.306	535.195	235.24	578.754	435.401	223.958	176.598	17.4735	37.5481	-21.7411	-46.3924	44.1434	-1.21908	-23.9424	29.6023	7.4296	78.1337	122.887	137.697	263.405	388.821	457.581	474.138	471.73
337.796	162.473	156.626	179.273	253.549	289.838	381.764	301.465	529.851	854.267	913.883	982.064	957.287	634.106	603.595	285.44	619.91	480.854	232.347	159.118	34.232	25.101	-25.9932	-42.263	38.083	4.13594	-23.4206	0.15802	23.8315	67.7115	139.698	127.353	288.09	382.909	441.755	447.917	449.408
338.742	183.673	192.026	211.473	246.149	312.438	410.964	345.865	575.451	942.467	1043.08	1070.26	1051.09	714.106	689.195	327.04	720.867	534.708	257.735	159.038	52.3905	11.0539	-31.8452	-19.1336	29.2226	1.49096	-20.8987	11.5138	19.8334	49.8892	152.309	144.01	340.175	375.996	469.129	469.696	424.085
339.688	221.273	240.026	248.073	276.549	365.638	466.764	437.665	683.651	1021.47	1163.08	1165.06	1162.69	770.306	779.595	397.04	782.224	596.162	292.724	139.358	55.549	12.2068	-34.2972	-10.0042	11.5622	14.246	-24.7769	16.0695	3.8353	79.0669	137.519	141.466	352.259	380.483	465.303	457.275	425.163
340.633	245.673	225.426	273.473	290.749	422.038	519.964	461.865	730.051	1100.67	1277.28	1301.86	1293.69	827.906	839.195	429.84	895.381	691.416	314.912	133.278	99.7075	26.3597	-20.1492	18.1252	3.30188	27.2011	3.94502	50.8253	19.8372	91.8445	156.33	127.923	328.744	355.77	409.476	445.054	405.04
341.579	269.673	272.426	320.473	342.149	443.438	534.164	502.065	805.851	1239.67	1445.08	1404.46	1425.69	945.106	969.995	471.44	1021.74	786.67	365.501	136.598	110.066	29.9126	-12.4012	13.0546	7.44152	14.7561	-4.1331	32.3811	12.2391	105.022	162.741	131.18	314.428	338.257	409.05	432.033	416.117
342.524	305.673	344.226	369.673	399.549	489.438	600.164	571.065	894.651	1345.47	1580.28	1524.26	1560.69	1100.31	1094.2	503.24	1179.09	890.123	451.889	198.318	148.425	68.6655	28.1468	17.584	-6.41882	12.1112	22.7888	77.7369	7.441	123.8	185.751	149.237	311.112	342.944	427.623	445.812	414.194
343.469	356.673	399.626	436.673	482.149	560.638	662.364	647.865	977.451	1526.67	1746.28	1659.06	1728.29	1208.11	1181.4	556.04	1326.25	1027.38	520.078	261.238	164.983	62.8184	29.0948	6.71348	6.52084	25.0662	33.1107	88.6927	32.0429	149.777	220.161	143.895	279.596	311.431	385.996	382.59	349.671
344.414	414.473	448.226	476.273	499.949	633.438	722.564	684.065	1041.45	1735.67	1900.68	1834.46	1876.29	1302.71	1281.8	586.64	1484.01	1146.23	578.266	297.358	159.742	82.9713	42.2429	17.8429	16.4605	23.6213	62.6326	84.6485	45.8448	151.354	240.772	153.952	255.28	291.917	351.369	350.368	299.748
345.359	462.273	489.226	514.273	561.949	675.638	764.764	757.265	1139.65	1975.47	2069.08	2010.46	2075.69	1421.71	1404	634.04	1622.96	1233.48	641.255	330.278	150.7	76.3243	38.9909	11.1724	30.2002	3.57638	51.5546	66.0043	10.6467	155.532	221.382	142.21	241.964	257.404	330.142	297.347	262.024
346.304	496.673	543.226	514.673	587.749	711.838	795.964	836.665	1250.65	2123.67	2235.88	2218.26	2235.69	1543.31	1552	736.04	1780.72	1340.74	685.843	364.198	147.259	51.0772	19.339	17.1019	7.53984	-3.06852	38.4765	67.3601	-1.55146	128.109	191.592	136.868	188.247	230.89	258.914	244.524	212.1
347.249	545.073	565.226	577.673	628.749	779.638	853.564	881.865	1380.25	2304.47	2433.08	2438.66	2442.89	1632.71	1680.2	823.64	1913.48	1462.39	768.032	395.319	146.417	56.0302	25.687	37.6314	55.6795	14.0866	38.3985	64.5159	18.6504	121.886	178.602	147.726	148.531	213.976	193.887	235.302	154.776
348.193	599.673	570.826	576.473	625.149	822.638	894.964	945.665	1515.85	2502.07	2651.48	2630.46	2622.49	1785.91	1850.8	910.84	2037.63	1513.65	816.42	397.439	160.776	70.1832	55.0351	45.3609	72.6192	16.8417	43.3205	71.4718	19.8523	111.263	150.612	154.785	140.014	203.862	181.859	231.48	150.252
349.137	599.873	548.226	611.073	664.349	842.838	954.364	1028.46	1610.25	2644.67	2876.48	2812.06	2810.69	1917.91	1966.8	1003.64	2148.39	1609.7	854.609	437.959	195.534	90.3361	59.9831	45.8904	80.9589	32.7968	34.0425	74.8276	26.8542	109.84	143.423	161.643	144.898	195.748	177.232	230.657	190.728
350.081	608.673	583.426	640.073	676.949	849.038	1001.56	1078.66	1683.25	2615.67	3003.08	2907.06	2926.49	2025.91	2077	1044.04	2242.75	1660.15	865.197	427.879	193.493	88.6891	87.1312	39.4199	63.6987	48.7519	37.9645	64.7835	34.4561	114.217	117.432	145.902	91.781	156.434	160.604	181.835	176.204
351.025	579.073	552.626	658.873	678.749	886.638	1025.56	1116.86	1729.65	2684.27	3066.88	3011.66	3044.69	2119.51	2100	1070.64	2257.5	1669.81	859.186	396.199	210.852	90.0421	89.0793	32.5495	44.0384	48.707	43.0865	42.1393	25.658	97.9941	110.442	96.1607	109.664	142.32	135.976	156.212	135.679
351.969	543.473	537.426	623.873	627.349	852.438	984.764	1100.86	1673.45	2633.47	3010.08	2976.66	3020.29	2142.11	2115	1065.24	2224.86	1607.26	775.574	340.52	204.81	77.9951	63.2274	27.079	-4.42182	27.8621	31.0085	10.6952	1.0599	77.1709	103.252	62.4199	85.5471	104.206	123.148	112.789	112.354
352.913	468.873	515.426	603.673	627.749	803.438	935.164	1046.26	1612.05	2481.67	2843.68	2916.46	2942.69	2034.31	1976.6	981.24	2143.41	1552.71	707.563	327.04	197.169	77.1481	18.7755	17.6086	-6.68208	33.8173	51.9306	-4.34892	10.0618	83.7477	58.6619	17.4791	41.0301	84.2913	78.9198	76.9655	89.8291
353.856	441.873	493.226	522.473	553.549	732.438	828.764	977.865	1524.05	2276.47	2618.68	2727.86	2782.89	1932.71	1849.6	878.24	1992.17	1399.77	663.552	274.96	176.327	50.7011	8.72366	23.1382	-11.1423	46.9724	53.0526	4.00696	6.8637	70.9244	70.2716	5.5386	19.9129	61.1768	51.4915	60.9421	55.104
354.8	368.673	411.626	435.673	479.949	645.638	723.364	865.465	1363.85	2108.47	2371.88	2505.06	2561.69	1776.31	1646.4	799.64	1702.53	1191.42	558.94	232.48	142.486	43.4541	-1.32822	21.6678	-16.0026	27.7276	36.9747	-26.2372	-3.9344	32.9011	54.2812	-2.00174	30.1955	78.2621	62.863	50.9186	30.5786
355.743	323.673	330.426	331.073	395.949	505.838	609.364	727.065	1148.05	1823.07	2041.28	2140.86	2188.49	1539.11	1398.2	670.44	1412.08	977.275	460.129	191.801	81.0446	17.6072	-3.78008	38.5974	-29.6628	6.08274	35.2968	-15.4813	12.0675	31.8777	36.0907	35.4582	33.878	115.147	61.4344	37.2948	15.253
356.686	239.673	250.226	253.073	311.349	387.638	506.764	598.065	958.651	1538.87	1684.48	1775.66	1822.69	1278.71	1117	543.84	1098.44	776.529	378.117	162.521	60.4032	-8.0398	-2.43194	13.127	-13.923	3.83792	37.6189	-36.1254	14.4694	18.0542	11.7001	65.1183	31.5604	131.232	50.6057	20.071	39.3273
357.628	182.473	158.026	179.073	236.349	268.438	421.764	477.665	755.851	1238.27	1380.08	1371.06	1437.49	1049.91	926.795	457.64	794.996	546.583	280.506	101.441	53.1619	-24.8867	8.5162	22.6566	-28.5831	-22.2069	-3.85898	-45.7694	-1.32876	-13.9693	25.5095	50.3786	28.4427	96.5174	63.7768	7.44688	51.8013
358.571	100.273	77.2257	143.073	177.349	167.638	299.964	325.665	518.651	904.867	997.283	1007.66	1054.29	763.706	664.195	351.04	562.752	371.036	184.894	68.9614	15.9205	-14.1337	11.4644	24.5863	-28.6433	-42.6517	-8.53686	-48.6135	-19.9269	-22.7929	-7.68118	53.4391	24.1249	120.402	65.5478	-17.5773	50.8751
359.514	58.2733	58.4257	103.873	134.749	113.638	193.164	243.865	385.451	620.667	707.683	706.464	715.887	545.306	479.595	269.64	409.108	264.09	139.083	32.2818	11.2792	-57.3806	-7.78746	-0.28408	-33.1035	-70.0965	-19.4147	-50.4576	-24.325	-21.0166	-42.0719	54.8998	-5.79304	106.287	48.9187	20.5983	46.5489
360.456	51.6733	43.8257	91.8733	69.7493	72.2378	117.364	142.665	256.851	407.667	496.883	469.464	513.087	363.306	349.195	210.64	323.065	199.944	110.471	46.6021	45.0378	-35.2276	-5.63928	-4.15442	2.63634	-39.3413	-1.69258	-52.7017	-11.9231	-8.0403	-27.0627	50.5605	-24.711	60.3716	39.2895	28.5739	92.8225
361.398	32.4733	23.8257	47.2733	47.9493	33.8378	69.5644	79.4647	161.851	251.867	333.883	315.464	369.687	225.506	212.195	170.84	278.021	147.397	86.8599	54.3225	63.5965	-29.0745	-5.6911	2.97524	-4.22382	-50.9861	2.0296	-18.9457	-40.3212	-0.46408	-31.8536	14.2216	-24.6292	63.2561	35.4601	27.7491	87.4958
362.34	2.6733	8.6257	26.0733	-19.0507	-6.5622	-23.6356	53.8647	84.8506	152.467	196.683	232.664	278.687	155.106	140.995	118.04	230.177	142.851	91.4484	63.6428	71.5552	-6.3214	19.8571	0.90492	4.51604	-29.4309	3.95176	5.61022	-48.1193	21.7121	-26.8446	39.0828	-13.5474	84.9405	6.63066	9.92434	72.369
363.282	5.4733	3.6257	21.8733	-8.2507	0.6378	-2.4356	67.6647	96.4506	138.867	179.683	184.064	225.687	148.506	143.995	118.44	183.333	126.304	88.237	39.9632	87.5139	-16.7683	6.8053	-30.1654	-6.74408	-29.8757	-7.32604	2.16618	-22.9174	11.0882	-18.0356	19.5443	-23.4658	64.6248	15.601	22.4993	76.642
364.224	5.4733	-4.5743	-4.5267	-28.4507	-34.1622	-16.4356	47.0647	52.6506	114.067	126.683	141.264	183.287	123.906	141.995	98.2396	147.089	109.558	76.0255	34.6836	93.0725	-0.6152	15.3535	1.76434	-4.8042	20.0796	-14.6038	12.5221	-18.3155	30.0642	15.5733	7.00594	-9.18438	27.1089	-23.2288	-31.126	76.3147
365.165	2.8733	-8.1743	-16.9267	-11.2507	-23.9622	-1.8356	48.2647	30.6506	119.867	121.283	132.464	142.487	120.706	112.195	76.2396	119.245	82.6114	70.4141	25.004	78.0312	14.1379	37.5017	21.6941	-4.2643	33.4348	-28.2816	22.8781	-27.3136	32.8401	14.3821	1.46782	-6.50302	25.193	-27.0587	-23.7514	23.1873
366.107	12.6733	2.0257	-10.5267	-13.6507	-26.1622	-2.2356	21.6647	-15.9494	115.267	95.2834	103.664	119.687	125.706	114.395	28.4396	71.0007	43.465	33.2026	-2.27558	37.7899	8.691	2.84998	12.6238	-13.9244	36.7901	-39.5594	7.23408	-16.5118	19.216	11.7909	15.1298	12.7783	0.07692	12.9113	-6.57688	7.65978
367.048	36.0733	16.8257	1.8733	4.9493	-17.3622	40.9644	-11.3353	-6.1494	103.267	84.8834	89.8637	99.0873	95.9064	108.595	38.0396	49.3566	39.7185	26.1912	-17.3552	-5.05136	-13.1559	-5.20178	-4.44644	-37.1845	52.1453	-36.2371	-2.00992	-36.1099	-0.20818	8.39954	-2.80792	-17.7406	-11.2393	2.08108	-38.6026	5.93198
367.989	33.2733	2.8257	-19.3267	-2.4507	-22.1622	-8.4356	-41.5353	4.8506	77.6666	72.8834	68.0637	79.2873	97.3064	76.3954	18.0396	27.7125	14.3721	19.9798	10.5653	-13.8926	-31.6028	-2.05352	-6.1167	-37.2446	34.1006	-51.7149	-15.8539	-47.108	-12.2324	-12.7918	-12.9455	-41.8596	-11.9556	-15.1492	-28.0285	5.40406
368.93	40.8733	-9.3743	11.4733	4.1493	-27.9622	-6.8356	-29.5353	6.0506	72.6666	74.6834	67.0637	85.2873	87.9064	44.5954	15.2396	15.6684	0.42558	22.3683	17.0857	-35.7339	-32.0496	-19.9053	-32.3869	-37.3047	23.0558	-25.7926	-12.6979	-65.1061	-25.4567	-19.3833	17.517	-29.9786	-13.072	4.6204	-7.4545	38.276
369.871	-13.5267	-32.1743	7.6733	-22.4507	-38.7622	-3.6356	-20.1353	14.8506	37.0666	49.8834	80.0637	96.4873	83.7064	22.5954	24.2396	-8.57574	-9.9209	13.9569	-16.7938	-48.7752	-53.2965	-60.557	-90.4571	-37.3647	-21.1889	-44.2703	-23.9419	-76.5042	-57.0811	-36.9748	5.97982	-36.6978	-24.9885	-22.2101	-25.8807	77.1477
370.811	-12.7267	-41.7743	-1.3267	-32.0507	-25.1622	-2.0356	-6.7353	43.8506	32.2666	77.8834	83.8637	112.287	82.1064	31.1954	44.8396	17.5801	40.9326	68.1455	-2.0733	3.98354	-12.7433	-19.6087	-52.1273	10.9752	13.5664	-29.548	-2.1859	-53.1023	-34.1055	-14.9664	11.6428	-43.4172	-42.3052	-46.2408	-43.907	95.4192
371.752	-33.9267	-30.1743	-19.9267	-22.0507	-5.1622	1.3644	2.6647	38.2506	6.8666	62.6834	90.0637	122.687	81.3064	-6.8046	30.8396	13.5359	21.7861	55.934	-10.9528	6.94228	-10.3901	-34.0604	-29.9975	22.5152	-0.2783	-32.8257	-4.22988	-13.1004	-45.93	-30.958	43.5059	-26.1366	1.17808	-15.8716	-7.93348	120.491
372.692	-68.7267	-23.3743	-26.1267	-33.4507	-12.1622	47.5644	13.8647	6.4506	9.6666	80.0834	106.864	124.687	76.7064	15.3954	8.4396	28.6917	56.6396	48.5226	-2.83228	16.701	23.763	-14.1121	-8.46772	37.8551	23.077	-5.50338	9.92614	-33.6986	-28.5545	-40.1497	38.5693	-30.2561	-23.5388	-36.5025	-53.1602	72.5618
373.632	-94.5267	-41.9743	-32.3267	-33.6507	1.8378	43.9644	-4.3353	9.8506	-0.5334	76.6834	93.0637	110.487	80.7064	19.7954	8.4396	47.2474	62.6931	41.9112	3.08824	35.4598	39.3162	-15.7638	10.8621	55.7951	11.0323	-29.9811	6.88216	-3.29668	-28.9791	-31.9415	24.0328	-43.5758	9.34424	-23.5335	-47.187	33.2328
374.572	-76.3267	-12.3743	-34.3267	-37.4507	-4.7622	37.5644	-39.9353	-11.5494	15.6666	84.0834	46.0637	79.0873	63.3064	42.1954	24.0396	37.2032	62.3466	38.6998	14.6088	29.8186	30.4694	-5.41554	39.9919	45.7351	9.7876	-26.4587	10.2382	-6.8948	-12.6038	-23.9333	-9.10352	-41.8955	-25.3728	11.6353	-54.6139	-1.09634
375.512	-83.7267	-18.3743	-32.9267	-53.0507	-1.5622	36.5644	-35.3353	0.0506	8.2666	79.4834	37.4637	40.8873	63.3064	51.5954	55.0396	22.7589	49.0001	14.6883	0.92934	-24.8227	-8.1774	-12.2672	20.7218	24.8751	6.54292	-20.9364	1.79426	-2.6929	-22.4285	-33.3252	-34.8396	-54.2154	-21.09	-1.196	-61.2411	-18.8257
376.452	-66.9267	-29.1743	-48.5267	-39.6507	5.8378	22.9644	-20.3353	-12.3494	35.8666	63.6834	23.8637	40.8873	52.3064	60.3954	53.4396	48.5145	48.8535	25.2769	37.0499	4.33612	3.5758	14.2811	23.6516	24.6151	8.29824	2.78602	10.1503	7.709	11.7466	-1.91726	-22.3755	-47.5354	-82.0074	-18.2275	-44.4684	-9.15528
377.391	-61.9268	-17.3743	-45.5267	-43.4507	-34.5622	-11.6356	-68.7353	-42.7494	1.6666	-2.1166	-2.5363	40.8873	21.1064	26.7954	45.4396	22.6702	-1.09304	11.0655	-4.2295	-22.9051	-30.271	-24.1706	7.38152	8.95514	-14.9464	-9.8916	1.50638	8.91088	-22.0782	-21.5093	-64.9112	-55.4555	-118.925	-10.6591	-52.6959	-15.085
378.33	-21.1268	21.6257	-49.9267	-48.0507	-42.1622	-2.0356	-54.9353	-51.5494	-2.9334	-3.3166	6.8637	48.6873	46.9064	37.5954	79.0396	38.0258	25.5604	27.4541	16.6911	19.8537	-20.1178	41.1778	27.3114	17.2952	22.4089	13.0308	31.2625	21.9128	20.6968	-15.7015	-76.8466	-52.3757	-102.642	-1.69082	-57.5237	12.185
379.269	-0.9268	7.6257	-39.1267	-15.6507	-46.5622	-40.8356	-19.9353	-37.7494	-1.1334	-52.5166	30.6637	57.0873	34.7064	37.7954	38.2396	53.1814	20.2138	23.0427	19.6117	51.4125	3.83544	32.3261	41.4413	7.23522	52.7643	29.7532	44.0185	22.3146	16.0718	-16.8937	-32.1819	-72.2961	-56.5601	-3.12266	-38.3515	24.6549
380.208	-19.9268	6.2257	-42.9267	-21.2507	-61.7622	-33.0356	-7.3353	-55.5494	-31.5334	-70.7166	31.0637	57.2873	31.3064	-10.0046	12.8396	29.7369	-10.1328	-5.76872	8.13232	35.5713	-11.8113	13.2745	29.5712	-23.8247	17.1197	4.87566	13.1746	1.31652	-5.75322	-39.486	-13.317	-68.0165	-68.6779	-11.1546	-35.9795	-19.4754
381.147	-18.5268	5.4257	-33.9267	-31.8507	-87.7622	-22.2356	-38.5353	-79.5494	-51.7334	-72.7166	12.4637	22.4873	45.1064	19.7954	20.6396	14.8925	-19.0793	0.81986	-2.34706	4.5301	-7.45808	-26.1771	-10.8989	-38.0847	-11.725	-29.8019	3.3307	-49.8816	-37.1783	-50.2783	-44.852	-96.3371	-75.7958	-7.58666	-24.6076	-55.6057
382.086	-27.9268	-20.5743	-24.9267	-24.2507	-73.3622	-6.4356	-16.7353	-31.1494	9.0666	-13.3166	36.4637	27.0873	50.3064	26.5954	58.0396	13.248	-7.82594	-5.19156	8.37358	8.68892	-8.50482	-4.42876	-26.7689	-34.1446	3.83042	-36.6794	-5.51318	-52.2797	-16.0035	-25.0707	-23.1867	-91.0578	-55.7138	-24.6189	-42.0359	-53.3364
383.025	-59.7268	-35.9743	-48.1267	-43.2507	-46.1622	11.3644	-33.5353	-33.5494	24.6666	3.8834	20.2637	1.6873	10.5064	20.9954	30.6396	-1.99654	-19.1725	4.39702	-6.90576	-35.5523	-14.3516	-48.8804	-43.239	-50.4045	-22.2142	-32.957	-21.5571	-58.8778	-56.2287	-24.2631	4.0787	-98.3785	-36.0319	-44.0512	-39.4643	-51.0671
383.963	-63.3268	-36.9743	-87.5267	-67.4507	-19.3622	53.1644	-26.5353	-27.1494	-9.1334	22.2834	14.2637	14.0873	39.7064	-5.6046	17.0396	12.5589	12.8808	0.7856	5.21492	-67.1934	-27.5983	-39.532	-61.909	-18.8644	-23.6588	-24.2345	-22.8009	-62.676	-51.054	-12.2557	-11.0556	-65.0995	-54.1502	-40.6837	-51.893	-66.7982
384.901	-56.3268	-24.7743	-57.7267	-50.6507	-26.9622	24.9644	-15.3353	15.0506	33.2666	47.4834	15.4637	-5.5127	33.1064	26.5954	0.8396	25.9144	-7.6658	9.1742	-3.4644	-53.2346	-28.045	-30.1836	-53.179	-8.3243	-3.9034	-33.912	-13.2448	-64.8741	-54.0794	6.35168	-18.3897	-59.6205	-4.26862	-25.7164	-41.3219	-17.9294
385.839	-53.9268	-39.5743	-34.9267	-46.2507	-1.9622	26.1644	7.8647	27.6506	41.4666	47.8834	10.2637	5.6873	43.7064	-15.2046	12.6396	6.86976	-9.21244	-17.8372	-36.9437	-55.8757	-32.2917	1.56486	-20.4491	18.6158	16.452	-24.9895	-5.08866	-69.2722	-68.3049	12.159	-15.7236	-2.14168	35.8129	-14.1492	-76.3509	-23.0608
386.777	-26.5268	-28.9743	-28.1267	-65.8507	32.4378	39.9644	19.6647	15.4506	8.8666	13.0834	-2.1363	-16.5127	58.9064	-23.2046	4.4396	17.0252	-2.35908	2.1514	-36.023	-50.1169	-10.3385	-6.2867	3.08094	0.15592	21.6074	-10.467	-16.9325	-54.4703	-55.5304	13.1662	6.5426	8.53706	29.2943	5.41796	-15.18	12.8077
387.715	-25.1268	-52.9743	1.4733	-54.0507	39.8378	58.3644	22.4647	18.4506	-2.7334	-14.1166	-22.5363	-14.1127	60.5064	-27.2046	1.8396	-12.2195	-20.1057	-41.46	-54.5022	-68.758	-29.7852	-21.7383	-28.5891	-42.304	-10.8372	-56.5445	-31.3764	-93.6684	-63.1559	-10.6266	2.809	14.4157	-30.8244	22.385	4.39072	-10.324
388.652	-28.1268	-53.5743	65.6733	9.9493	-1.7622	45.5644	18.4647	37.8506	13.4666	-12.5166	-27.9363	-37.9127	51.3064	3.1954	54.4396	-34.6642	-48.2524	-21.6714	-69.1815	-67.1992	-26.6319	-39.3898	-25.459	-93.5638	-16.0818	-82.0219	-44.0202	-73.2666	-82.5816	-3.01946	17.8756	6.4942	-9.14328	2.35182	18.5613	8.94412
389.59	0.8732	-55.3743	31.6733	24.7493	-15.3622	48.9644	8.8647	-4.5494	4.4666	-19.1166	-40.1363	-20.5127	72.3064	-6.0046	64.8396	-49.1089	-49.199	-18.2827	-65.0607	-71.4403	-23.4786	-28.4414	-33.329	-75.2237	-26.5263	-56.8994	-26.2641	-71.4647	-60.0072	-2.81242	13.3424	-2.2274	-63.0622	-24.0814	15.3316	14.012
390.527	1.6732	-44.3743	24.4733	27.3493	-33.3622	6.9644	-4.3353	-5.5494	-0.7334	-4.3166	-47.9363	-26.1127	59.1064	-3.4046	51.6396	-35.7536	-20.1457	-12.6941	-33.14	-34.0814	-13.7252	-36.2929	-33.5989	-81.2835	-31.9709	-56.9768	-36.3079	-42.0628	-20.633	-14.6055	-3.3906	-12.1491	-66.9813	-12.1148	48.7018	16.8798
391.464	-4.1268	-25.3743	8.2733	49.7493	-59.1622	9.1644	-8.3353	4.2506	-6.1334	15.4834	-47.7363	-18.7127	52.7064	22.5954	64.6396	-34.5983	-27.6924	-39.9055	-25.6192	-52.7225	-45.3719	-31.5445	-32.2689	-76.5433	-42.6154	-78.4542	-11.1517	-56.4609	-28.4588	-3.59856	25.0766	35.529	-20.7005	-8.14836	48.0719	27.7473
392.401	15.4732	5.4257	-6.1267	51.3493	-79.5622	-4.0356	-12.3353	-9.5494	4.0666	16.6834	-23.9363	-22.7127	21.7064	9.1954	71.2396	-16.4431	-8.6391	-13.9169	6.1016	-30.1636	-29.6186	-21.796	-1.53884	-25.4031	-12.86	-32.1316	10.8045	-43.659	-26.2847	5.20828	13.544	37.8071	1.38022	-3.78202	44.2417	47.8147
393.338	-4.3268	14.4257	-28.9267	0.7493	-63.1622	-12.4356	-29.1353	-7.3494	-7.9334	16.8834	-19.1363	9.2873	14.3064	-15.2046	51.0396	-12.8879	-7.38582	-20.1283	20.8224	-4.6047	-25.8652	7.9525	-15.6088	-0.26294	-5.10452	-21.209	4.76066	-53.8572	-9.71068	-3.38496	11.6116	32.485	8.4608	7.58418	37.4114	84.0819
394.274	-27.9268	3.2257	-20.7267	-33.2507	-30.7622	-38.2356	-22.1353	11.8506	-14.7334	-5.7166	-1.3363	12.2873	-8.8936	-13.2046	58.6396	20.0673	29.0675	0.66032	43.7432	25.5542	-9.71186	6.701	-10.6787	9.07726	12.0509	-14.2864	17.3169	-36.0553	11.8633	-2.37824	16.8793	47.5629	70.5413	74.9503	95.181	111.149
395.211	-34.9268	-26.5743	-18.9267	-42.4507	-26.3622	-6.2356	-20.9353	22.6506	-3.1334	-1.9166	16.2637	1.4873	-35.8936	-25.0046	41.4396	0.82242	7.92074	2.24894	28.4641	-14.2869	-36.5585	10.8495	-16.7486	0.01746	24.6064	6.43628	21.6731	-47.4534	3.63728	-2.17158	42.7472	48.6406	124.422	118.716	99.3505	174.416
396.147	-30.3268	-37.9743	-28.3267	-65.8507	-26.7622	-11.0356	-12.1353	13.8506	13.0666	-2.5166	-4.3363	-23.7127	-66.0936	-57.4046	16.4396	-7.62246	23.174	25.2376	25.9849	17.672	-12.6051	19.798	-11.6185	9.35768	20.1619	6.35892	14.6293	-29.4515	19.2112	14.235	31.6153	21.9182	137.902	156.882	133.12	182.083
397.084	-40.7268	-60.5743	-23.5267	-66.6507	-27.7622	-25.4356	-29.3353	24.0506	1.8666	-17.7166	-27.5363	-36.1127	-44.0936	-69.4046	-6.7604	-25.6674	-0.37274	26.4262	-4.89422	9.83094	-28.4518	36.1465	-15.4884	-21.3021	9.9174	-24.9184	-6.2145	-5.44966	49.985	29.4415	35.6836	64.1957	185.782	195.048	187.689	200.349
398.019	-17.5268	-64.5743	-49.3267	-62.2507	-29.5622	-16.6356	-26.7353	3.6506	9.2666	-18.3166	-40.3363	-65.7127	-55.6936	-64.0046	-15.1604	-29.3123	-0.51948	24.6148	-15.5734	1.38988	-19.6984	22.095	-7.35822	-30.7618	2.0729	-26.3958	33.1417	3.55222	75.5587	46.6479	79.3521	129.073	250.262	294.213	297.458	244.815
398.955	0.0732	-75.9743	-12.7267	-36.8507	-62.3622	-36.6356	-55.7353	2.0506	-12.3334	-21.1166	-53.1363	-84.1127	-44.4936	-66.4046	-37.9604	-49.1572	-18.2662	-11.7966	-37.4525	-23.4512	-22.145	10.6436	-12.4281	-48.0216	-27.9716	-55.4731	-19.5021	-35.0459	67.7324	29.0543	101.621	183.95	309.942	350.779	352.426	305.882
399.891	2.2732	-44.9743	-13.3267	-14.8507	-61.3622	-38.4356	-44.7353	16.2506	-26.7334	-36.5166	-76.5363	-77.1127	-5.8936	-29.6046	-19.1604	-18.2022	-24.213	5.59206	-30.9316	2.70778	6.8084	-5.00788	15.1021	-48.6813	-37.0161	-64.9504	-10.1458	-11.444	83.506	60.2606	113.29	231.028	359.022	412.944	473.395	374.547
400.827	-0.7268	-39.7743	-32.7267	-5.0507	-70.7622	-54.0356	-32.7353	4.8506	-14.7334	-30.7166	-75.1363	-85.3127	-2.8936	-21.0046	-10.5604	16.5528	-17.7598	-10.4193	-34.8107	-23.5333	-2.03818	-25.4593	12.8322	-59.1411	-30.4605	-60.2277	-4.98956	-19.0422	79.4796	65.4668	145.559	314.905	443.102	488.309	576.763	476.213
401.762	-18.9268	-56.5743	-28.9267	-9.4507	-65.5622	-48.4356	-1.9353	23.6506	-2.5334	-3.5166	-52.7363	-77.3127	11.3064	-15.4046	0.8396	27.3077	-28.7066	-5.83066	-4.48972	-12.1743	22.1152	-27.5108	11.1624	-43.2008	-8.105	-41.3049	7.7667	-25.6403	106.453	92.0729	174.228	359.981	527.181	566.874	639.932	598.679
402.697	-36.7268	-62.7743	-31.3267	-38.4507	-51.1622	-45.4356	11.2647	20.2506	-2.1334	3.8834	-39.3363	-67.7127	12.5064	-17.0046	-2.3604	54.2627	-23.0534	-8.64204	-0.96878	18.5847	19.2687	13.2378	33.0926	-23.6605	8.85054	-35.9822	-5.67704	-6.63842	124.227	136.679	164.498	426.858	607.061	653.439	702.3	688.344
403.632	-60.7268	-53.3743	-37.5267	-42.8507	-32.9622	17.5644	35.2647	28.0506	35.6666	35.0834	-19.7363	-15.1127	20.1064	15.7954	17.4396	50.0176	-24.2002	19.7466	14.5522	14.1436	35.4221	18.5864	35.8228	-17.7202	32.0061	2.34058	11.4792	48.1635	139.6	196.485	213.567	458.335	697.94	709.204	730.268	709.409
404.567	-46.1268	-54.9743	-48.3267	-56.4507	-24.3622	25.3644	22.6647	4.4506	49.4666	40.4834	-12.7363	-30.7127	4.7064	-6.2046	16.4396	11.7724	-30.547	-10.8648	-8.72686	3.10262	9.17554	17.935	0.95304	-37.1799	27.5616	-12.3367	-18.5645	36.3653	168.973	216.491	220.037	498.611	734.619	732.169	759.635	714.874
405.502	-42.5268	-79.3743	4.4733	-44.4507	12.0378	46.7644	4.0647	21.2506	24.2666	28.0834	-14.1363	-3.5127	41.7064	-5.4046	13.2396	-20.4727	-32.4938	1.32388	1.39412	26.6616	36.729	22.6836	-13.1167	-28.0395	24.1172	-14.2139	-24.0082	55.1672	217.946	248.497	247.907	543.288	798.898	750.533	773.403	708.939
406.436	-37.1268	-27.1743	-8.1267	-57.0507	7.6378	60.1644	-0.1353	33.4506	18.0666	41.4834	-19.5363	1.8873	37.1064	-1.2046	30.0396	16.2821	-0.64064	18.7125	5.31512	38.4206	27.4824	13.0322	-24.5865	-27.6992	26.0728	-11.0911	-4.4519	80.3691	248.32	293.503	298.577	572.164	802.377	752.898	769.37	642.604
407.371	-4.3268	-12.7743	38.4733	-34.8507	12.2378	75.3644	28.2647	62.4506	65.8666	48.0834	1.0637	9.4873	52.3064	35.5954	24.8396	-0.76308	33.8125	49.3012	43.6361	36.3796	36.4359	-5.41918	-10.6562	-20.7588	22.6283	16.6317	-14.0956	77.171	276.893	287.708	310.248	546.64	778.256	658.262	681.138	533.068
408.305	32.6732	-1.7743	31.6733	1.3493	16.8378	58.5644	9.0647	36.4506	68.2666	79.2834	-8.7363	-17.5127	48.5064	9.3954	52.0396	1.5917	41.4657	38.2898	35.7572	22.7387	25.3894	-23.4706	-33.5259	-40.2185	-2.81608	-31.6454	-5.13928	46.3728	278.266	287.514	301.119	523.117	689.335	583.426	587.505	480.333
409.239	16.8732	12.2257	59.6733	17.1493	23.0378	65.1644	42.8647	73.0506	77.4666	127.283	3.4637	27.2873	78.5064	31.7954	58.8396	95.9465	119.719	82.0785	81.2782	64.0977	57.3428	1.67806	-6.79566	6.52186	19.1395	16.8774	38.217	73.3747	283.239	314.32	315.589	472.793	619.613	497.59	447.872	409.397
410.173	34.8732	28.2257	43.0733	11.9493	32.4378	56.1644	39.8647	72.0506	115.867	152.483	40.0637	56.8873	85.3064	49.5954	79.2396	139.701	146.772	132.467	100.399	79.8567	53.6963	38.6267	7.73462	22.6622	26.6951	37.6002	61.7734	64.3766	287.612	301.925	245.46	361.868	472.892	392.754	295.038	313.461
411.107	36.6732	21.0257	83.2733	39.7493	29.0378	45.3644	44.6647	45.8506	147.467	182.083	73.4637	114.487	128.906	132.795	96.8396	175.856	210.225	154.456	129.32	84.6157	67.4498	50.7754	30.6649	47.6026	34.4507	42.5231	15.9297	52.9785	235.785	263.331	185.131	286.544	373.97	275.318	200.405	243.725
412.041	39.2732	32.8257	84.6733	90.9493	35.8378	64.7644	18.0647	50.4506	150.667	218.083	100.664	155.687	135.706	140.195	127.04	255.811	248.478	197.044	155.441	95.7748	68.2033	42.524	4.79522	50.343	31.4063	8.24594	34.286	30.1803	193.357	225.936	154.603	211.62	276.649	194.882	145.572	192.388
412.974	19.2732	30.4257	91.2733	88.9493	71.0378	114.764	45.6647	90.4506	194.667	260.283	184.064	248.487	182.106	198.795	150.84	355.765	362.931	281.233	208.162	156.134	55.7568	66.0727	39.9255	60.6834	47.562	53.1688	54.8424	40.7822	163.93	178.141	105.474	108.895	210.527	118.845	104.338	123.052
413.907	60.0732	46.4257	99.4733	78.1493	91.8378	133.564	49.4647	120.851	251.467	306.683	268.864	315.087	202.106	248.995	177.24	401.12	381.184	328.222	213.084	125.693	38.3104	40.6214	4.65588	26.8238	26.7176	6.6917	11.3987	6.18406	103.303	94.1467	77.3461	77.1709	168.405	98.0085	93.1041	68.5151
414.84	58.4732	83.8257	115.473	121.949	112.838	173.564	110.865	180.851	300.067	374.483	363.664	403.887	267.506	329.195	206.64	475.674	438.837	332.41	226.205	114.852	26.6639	9.97004	5.38624	30.5642	16.4732	-10.7854	-2.6449	22.5859	36.6753	60.7519	64.6181	39.0462	155.883	80.5717	102.47	59.7781
415.774	87.8732	123.426	142.673	142.349	159.238	249.164	144.465	249.051	357.867	453.483	472.064	473.687	317.906	325.195	215.04	523.429	451.291	360.999	200.126	103.211	29.0174	-24.4813	-4.8834	21.1047	14.2289	-13.6625	10.1115	2.58782	31.0479	36.757	58.8903	1.5214	103.161	62.7348	73.8358	36.441
416.706	100.273	146.026	158.673	160.149	189.638	270.564	188.265	321.851	426.867	504.483	516.664	523.487	376.506	377.995	233.84	490.784	413.544	304.388	122.447	55.9701	-1.42904	-55.3326	-41.753	-33.1549	-20.6155	-32.3395	-24.7322	-11.4103	-7.97964	6.36204	55.3626	-15.4035	84.0385	78.2978	71.4014	33.5037
417.639	106.473	176.826	168.073	175.549	213.038	258.364	218.465	354.851	488.467	542.883	518.064	486.687	379.106	360.995	208.84	426.538	314.197	209.376	84.3681	11.1292	-9.6755	-85.7839	-51.0227	-44.0144	-27.8598	-58.8166	-44.5758	-39.4084	-28.2072	-27.233	48.6351	20.8715	70.1161	59.6607	61.9669	26.3663
418.572	87.4732	167.426	148.673	207.949	207.038	260.764	202.465	352.251	473.067	505.683	486.264	444.487	350.706	316.995	207.84	356.493	269.45	166.965	66.6893	28.2882	-14.5219	-71.4351	-24.8923	-16.474	-4.90414	-24.0936	-4.4194	-13.4066	-20.4349	15.172	34.1078	44.3464	37.3936	50.0234	22.1322	36.2286
419.504	76.8732	124.426	153.873	213.349	178.838	242.164	184.665	325.251	413.867	436.283	378.264	352.687	308.106	246.195	151.84	229.447	160.703	91.3537	16.2104	-8.15268	-13.3684	-79.8864	-37.7619	-55.3335	-13.9485	-11.5706	-27.263	-57.0047	-11.2626	4.17682	57.5807	66.0211	14.671	66.386	1.0974	-0.90918
420.436	71.8732	81.8257	108.073	142.949	174.438	205.564	160.465	285.651	327.067	308.683	254.464	222.287	216.306	182.395	79.2396	138.201	78.7558	57.5424	35.1316	-5.99358	-24.0148	-45.5377	-17.2315	-53.993	-5.99278	-3.4476	7.29342	-44.8028	15.5097	13.9816	39.6538	83.2957	48.1483	66.7485	9.06238	9.35282
421.368	23.0732	37.2257	46.4733	71.9493	124.638	160.364	100.465	171.451	232.267	232.883	143.264	94.6873	150.306	77.5954	39.0396	72.3559	35.8089	31.7311	69.2528	14.3655	7.5388	-19.7889	10.699	-6.6525	14.3629	14.2754	21.0498	-40.001	12.0818	29.1863	12.7271	82.3703	49.6254	39.5109	-4.7728	14.2146
422.3	-2.1268	-1.9743	16.2733	25.1493	63.6378	128.964	53.4647	102.451	110.467	82.2834	58.6637	28.2873	102.706	43.3954	14.8396	20.1103	20.6619	57.9197	60.5741	22.5247	1.0924	-17.6402	-0.57056	-12.112	28.3186	17.5984	19.8063	-11.9991	33.2539	43.991	-9.79944	85.8447	32.5025	65.0731	-40.4082	17.8763
423.232	1.4732	4.4257	-3.5267	-15.0507	53.4378	113.964	41.6647	99.8506	43.6666	43.6834	8.2637	-44.5127	82.1064	21.1954	-9.3604	-46.7354	-24.4851	36.7084	55.6953	14.6838	-1.954	-1.29142	-14.6401	-30.5715	3.2743	6.52144	16.9627	-28.1972	36.426	17.1955	-16.9258	33.1189	10.5794	10.6351	-5.84368	0.9377
424.163	-9.3268	3.6257	-44.1267	-75.6507	44.8378	98.5644	-0.5353	57.8506	0.4666	20.0834	-26.7363	-94.1127	13.9064	-26.6046	0.2396	-26.181	-2.83212	69.0971	54.6166	64.2429	1.1996	28.4573	9.49036	3.96904	24.63	3.64448	43.7191	19.8046	54.798	25.4	-32.4519	29.1931	-4.1438	-14.2029	-28.2794	14.199
425.095	-42.9268	1.2257	-69.9267	-34.4507	16.8378	43.5644	-33.1353	19.6506	-4.7334	29.2834	-51.1363	-91.3127	-4.6936	-15.4046	24.4396	-48.8267	-12.7791	28.0858	18.7378	47.2021	8.1532	18.4061	-14.5792	-11.8904	5.18574	2.76752	7.87558	21.4065	1.5699	9.2045	-29.7779	5.4672	-5.26706	-6.84104	-32.5152	23.2601
426.026	-34.5268	-5.7743	-52.7267	-32.2507	17.2378	34.9644	-35.5353	23.4506	-20.3334	19.8834	-20.7363	-71.1127	-1.6936	-17.4046	29.4396	-55.6724	-48.1262	6.87444	-21.1409	11.7612	-34.8932	17.9549	-27.4487	-45.3499	-17.6585	-12.9094	-19.368	22.4084	5.54178	-10.9911	-11.9037	-14.6588	-3.19046	-20.0793	-66.3511	15.3211
426.957	-37.7268	-12.5743	-52.7267	-1.2507	23.2378	40.3644	-26.5353	42.0506	2.2666	65.0834	-50.1363	-73.3127	-2.2936	-25.8046	34.0396	-65.3182	-75.2732	-26.7369	-26.4196	-2.67964	-29.1396	40.9037	-37.3182	-51.0093	-24.9028	-24.1864	-17.4115	7.81024	2.91358	-7.9868	-14.2293	-27.785	-12.514	-16.3177	-46.5872	30.1818
427.888	-77.3268	-69.5743	-46.3267	4.9493	-0.9622	17.3644	-43.3353	-2.1494	-26.9334	41.4834	-87.5363	-57.3127	-33.2936	-37.8046	24.2396	-70.7639	-74.6202	-40.9482	-43.6983	-9.7205	-50.386	-4.1475	-39.3877	-59.8688	-12.347	-46.8633	-55.8551	-6.5879	-21.9147	-30.5826	-1.1547	-21.1112	21.5624	35.2438	-41.0235	9.84242
428.819	-66.1268	-59.7743	-26.7267	19.7493	-11.5622	-10.0356	-13.1353	22.2506	-27.3334	31.2834	-92.9363	-34.5127	-24.4936	-10.8046	11.4396	-59.0097	-80.3673	-41.1595	-19.977	3.43866	-46.8323	-15.5987	-45.4572	-29.7282	-4.5913	-43.9402	-51.6986	-0.78604	-39.143	-20.7784	8.32008	-23.2376	41.8387	38.2051	-3.65998	32.9028
429.75	-65.7268	-85.7743	-35.5267	14.3493	-16.7622	0.5644	19.0647	17.8506	-50.3334	-27.9166	-89.1363	-44.9127	-1.0936	-33.6046	0.8396	-62.4555	-104.714	-57.3708	-30.2557	-3.60216	-58.4787	-31.6499	-57.7266	-37.3876	-33.8355	-70.2171	-40.7421	-24.5842	-55.7714	-40.5743	-6.80494	-27.3641	33.1148	40.9663	-8.2966	12.763
430.68	-63.1268	-97.7743	-22.9267	32.5493	1.2378	4.5644	17.0647	26.6506	-51.3334	-17.5166	-110.736	-33.1127	-27.6936	-25.4046	-16.7604	-49.1014	-53.0614	-22.7821	-12.3343	34.757	-35.525	-40.101	-39.3961	-16.847	7.52024	-39.2939	-13.1856	-11.9823	-33.5999	-19.3702	-36.1298	-41.6907	-0.80918	57.7274	7.8666	-21.7769
431.611	-64.1268	-125.774	-18.9267	3.1493	8.4378	3.5644	4.2647	7.0506	-49.7334	-36.5166	-98.7363	-49.5127	-11.0936	-13.0046	-34.1604	-46.3472	-54.8084	-13.5934	-31.813	22.5162	-33.7713	-39.5522	-26.6655	-21.5064	-2.72398	-40.5708	-20.2291	-29.3804	-58.2284	-17.9663	-14.0544	-45.2175	-1.13328	40.0883	22.4296	-20.9171
432.541	-36.1268	-105.174	-10.1267	2.5493	19.4378	21.1644	0.8647	28.2506	-8.3334	-33.5166	-75.3363	-57.7127	-1.4936	-11.8046	-43.1604	-40.9931	-62.9555	-29.6047	-29.6916	-18.7246	-53.8177	-35.2033	-29.5349	-25.1658	-31.5682	-44.4476	-8.2726	-42.3786	-65.057	-29.7624	-45.3788	-50.3443	-21.8575	-8.55088	-8.60748	-2.65742
433.471	-39.7268	-106.974	-37.7267	-8.2507	26.6378	35.3644	-10.5353	8.4506	4.8666	-46.9166	-71.3363	-65.7127	10.5064	-23.4046	-51.3604	-57.439	-51.9026	-34.016	-26.1703	-20.9654	-47.664	-36.2545	-17.6044	-57.4252	-24.2124	-40.3244	-13.5161	-76.3767	-46.2856	-33.3585	-68.9031	-39.4712	-18.7818	-17.7902	-34.2447	-4.99786
434.401	-29.3268	-99.1743	-6.7267	0.5493	27.8378	39.5644	-43.7353	0.0506	30.0666	-25.1166	-81.7363	-76.7127	-4.0936	-18.8046	-42.3604	-61.285	-50.8497	-16.4273	-1.04886	10.5938	-39.1103	-32.7056	5.12624	-28.4846	16.1434	-10.6013	-18.3596	-60.3748	-33.9143	-22.5548	-74.6272	-35.3983	-38.9062	11.3704	-25.2822	1.26142
435.33	-22.3268	-58.7743	-24.7267	-33.6507	6.8378	35.5644	-38.1353	3.2506	36.2666	-59.3166	-73.7363	-97.1127	35.5064	1.7954	-19.1604	-90.531	-66.1968	-19.6386	-7.92746	5.35302	-24.1566	-22.5568	-2.94316	-44.1439	-3.30082	-29.8781	-28.8031	-77.973	-59.3431	-26.1511	-40.951	-31.9255	-14.2308	9.33078	-6.11984	25.9205
436.26	-11.9268	-39.7743	-9.5267	-18.6507	5.8378	29.7644	-52.1353	12.2506	30.0666	-29.7166	-54.3363	-92.9127	19.7064	-23.0046	-36.3604	-55.577	-38.1439	-9.8499	21.394	27.9122	-7.2029	-10.4079	-3.41254	-9.40326	-1.94502	-6.75486	-5.24656	-61.3711	-40.3719	-4.94746	-49.8747	-24.8528	2.64456	5.69112	-29.3576	2.77952
437.189	-55.7268	-44.7743	-4.9267	-16.8507	-1.5622	19.5644	-34.5353	-7.5494	5.8666	-39.5166	-69.5363	-96.7127	32.5064	-30.8046	-2.1604	-35.223	-37.4911	-13.0612	20.3154	43.0715	22.1508	-2.459	12.1181	5.33742	37.2108	8.16836	5.30998	-31.1693	-17.6008	28.8561	-30.3983	-21.5802	33.3198	58.2513	-40.1955	5.03834
438.119	-39.7268	-45.5743	-0.3267	-24.8507	-10.3622	14.3644	-54.7353	-13.1494	11.6666	-12.5166	-41.3363	-85.5127	36.1064	-47.0046	-3.1604	-28.4691	-63.6382	-9.2725	-8.56314	-0.1693	-12.6955	-24.1101	-30.3513	-6.5219	11.7666	24.8916	-9.33348	-34.3674	-41.0298	13.8596	-13.7215	-26.3078	33.7949	66.2113	-19.6337	-9.10312
439.048	-29.7268	-38.3743	17.0733	-17.4507	-34.9622	10.1644	-61.7353	-2.1494	-8.9334	32.0834	-35.5363	-55.3127	23.1064	-64.6046	14.2396	-10.7151	-32.1854	-17.4838	-34.8417	-24.2101	-8.14174	-3.16116	-37.0206	-31.1812	2.52244	12.6149	-20.9769	-28.7655	-22.8588	21.263	15.5554	0.76462	46.8699	21.5712	-51.0719	-7.24468
439.976	-40.9268	-52.1743	32.4733	5.1493	-48.9622	-11.6356	-57.7353	-12.3494	-20.5334	42.0834	-58.5363	-58.3127	15.1064	-76.8046	7.2396	18.2388	-35.3325	-8.2951	-24.5202	-37.6508	-17.788	-17.4122	-19.69	-11.6405	32.4783	14.5381	-7.42036	5.43634	-7.2879	43.6664	-7.16758	-3.16314	27.9448	25.931	-64.9103	-6.38644
440.905	-15.3268	-5.7743	-1.9267	-17.6507	-49.7622	-3.4356	-41.3353	-28.3494	-24.7334	8.4834	-60.3363	-37.7127	-4.0936	-72.8046	38.0396	4.19264	-56.6797	-9.3064	-17.1987	-38.2916	-32.6342	-19.6633	-12.7593	-20.2998	26.8341	0.2614	-23.0638	16.2382	-17.317	41.8696	-40.0903	-13.091	21.6195	39.2907	-36.7489	0.27164
441.834	-1.3268	-2.1743	-0.1267	-17.2507	-38.3622	-3.2356	-19.7353	-5.5494	5.0666	30.0834	-71.3363	-27.5127	11.1064	-40.4046	-14.9604	-15.6535	-50.2268	2.48232	-7.0772	-19.7323	-12.2805	-28.5144	-23.2286	-31.7591	17.39	11.3847	-29.7072	3.44006	-36.9462	36.8729	-53.6129	-14.219	-11.3058	14.8502	-4.58766	-6.87048
442.762	3.2732	22.8257	25.6733	7.5493	-29.5622	-2.2356	1.0647	10.0506	-14.7334	9.6834	-72.9363	-56.1127	18.7064	-26.4046	6.8396	-23.2997	-38.974	-17.529	3.8443	-23.173	-3.72674	-19.7654	-6.0979	-37.0184	19.3458	-11.692	-25.5507	-14.5581	-49.1755	49.676	-74.1353	-10.3471	-38.0313	22.8096	-18.4265	-10.2127
443.691	-10.3268	30.8257	4.4733	-15.6507	-20.7622	-4.4356	24.8647	7.0506	21.0666	-10.3166	-67.7363	-60.1127	32.1064	7.7954	-10.9604	-25.9459	-43.5212	12.0598	28.1658	-18.4138	-13.173	-26.6165	-5.96718	-29.2777	21.1017	-14.3687	1.20592	-6.35622	-40.8048	57.6791	-107.257	-26.6753	-64.5568	24.9689	-15.4656	-3.75518
444.619	12.0732	36.6257	4.4733	-0.2507	-4.1622	1.7644	3.8647	-1.5494	17.6666	-17.1166	-72.9363	-78.3127	-9.2936	-0.2046	-22.9604	-19.9921	-34.8684	1.24848	34.4874	-21.0545	-14.2192	-19.8675	-19.6365	-36.7369	3.4576	-12.6454	3.7625	-25.3544	-39.4342	15.0821	-92.3795	3.79644	-64.4825	23.1281	-32.5048	4.30224
445.547	-29.3268	5.2257	-0.1267	24.3493	-15.7622	-14.6356	-3.7353	13.4506	5.8666	3.8834	-61.3363	-83.7127	7.7064	27.3954	-41.9604	-59.6384	-41.2156	-9.56278	7.2089	-29.8952	3.1346	-44.9186	-28.3057	-54.5962	8.6135	-9.92204	-4.68088	-30.7525	-37.0636	-10.7149	-74.9012	-5.132	-72.8083	13.8871	-56.1442	19.9594
446.475	-20.5268	24.4257	-31.1267	20.5493	-0.5622	-19.6356	-23.3353	-2.5494	9.2666	-15.3166	-42.5363	-94.3127	-16.4936	8.5954	-7.3604	-34.0847	-26.9628	-1.37406	-6.06954	-31.5359	-4.1116	-3.16958	-15.775	-20.4554	17.3694	-28.7987	21.4757	-29.5506	-16.2932	9.08792	-65.4228	-22.6606	-84.5343	-7.95404	-65.1838	40.0163
447.402	-42.1268	10.2257	-51.5267	16.1493	-10.9622	-34.4356	-53.5353	-27.9494	24.2666	-4.9166	-42.7363	-79.3127	-40.8936	-7.6046	-18.9604	-29.131	-9.51004	9.41466	6.05204	-10.1766	-1.3578	-2.6206	10.7558	17.6854	29.7253	-9.87534	31.2324	14.8512	-0.72278	12.6907	-34.3441	-22.3892	-72.8603	-49.3953	-56.6236	45.4731
448.33	-62.7268	-10.5743	-45.3267	13.5493	-20.3622	-31.2356	-59.7353	-21.3494	-17.7334	-25.7166	-41.3363	-68.3127	-71.2936	-53.6046	-7.9604	-51.7773	-49.6573	-9.39662	-29.6264	-41.4173	-21.804	-13.6716	6.48654	-5.3738	5.4812	-16.552	18.189	-11.1469	-33.9524	-10.5065	8.93462	-30.118	-55.3864	-58.4367	-36.4634	34.5298
449.257	-93.5268	-21.7743	-52.9267	1.7493	-32.3622	-21.6356	-31.1353	-10.3494	-17.1334	-10.9166	-33.5363	-33.9127	-70.0936	-66.0046	-11.1604	-61.8237	-63.4045	-26.6079	-51.3048	-44.058	-28.8502	-3.1226	7.81732	11.567	-9.1629	-6.82858	0.94564	-31.5451	-24.1821	1.89614	-13.1864	-43.0468	-37.9127	-66.6781	-31.3034	31.5863
450.184	-85.7268	-15.3743	-31.5267	-7.4507	-18.5622	-5.0356	-21.5353	-19.5494	-45.9334	-42.7166	-60.3363	-31.9127	-88.6936	-72.6046	-6.7604	-46.8701	-57.7518	-21.8192	-40.5831	-43.4987	-37.2964	-2.57358	12.7481	18.5078	-10.607	-1.30518	10.3023	-49.3432	-23.8119	-6.70126	12.6927	-15.1758	-38.839	-64.7197	-22.7436	60.0426
451.112	-62.1268	-14.9743	-27.5267	-27.6507	-42.3622	-17.0356	-17.7353	-17.5494	-34.5334	-15.9166	-71.9363	-33.5127	-81.8936	-77.6046	-36.9604	-41.7165	-33.899	12.3696	-3.8615	-35.1393	-14.1426	-7.82456	35.2789	36.8486	-16.0511	15.8182	24.4589	-16.1413	-23.4417	-20.6987	-5.82794	-13.905	-35.7655	-30.5615	-51.584	29.6987
452.038	-84.7268	-28.3743	-16.3267	-42.0507	-64.7622	-24.4356	-6.7353	-6.3494	-13.9334	12.0834	-74.3363	-37.5127	-59.2936	-32.0046	-24.1604	-46.763	-55.8463	0.75832	-2.33984	-53.58	-8.78872	24.5245	24.2097	9.98942	-16.4951	0.74168	16.6156	-35.7395	-31.2716	-36.4963	-24.1484	10.7658	-30.8921	6.79664	-62.6245	17.1546
452.965	-44.3268	0.8257	-34.5267	-51.0507	-45.7622	-34.4356	-1.7353	6.0506	-8.9334	-21.5166	-87.7363	-53.7127	-44.4936	-4.2046	-37.1604	-45.0094	-2.5936	7.94706	17.1818	-39.4206	21.1651	37.6735	26.9406	31.7302	1.06082	10.4651	17.9722	-20.5376	-7.90158	-46.6939	-73.0687	4.03648	-29.6188	22.9546	-79.0652	-0.78968
453.892	-28.3268	-9.9743	-7.5267	-13.2507	-22.7622	-33.4356	17.8647	40.8506	-8.5334	-24.3166	-81.1363	-54.5127	-59.8936	-10.4046	-44.7604	-51.4559	-17.7409	-3.4642	28.1035	-12.8613	20.119	41.8226	39.2714	21.4711	0.81678	10.7886	20.9289	-15.3358	-24.7316	-39.4915	-39.5888	7.70702	-20.9457	43.7125	-45.5061	6.46588
454.818	-19.9268	-4.3743	-23.5267	-41.6507	-41.1622	-42.6356	26.2647	32.0506	14.8666	-11.9166	-79.9363	-65.5127	-65.2936	-23.4046	-46.9604	-38.9024	-24.0882	-3.67546	12.8251	-11.9019	19.4728	30.9716	18.4023	10.4119	12.9727	17.512	19.8856	3.06608	-51.7617	-17.8892	-30.7087	-34.4225	-46.4726	38.4702	-26.9471	-41.6787
455.744	-30.7268	19.2257	8.2733	-5.2507	-14.7622	-31.0356	30.6647	20.4506	0.0666	-27.5166	-58.1363	-53.5127	-49.6936	-21.4046	-41.7604	-51.949	-35.6355	-25.2867	-8.45316	-2.14256	15.4267	44.5207	-0.6669	-20.4472	16.1287	3.83552	-11.3577	-2.13206	-15.7918	-2.287	-0.02848	-16.3521	-53.7996	19.6279	14.0118	-34.0234
456.671	-4.1268	30.0257	24.8733	17.9493	26.2378	-0.2356	12.8647	9.4506	-13.5334	-46.5166	-69.3363	-48.5127	-84.8936	-61.0046	-57.3604	-44.1955	-34.3828	-12.298	-30.3315	9.21682	3.3806	28.6697	-14.936	-14.3064	9.68464	-1.641	-8.40104	-4.7302	-13.622	6.31516	-5.34804	-54.8819	-86.7267	-22.0146	10.7705	-67.1683
457.597	-16.5268	31.2257	36.8733	43.9493	34.2378	7.1644	3.4647	-7.7494	5.8666	-6.7166	-76.7363	-45.7127	-75.8936	-76.4046	-70.1604	-60.0421	-58.5301	-25.9092	-58.2097	19.5762	-9.8655	-1.78118	-13.2051	-37.7655	-17.3594	-11.3175	-18.6443	-16.7283	-34.6522	1.91724	19.3326	-62.4118	-75.254	-45.2572	19.329	-62.9134
458.522	-9.5268	49.6257	20.4733	8.5493	23.2378	12.7644	-48.3353	-48.7494	7.6666	-4.7166	-79.7363	-76.1127	-64.2936	-71.2046	-74.1604	-55.0887	-65.2774	-12.5205	-69.888	-4.66444	-12.5116	-23.4321	-34.8742	-70.2246	-11.6034	-19.794	-29.0876	-44.3265	-59.4826	-10.2808	-7.9866	-61.9418	-110.981	-44.1	-11.9126	-69.2587
459.448	-18.7268	42.0257	49.6733	32.1493	35.0378	7.7644	-51.7353	-26.9494	12.6666	-10.1166	-56.9363	-44.7127	-54.8936	-61.8046	-58.3604	-56.3354	-48.8248	-6.53172	-49.5662	-3.70504	-29.7577	-14.683	-36.3433	-62.6837	-12.0474	-27.2704	-41.3309	-43.9246	-25.513	-6.47886	-42.1055	-48.6719	-88.5089	-43.1429	-28.5545	-78.4043
460.373	-1.9268	27.0257	41.2733	10.7493	21.4378	27.9644	-77.5353	-38.1494	7.0666	-4.7166	-42.5363	-18.1127	-54.4936	-58.2046	-61.1604	-52.5821	-68.7721	-14.943	-53.2445	-14.9456	-32.0038	-44.3339	-53.4124	-62.3428	-20.6914	-4.1469	-40.7742	-56.7228	-53.1434	-26.077	-47.0243	-37.6022	-46.0365	-35.3859	-23.1964	-70.1499
461.299	-3.7268	27.2257	18.2733	7.5493	2.6378	14.7644	-59.5353	-33.7494	5.4666	-14.7166	-21.7363	17.2873	-39.6936	-43.8046	-46.3604	-56.4288	-73.3195	-13.1542	-41.3227	-14.3862	-11.4499	-60.9848	-40.6815	-70.2018	-5.13538	7.97666	-47.0175	-29.1209	-50.1739	-42.6752	-15.9429	-37.3325	-22.1642	-14.0291	-19.8386	-47.4958
462.224	16.4732	17.4257	20.2733	14.7493	-0.5622	24.1644	-55.9353	-3.1494	-15.3334	-22.3166	-14.5363	-7.1127	-23.6936	-44.8046	-4.7604	-27.2755	-60.6668	-24.3655	-21.6009	-10.4268	-26.096	-39.2357	-38.1505	-48.4609	24.8206	6.10024	-44.4608	-30.9191	-44.0045	-27.2735	-11.6613	-28.663	-41.2921	13.3276	-35.2809	-23.2418
463.149	5.6732	0.8257	1.0733	-0.6507	10.8378	19.9644	-24.9353	7.8506	-13.7334	-35.7166	11.2637	16.8873	-33.2936	-65.8046	21.6396	-23.7222	-6.21422	-7.9767	5.3209	9.7326	-14.9421	-14.8865	-6.6196	-8.31992	41.7767	19.2238	-8.30402	28.0828	4.36484	5.72818	-10.3794	-48.5936	-35.62	-17.5158	-65.7233	-39.988
464.074	23.8732	-8.3743	-31.9267	-21.8507	-13.1622	27.7644	-18.5353	14.6506	-19.1334	-31.1166	-5.1363	-44.3127	-35.4936	-81.8046	17.6396	-37.369	-17.7616	-23.1879	-13.5573	-4.30798	-16.5881	-19.1374	2.31136	-26.379	11.3327	11.1474	-19.5473	-16.7154	-31.6658	-18.4702	-23.0975	-66.5242	-34.7481	-34.5593	-63.5659	-46.1343
464.999	15.4732	-15.9743	-42.5267	-11.4507	-45.5622	-13.8356	-6.5353	26.6506	-25.7334	-43.3166	-22.5363	-73.3127	-60.2936	-95.8046	38.6396	-57.0158	-15.309	-22.7992	-17.4355	-14.5486	-38.2342	-26.7882	9.04234	-30.638	-0.11126	-9.52898	-26.7905	-16.9135	-43.8966	-37.4687	-9.41534	-83.6551	-63.6763	-31.0029	-101.209	-57.8809
465.923	25.2732	-12.3743	-49.5267	-11.2507	-29.5622	-1.8356	-26.9353	-6.1494	-49.7334	-34.9166	-47.5363	-116.713	-57.2936	-102.605	29.8396	-64.4626	-7.0564	-50.4104	-25.1136	-31.3891	-60.0802	-25.4391	0.37332	-45.4971	-16.9552	-30.4054	-29.2337	-49.1117	-52.1274	-28.8672	-41.733	-76.9859	-59.0046	-44.4467	-111.252	-58.8276
466.848	14.4732	-7.3743	-34.9267	-33.8507	-38.3622	-7.4356	-39.5353	-14.5494	-23.1334	-17.1166	-20.3363	-88.9127	-50.6936	-79.4046	13.6396	-66.7095	-9.0038	-33.8217	-14.7918	-22.4297	-36.1263	-38.6899	-4.49568	-32.3561	-21.7992	-1.48172	-29.677	-28.5098	-23.5583	-16.8658	-63.8505	-67.5169	-66.3329	-32.8906	-81.0947	-70.9744
467.772	36.6732	-3.7743	-30.9267	-20.0507	-51.5622	-0.2356	-52.7353	-0.5494	-16.3334	5.6834	-35.5363	-93.9127	-3.2936	-35.4046	32.4396	-84.7564	-23.1512	-42.0329	-29.2699	-30.2702	-49.9723	-46.1408	-27.7647	-40.0151	-14.4431	-0.75808	-35.7202	-31.9079	-53.9892	-32.8645	-40.3678	-39.0481	-37.0614	-22.1346	-18.1379	-56.1215
468.696	50.8732	28.0257	-22.5267	-4.4507	-46.5622	-11.0356	-72.9353	9.8506	-30.9334	25.2834	-34.7363	-69.1127	-14.8936	-17.4046	57.8396	-31.8033	-13.0986	-19.8441	-8.748	-13.1108	-18.4183	-28.5916	-17.6336	-9.2741	13.713	-10.4344	-19.7634	28.4939	-23.0203	-39.0632	-49.085	-37.3793	-65.3901	-28.1788	-46.3813	-49.2687
469.62	37.8732	19.8257	-22.5267	-28.2507	-42.3622	-4.6356	-62.7353	12.4506	-52.7334	11.2834	-14.7363	-36.9127	11.7064	-1.8046	46.6396	-15.8502	-1.24608	-23.8554	-6.8261	-23.1513	-17.2643	-31.6424	-20.5026	-17.5331	8.06904	-24.1108	-14.8066	35.0958	-38.6513	-15.462	-66.8019	-21.5106	-44.1188	-50.423	-23.0249	-21.8162
470.544	24.2732	30.8257	-33.3267	-49.0507	-65.5622	-12.6356	-38.7353	54.0506	-39.1334	9.6834	10.4637	-45.7127	24.5064	1.1954	52.4396	-11.2971	-4.59352	-0.06658	11.2958	-9.59184	-6.51032	-33.8932	-22.3715	10.2079	-6.17488	-6.58708	-28.6498	54.0976	-23.0825	-8.66088	-72.5186	-46.4421	-52.0476	-45.6675	-29.8686	-36.5638
471.467	19.0732	24.0257	-49.3267	-55.2507	-56.9622	-29.2356	-13.3353	39.0506	-7.7334	26.4834	-1.7363	-23.3127	23.1064	-21.2046	33.4396	16.8559	-2.54098	-17.2778	20.8177	-19.8324	-23.7563	-36.344	-21.8405	-2.25102	-5.6188	-20.2634	-15.493	47.8995	-41.9137	-3.85984	-46.6351	-12.7737	2.22338	-43.112	-49.7125	-1.11158
472.391	16.8732	16.4257	-56.1267	-46.6507	-35.1622	-28.6356	-13.9353	18.6506	13.0666	26.6834	-19.9363	-24.7127	15.3064	-45.0046	2.6396	-5.59112	-36.4884	-42.489	-0.66036	-54.4729	-37.6023	-62.9948	-36.9094	-24.71	-38.6627	-63.1397	-43.7362	24.7013	-74.5449	-38.6589	-90.1514	-6.70538	-44.5057	-36.3567	-99.3566	-27.2596
473.314	-7.5268	9.2257	-25.7267	-65.4507	-14.3622	-28.8356	-1.3353	6.2506	24.8666	-10.3166	-18.3363	-11.1127	22.5064	-67.6046	-26.7604	-37.4382	-17.8359	-63.1002	-2.33842	-53.3134	-56.6483	-54.4455	-40.9783	-38.1689	-50.1066	-46.216	-44.9794	10.5032	-82.3762	-14.4579	-54.6675	-0.2372	-24.6349	-51.8015	-88.6009	-43.2077
474.237	-25.3268	16.8257	-38.5267	-58.8507	-2.9622	-17.2356	-7.5353	16.8506	44.6666	35.6834	-17.3363	-33.9127	16.5064	-86.4046	-29.9604	-42.0852	-54.3834	-50.7115	-13.0165	-30.7539	-49.8943	-34.6963	-50.2472	-42.2279	-45.3505	-43.0922	-62.0225	-3.69498	-48.0076	-31.0571	-48.9836	-3.96908	-21.7642	-32.2464	-88.2452	-78.356
475.16	9.4732	7.0257	-14.7267	-50.2507	19.6378	-21.8356	1.0647	20.4506	62.8666	50.2834	-32.3363	-0.7127	12.3064	-58.8046	-46.1604	-48.3323	-34.1309	-61.9227	-39.6945	-36.7944	-55.7403	-19.347	-27.7161	-44.8868	-31.1944	-41.1685	-42.0657	-17.8931	-63.8391	-66.6563	-49.4993	14.0989	-22.4936	-26.6915	-65.0898	-89.5045
476.083	-2.3268	-10.1743	-34.7267	-42.2507	7.6378	-14.6356	-28.1353	9.4506	14.0666	42.8834	-35.5363	-41.1127	6.9064	-54.2046	-44.5604	-66.5794	-41.4784	-23.1339	-49.9725	-32.8349	-34.3862	8.2022	-18.785	-31.1457	-36.2382	-50.8447	-49.7088	-15.2913	-66.2706	-79.6556	-65.2148	-20.0333	-55.2232	-43.7367	-47.9345	-130.853
477.006	-32.7268	-4.9743	-58.9267	-67.2507	-8.3622	-6.0356	-41.1353	10.4506	-1.3334	25.6834	-2.9363	-29.7127	-20.2936	-33.8046	-36.1604	-30.8266	-2.2259	10.8549	-18.0505	3.12466	-7.03218	31.1515	5.34614	-5.0046	-27.6821	-6.52092	-45.752	-1.28942	-28.9022	-62.2549	-55.9303	-42.3656	-48.7528	-37.3819	-12.1794	-123.402
477.928	-50.5268	-38.7743	-62.1267	-46.4507	-14.9622	6.1644	-57.3353	-10.7494	10.2666	59.8834	14.6637	-30.3127	-7.2936	-10.0046	-26.7604	-22.6737	9.0266	49.2437	-20.9285	17.0842	17.1219	22.7007	32.0773	31.3365	10.6741	20.6029	-7.99514	28.7124	6.26622	-55.2544	-58.0455	-20.4979	-26.2825	-17.8274	16.7756	-115.151
478.851	-30.7268	-35.1743	-29.9267	-26.8507	-14.1622	7.1644	-41.1353	-12.5494	32.8666	55.2834	-16.9363	-12.9127	-27.4936	0.5954	-24.3604	-7.72092	18.6791	46.6325	-24.6065	11.2437	26.4759	21.65	45.2084	36.4776	24.6302	34.3267	13.9617	30.9143	-5.56548	-69.0539	-43.5605	-40.6304	-31.4124	-39.073	11.7303	-95.5003
479.773	-46.3268	-24.7743	-29.3267	-25.0507	-10.3622	35.1644	-48.9353	-43.9494	8.2666	14.6834	-37.5363	2.0873	-41.4936	-36.4046	-28.1604	-6.16814	-7.66844	41.2213	5.11558	1.20328	23.63	10.7993	21.5396	21.2187	18.1864	2.05048	-6.28138	16.1161	12.4028	-33.6534	-10.8753	-23.563	5.45758	-24.7187	-6.715	-63.4497
480.695	-51.9268	-0.3743	-21.5267	-20.6507	-4.3622	29.7644	-21.5353	-12.5494	16.6666	1.2834	-45.9363	21.4873	-58.8936	-42.2046	-7.5604	-16.2154	-18.816	31.0101	15.0376	-16.6372	7.3841	-21.2514	-0.12926	2.75988	31.5425	14.3743	-16.7245	15.718	6.77094	-30.253	-6.18996	-21.2957	8.3275	-20.7645	-20.5605	-69.9992
481.617	-18.5268	16.4257	27.0733	-0.0507	5.8378	18.9644	17.0647	-6.5494	14.4666	15.4834	-59.5363	7.0873	-41.4936	-56.8046	-17.1604	-14.0626	-38.9635	13.1989	-9.84028	-34.4776	-9.46182	-29.9021	-15.1981	-16.899	3.29872	-7.50186	-24.7676	-4.08018	3.13906	-8.85272	20.0956	-26.0285	28.3973	-32.0104	-17.2062	-53.749
482.539	2.0732	39.8257	7.2733	-0.8507	20.8378	21.5644	12.6647	-2.1494	36.6666	25.4834	-89.5363	15.6873	-40.2936	-73.0046	-12.1604	-25.7099	-50.9111	6.18766	-10.7182	-43.1181	-23.5077	-37.7528	-39.0669	-47.9578	-17.1451	-47.778	-57.4107	-26.4783	-25.8929	-27.2525	19.5813	-23.5615	28.867	-45.4565	-50.652	-23.0989
483.461	22.2732	55.4257	-5.7267	-13.6507	34.4378	40.9644	-4.1353	-2.5494	34.0666	10.4834	-62.5363	18.8873	-14.4936	-61.6046	14.6396	-30.3572	-29.0587	1.37646	11.4039	-47.1585	-30.5536	-45.0035	-11.7357	-44.2167	-23.1889	-43.0542	-62.4538	-9.07648	-16.1249	-7.05228	21.4672	-7.09448	36.9366	-25.5027	-38.6979	-23.0489
484.382	26.4732	43.6257	-29.1267	-36.0507	16.4378	24.7644	0.0647	27.6506	80.2666	32.4834	-26.1363	-0.9127	1.3064	-57.4046	47.4396	-12.4046	15.1938	26.1653	22.126	0.40106	3.00048	-23.2542	10.7955	0.3245	16.1673	1.46972	-25.2969	14.9254	-7.55692	34.3478	-2.24672	-36.4277	0.406	-47.949	-25.1441	-27.7992
485.303	35.4732	54.6257	-31.7267	-45.6507	17.8378	26.1644	-13.1353	-4.7494	97.8666	45.4834	7.8637	-0.7127	12.9064	-41.0046	63.8396	-11.6519	25.8462	6.35406	9.64812	5.36064	3.55458	-3.10482	37.1268	20.8657	14.7235	-5.0064	-17.54	13.5272	-17.989	38.5479	-9.16048	-22.7609	17.8754	-29.3954	-9.79038	-11.5496
486.224	41.0732	47.0257	-43.7267	-47.2507	51.6378	39.5644	-28.9353	-5.9494	105.067	59.0834	10.6637	19.8873	12.9064	-21.4046	81.4396	-6.29932	21.4986	11.5429	11.5702	17.7202	21.1087	-21.9555	54.858	28.2069	30.8797	-15.0825	-4.78308	22.929	-13.2212	35.3478	-8.67396	-14.8943	2.34458	-16.242	5.3631	-6.70022
487.145	39.0732	33.6257	-33.9267	-36.6507	10.6378	48.5644	-5.3353	8.6506	97.6666	44.0834	14.6637	18.6873	-6.8936	-22.8046	59.6396	15.4532	25.951	8.5317	26.0924	27.4798	33.2628	-18.2061	65.7893	56.9481	44.4359	20.0414	8.57384	21.7309	-1.4535	58.7477	-0.98724	-17.4278	-4.58634	20.5113	15.9164	-31.4511
488.066	29.6732	34.8257	-13.5267	-35.0507	41.6378	62.3644	10.4647	4.0506	64.6666	33.0834	33.0637	28.2873	-14.6936	-42.2046	39.2396	37.0058	51.6034	50.1205	50.6145	59.4394	59.217	-15.0568	57.9206	78.4893	54.9921	17.9654	14.1308	7.73272	3.71416	80.1476	-31.9003	-7.16148	-15.5174	31.4644	-6.53044	-27.2021
488.987	20.2732	23.4257	5.0733	12.5493	43.8378	46.5644	5.0647	-10.1494	40.8666	22.6834	34.8637	11.4873	-30.4936	-40.6046	27.8396	35.9583	27.4557	37.5093	30.1367	33.799	24.3711	-31.7074	50.8518	45.6305	19.9483	-6.31068	-4.91228	-11.2654	5.88178	41.7473	-20.4133	18.9048	7.15154	68.4174	5.62262	-13.5532
489.907	13.8732	14.0257	26.8733	46.1493	45.6378	84.1644	24.0647	29.4506	32.8666	19.8834	5.0637	-1.5127	-45.4936	-52.0046	1.2396	30.3108	26.1081	35.2981	34.0589	49.1587	8.52528	-36.958	41.5831	22.7717	-3.49542	-10.7867	2.44468	-17.0636	0.44934	51.7471	-23.7261	-3.429	-21.5797	53.9704	-1.6245	-11.9045
490.828	-9.3268	21.2257	25.4733	35.5493	5.8378	69.3644	34.8647	47.8506	14.4666	15.0834	-2.7363	-15.7127	-36.8936	-69.6046	3.6396	36.0633	9.16046	36.4869	36.1811	23.9183	-5.32056	-34.6086	38.1144	17.113	11.0608	13.1372	-3.39836	-27.4617	12.8169	35.9467	-29.0387	6.03708	-15.511	43.9232	-32.6718	7.14396
491.748	-1.9268	26.0257	60.6733	53.9493	35.4378	52.3644	49.2647	65.0506	1.0666	-2.1166	11.0637	-6.9127	-29.4936	-66.4046	17.2396	47.6158	-7.18718	6.47572	14.9033	14.4779	-15.5664	-43.4592	16.4457	-3.74578	-16.1829	-20.9388	-1.6414	-58.8599	18.7843	6.1463	-45.9512	9.50308	12.1576	43.0759	-29.7191	20.5924
492.668	-12.9268	18.6257	39.8733	48.9493	-15.5622	13.5644	20.4647	68.2506	28.4666	7.8834	6.4637	-49.5127	-17.2936	-34.2046	23.0396	25.9682	-37.9348	-42.3355	-36.1745	-31.7625	-37.2122	-45.7098	-10.4229	-29.2045	-20.6267	-29.2148	-14.2844	-59.458	3.95174	-9.05416	-58.0635	-25.231	-1.77392	15.0285	16.6334	-2.75942
493.588	-23.5268	22.2257	58.0733	28.3493	-10.9622	49.7644	37.8647	53.0506	17.0666	6.4834	-8.9363	-51.7127	14.5064	-9.6046	13.6396	29.7206	-36.2825	-32.9466	-21.6523	-36.0028	-3.65802	-34.5604	-10.6916	-38.0633	-16.6704	-1.4908	-12.3275	-44.8562	7.91908	-13.2547	-77.5756	-38.1653	-8.10554	7.18094	8.18566	17.0886
494.508	-18.9268	21.8257	43.2733	14.9493	-18.9622	40.1644	27.4647	30.6506	15.6666	-14.5166	-23.9363	-31.3127	40.3064	-11.4046	15.6396	26.473	-23.6302	-8.95782	-32.73	-39.0432	3.89618	-20.811	-10.1602	-21.122	-9.71414	-1.96678	-10.3705	-33.2543	21.8863	3.94466	-36.6874	-3.09968	14.9627	11.3332	34.3377	41.9364
495.428	-30.3268	3.0257	67.0733	7.3493	2.4378	71.1644	-1.5353	28.2506	45.6666	-30.1166	9.6637	-2.1127	38.5064	12.5954	12.6396	25.0254	7.62212	1.63102	-14.8078	-23.2835	31.2504	20.3384	-7.2289	3.2193	-1.95786	1.95724	-7.4135	-10.4525	-1.54646	5.944	-52.7991	-14.6342	24.8308	18.2854	22.6897	-16.0159
496.347	-16.7268	7.4257	53.8733	-15.2507	-26.3622	53.5644	-10.9353	-8.1494	56.6666	-5.3166	15.0637	-12.5127	48.5064	41.5954	6.6396	-9.42232	19.0744	30.6198	-7.48548	-37.5238	9.00458	32.0879	1.30248	-6.0394	12.3984	11.8813	-15.4565	18.1493	-6.57934	21.7432	-52.5105	-10.1688	-14.5012	28.2374	34.6414	-6.36852
497.266	12.8732	7.6257	49.2733	-14.4507	-15.9622	62.1644	12.4647	2.4506	78.4666	12.4834	-20.3363	-6.7127	21.7064	21.5954	-32.3604	2.52998	13.7267	43.4087	13.8368	-24.7642	-7.04122	36.6373	19.6339	-6.69808	21.3547	8.20534	-7.89946	12.9512	-0.21228	19.9424	-9.42174	27.8964	3.36664	64.5893	6.59296	58.0787
498.185	18.0986	14.2206	35.1386	-13.2006	-20.5298	34.5715	0.09176	24.9605	79.5733	25.3867	-15.629	9.38984	2.76512	15.0363	-22.4883	-11.0351	5.5623	33.0425	-5.16164	-25.3075	-26.5713	23.4896	8.35966	-1.70194	18.0263	-16.2261	-11.8568	13.2417	-19.983	16.7935	9.89814	34.6632	-3.27956	53.3722	3.05498	37.3218
499.104	26.9239	3.81542	42.204	-22.7504	-15.4973	16.5786	1.71882	24.2704	72.48	38.69	10.8782	4.09238	-8.17616	28.8772	-24.0162	1.16936	1.18742	20.2785	4.05546	-25.8427	-17.2922	17.1521	5.69916	-10.0941	24.3066	-13.0424	-13.4055	6.13182	-11.6271	-13.0351	-11.9598	8.697	-18.6593	41.8047	-17.2733	13.9555
